dataset_source,dataset_version,concept_type,source_domain,external_skill_id,preferred_name,category,description,mapping_status
O*NET Database,31.0,knowledge,onet_knowledge,2.C.1.a,Administration and Management,Knowledge,"Knowledge of business and management principles involved in strategic planning, resource allocation, human resources modeling, leadership technique, production methods, and coordination of people and resources.",pending
O*NET Database,31.0,knowledge,onet_knowledge,2.C.1.b,Administrative,Knowledge,"Knowledge of administrative and office procedures and systems such as word processing, managing files and records, stenography and transcription, designing forms, and workplace terminology.",pending
O*NET Database,31.0,knowledge,onet_knowledge,2.C.4.d,Biology,Knowledge,"Knowledge of plant and animal organisms, their tissues, cells, functions, interdependencies, and interactions with each other and the environment.",pending
O*NET Database,31.0,knowledge,onet_knowledge,2.C.3.d,Building and Construction,Knowledge,"Knowledge of materials, methods, and the tools involved in the construction or repair of houses, buildings, or other structures such as highways and roads.",pending
O*NET Database,31.0,knowledge,onet_knowledge,2.C.4.c,Chemistry,Knowledge,"Knowledge of the chemical composition, structure, and properties of substances and of the chemical processes and transformations that they undergo. This includes uses of chemicals and their interactions, danger signs, production techniques, and disposal methods.",pending
O*NET Database,31.0,knowledge,onet_knowledge,2.C.9.b,Communications and Media,Knowledge,"Knowledge of media production, communication, and dissemination techniques and methods. This includes alternative ways to inform and entertain via written, oral, and visual media.",pending
O*NET Database,31.0,knowledge,onet_knowledge,2.C.3.a,Computers and Electronics,Knowledge,"Knowledge of circuit boards, processors, chips, electronic equipment, and computer hardware and software, including applications and programming.",pending
O*NET Database,31.0,knowledge,onet_knowledge,2.C.1.e,Customer and Personal Service,Knowledge,"Knowledge of principles and processes for providing customer and personal services. This includes customer needs assessment, meeting quality standards for services, and evaluation of customer satisfaction.",pending
O*NET Database,31.0,knowledge,onet_knowledge,2.C.3.c,Design,Knowledge,"Knowledge of design techniques, tools, and principles involved in production of precision technical plans, blueprints, drawings, and models.",pending
O*NET Database,31.0,knowledge,onet_knowledge,2.C.1.c,Economics and Accounting,Knowledge,"Knowledge of economic and accounting principles and practices, the financial markets, banking, and the analysis and reporting of financial data.",pending
O*NET Database,31.0,knowledge,onet_knowledge,2.C.6,Education and Training,Knowledge,"Knowledge of principles and methods for curriculum and training design, teaching and instruction for individuals and groups, and the measurement of training effects.",pending
O*NET Database,31.0,knowledge,onet_knowledge,2.C.3.b,Engineering and Technology,Knowledge,"Knowledge of the practical application of engineering science and technology. This includes applying principles, techniques, procedures, and equipment to the design and production of various goods and services.",pending
O*NET Database,31.0,knowledge,onet_knowledge,2.C.7.a,English Language,Knowledge,"Knowledge of the structure and content of the English language including the meaning and spelling of words, and rules of composition and grammar.",pending
O*NET Database,31.0,knowledge,onet_knowledge,2.C.7.c,Fine Arts,Knowledge,"Knowledge of the theory and techniques required to compose, produce, and perform works of music, dance, visual arts, drama, and sculpture.",pending
O*NET Database,31.0,knowledge,onet_knowledge,2.C.2.b,Food Production,Knowledge,"Knowledge of techniques and equipment for planting, growing, and harvesting food products (both plant and animal) for consumption, including storage/handling techniques.",pending
O*NET Database,31.0,knowledge,onet_knowledge,2.C.7.b,Foreign Language,Knowledge,"Knowledge of the structure and content of a foreign (non-English) language including the meaning and spelling of words, rules of composition and grammar, and pronunciation.",pending
O*NET Database,31.0,knowledge,onet_knowledge,2.C.4.g,Geography,Knowledge,"Knowledge of principles and methods for describing the features of land, sea, and air masses, including their physical characteristics, locations, interrelationships, and distribution of plant, animal, and human life.",pending
O*NET Database,31.0,knowledge,onet_knowledge,2.C.7.d,History and Archeology,Knowledge,"Knowledge of historical events and their causes, indicators, and effects on civilizations and cultures.",pending
O*NET Database,31.0,knowledge,onet_knowledge,2.C.8.b,Law and Government,Knowledge,"Knowledge of laws, legal codes, court procedures, precedents, government regulations, executive orders, agency rules, and the democratic political process.",pending
O*NET Database,31.0,knowledge,onet_knowledge,2.C.4.a,Mathematics,Knowledge,"Knowledge of arithmetic, algebra, geometry, calculus, statistics, and their applications.",pending
O*NET Database,31.0,knowledge,onet_knowledge,2.C.3.e,Mechanical,Knowledge,"Knowledge of machines and tools, including their designs, uses, repair, and maintenance.",pending
O*NET Database,31.0,knowledge,onet_knowledge,2.C.5.a,Medicine and Dentistry,Knowledge,"Knowledge of the information and techniques needed to diagnose and treat human injuries, diseases, and deformities. This includes symptoms, treatment alternatives, drug properties and interactions, and preventive health-care measures.",pending
O*NET Database,31.0,knowledge,onet_knowledge,2.C.1.f,Personnel and Human Resources,Knowledge,"Knowledge of principles and procedures for personnel recruitment, selection, training, compensation and benefits, labor relations and negotiation, and personnel information systems.",pending
O*NET Database,31.0,knowledge,onet_knowledge,2.C.7.e,Philosophy and Theology,Knowledge,"Knowledge of different philosophical systems and religions. This includes their basic principles, values, ethics, ways of thinking, customs, practices, and their impact on human culture.",pending
O*NET Database,31.0,knowledge,onet_knowledge,2.C.4.b,Physics,Knowledge,"Knowledge and prediction of physical principles, laws, their interrelationships, and applications to understanding fluid, material, and atmospheric dynamics, and mechanical, electrical, atomic and sub-atomic structures and processes.",pending
O*NET Database,31.0,knowledge,onet_knowledge,2.C.2.a,Production and Processing,Knowledge,"Knowledge of raw materials, production processes, quality control, costs, and other techniques for maximizing the effective manufacture and distribution of goods.",pending
O*NET Database,31.0,knowledge,onet_knowledge,2.C.4.e,Psychology,Knowledge,"Knowledge of human behavior and performance; individual differences in ability, personality, and interests; learning and motivation; psychological research methods; and the assessment and treatment of behavioral and affective disorders.",pending
O*NET Database,31.0,knowledge,onet_knowledge,2.C.8.a,Public Safety and Security,Knowledge,"Knowledge of relevant equipment, policies, procedures, and strategies to promote effective local, state, or national security operations for the protection of people, data, property, and institutions.",pending
O*NET Database,31.0,knowledge,onet_knowledge,2.C.1.d,Sales and Marketing,Knowledge,"Knowledge of principles and methods for showing, promoting, and selling products or services. This includes marketing strategy and tactics, product demonstration, sales techniques, and sales control systems.",pending
O*NET Database,31.0,knowledge,onet_knowledge,2.C.4.f,Sociology and Anthropology,Knowledge,"Knowledge of group behavior and dynamics, societal trends and influences, human migrations, ethnicity, cultures, and their history and origins.",pending
O*NET Database,31.0,knowledge,onet_knowledge,2.C.9.a,Telecommunications,Knowledge,"Knowledge of transmission, broadcasting, switching, control, and operation of telecommunications systems.",pending
O*NET Database,31.0,knowledge,onet_knowledge,2.C.5.b,Therapy and Counseling,Knowledge,"Knowledge of principles, methods, and procedures for diagnosis, treatment, and rehabilitation of physical and mental dysfunctions, and for career counseling and guidance.",pending
O*NET Database,31.0,knowledge,onet_knowledge,2.C.10,Transportation,Knowledge,"Knowledge of principles and methods for moving people or goods by air, rail, sea, or road, including the relative costs and benefits.",pending
O*NET Database,31.0,skill,onet_essential_skills,2.A.2.b,Active Learning,Essential Skill,Understanding the implications of new information for both current and future problem-solving and decision-making.,pending
O*NET Database,31.0,skill,onet_essential_skills,2.A.1.b,Active Listening,Essential Skill,"Giving full attention to what other people are saying, taking time to understand the points being made, asking questions as appropriate, and not interrupting at inappropriate times.",pending
O*NET Database,31.0,skill,onet_transferable_skills,2.B.2.i,Complex Problem Solving,Transferable Skill,Identifying complex problems and reviewing related information to develop and evaluate options and implement solutions.,pending
O*NET Database,31.0,skill,onet_transferable_skills,2.B.1.b,Coordination,Transferable Skill,Adjusting actions in relation to others' actions.,pending
O*NET Database,31.0,skill,onet_essential_skills,2.A.2.a,Critical Thinking,Essential Skill,"Using logic and reasoning to identify the strengths and weaknesses of alternative solutions, conclusions, or approaches to problems.",pending
O*NET Database,31.0,skill,onet_transferable_skills,2.B.3.j,Equipment Maintenance,Transferable Skill,Performing routine maintenance on equipment and determining when and what kind of maintenance is needed.,pending
O*NET Database,31.0,skill,onet_transferable_skills,2.B.3.c,Equipment Selection,Transferable Skill,Determining the kind of tools and equipment needed to do a job.,pending
O*NET Database,31.0,skill,onet_transferable_skills,2.B.3.d,Installation,Transferable Skill,"Installing equipment, machines, wiring, or programs to meet specifications.",pending
O*NET Database,31.0,skill,onet_transferable_skills,2.B.1.e,Instructing,Transferable Skill,Teaching others how to do something.,pending
O*NET Database,31.0,skill,onet_transferable_skills,2.B.4.e,Judgment and Decision Making,Transferable Skill,Considering the relative costs and benefits of potential actions to choose the most appropriate one.,pending
O*NET Database,31.0,skill,onet_essential_skills,2.A.2.c,Learning Strategies,Essential Skill,Selecting and using training/instructional methods and procedures appropriate for the situation when learning or teaching new things.,pending
O*NET Database,31.0,skill,onet_transferable_skills,2.B.5.b,Management of Financial Resources,Transferable Skill,"Determining how money will be spent to get the work done, and accounting for these expenditures.",pending
O*NET Database,31.0,skill,onet_transferable_skills,2.B.5.c,Management of Material Resources,Transferable Skill,"Obtaining and seeing to the appropriate use of equipment, facilities, and materials needed to do certain work.",pending
O*NET Database,31.0,skill,onet_transferable_skills,2.B.5.d,Management of Personnel Resources,Transferable Skill,"Motivating, developing, and directing people as they work, identifying the best people for the job.",pending
O*NET Database,31.0,skill,onet_essential_skills,2.A.1.e,Mathematics,Essential Skill,Using mathematics to solve problems.,pending
O*NET Database,31.0,skill,onet_essential_skills,2.A.2.d,Monitoring,Essential Skill,"Monitoring/Assessing performance of yourself, other individuals, or organizations to make improvements or take corrective action.",pending
O*NET Database,31.0,skill,onet_transferable_skills,2.B.1.d,Negotiation,Transferable Skill,Bringing others together and trying to reconcile differences.,pending
O*NET Database,31.0,skill,onet_transferable_skills,2.B.3.h,Operation and Control,Transferable Skill,Controlling operations of equipment or systems.,pending
O*NET Database,31.0,skill,onet_transferable_skills,2.B.3.a,Operations Analysis,Transferable Skill,Analyzing needs and product requirements to create a design.,pending
O*NET Database,31.0,skill,onet_transferable_skills,2.B.3.g,Operations Monitoring,Transferable Skill,"Watching gauges, dials, or other indicators to make sure a machine is working properly.",pending
O*NET Database,31.0,skill,onet_transferable_skills,2.B.1.c,Persuasion,Transferable Skill,Persuading others to change their minds or behavior.,pending
O*NET Database,31.0,skill,onet_transferable_skills,2.B.3.e,Programming,Transferable Skill,Writing computer programs for various purposes.,pending
O*NET Database,31.0,skill,onet_transferable_skills,2.B.3.m,Quality Control Analysis,Transferable Skill,"Conducting tests and inspections of products, services, or processes to evaluate quality or performance.",pending
O*NET Database,31.0,skill,onet_essential_skills,2.A.1.a,Reading Comprehension,Essential Skill,Understanding written sentences and paragraphs in work-related documents.,pending
O*NET Database,31.0,skill,onet_transferable_skills,2.B.3.l,Repairing,Transferable Skill,Repairing machines or systems using the needed tools.,pending
O*NET Database,31.0,skill,onet_essential_skills,2.A.1.f,Science,Essential Skill,Using scientific rules and methods to solve problems.,pending
O*NET Database,31.0,skill,onet_transferable_skills,2.B.1.f,Service Orientation,Transferable Skill,Actively looking for ways to help people.,pending
O*NET Database,31.0,skill,onet_transferable_skills,2.B.1.a,Social Perceptiveness,Transferable Skill,Being aware of others' reactions and understanding why they react as they do.,pending
O*NET Database,31.0,skill,onet_essential_skills,2.A.1.d,Speaking,Essential Skill,Talking to others to convey information effectively.,pending
O*NET Database,31.0,skill,onet_transferable_skills,2.B.4.g,Systems Analysis,Transferable Skill,"Determining how a system should work and how changes in conditions, operations, and the environment will affect outcomes.",pending
O*NET Database,31.0,skill,onet_transferable_skills,2.B.4.h,Systems Evaluation,Transferable Skill,"Identifying measures or indicators of system performance and the actions needed to improve or correct performance, relative to the goals of the system.",pending
O*NET Database,31.0,skill,onet_transferable_skills,2.B.3.b,Technology Design,Transferable Skill,Generating or adapting equipment and technology to serve user needs.,pending
O*NET Database,31.0,skill,onet_transferable_skills,2.B.5.a,Time Management,Transferable Skill,Managing one's own time and the time of others.,pending
O*NET Database,31.0,skill,onet_transferable_skills,2.B.3.k,Troubleshooting,Transferable Skill,Determining causes of operating errors and deciding what to do about it.,pending
O*NET Database,31.0,skill,onet_essential_skills,2.A.1.c,Writing,Essential Skill,Communicating effectively in writing as appropriate for the needs of the audience.,pending
O*NET Database,31.0,technology,onet_software_skills,2.E.2.c|1099 ProsSoftware,1099 ProsSoftware,Tax preparation software,,pending
O*NET Database,31.0,technology,onet_software_skills,2.E.9.k|1CadCam Unigraphics,1CadCam Unigraphics,Computer aided manufacturing CAM software,,pending
O*NET Database,31.0,technology,onet_software_skills,2.E.9.d|3D Static Strength Prediction Program 3DSSPP,3D Static Strength Prediction Program 3DSSPP,Analytical or scientific software,,pending
O*NET Database,31.0,technology,onet_software_skills,2.E.6.a|3M Encoder,3M Encoder,Categorization or classification software,,pending
O*NET Database,31.0,technology,onet_software_skills,2.E.4.d|3M Post-it App,3M Post-it App,Word processing software,,pending
O*NET Database,31.0,technology,onet_software_skills,2.E.1.d|3PL Central,3PL Central,Materials requirements planning logistics and supply chain software,,pending
O*NET Database,31.0,technology,onet_software_skills,2.E.9.d|A mathematical programming language AMPL,A mathematical programming language AMPL,Analytical or scientific software,,pending
O*NET Database,31.0,technology,onet_software_skills,2.E.7.b|A programming language APL,A programming language APL,Development environment software,,pending
O*NET Database,31.0,technology,onet_software_skills,2.E.2.b|Ab Initio,Ab Initio,Enterprise resource planning ERP software,,pending
O*NET Database,31.0,technology,onet_software_skills,2.E.2.c|Abacus Tax,Abacus Tax,Tax preparation software,,pending
O*NET Database,31.0,technology,onet_software_skills,2.E.7.b|ABC Compiler,ABC Compiler,Development environment software,,pending
O*NET Database,31.0,technology,onet_software_skills,2.E.7.e|ABC: the AspectBench Compiler for AspectJ,ABC: the AspectBench Compiler for AspectJ,Object or component oriented development software,,pending
O*NET Database,31.0,technology,onet_software_skills,2.E.4.b|Ability Photopaint,Ability Photopaint,Graphics or photo imaging software,,pending
O*NET Database,31.0,technology,onet_software_skills,2.E.9.d|AcaStat Software,AcaStat Software,Analytical or scientific software,,pending
O*NET Database,31.0,technology,onet_software_skills,2.E.9.d|Accelerated life testing software,Accelerated life testing software,Analytical or scientific software,,pending
O*NET Database,31.0,technology,onet_software_skills,2.E.12.a|Access management software,Access management software,Access software,,pending
O*NET Database,31.0,technology,onet_software_skills,2.E.11.a|AccessData FTK,AccessData FTK,Network monitoring software,,pending
O*NET Database,31.0,technology,onet_software_skills,2.E.2.b|Accountants Templates JAZZ-It!,Accountants Templates JAZZ-It!,Enterprise resource planning ERP software,,pending
O*NET Database,31.0,technology,onet_software_skills,2.E.9.e|Accounting compliance software,Accounting compliance software,Compliance software,,pending
O*NET Database,31.0,technology,onet_software_skills,2.E.2.d|Accounting fraud detection software,Accounting fraud detection software,Financial analysis software,,pending
O*NET Database,31.0,technology,onet_software_skills,2.E.2.a|Accounts payable software,Accounts payable software,Accounting software,,pending
O*NET Database,31.0,technology,onet_software_skills,2.E.2.a|Accounts receivable software,Accounts receivable software,Accounting software,,pending
O*NET Database,31.0,technology,onet_software_skills,2.E.9.e|ACCUCert,ACCUCert,Compliance software,,pending
O*NET Database,31.0,technology,onet_software_skills,2.E.2.a|Accurate NXG,Accurate NXG,Accounting software,,pending
O*NET Database,31.0,technology,onet_software_skills,2.E.4.b|ACD Systems Canvas,ACD Systems Canvas,Graphics or photo imaging software,,pending
O*NET Database,31.0,technology,onet_software_skills,2.E.9.d|ACL Audit Exchange,ACL Audit Exchange,Analytical or scientific software,,pending
O*NET Database,31.0,technology,onet_software_skills,2.E.2.d|ACL Business Assurance Analytics,ACL Business Assurance Analytics,Financial analysis software,,pending
O*NET Database,31.0,technology,onet_software_skills,2.E.7.g|AcmeStudio,AcmeStudio,Requirements analysis and system architecture software,,pending
O*NET Database,31.0,technology,onet_software_skills,2.E.2.b|AcornSystems Corporate Performance Management,AcornSystems Corporate Performance Management,Enterprise resource planning ERP software,,pending
O*NET Database,31.0,technology,onet_software_skills,2.E.2.a|AcorynSystems Activity Based Costing/Management ABC/M,AcorynSystems Activity Based Costing/Management ABC/M,Accounting software,,pending
O*NET Database,31.0,technology,onet_software_skills,2.E.15.f|Acronis Recovery Expert,Acronis Recovery Expert,Backup or archival software,,pending
O*NET Database,31.0,technology,onet_software_skills,2.E.6.c|Act!,Act!,Customer relationship management CRM software,,pending
O*NET Database,31.0,technology,onet_software_skills,2.E.10.d|Active directory software,Active directory software,Internet directory services software,,pending
O*NET Database,31.0,technology,onet_software_skills,2.E.6.e|Actuate Eclipse BIRT,Actuate Eclipse BIRT,Data base reporting software,,pending
O*NET Database,31.0,technology,onet_software_skills,2.E.7.b|Ada,Ada,Development environment software,,pending
O*NET Database,31.0,technology,onet_software_skills,2.E.2.a|AdaptaSoft CyberPay,AdaptaSoft CyberPay,Accounting software,,pending
O*NET Database,31.0,technology,onet_software_skills,2.E.9.d|Adaptive conjoint analysis ACA software,Adaptive conjoint analysis ACA software,Analytical or scientific software,,pending
O*NET Database,31.0,technology,onet_software_skills,2.E.6.i|Adaptive Metadata Manager,Adaptive Metadata Manager,Metadata management software,,pending
O*NET Database,31.0,technology,onet_software_skills,2.E.7.b|Adeptia ETL Suite,Adeptia ETL Suite,Development environment software,,pending
O*NET Database,31.0,technology,onet_software_skills,2.E.6.d|ADO.NET,ADO.NET,Data base management system software,,pending
O*NET Database,31.0,technology,onet_software_skills,2.E.6.f|ADO.NET,ADO.NET,Data base user interface and query software,,pending
O*NET Database,31.0,technology,onet_software_skills,2.E.5.b|Adobe Acrobat,Adobe Acrobat,Document management software,,pending
O*NET Database,31.0,technology,onet_software_skills,2.E.7.b|Adobe ActionScript,Adobe ActionScript,Development environment software,,pending
O*NET Database,31.0,technology,onet_software_skills,2.E.4.c|Adobe After Effects,Adobe After Effects,Video creation and editing software,,pending
O*NET Database,31.0,technology,onet_software_skills,2.E.7.b|Adobe AIR,Adobe AIR,Development environment software,,pending
O*NET Database,31.0,technology,onet_software_skills,2.E.9.d|Adobe Analytics,Adobe Analytics,Analytical or scientific software,,pending
O*NET Database,31.0,technology,onet_software_skills,2.E.7.h|Adobe ColdFusion,Adobe ColdFusion,Web platform development software,,pending
O*NET Database,31.0,technology,onet_software_skills,2.E.4.b|Adobe Creative Cloud software,Adobe Creative Cloud software,Graphics or photo imaging software,,pending
O*NET Database,31.0,technology,onet_software_skills,2.E.4.c|Adobe Director,Adobe Director,Video creation and editing software,,pending
O*NET Database,31.0,technology,onet_software_skills,2.E.4.k|Adobe Distiller,Adobe Distiller,Desktop publishing software,,pending
O*NET Database,31.0,technology,onet_software_skills,2.E.4.g|Adobe Dreamweaver,Adobe Dreamweaver,Web page creation and editing software,,pending
O*NET Database,31.0,technology,onet_software_skills,2.E.7.h|Adobe Flex,Adobe Flex,Web platform development software,,pending
O*NET Database,31.0,technology,onet_software_skills,2.E.4.k|Adobe FrameMaker,Adobe FrameMaker,Desktop publishing software,,pending
O*NET Database,31.0,technology,onet_software_skills,2.E.4.b|Adobe FreeHand MX,Adobe FreeHand MX,Graphics or photo imaging software,,pending
O*NET Database,31.0,technology,onet_software_skills,2.E.1.c|Adobe Human Capital Application Solution Accelerator,Adobe Human Capital Application Solution Accelerator,Human resources software,,pending
O*NET Database,31.0,technology,onet_software_skills,2.E.4.b|Adobe Illustrator,Adobe Illustrator,Graphics or photo imaging software,,pending
O*NET Database,31.0,technology,onet_software_skills,2.E.4.b|Adobe ImageReady,Adobe ImageReady,Graphics or photo imaging software,,pending
O*NET Database,31.0,technology,onet_software_skills,2.E.4.k|Adobe InDesign,Adobe InDesign,Desktop publishing software,,pending
O*NET Database,31.0,technology,onet_software_skills,2.E.5.b|Adobe LifeCycle Enterprise Suite,Adobe LifeCycle Enterprise Suite,Document management software,,pending
O*NET Database,31.0,technology,onet_software_skills,2.E.4.g|Adobe Macromedia HomeSite,Adobe Macromedia HomeSite,Web page creation and editing software,,pending
O*NET Database,31.0,technology,onet_software_skills,2.E.4.k|Adobe PageMaker,Adobe PageMaker,Desktop publishing software,,pending
O*NET Database,31.0,technology,onet_software_skills,2.E.4.b|Adobe Photoshop,Adobe Photoshop,Graphics or photo imaging software,,pending
O*NET Database,31.0,technology,onet_software_skills,2.E.4.c|Adobe Premiere Pro,Adobe Premiere Pro,Video creation and editing software,,pending
O*NET Database,31.0,technology,onet_software_skills,2.E.4.b|Adobe XD,Adobe XD,Graphics or photo imaging software,,pending
O*NET Database,31.0,technology,onet_software_skills,2.E.6.e|ADP Super Report Writer,ADP Super Report Writer,Data base reporting software,,pending
O*NET Database,31.0,technology,onet_software_skills,2.E.1.c|ADP Workforce Now,ADP Workforce Now,Human resources software,,pending
O*NET Database,31.0,technology,onet_software_skills,2.E.7.b|Advanced boolean expression language ABEL,Advanced boolean expression language ABEL,Development environment software,,pending
O*NET Database,31.0,technology,onet_software_skills,2.E.7.e|Advanced business application programming ABAP,Advanced business application programming ABAP,Object or component oriented development software,,pending
O*NET Database,31.0,technology,onet_software_skills,2.E.2.c|Advanced Micro Systems 1099-Etc,Advanced Micro Systems 1099-Etc,Tax preparation software,,pending
O*NET Database,31.0,technology,onet_software_skills,2.E.9.i|Advantage Software Physical Therapy Advantage,Advantage Software Physical Therapy Advantage,Medical software,,pending
O*NET Database,31.0,technology,onet_software_skills,"2.E.5.a|Adxstudio, for Microsoft","Adxstudio, for Microsoft",Content workflow software,,pending
O*NET Database,31.0,technology,onet_software_skills,2.E.7.h|Ahrefs Site Explorer,Ahrefs Site Explorer,Web platform development software,,pending
O*NET Database,31.0,technology,onet_software_skills,2.E.6.f|Airtable,Airtable,Data base user interface and query software,,pending
O*NET Database,31.0,technology,onet_software_skills,2.E.7.h|AJAX,AJAX,Web platform development software,,pending
O*NET Database,31.0,technology,onet_software_skills,2.E.7.b|Algorithmic language ALGOL,Algorithmic language ALGOL,Development environment software,,pending
O*NET Database,31.0,technology,onet_software_skills,2.E.7.h|Allaire ColdFusion,Allaire ColdFusion,Web platform development software,,pending
O*NET Database,31.0,technology,onet_software_skills,2.E.9.g|Allen Bradley PanelView,Allen Bradley PanelView,Industrial control software,,pending
O*NET Database,31.0,technology,onet_software_skills,2.E.9.i|Allscripts EHR,Allscripts EHR,Medical software,,pending
O*NET Database,31.0,technology,onet_software_skills,2.E.9.i|Allscripts Professional EHR,Allscripts Professional EHR,Medical software,,pending
O*NET Database,31.0,technology,onet_software_skills,2.E.7.b|Altera hardware description language AHDL,Altera hardware description language AHDL,Development environment software,,pending
O*NET Database,31.0,technology,onet_software_skills,2.E.6.m|Alteryx software,Alteryx software,Business intelligence and data analysis software,,pending
O*NET Database,31.0,technology,onet_software_skills,2.E.7.d|Altia Design,Altia Design,Graphical user interface development software,,pending
O*NET Database,31.0,technology,onet_software_skills,2.E.6.i|Altova MapForce,Altova MapForce,Metadata management software,,pending
O*NET Database,31.0,technology,onet_software_skills,2.E.9.i|Amazing Charts,Amazing Charts,Medical software,,pending
O*NET Database,31.0,technology,onet_software_skills,2.E.6.d|Amazon DynamoDB,Amazon DynamoDB,Data base management system software,,pending
O*NET Database,31.0,technology,onet_software_skills,2.E.6.f|Amazon Elastic Compute Cloud EC2,Amazon Elastic Compute Cloud EC2,Data base user interface and query software,,pending
O*NET Database,31.0,technology,onet_software_skills,2.E.6.d|Amazon Kinesis,Amazon Kinesis,Data base management system software,,pending
O*NET Database,31.0,technology,onet_software_skills,2.E.6.f|Amazon Redshift,Amazon Redshift,Data base user interface and query software,,pending
O*NET Database,31.0,technology,onet_software_skills,2.E.12.f|Amazon Simple Storage Service S3,Amazon Simple Storage Service S3,Storage networking software,,pending
O*NET Database,31.0,technology,onet_software_skills,2.E.11.e|Amazon Web Services AWS CloudFormation,Amazon Web Services AWS CloudFormation,Cloud-based management software,,pending
O*NET Database,31.0,technology,onet_software_skills,2.E.11.e|Amazon Web Services AWS SageMaker,Amazon Web Services AWS SageMaker,Cloud-based management software,,pending
O*NET Database,31.0,technology,onet_software_skills,2.E.6.f|Amazon Web Services AWS software,Amazon Web Services AWS software,Data base user interface and query software,,pending
O*NET Database,31.0,technology,onet_software_skills,2.E.4.b|Ambient Design ArtRage,Ambient Design ArtRage,Graphics or photo imaging software,,pending
O*NET Database,31.0,technology,onet_software_skills,2.E.6.a|American Medical Association CodeManager,American Medical Association CodeManager,Categorization or classification software,,pending
O*NET Database,31.0,technology,onet_software_skills,2.E.7.b|American National Standards Institute ANSI C,American National Standards Institute ANSI C,Development environment software,,pending
O*NET Database,31.0,technology,onet_software_skills,2.E.2.c|American Riviera Magtax,American Riviera Magtax,Tax preparation software,,pending
O*NET Database,31.0,technology,onet_software_skills,2.E.9.i|Amkai AmkaiCharts,Amkai AmkaiCharts,Medical software,,pending
O*NET Database,31.0,technology,onet_software_skills,2.E.9.d|AndersonBell Abstat,AndersonBell Abstat,Analytical or scientific software,,pending
O*NET Database,31.0,technology,onet_software_skills,2.E.1.i|Ansible software,Ansible software,Expert system software,,pending
O*NET Database,31.0,technology,onet_software_skills,2.E.9.d|ANSYS simulation software,ANSYS simulation software,Analytical or scientific software,,pending
O*NET Database,31.0,technology,onet_software_skills,2.E.14.d|Anti-phishing software,Anti-phishing software,Transaction security and virus protection software,,pending
O*NET Database,31.0,technology,onet_software_skills,2.E.14.d|Anti-spyware software,Anti-spyware software,Transaction security and virus protection software,,pending
O*NET Database,31.0,technology,onet_software_skills,2.E.14.d|Anti-Trojan software,Anti-Trojan software,Transaction security and virus protection software,,pending
O*NET Database,31.0,technology,onet_software_skills,2.E.7.b|Aonix Software Through Pictures,Aonix Software Through Pictures,Development environment software,,pending
O*NET Database,31.0,technology,onet_software_skills,2.E.1.o|Apache Airflow,Apache Airflow,Procedure management software,,pending
O*NET Database,31.0,technology,onet_software_skills,2.E.7.b|Apache Ant,Apache Ant,Development environment software,,pending
O*NET Database,31.0,technology,onet_software_skills,2.E.6.h|Apache Avro,Apache Avro,Information retrieval or search software,,pending
O*NET Database,31.0,technology,onet_software_skills,2.E.6.d|Apache Cassandra,Apache Cassandra,Data base management system software,,pending
O*NET Database,31.0,technology,onet_software_skills,2.E.6.d|Apache Flume,Apache Flume,Data base management system software,,pending
O*NET Database,31.0,technology,onet_software_skills,2.E.7.e|Apache Groovy,Apache Groovy,Object or component oriented development software,,pending
O*NET Database,31.0,technology,onet_software_skills,2.E.7.h|Apache Groovy,Apache Groovy,Web platform development software,,pending
O*NET Database,31.0,technology,onet_software_skills,2.E.6.d|Apache Hadoop,Apache Hadoop,Data base management system software,,pending
O*NET Database,31.0,technology,onet_software_skills,2.E.6.d|Apache HBase,Apache HBase,Data base management system software,,pending
O*NET Database,31.0,technology,onet_software_skills,2.E.6.d|Apache Hive,Apache Hive,Data base management system software,,pending
O*NET Database,31.0,technology,onet_software_skills,2.E.6.f|Apache Hive,Apache Hive,Data base user interface and query software,,pending
O*NET Database,31.0,technology,onet_software_skills,2.E.6.k|Apache HTTP Server,Apache HTTP Server,Portal server software,,pending
O*NET Database,31.0,technology,onet_software_skills,2.E.7.b|Apache Kafka,Apache Kafka,Development environment software,,pending
O*NET Database,31.0,technology,onet_software_skills,2.E.1.i|Apache Mahout,Apache Mahout,Expert system software,,pending
O*NET Database,31.0,technology,onet_software_skills,2.E.7.b|Apache Maven,Apache Maven,Development environment software,,pending
O*NET Database,31.0,technology,onet_software_skills,2.E.9.g|Apache MXNet,Apache MXNet,Industrial control software,,pending
O*NET Database,31.0,technology,onet_software_skills,2.E.6.d|Apache Oozie,Apache Oozie,Data base management system software,,pending
O*NET Database,31.0,technology,onet_software_skills,2.E.6.d|Apache Pig,Apache Pig,Data base management system software,,pending
O*NET Database,31.0,technology,onet_software_skills,2.E.6.d|Apache Solr,Apache Solr,Data base management system software,,pending
O*NET Database,31.0,technology,onet_software_skills,2.E.6.m|Apache Spark,Apache Spark,Business intelligence and data analysis software,,pending
O*NET Database,31.0,technology,onet_software_skills,2.E.7.e|Apache Spark,Apache Spark,Object or component oriented development software,,pending
O*NET Database,31.0,technology,onet_software_skills,2.E.6.d|Apache Sqoop,Apache Sqoop,Data base management system software,,pending
O*NET Database,31.0,technology,onet_software_skills,2.E.7.h|Apache Struts,Apache Struts,Web platform development software,,pending
O*NET Database,31.0,technology,onet_software_skills,2.E.5.c|Apache Subversion SVN,Apache Subversion SVN,File versioning software,,pending
O*NET Database,31.0,technology,onet_software_skills,2.E.7.h|Apache Tomcat,Apache Tomcat,Web platform development software,,pending
O*NET Database,31.0,technology,onet_software_skills,2.E.6.i|Apatar,Apatar,Metadata management software,,pending
O*NET Database,31.0,technology,onet_software_skills,2.E.9.d|APLAC,APLAC,Analytical or scientific software,,pending
O*NET Database,31.0,technology,onet_software_skills,2.E.7.e|Apple Cocoa,Apple Cocoa,Object or component oriented development software,,pending
O*NET Database,31.0,technology,onet_software_skills,2.E.4.b|Apple DrawBerry,Apple DrawBerry,Graphics or photo imaging software,,pending
O*NET Database,31.0,technology,onet_software_skills,2.E.4.c|Apple Final Cut Pro,Apple Final Cut Pro,Video creation and editing software,,pending
O*NET Database,31.0,technology,onet_software_skills,2.E.4.c|Apple iMovie,Apple iMovie,Video creation and editing software,,pending
O*NET Database,31.0,technology,onet_software_skills,2.E.13.c|Apple iOS,Apple iOS,Operating system software,,pending
O*NET Database,31.0,technology,onet_software_skills,2.E.4.f|Apple iWork Keynote,Apple iWork Keynote,Presentation software,,pending
O*NET Database,31.0,technology,onet_software_skills,2.E.4.f|Apple Keynote,Apple Keynote,Presentation software,,pending
O*NET Database,31.0,technology,onet_software_skills,2.E.13.c|Apple macOS,Apple macOS,Operating system software,,pending
O*NET Database,31.0,technology,onet_software_skills,2.E.1.c|Applicant tracking software,Applicant tracking software,Human resources software,,pending
O*NET Database,31.0,technology,onet_software_skills,2.E.1.c|ApplicantPro iApplicants,ApplicantPro iApplicants,Human resources software,,pending
O*NET Database,31.0,technology,onet_software_skills,2.E.7.a|Application management software,Application management software,Configuration management software,,pending
O*NET Database,31.0,technology,onet_software_skills,2.E.2.b|Aprimo Marketing,Aprimo Marketing,Enterprise resource planning ERP software,,pending
O*NET Database,31.0,technology,onet_software_skills,2.E.4.b|Aqsis Renderer,Aqsis Renderer,Graphics or photo imaging software,,pending
O*NET Database,31.0,technology,onet_software_skills,2.E.1.c|Arbita OnePost,Arbita OnePost,Human resources software,,pending
O*NET Database,31.0,technology,onet_software_skills,2.E.1.c|Arbita OneWorld,Arbita OneWorld,Human resources software,,pending
O*NET Database,31.0,technology,onet_software_skills,2.E.9.d|Arbutus Analyzer,Arbutus Analyzer,Analytical or scientific software,,pending
O*NET Database,31.0,technology,onet_software_skills,2.E.7.g|Architecture description language ADL,Architecture description language ADL,Requirements analysis and system architecture software,,pending
O*NET Database,31.0,technology,onet_software_skills,2.E.9.o|ArcSight Enterprise Threat and Risk Management,ArcSight Enterprise Threat and Risk Management,Risk management data and analysis software,,pending
O*NET Database,31.0,technology,onet_software_skills,2.E.16.i|Asana,Asana,Cloud-based data access and sharing software,,pending
O*NET Database,31.0,technology,onet_software_skills,2.E.6.e|ASG Technologies ASG-Zeke,ASG Technologies ASG-Zeke,Data base reporting software,,pending
O*NET Database,31.0,technology,onet_software_skills,2.E.9.g|Assembly line balancing software,Assembly line balancing software,Industrial control software,,pending
O*NET Database,31.0,technology,onet_software_skills,2.E.9.d|Assessment software,Assessment software,Analytical or scientific software,,pending
O*NET Database,31.0,technology,onet_software_skills,2.E.1.f|Asset management software,Asset management software,Inventory management software,,pending
O*NET Database,31.0,technology,onet_software_skills,2.E.1.c|AST Staff Matrix,AST Staff Matrix,Human resources software,,pending
O*NET Database,31.0,technology,onet_software_skills,2.E.6.b|Aster Data nCluster,Aster Data nCluster,Clustering software,,pending
O*NET Database,31.0,technology,onet_software_skills,2.E.12.h|ATD protocol,ATD protocol,WAN switching software and firmware,,pending
O*NET Database,31.0,technology,onet_software_skills,2.E.6.m|Atlas Search,Atlas Search,Business intelligence and data analysis software,,pending
O*NET Database,31.0,technology,onet_software_skills,2.E.7.c|Atlassian Bamboo,Atlassian Bamboo,Enterprise application integration software,,pending
O*NET Database,31.0,technology,onet_software_skills,2.E.10.a|Atlassian Bitbucket,Atlassian Bitbucket,Application server software,,pending
O*NET Database,31.0,technology,onet_software_skills,2.E.1.e|Atlassian Confluence,Atlassian Confluence,Project management software,,pending
O*NET Database,31.0,technology,onet_software_skills,2.E.5.a|Atlassian JIRA,Atlassian JIRA,Content workflow software,,pending
O*NET Database,31.0,technology,onet_software_skills,2.E.2.a|ATX Total Accounting Office,ATX Total Accounting Office,Accounting software,,pending
O*NET Database,31.0,technology,onet_software_skills,2.E.2.a|ATX Total Engagement Office,ATX Total Engagement Office,Accounting software,,pending
O*NET Database,31.0,technology,onet_software_skills,2.E.2.c|ATX Total Tax Office,ATX Total Tax Office,Tax preparation software,,pending
O*NET Database,31.0,technology,onet_software_skills,2.E.2.d|Audit management software,Audit management software,Financial analysis software,,pending
O*NET Database,31.0,technology,onet_software_skills,2.E.2.d|Audit planning and control environment software,Audit planning and control environment software,Financial analysis software,,pending
O*NET Database,31.0,technology,onet_software_skills,2.E.2.d|AuditWare CaseWare Examiner,AuditWare CaseWare Examiner,Financial analysis software,,pending
O*NET Database,31.0,technology,onet_software_skills,2.E.2.d|AuditWare financial reporting and auditing software,AuditWare financial reporting and auditing software,Financial analysis software,,pending
O*NET Database,31.0,technology,onet_software_skills,2.E.4.c|Autodesk 3ds Max,Autodesk 3ds Max,Video creation and editing software,,pending
O*NET Database,31.0,technology,onet_software_skills,2.E.9.c|Autodesk 3ds Max Design,Autodesk 3ds Max Design,Computer aided design CAD software,,pending
O*NET Database,31.0,technology,onet_software_skills,2.E.9.c|Autodesk Alias Design,Autodesk Alias Design,Computer aided design CAD software,,pending
O*NET Database,31.0,technology,onet_software_skills,2.E.9.c|Autodesk Alias Surface,Autodesk Alias Surface,Computer aided design CAD software,,pending
O*NET Database,31.0,technology,onet_software_skills,2.E.9.c|Autodesk AutoCAD,Autodesk AutoCAD,Computer aided design CAD software,,pending
O*NET Database,31.0,technology,onet_software_skills,2.E.9.c|Autodesk AutoCAD Civil 3D,Autodesk AutoCAD Civil 3D,Computer aided design CAD software,,pending
O*NET Database,31.0,technology,onet_software_skills,2.E.4.b|Autodesk Combustion,Autodesk Combustion,Graphics or photo imaging software,,pending
O*NET Database,31.0,technology,onet_software_skills,2.E.9.c|Autodesk Land Desktop,Autodesk Land Desktop,Computer aided design CAD software,,pending
O*NET Database,31.0,technology,onet_software_skills,2.E.4.b|Autodesk Maya,Autodesk Maya,Graphics or photo imaging software,,pending
O*NET Database,31.0,technology,onet_software_skills,2.E.4.c|Autodesk MotionBuilder,Autodesk MotionBuilder,Video creation and editing software,,pending
O*NET Database,31.0,technology,onet_software_skills,2.E.4.b|Autodesk Mudbox,Autodesk Mudbox,Graphics or photo imaging software,,pending
O*NET Database,31.0,technology,onet_software_skills,2.E.9.c|Autodesk Revit,Autodesk Revit,Computer aided design CAD software,,pending
O*NET Database,31.0,technology,onet_software_skills,2.E.4.b|Autodesk SketchBook Pro,Autodesk SketchBook Pro,Graphics or photo imaging software,,pending
O*NET Database,31.0,technology,onet_software_skills,2.E.4.b|Autodesk SoftImage,Autodesk SoftImage,Graphics or photo imaging software,,pending
O*NET Database,31.0,technology,onet_software_skills,2.E.9.c|AutoDesSys form Z,AutoDesSys form Z,Computer aided design CAD software,,pending
O*NET Database,31.0,technology,onet_software_skills,2.E.11.a|Automated audit trail analysis software,Automated audit trail analysis software,Network monitoring software,,pending
O*NET Database,31.0,technology,onet_software_skills,2.E.2.d|Automated auditors fraud detector software,Automated auditors fraud detector software,Financial analysis software,,pending
O*NET Database,31.0,technology,onet_software_skills,2.E.7.a|Automated installation software,Automated installation software,Configuration management software,,pending
O*NET Database,31.0,technology,onet_software_skills,2.E.9.d|Automated material handling software,Automated material handling software,Analytical or scientific software,,pending
O*NET Database,31.0,technology,onet_software_skills,2.E.11.a|Automated media tracking software,Automated media tracking software,Network monitoring software,,pending
O*NET Database,31.0,technology,onet_software_skills,2.E.9.d|Automatic dynamic incremental nonlinear analysis ADINA,Automatic dynamic incremental nonlinear analysis ADINA,Analytical or scientific software,,pending
O*NET Database,31.0,technology,onet_software_skills,2.E.2.a|Automation Counselors municiPAL,Automation Counselors municiPAL,Accounting software,,pending
O*NET Database,31.0,technology,onet_software_skills,2.E.4.b|AutoQ3D,AutoQ3D,Graphics or photo imaging software,,pending
O*NET Database,31.0,technology,onet_software_skills,2.E.9.d|Availability prediction modeling software,Availability prediction modeling software,Analytical or scientific software,,pending
O*NET Database,31.0,technology,onet_software_skills,2.E.2.c|Avalara AvaTax ST,Avalara AvaTax ST,Tax preparation software,,pending
O*NET Database,31.0,technology,onet_software_skills,2.E.9.g|AVEVA InTouch HMI,AVEVA InTouch HMI,Industrial control software,,pending
O*NET Database,31.0,technology,onet_software_skills,2.E.3.b|Avid Pro Tools,Avid Pro Tools,Music or sound editing software,,pending
O*NET Database,31.0,technology,onet_software_skills,2.E.7.b|AWK,AWK,Development environment software,,pending
O*NET Database,31.0,technology,onet_software_skills,2.E.4.g|Axure RP,Axure RP,Web page creation and editing software,,pending
O*NET Database,31.0,technology,onet_software_skills,2.E.9.i|Azalea Health Azalea EHR,Azalea Health Azalea EHR,Medical software,,pending
O*NET Database,31.0,technology,onet_software_skills,2.E.7.b|B-Method,B-Method,Development environment software,,pending
O*NET Database,31.0,technology,onet_software_skills,2.E.7.h|Backbone.js,Backbone.js,Web platform development software,,pending
O*NET Database,31.0,technology,onet_software_skills,2.E.1.c|Background checking software,Background checking software,Human resources software,,pending
O*NET Database,31.0,technology,onet_software_skills,2.E.15.f|Backup and archival software,Backup and archival software,Backup or archival software,,pending
O*NET Database,31.0,technology,onet_software_skills,2.E.1.e|Basecamp,Basecamp,Project management software,,pending
O*NET Database,31.0,technology,onet_software_skills,2.E.13.c|Bash,Bash,Operating system software,,pending
O*NET Database,31.0,technology,onet_software_skills,2.E.6.l|BEA Tuxedo,BEA Tuxedo,Transaction server software,,pending
O*NET Database,31.0,technology,onet_software_skills,2.E.7.b|Beginner's all-purpose symbolic instruction code BASIC,Beginner's all-purpose symbolic instruction code BASIC,Development environment software,,pending
O*NET Database,31.0,technology,onet_software_skills,2.E.4.b|Bentley GeoPak Bridge,Bentley GeoPak Bridge,Graphics or photo imaging software,,pending
O*NET Database,31.0,technology,onet_software_skills,2.E.9.c|Bentley Haestad Methods CivilStorm,Bentley Haestad Methods CivilStorm,Computer aided design CAD software,,pending
O*NET Database,31.0,technology,onet_software_skills,2.E.9.c|Bentley InRoads Suite,Bentley InRoads Suite,Computer aided design CAD software,,pending
O*NET Database,31.0,technology,onet_software_skills,2.E.9.c|Bentley MicroStation,Bentley MicroStation,Computer aided design CAD software,,pending
O*NET Database,31.0,technology,onet_software_skills,2.E.9.c|Bentley STAAD,Bentley STAAD,Computer aided design CAD software,,pending
O*NET Database,31.0,technology,onet_software_skills,2.E.10.d|Berkeley Internet Domain Name BIND,Berkeley Internet Domain Name BIND,Internet directory services software,,pending
O*NET Database,31.0,technology,onet_software_skills,2.E.2.a|Best MIP Fund Accounting,Best MIP Fund Accounting,Accounting software,,pending
O*NET Database,31.0,technology,onet_software_skills,2.E.6.f|Best Software CPAPayroll,Best Software CPAPayroll,Data base user interface and query software,,pending
O*NET Database,31.0,technology,onet_software_skills,2.E.9.e|Bi3 Audit Intelligence,Bi3 Audit Intelligence,Compliance software,,pending
O*NET Database,31.0,technology,onet_software_skills,2.E.2.d|Bi3 Financial Statement Fraud Analysis,Bi3 Financial Statement Fraud Analysis,Financial analysis software,,pending
O*NET Database,31.0,technology,onet_software_skills,2.E.7.b|Bigloo Scheme,Bigloo Scheme,Development environment software,,pending
O*NET Database,31.0,technology,onet_software_skills,2.E.6.f|BigQuery,BigQuery,Data base user interface and query software,,pending
O*NET Database,31.0,technology,onet_software_skills,2.E.1.d|Bill of materials software,Bill of materials software,Materials requirements planning logistics and supply chain software,,pending
O*NET Database,31.0,technology,onet_software_skills,2.E.2.f|Billing software,Billing software,Billing and invoicing software,,pending
O*NET Database,31.0,technology,onet_software_skills,2.E.1.l|Bing Ads,Bing Ads,Sales and marketing software,,pending
O*NET Database,31.0,technology,onet_software_skills,2.E.3.a|Biometrics video game software,Biometrics video game software,Action games,,pending
O*NET Database,31.0,technology,onet_software_skills,2.E.2.d|BizBench,BizBench,Financial analysis software,,pending
O*NET Database,31.0,technology,onet_software_skills,2.E.9.i|Bizmatics PrognoCIS EMR,Bizmatics PrognoCIS EMR,Medical software,,pending
O*NET Database,31.0,technology,onet_software_skills,2.E.6.c|Blackbaud The Raiser's Edge,Blackbaud The Raiser's Edge,Customer relationship management CRM software,,pending
O*NET Database,31.0,technology,onet_software_skills,2.E.6.f|Blackboard software,Blackboard software,Data base user interface and query software,,pending
O*NET Database,31.0,technology,onet_software_skills,2.E.1.c|Blackdog,Blackdog,Human resources software,,pending
O*NET Database,31.0,technology,onet_software_skills,2.E.1.c|BlackDog Recruiting,BlackDog Recruiting,Human resources software,,pending
O*NET Database,31.0,technology,onet_software_skills,2.E.4.b|Blender,Blender,Graphics or photo imaging software,,pending
O*NET Database,31.0,technology,onet_software_skills,2.E.16.d|Blink,Blink,Instant messaging software,,pending
O*NET Database,31.0,technology,onet_software_skills,2.E.9.d|Blue Ridge Numerics CFDesign,Blue Ridge Numerics CFDesign,Analytical or scientific software,,pending
O*NET Database,31.0,technology,onet_software_skills,2.E.6.d|BMC Software Change Manager,BMC Software Change Manager,Data base management system software,,pending
O*NET Database,31.0,technology,onet_software_skills,2.E.7.c|BMC Software Control-M,BMC Software Control-M,Enterprise application integration software,,pending
O*NET Database,31.0,technology,onet_software_skills,2.E.15.f|BMC Software Recovery Manager RMAN,BMC Software Recovery Manager RMAN,Backup or archival software,,pending
O*NET Database,31.0,technology,onet_software_skills,2.E.2.d|BNA Corporate Tax Audit Analyzer,BNA Corporate Tax Audit Analyzer,Financial analysis software,,pending
O*NET Database,31.0,technology,onet_software_skills,2.E.2.c|BNA Estate and Gift Tax Suite,BNA Estate and Gift Tax Suite,Tax preparation software,,pending
O*NET Database,31.0,technology,onet_software_skills,2.E.2.c|BNA Income Tax Planning Solutions,BNA Income Tax Planning Solutions,Tax preparation software,,pending
O*NET Database,31.0,technology,onet_software_skills,2.E.2.c|BNA Sales and Use Tax Rates and Forms,BNA Sales and Use Tax Rates and Forms,Tax preparation software,,pending
O*NET Database,31.0,technology,onet_software_skills,2.E.4.b|Bohemian Coding DrawIt,Bohemian Coding DrawIt,Graphics or photo imaging software,,pending
O*NET Database,31.0,technology,onet_software_skills,2.E.1.c|Bond International Adapt Staffing,Bond International Adapt Staffing,Human resources software,,pending
O*NET Database,31.0,technology,onet_software_skills,2.E.1.c|Bond International Software Bond StaffSuite,Bond International Software Bond StaffSuite,Human resources software,,pending
O*NET Database,31.0,technology,onet_software_skills,2.E.7.h|Bootstrap,Bootstrap,Web platform development software,,pending
O*NET Database,31.0,technology,onet_software_skills,2.E.12.g|Border Gateway Protocol BGP,Border Gateway Protocol BGP,Switch or router software,,pending
O*NET Database,31.0,technology,onet_software_skills,2.E.7.b|Borland VisiBroker,Borland VisiBroker,Development environment software,,pending
O*NET Database,31.0,technology,onet_software_skills,2.E.2.d|Brentmark Estate Planning Quickview,Brentmark Estate Planning Quickview,Financial analysis software,,pending
O*NET Database,31.0,technology,onet_software_skills,2.E.9.c|Bridge design software,Bridge design software,Computer aided design CAD software,,pending
O*NET Database,31.0,technology,onet_software_skills,2.E.6.m|BrightEdge,BrightEdge,Business intelligence and data analysis software,,pending
O*NET Database,31.0,technology,onet_software_skills,2.E.1.c|BrightMove Applicant Tracking System,BrightMove Applicant Tracking System,Human resources software,,pending
O*NET Database,31.0,technology,onet_software_skills,2.E.7.h|BroadVision software,BroadVision software,Web platform development software,,pending
O*NET Database,31.0,technology,onet_software_skills,2.E.1.c|Bullhorn Applicant Tracking System,Bullhorn Applicant Tracking System,Human resources software,,pending
O*NET Database,31.0,technology,onet_software_skills,2.E.4.b|Bunkspeed HyperDrive,Bunkspeed HyperDrive,Graphics or photo imaging software,,pending
O*NET Database,31.0,technology,onet_software_skills,2.E.4.b|Bunkspeed HyperMove,Bunkspeed HyperMove,Graphics or photo imaging software,,pending
O*NET Database,31.0,technology,onet_software_skills,2.E.6.m|Business intelligence software,Business intelligence software,Business intelligence and data analysis software,,pending
O*NET Database,31.0,technology,onet_software_skills,2.E.6.m|Business intelligence system software,Business intelligence system software,Business intelligence and data analysis software,,pending
O*NET Database,31.0,technology,onet_software_skills,2.E.7.b|Business Objects Data Integrator,Business Objects Data Integrator,Development environment software,,pending
O*NET Database,31.0,technology,onet_software_skills,2.E.7.b|C,C,Development environment software,,pending
O*NET Database,31.0,technology,onet_software_skills,2.E.13.c|C shell,C shell,Operating system software,,pending
O*NET Database,31.0,technology,onet_software_skills,2.E.7.e|C#,C#,Object or component oriented development software,,pending
O*NET Database,31.0,technology,onet_software_skills,2.E.7.e|C++,C++,Object or component oriented development software,,pending
O*NET Database,31.0,technology,onet_software_skills,2.E.9.l|CA Easytrieve Report Generator,CA Easytrieve Report Generator,Manufacturing execution system MES software,,pending
O*NET Database,31.0,technology,onet_software_skills,2.E.6.d|CA IDMS,CA IDMS,Data base management system software,,pending
O*NET Database,31.0,technology,onet_software_skills,2.E.6.i|CA Technologies ERWin Data Modeler,CA Technologies ERWin Data Modeler,Metadata management software,,pending
O*NET Database,31.0,technology,onet_software_skills,2.E.9.c|Cadence Allegro Design Entry Capture and Capture CIS,Cadence Allegro Design Entry Capture and Capture CIS,Computer aided design CAD software,,pending
O*NET Database,31.0,technology,onet_software_skills,2.E.9.c|Cadence Encounter Test,Cadence Encounter Test,Computer aided design CAD software,,pending
O*NET Database,31.0,technology,onet_software_skills,2.E.1.d|Cadre Technologies Accuplus Integrated Distribution Logistics System,Cadre Technologies Accuplus Integrated Distribution Logistics System,Materials requirements planning logistics and supply chain software,,pending
O*NET Database,31.0,technology,onet_software_skills,2.E.4.b|Caligari Corporation trueSpace,Caligari Corporation trueSpace,Graphics or photo imaging software,,pending
O*NET Database,31.0,technology,onet_software_skills,2.E.7.b|Call-processing language CPL,Call-processing language CPL,Development environment software,,pending
O*NET Database,31.0,technology,onet_software_skills,2.E.2.d|Cammack Computations Inter-Est,Cammack Computations Inter-Est,Financial analysis software,,pending
O*NET Database,31.0,technology,onet_software_skills,2.E.1.c|Candidate screening software,Candidate screening software,Human resources software,,pending
O*NET Database,31.0,technology,onet_software_skills,2.E.1.c|Candidate tracking software,Candidate tracking software,Human resources software,,pending
O*NET Database,31.0,technology,onet_software_skills,2.E.7.b|Canu,Canu,Development environment software,,pending
O*NET Database,31.0,technology,onet_software_skills,2.E.4.b|Canva,Canva,Graphics or photo imaging software,,pending
O*NET Database,31.0,technology,onet_software_skills,2.E.1.c|Careerbuilder.com,Careerbuilder.com,Human resources software,,pending
O*NET Database,31.0,technology,onet_software_skills,2.E.2.b|Cartesis ES Magnitude,Cartesis ES Magnitude,Enterprise resource planning ERP software,,pending
O*NET Database,31.0,technology,onet_software_skills,2.E.2.d|Cartesis Magnitude iAnalysis,Cartesis Magnitude iAnalysis,Financial analysis software,,pending
O*NET Database,31.0,technology,onet_software_skills,2.E.16.e|Cartography software,Cartography software,Map creation software,,pending
O*NET Database,31.0,technology,onet_software_skills,2.E.9.i|Casamba Smart,Casamba Smart,Medical software,,pending
O*NET Database,31.0,technology,onet_software_skills,2.E.7.h|Cascading style sheets CSS,Cascading style sheets CSS,Web platform development software,,pending
O*NET Database,31.0,technology,onet_software_skills,2.E.2.d|CaseWare International IDEA,CaseWare International IDEA,Financial analysis software,,pending
O*NET Database,31.0,technology,onet_software_skills,2.E.2.d|CaseWare International IDEA SmartAnalyzer,CaseWare International IDEA SmartAnalyzer,Financial analysis software,,pending
O*NET Database,31.0,technology,onet_software_skills,2.E.2.d|CaseWare Working Papers,CaseWare Working Papers,Financial analysis software,,pending
O*NET Database,31.0,technology,onet_software_skills,2.E.2.d|CashFlow Guardian,CashFlow Guardian,Financial analysis software,,pending
O*NET Database,31.0,technology,onet_software_skills,2.E.6.d|Catalog navigation software,Catalog navigation software,Data base management system software,,pending
O*NET Database,31.0,technology,onet_software_skills,2.E.2.c|CCH ProSystem fx TAX,CCH ProSystem fx TAX,Tax preparation software,,pending
O*NET Database,31.0,technology,onet_software_skills,2.E.2.a|CCIS AccountAbility,CCIS AccountAbility,Accounting software,,pending
O*NET Database,31.0,technology,onet_software_skills,2.E.2.d|Cebos MQ1 Audit System,Cebos MQ1 Audit System,Financial analysis software,,pending
O*NET Database,31.0,technology,onet_software_skills,2.E.9.d|Cedaron Dexter Evaluation & Impairment Rating,Cedaron Dexter Evaluation & Impairment Rating,Analytical or scientific software,,pending
O*NET Database,31.0,technology,onet_software_skills,2.E.4.b|Celsys RETAS,Celsys RETAS,Graphics or photo imaging software,,pending
O*NET Database,31.0,technology,onet_software_skills,2.E.1.c|Ceridian Dayforce enterprise HCM,Ceridian Dayforce enterprise HCM,Human resources software,,pending
O*NET Database,31.0,technology,onet_software_skills,2.E.9.i|Cerner Millennium,Cerner Millennium,Medical software,,pending
O*NET Database,31.0,technology,onet_software_skills,2.E.4.c|Chaos Group V-Ray,Chaos Group V-Ray,Video creation and editing software,,pending
O*NET Database,31.0,technology,onet_software_skills,2.E.4.b|Character Studio,Character Studio,Graphics or photo imaging software,,pending
O*NET Database,31.0,technology,onet_software_skills,2.E.9.i|ChartWare EMR,ChartWare EMR,Medical software,,pending
O*NET Database,31.0,technology,onet_software_skills,2.E.9.g|Chatbot software,Chatbot software,Industrial control software,,pending
O*NET Database,31.0,technology,onet_software_skills,2.E.14.d|Check Point Next Generation Secure Web Gateway,Check Point Next Generation Secure Web Gateway,Transaction security and virus protection software,,pending
O*NET Database,31.0,technology,onet_software_skills,2.E.4.b|Cheetah3D,Cheetah3D,Graphics or photo imaging software,,pending
O*NET Database,31.0,technology,onet_software_skills,2.E.7.a|Chef,Chef,Configuration management software,,pending
O*NET Database,31.0,technology,onet_software_skills,2.E.9.c|Chip design software,Chip design software,Computer aided design CAD software,,pending
O*NET Database,31.0,technology,onet_software_skills,2.E.2.f|Choice Technologies PowerBill +,Choice Technologies PowerBill +,Billing and invoicing software,,pending
O*NET Database,31.0,technology,onet_software_skills,2.E.9.d|Circuit simulation software,Circuit simulation software,Analytical or scientific software,,pending
O*NET Database,31.0,technology,onet_software_skills,2.E.13.c|Cisco IOS,Cisco IOS,Operating system software,,pending
O*NET Database,31.0,technology,onet_software_skills,2.E.11.c|Cisco Systems CiscoWorks,Cisco Systems CiscoWorks,Administration software,,pending
O*NET Database,31.0,technology,onet_software_skills,2.E.16.b|Cisco Webex,Cisco Webex,Video conferencing software,,pending
O*NET Database,31.0,technology,onet_software_skills,2.E.12.a|Citrix cloud computing software,Citrix cloud computing software,Access software,,pending
O*NET Database,31.0,technology,onet_software_skills,2.E.2.b|Clarity Systems IBM Clarity,Clarity Systems IBM Clarity,Enterprise resource planning ERP software,,pending
O*NET Database,31.0,technology,onet_software_skills,2.E.1.e|ClassApps SelectSurveyASP,ClassApps SelectSurveyASP,Project management software,,pending
O*NET Database,31.0,technology,onet_software_skills,2.E.2.f|Client billing software,Client billing software,Billing and invoicing software,,pending
O*NET Database,31.0,technology,onet_software_skills,2.E.9.i|Clinicient Insight,Clinicient Insight,Medical software,,pending
O*NET Database,31.0,technology,onet_software_skills,2.E.6.f|Cloudera Impala,Cloudera Impala,Data base user interface and query software,,pending
O*NET Database,31.0,technology,onet_software_skills,2.E.7.b|CloverETL,CloverETL,Development environment software,,pending
O*NET Database,31.0,technology,onet_software_skills,2.E.1.c|Cluen Encore,Cluen Encore,Human resources software,,pending
O*NET Database,31.0,technology,onet_software_skills,2.E.1.c|Cluen executive recruitment software,Cluen executive recruitment software,Human resources software,,pending
O*NET Database,31.0,technology,onet_software_skills,2.E.6.b|Cluster server software,Cluster server software,Clustering software,,pending
O*NET Database,31.0,technology,onet_software_skills,2.E.1.c|COATSsql,COATSsql,Human resources software,,pending
O*NET Database,31.0,technology,onet_software_skills,2.E.7.b|Code libraries,Code libraries,Development environment software,,pending
O*NET Database,31.0,technology,onet_software_skills,2.E.6.d|CodeFutures dbShards,CodeFutures dbShards,Data base management system software,,pending
O*NET Database,31.0,technology,onet_software_skills,2.E.6.h|Coding database software,Coding database software,Information retrieval or search software,,pending
O*NET Database,31.0,technology,onet_software_skills,2.E.6.i|Coglin Mill RODIN,Coglin Mill RODIN,Metadata management software,,pending
O*NET Database,31.0,technology,onet_software_skills,2.E.7.e|Collaborative Application Markup Language CAML,Collaborative Application Markup Language CAML,Object or component oriented development software,,pending
O*NET Database,31.0,technology,onet_software_skills,2.E.4.d|Collaborative editing software,Collaborative editing software,Word processing software,,pending
O*NET Database,31.0,technology,onet_software_skills,2.E.9.i|ComChart EMR,ComChart EMR,Medical software,,pending
O*NET Database,31.0,technology,onet_software_skills,2.E.7.b|Common business oriented language COBOL,Common business oriented language COBOL,Development environment software,,pending
O*NET Database,31.0,technology,onet_software_skills,2.E.7.c|Common gateway interface CGI,Common gateway interface CGI,Enterprise application integration software,,pending
O*NET Database,31.0,technology,onet_software_skills,2.E.7.e|Common Lisp Object System CLOS,Common Lisp Object System CLOS,Object or component oriented development software,,pending
O*NET Database,31.0,technology,onet_software_skills,2.E.7.f|Compatibility testing software,Compatibility testing software,Program testing software,,pending
O*NET Database,31.0,technology,onet_software_skills,2.E.7.b|Component libraries,Component libraries,Development environment software,,pending
O*NET Database,31.0,technology,onet_software_skills,2.E.7.e|Component object model COM software,Component object model COM software,Object or component oriented development software,,pending
O*NET Database,31.0,technology,onet_software_skills,2.E.7.e|Component-based Scalable Logical Architecture CSLA,Component-based Scalable Logical Architecture CSLA,Object or component oriented development software,,pending
O*NET Database,31.0,technology,onet_software_skills,2.E.9.d|Computational fluid dynamics CFD software,Computational fluid dynamics CFD software,Analytical or scientific software,,pending
O*NET Database,31.0,technology,onet_software_skills,2.E.9.c|Computer aided design and drafting CADD software,Computer aided design and drafting CADD software,Computer aided design CAD software,,pending
O*NET Database,31.0,technology,onet_software_skills,2.E.9.c|Computer aided design and drafting software CADD,Computer aided design and drafting software CADD,Computer aided design CAD software,,pending
O*NET Database,31.0,technology,onet_software_skills,2.E.6.d|Computer Associates integrated data management system CA-IDMS,Computer Associates integrated data management system CA-IDMS,Data base management system software,,pending
O*NET Database,31.0,technology,onet_software_skills,2.E.7.f|Computer Associates Log Analyzer,Computer Associates Log Analyzer,Program testing software,,pending
O*NET Database,31.0,technology,onet_software_skills,2.E.4.b|Computer drawing software,Computer drawing software,Graphics or photo imaging software,,pending
O*NET Database,31.0,technology,onet_software_skills,2.E.13.a|Computer forensic software,Computer forensic software,Filesystem software,,pending
O*NET Database,31.0,technology,onet_software_skills,2.E.9.g|Computer numerical control CNC software,Computer numerical control CNC software,Industrial control software,,pending
O*NET Database,31.0,technology,onet_software_skills,2.E.7.b|Computer On-line Real-time Applications Language CORAL 66,Computer On-line Real-time Applications Language CORAL 66,Development environment software,,pending
O*NET Database,31.0,technology,onet_software_skills,2.E.6.a|Computerized indexing systems,Computerized indexing systems,Categorization or classification software,,pending
O*NET Database,31.0,technology,onet_software_skills,2.E.6.d|Concurrency control software,Concurrency control software,Data base management system software,,pending
O*NET Database,31.0,technology,onet_software_skills,2.E.6.m|Conductor Searchlight,Conductor Searchlight,Business intelligence and data analysis software,,pending
O*NET Database,31.0,technology,onet_software_skills,2.E.7.f|Conformance and validation testing software,Conformance and validation testing software,Program testing software,,pending
O*NET Database,31.0,technology,onet_software_skills,2.E.4.g|Content management systems CMS,Content management systems CMS,Web page creation and editing software,,pending
O*NET Database,31.0,technology,onet_software_skills,2.E.4.b|Corel CorelDraw Graphics Suite,Corel CorelDraw Graphics Suite,Graphics or photo imaging software,,pending
O*NET Database,31.0,technology,onet_software_skills,2.E.4.b|Corel Painter,Corel Painter,Graphics or photo imaging software,,pending
O*NET Database,31.0,technology,onet_software_skills,2.E.1.k|Corel WordPerfect Office Suite,Corel WordPerfect Office Suite,Office suite software,,pending
O*NET Database,31.0,technology,onet_software_skills,2.E.9.e|Corporate Responsibility System Technologies Limited Compliance Positioning System,Corporate Responsibility System Technologies Limited Compliance Positioning System,Compliance software,,pending
O*NET Database,31.0,technology,onet_software_skills,2.E.2.a|Cost accounting software,Cost accounting software,Accounting software,,pending
O*NET Database,31.0,technology,onet_software_skills,2.E.1.e|Cost estimating software,Cost estimating software,Project management software,,pending
O*NET Database,31.0,technology,onet_software_skills,2.E.2.d|Cost estimating software,Cost estimating software,Financial analysis software,,pending
O*NET Database,31.0,technology,onet_software_skills,2.E.6.d|Couchbase Server,Couchbase Server,Data base management system software,,pending
O*NET Database,31.0,technology,onet_software_skills,2.E.1.c|CPSI EHR System,CPSI EHR System,Human resources software,,pending
O*NET Database,31.0,technology,onet_software_skills,2.E.2.c|Creative Solutions UltraTax 1040,Creative Solutions UltraTax 1040,Tax preparation software,,pending
O*NET Database,31.0,technology,onet_software_skills,2.E.4.d|Crick Software Clicker 4,Crick Software Clicker 4,Word processing software,,pending
O*NET Database,31.0,technology,onet_software_skills,2.E.10.b|CrossTec NetOp Remote Control,CrossTec NetOp Remote Control,Desktop communications software,,pending
O*NET Database,31.0,technology,onet_software_skills,2.E.14.c|Cryptographic key management software,Cryptographic key management software,Network security and virtual private network VPN equipment software,,pending
O*NET Database,31.0,technology,onet_software_skills,2.E.7.b|Crytek CryEngine,Crytek CryEngine,Development environment software,,pending
O*NET Database,31.0,technology,onet_software_skills,2.E.6.l|Customer information control system CICS,Customer information control system CICS,Transaction server software,,pending
O*NET Database,31.0,technology,onet_software_skills,2.E.6.c|Customer information databases,Customer information databases,Customer relationship management CRM software,,pending
O*NET Database,31.0,technology,onet_software_skills,2.E.1.c|CVTracer,CVTracer,Human resources software,,pending
O*NET Database,31.0,technology,onet_software_skills,2.E.15.d|Cyber Records MediChart Express,Cyber Records MediChart Express,Voice recognition software,,pending
O*NET Database,31.0,technology,onet_software_skills,2.E.4.b|Cybermotion 3D Designer,Cybermotion 3D Designer,Graphics or photo imaging software,,pending
O*NET Database,31.0,technology,onet_software_skills,2.E.2.a|CYMA IV Accounting for Windows,CYMA IV Accounting for Windows,Accounting software,,pending
O*NET Database,31.0,technology,onet_software_skills,2.E.9.d|Cytel LogXact,Cytel LogXact,Analytical or scientific software,,pending
O*NET Database,31.0,technology,onet_software_skills,2.E.6.g|Cytel Software XLMiner,Cytel Software XLMiner,Data mining software,,pending
O*NET Database,31.0,technology,onet_software_skills,2.E.2.d|D'Arcangelo Galileo,D'Arcangelo Galileo,Financial analysis software,,pending
O*NET Database,31.0,technology,onet_software_skills,2.E.9.d|Dassault Systemes Abaqus,Dassault Systemes Abaqus,Analytical or scientific software,,pending
O*NET Database,31.0,technology,onet_software_skills,2.E.9.c|Dassault Systemes CATIA,Dassault Systemes CATIA,Computer aided design CAD software,,pending
O*NET Database,31.0,technology,onet_software_skills,2.E.9.c|Dassault Systemes SolidWorks,Dassault Systemes SolidWorks,Computer aided design CAD software,,pending
O*NET Database,31.0,technology,onet_software_skills,2.E.9.d|Data acquisition software,Data acquisition software,Analytical or scientific software,,pending
O*NET Database,31.0,technology,onet_software_skills,2.E.9.d|Data analysis software,Data analysis software,Analytical or scientific software,,pending
O*NET Database,31.0,technology,onet_software_skills,2.E.6.d|Data definition language DDL,Data definition language DDL,Data base management system software,,pending
O*NET Database,31.0,technology,onet_software_skills,2.E.6.i|Data dictionary software,Data dictionary software,Metadata management software,,pending
O*NET Database,31.0,technology,onet_software_skills,2.E.6.f|Data entry software,Data entry software,Data base user interface and query software,,pending
O*NET Database,31.0,technology,onet_software_skills,2.E.6.g|Data extraction software,Data extraction software,Data mining software,,pending
O*NET Database,31.0,technology,onet_software_skills,2.E.1.c|Data Frenzy,Data Frenzy,Human resources software,,pending
O*NET Database,31.0,technology,onet_software_skills,2.E.6.d|Data manipulation language DML,Data manipulation language DML,Data base management system software,,pending
O*NET Database,31.0,technology,onet_software_skills,2.E.6.i|Data mapping software,Data mapping software,Metadata management software,,pending
O*NET Database,31.0,technology,onet_software_skills,2.E.6.i|Data modeling software,Data modeling software,Metadata management software,,pending
O*NET Database,31.0,technology,onet_software_skills,2.E.15.f|Data Recovery Software SQL Server Data Recovery,Data Recovery Software SQL Server Data Recovery,Backup or archival software,,pending
O*NET Database,31.0,technology,onet_software_skills,2.E.6.d|Data transformation services DTS software,Data transformation services DTS software,Data base management system software,,pending
O*NET Database,31.0,technology,onet_software_skills,2.E.6.h|Data validation software,Data validation software,Information retrieval or search software,,pending
O*NET Database,31.0,technology,onet_software_skills,2.E.6.g|Data warehouse software,Data warehouse software,Data mining software,,pending
O*NET Database,31.0,technology,onet_software_skills,2.E.7.g|Database capacity planning software,Database capacity planning software,Requirements analysis and system architecture software,,pending
O*NET Database,31.0,technology,onet_software_skills,2.E.15.f|Database cloning software,Database cloning software,Backup or archival software,,pending
O*NET Database,31.0,technology,onet_software_skills,2.E.6.d|Database design software,Database design software,Data base management system software,,pending
O*NET Database,31.0,technology,onet_software_skills,2.E.6.d|Database management systems,Database management systems,Data base management system software,,pending
O*NET Database,31.0,technology,onet_software_skills,2.E.14.b|Database security software,Database security software,Network security or virtual private network VPN management software,,pending
O*NET Database,31.0,technology,onet_software_skills,2.E.6.f|Database software,Database software,Data base user interface and query software,,pending
O*NET Database,31.0,technology,onet_software_skills,2.E.7.f|Database testing software,Database testing software,Program testing software,,pending
O*NET Database,31.0,technology,onet_software_skills,2.E.2.d|Datavantage,Datavantage,Financial analysis software,,pending
O*NET Database,31.0,technology,onet_software_skills,2.E.6.e|DataVision,DataVision,Data base reporting software,,pending
O*NET Database,31.0,technology,onet_software_skills,2.E.9.d|Dataxiom StatMost,Dataxiom StatMost,Analytical or scientific software,,pending
O*NET Database,31.0,technology,onet_software_skills,2.E.4.b|DAZ Productions Bryce,DAZ Productions Bryce,Graphics or photo imaging software,,pending
O*NET Database,31.0,technology,onet_software_skills,2.E.4.b|DAZ Productions Carrara,DAZ Productions Carrara,Graphics or photo imaging software,,pending
O*NET Database,31.0,technology,onet_software_skills,2.E.6.d|DBTools Software DBManager Professional,DBTools Software DBManager Professional,Data base management system software,,pending
O*NET Database,31.0,technology,onet_software_skills,2.E.7.f|Debugging software,Debugging software,Program testing software,,pending
O*NET Database,31.0,technology,onet_software_skills,2.E.1.i|Decision support software,Decision support software,Expert system software,,pending
O*NET Database,31.0,technology,onet_software_skills,2.E.7.f|Defect tracking software,Defect tracking software,Program testing software,,pending
O*NET Database,31.0,technology,onet_software_skills,2.E.2.d|Delphi Technology,Delphi Technology,Financial analysis software,,pending
O*NET Database,31.0,technology,onet_software_skills,2.E.7.a|Deployment software,Deployment software,Configuration management software,,pending
O*NET Database,31.0,technology,onet_software_skills,2.E.9.d|Design of experiments DOE software,Design of experiments DOE software,Analytical or scientific software,,pending
O*NET Database,31.0,technology,onet_software_skills,2.E.1.c|DGCC.com RecruitTrack,DGCC.com RecruitTrack,Human resources software,,pending
O*NET Database,31.0,technology,onet_software_skills,2.E.4.a|Diagramming software,Diagramming software,Pattern design software,,pending
O*NET Database,31.0,technology,onet_software_skills,2.E.14.a|Diameter,Diameter,Authentication server software,,pending
O*NET Database,31.0,technology,onet_software_skills,2.E.2.d|Digital analysis tests and statistics DATAS for Excel,Digital analysis tests and statistics DATAS for Excel,Financial analysis software,,pending
O*NET Database,31.0,technology,onet_software_skills,2.E.2.d|Digital analysis tests and statistics DATAS for SAS,Digital analysis tests and statistics DATAS for SAS,Financial analysis software,,pending
O*NET Database,31.0,technology,onet_software_skills,2.E.9.i|Digital Imaging Communications in Medicine DICOM medical imaging software,Digital Imaging Communications in Medicine DICOM medical imaging software,Medical software,,pending
O*NET Database,31.0,technology,onet_software_skills,2.E.9.d|Digital timing diagram editing software,Digital timing diagram editing software,Analytical or scientific software,,pending
O*NET Database,31.0,technology,onet_software_skills,2.E.1.i|Digivey software (expert system feature),Digivey software (expert system feature),Expert system software,,pending
O*NET Database,31.0,technology,onet_software_skills,2.E.9.j|Digivey software (point of sale feature),Digivey software (point of sale feature),Point of sale POS software,,pending
O*NET Database,31.0,technology,onet_software_skills,2.E.9.d|Discrete event simulation software,Discrete event simulation software,Analytical or scientific software,,pending
O*NET Database,31.0,technology,onet_software_skills,2.E.13.c|Disk operating system DOS,Disk operating system DOS,Operating system software,,pending
O*NET Database,31.0,technology,onet_software_skills,2.E.7.e|Distributed component object model DCOM software,Distributed component object model DCOM software,Object or component oriented development software,,pending
O*NET Database,31.0,technology,onet_software_skills,2.E.6.d|Distributed database management software,Distributed database management software,Data base management system software,,pending
O*NET Database,31.0,technology,onet_software_skills,2.E.7.h|Django,Django,Web platform development software,,pending
O*NET Database,31.0,technology,onet_software_skills,2.E.10.a|Docker,Docker,Application server software,,pending
O*NET Database,31.0,technology,onet_software_skills,2.E.5.b|Document management system software,Document management system software,Document management software,,pending
O*NET Database,31.0,technology,onet_software_skills,2.E.7.e|Document Object Model DOM Scripting,Document Object Model DOM Scripting,Object or component oriented development software,,pending
O*NET Database,31.0,technology,onet_software_skills,2.E.10.d|Domain name system DNS,Domain name system DNS,Internet directory services software,,pending
O*NET Database,31.0,technology,onet_software_skills,2.E.13.c|DOS shell script,DOS shell script,Operating system software,,pending
O*NET Database,31.0,technology,onet_software_skills,2.E.6.a|DRG grouping software,DRG grouping software,Categorization or classification software,,pending
O*NET Database,31.0,technology,onet_software_skills,2.E.16.i|Dropbox,Dropbox,Cloud-based data access and sharing software,,pending
O*NET Database,31.0,technology,onet_software_skills,2.E.7.h|Drupal,Drupal,Web platform development software,,pending
O*NET Database,31.0,technology,onet_software_skills,2.E.4.j|Duxbury Braille Translator,Duxbury Braille Translator,Optical character reader OCR or scanning software,,pending
O*NET Database,31.0,technology,onet_software_skills,2.E.7.b|DX Studio,DX Studio,Development environment software,,pending
O*NET Database,31.0,technology,onet_software_skills,2.E.7.f|Dynamic analysis software,Dynamic analysis software,Program testing software,,pending
O*NET Database,31.0,technology,onet_software_skills,2.E.7.h|Dynamic hypertext markup language DHTML,Dynamic hypertext markup language DHTML,Web platform development software,,pending
O*NET Database,31.0,technology,onet_software_skills,2.E.9.d|Dynamic modeling software,Dynamic modeling software,Analytical or scientific software,,pending
O*NET Database,31.0,technology,onet_software_skills,2.E.9.d|Dynamic object-oriented requirements system DOORS,Dynamic object-oriented requirements system DOORS,Analytical or scientific software,,pending
O*NET Database,31.0,technology,onet_software_skills,2.E.7.e|E++ pattern language,E++ pattern language,Object or component oriented development software,,pending
O*NET Database,31.0,technology,onet_software_skills,2.E.9.i|e-MDs software,e-MDs software,Medical software,,pending
O*NET Database,31.0,technology,onet_software_skills,2.E.9.i|e-MDs topsChart,e-MDs topsChart,Medical software,,pending
O*NET Database,31.0,technology,onet_software_skills,2.E.4.b|e-on software Vue,e-on software Vue,Graphics or photo imaging software,,pending
O*NET Database,31.0,technology,onet_software_skills,2.E.9.c|Eagle Point Site Design,Eagle Point Site Design,Computer aided design CAD software,,pending
O*NET Database,31.0,technology,onet_software_skills,2.E.9.d|ECHIP,ECHIP,Analytical or scientific software,,pending
O*NET Database,31.0,technology,onet_software_skills,2.E.9.i|eClinicalWorks EHR software,eClinicalWorks EHR software,Medical software,,pending
O*NET Database,31.0,technology,onet_software_skills,2.E.7.b|Eclipse IDE,Eclipse IDE,Development environment software,,pending
O*NET Database,31.0,technology,onet_software_skills,2.E.7.h|Eclipse Jersey,Eclipse Jersey,Web platform development software,,pending
O*NET Database,31.0,technology,onet_software_skills,2.E.9.k|EGS FeatureCAM,EGS FeatureCAM,Computer aided manufacturing CAM software,,pending
O*NET Database,31.0,technology,onet_software_skills,2.E.9.i|EHS CareRevolution,EHS CareRevolution,Medical software,,pending
O*NET Database,31.0,technology,onet_software_skills,2.E.7.e|Eiffel,Eiffel,Object or component oriented development software,,pending
O*NET Database,31.0,technology,onet_software_skills,2.E.10.b|Eko,Eko,Desktop communications software,,pending
O*NET Database,31.0,technology,onet_software_skills,2.E.6.d|Elasticsearch,Elasticsearch,Data base management system software,,pending
O*NET Database,31.0,technology,onet_software_skills,2.E.4.b|Electric Rain Swift 3D Xpress,Electric Rain Swift 3D Xpress,Graphics or photo imaging software,,pending
O*NET Database,31.0,technology,onet_software_skills,2.E.9.d|Electromagnetic analysis software,Electromagnetic analysis software,Analytical or scientific software,,pending
O*NET Database,31.0,technology,onet_software_skills,2.E.9.c|Electronic breadboard software,Electronic breadboard software,Computer aided design CAD software,,pending
O*NET Database,31.0,technology,onet_software_skills,2.E.9.c|Electronic design automation EDA software,Electronic design automation EDA software,Computer aided design CAD software,,pending
O*NET Database,31.0,technology,onet_software_skills,2.E.9.d|Electronic engineering calculator,Electronic engineering calculator,Analytical or scientific software,,pending
O*NET Database,31.0,technology,onet_software_skills,2.E.9.i|Electronic medical record EMR software,Electronic medical record EMR software,Medical software,,pending
O*NET Database,31.0,technology,onet_software_skills,2.E.9.i|Electronic medical record EMR systems,Electronic medical record EMR systems,Medical software,,pending
O*NET Database,31.0,technology,onet_software_skills,2.E.6.f|Elekta METRIQ,Elekta METRIQ,Data base user interface and query software,,pending
O*NET Database,31.0,technology,onet_software_skills,2.E.11.c|Element management software,Element management software,Administration software,,pending
O*NET Database,31.0,technology,onet_software_skills,2.E.2.b|Ellucian Banner ERP,Ellucian Banner ERP,Enterprise resource planning ERP software,,pending
O*NET Database,31.0,technology,onet_software_skills,2.E.1.c|Ellucian Banner Human Resources,Ellucian Banner Human Resources,Human resources software,,pending
O*NET Database,31.0,technology,onet_software_skills,2.E.16.a|Email software,Email software,Electronic mail software,,pending
O*NET Database,31.0,technology,onet_software_skills,2.E.9.o|eMASS,eMASS,Risk management data and analysis software,,pending
O*NET Database,31.0,technology,onet_software_skills,2.E.7.e|Embarcadero Delphi,Embarcadero Delphi,Object or component oriented development software,,pending
O*NET Database,31.0,technology,onet_software_skills,2.E.6.i|Embarcadero ER/Studio XE,Embarcadero ER/Studio XE,Metadata management software,,pending
O*NET Database,31.0,technology,onet_software_skills,2.E.7.b|Embarcadero JBuilder,Embarcadero JBuilder,Development environment software,,pending
O*NET Database,31.0,technology,onet_software_skills,2.E.6.d|Embarcadero Technologies DBArtisan,Embarcadero Technologies DBArtisan,Data base management system software,,pending
O*NET Database,31.0,technology,onet_software_skills,2.E.7.b|Embedded systems development software,Embedded systems development software,Development environment software,,pending
O*NET Database,31.0,technology,onet_software_skills,2.E.9.d|Embedded systems testing software,Embedded systems testing software,Analytical or scientific software,,pending
O*NET Database,31.0,technology,onet_software_skills,2.E.15.f|EMC NetWorker,EMC NetWorker,Backup or archival software,,pending
O*NET Database,31.0,technology,onet_software_skills,2.E.9.i|eMDs Practice Partner,eMDs Practice Partner,Medical software,,pending
O*NET Database,31.0,technology,onet_software_skills,2.E.5.a|Emerald Software Group Emerald Green Office,Emerald Software Group Emerald Green Office,Content workflow software,,pending
O*NET Database,31.0,technology,onet_software_skills,2.E.6.f|Encoded archival system EAD,Encoded archival system EAD,Data base user interface and query software,,pending
O*NET Database,31.0,technology,onet_software_skills,2.E.14.d|Encoder software,Encoder software,Transaction security and virus protection software,,pending
O*NET Database,31.0,technology,onet_software_skills,2.E.14.d|Encryption software,Encryption software,Transaction security and virus protection software,,pending
O*NET Database,31.0,technology,onet_software_skills,2.E.14.d|End-to-end encryption software,End-to-end encryption software,Transaction security and virus protection software,,pending
O*NET Database,31.0,technology,onet_software_skills,2.E.6.f|EndoSoft,EndoSoft,Data base user interface and query software,,pending
O*NET Database,31.0,technology,onet_software_skills,2.E.7.c|Enterprise application integration EAI software,Enterprise application integration EAI software,Enterprise application integration software,,pending
O*NET Database,31.0,technology,onet_software_skills,2.E.7.h|Enterprise JavaBeans,Enterprise JavaBeans,Web platform development software,,pending
O*NET Database,31.0,technology,onet_software_skills,2.E.6.f|Entity Management Software,Entity Management Software,Data base user interface and query software,,pending
O*NET Database,31.0,technology,onet_software_skills,2.E.9.i|Epic Systems,Epic Systems,Medical software,,pending
O*NET Database,31.0,technology,onet_software_skills,2.E.1.c|eQuest,eQuest,Human resources software,,pending
O*NET Database,31.0,technology,onet_software_skills,2.E.16.e|ESRI ArcGIS software,ESRI ArcGIS software,Map creation software,,pending
O*NET Database,31.0,technology,onet_software_skills,2.E.8.h|ESRI ArcGIS software,ESRI ArcGIS software,Geographic information system,,pending
O*NET Database,31.0,technology,onet_software_skills,2.E.8.h|ESRI ArcInfo,ESRI ArcInfo,Geographic information system,,pending
O*NET Database,31.0,technology,onet_software_skills,2.E.8.h|ESRI ArcLogistics,ESRI ArcLogistics,Geographic information system,,pending
O*NET Database,31.0,technology,onet_software_skills,2.E.8.h|ESRI ArcView,ESRI ArcView,Geographic information system,,pending
O*NET Database,31.0,technology,onet_software_skills,2.E.2.d|Estate planning software,Estate planning software,Financial analysis software,,pending
O*NET Database,31.0,technology,onet_software_skills,2.E.9.d|ETA Dynaform,ETA Dynaform,Analytical or scientific software,,pending
O*NET Database,31.0,technology,onet_software_skills,2.E.8.h|ETAP,ETAP,Geographic information system,,pending
O*NET Database,31.0,technology,onet_software_skills,2.E.11.a|Ethereal,Ethereal,Network monitoring software,,pending
O*NET Database,31.0,technology,onet_software_skills,2.E.7.b|Event-driven State-machines Programming,Event-driven State-machines Programming,Development environment software,,pending
O*NET Database,31.0,technology,onet_software_skills,2.E.4.d|Evernote,Evernote,Word processing software,,pending
O*NET Database,31.0,technology,onet_software_skills,2.E.2.a|Evron Computer Systems SAGE PFW (Platinum For Windows),Evron Computer Systems SAGE PFW (Platinum For Windows),Accounting software,,pending
O*NET Database,31.0,technology,onet_software_skills,2.E.2.b|Exact Software Macola ES,Exact Software Macola ES,Enterprise resource planning ERP software,,pending
O*NET Database,31.0,technology,onet_software_skills,2.E.4.d|Exercise routine creation software,Exercise routine creation software,Word processing software,,pending
O*NET Database,31.0,technology,onet_software_skills,2.E.7.h|Ext JS,Ext JS,Web platform development software,,pending
O*NET Database,31.0,technology,onet_software_skills,2.E.7.b|eXtensible Business Reporting Language XBRL,eXtensible Business Reporting Language XBRL,Development environment software,,pending
O*NET Database,31.0,technology,onet_software_skills,2.E.7.h|Extensible hypertext markup language XHTML,Extensible hypertext markup language XHTML,Web platform development software,,pending
O*NET Database,31.0,technology,onet_software_skills,2.E.7.c|Extensible markup language XML,Extensible markup language XML,Enterprise application integration software,,pending
O*NET Database,31.0,technology,onet_software_skills,2.E.7.h|Extensible stylesheet language transformations XSLT,Extensible stylesheet language transformations XSLT,Web platform development software,,pending
O*NET Database,31.0,technology,onet_software_skills,2.E.7.c|Extensible stylesheet language XSL,Extensible stylesheet language XSL,Enterprise application integration software,,pending
O*NET Database,31.0,technology,onet_software_skills,2.E.4.g|Facebook,Facebook,Web page creation and editing software,,pending
O*NET Database,31.0,technology,onet_software_skills,2.E.16.b|FaceTime,FaceTime,Video conferencing software,,pending
O*NET Database,31.0,technology,onet_software_skills,2.E.9.c|Facilities design software,Facilities design software,Computer aided design CAD software,,pending
O*NET Database,31.0,technology,onet_software_skills,2.E.9.c|Facilities planning software,Facilities planning software,Computer aided design CAD software,,pending
O*NET Database,31.0,technology,onet_software_skills,2.E.6.h|Factiva,Factiva,Information retrieval or search software,,pending
O*NET Database,31.0,technology,onet_software_skills,2.E.9.c|Failure assessment software,Failure assessment software,Computer aided design CAD software,,pending
O*NET Database,31.0,technology,onet_software_skills,2.E.9.d|Failure mode and effects analysis FMEA software,Failure mode and effects analysis FMEA software,Analytical or scientific software,,pending
O*NET Database,31.0,technology,onet_software_skills,2.E.9.d|Failure mode effects and criticality analysis FMECA software,Failure mode effects and criticality analysis FMECA software,Analytical or scientific software,,pending
O*NET Database,31.0,technology,onet_software_skills,2.E.9.d|Failure reporting analysis and corrective action FRACAS software,Failure reporting analysis and corrective action FRACAS software,Analytical or scientific software,,pending
O*NET Database,31.0,technology,onet_software_skills,2.E.9.d|Fault modeling software,Fault modeling software,Analytical or scientific software,,pending
O*NET Database,31.0,technology,onet_software_skills,2.E.7.f|Fault testing software,Fault testing software,Program testing software,,pending
O*NET Database,31.0,technology,onet_software_skills,2.E.9.d|Fault tree analysis FTA software,Fault tree analysis FTA software,Analytical or scientific software,,pending
O*NET Database,31.0,technology,onet_software_skills,2.E.6.h|FedBizOps,FedBizOps,Information retrieval or search software,,pending
O*NET Database,31.0,technology,onet_software_skills,2.E.9.c|Field programmable gate array FPGA design software,Field programmable gate array FPGA design software,Computer aided design CAD software,,pending
O*NET Database,31.0,technology,onet_software_skills,2.E.2.f|Fifth Walk BillingTracker,Fifth Walk BillingTracker,Billing and invoicing software,,pending
O*NET Database,31.0,technology,onet_software_skills,2.E.7.d|Figma,Figma,Graphical user interface development software,,pending
O*NET Database,31.0,technology,onet_software_skills,2.E.13.a|File server software,File server software,Filesystem software,,pending
O*NET Database,31.0,technology,onet_software_skills,2.E.6.f|FileMaker Pro,FileMaker Pro,Data base user interface and query software,,pending
O*NET Database,31.0,technology,onet_software_skills,2.E.2.d|Financial Competence,Financial Competence,Financial analysis software,,pending
O*NET Database,31.0,technology,onet_software_skills,2.E.2.d|Financial planning software,Financial planning software,Financial analysis software,,pending
O*NET Database,31.0,technology,onet_software_skills,2.E.2.a|Financial reporting software,Financial reporting software,Accounting software,,pending
O*NET Database,31.0,technology,onet_software_skills,2.E.2.a|Financial statement software,Financial statement software,Accounting software,,pending
O*NET Database,31.0,technology,onet_software_skills,2.E.9.d|Finite difference time domain FDTD software,Finite difference time domain FDTD software,Analytical or scientific software,,pending
O*NET Database,31.0,technology,onet_software_skills,2.E.9.d|Finite element analysis FEA software,Finite element analysis FEA software,Analytical or scientific software,,pending
O*NET Database,31.0,technology,onet_software_skills,2.E.9.d|Finite element method FEM software,Finite element method FEM software,Analytical or scientific software,,pending
O*NET Database,31.0,technology,onet_software_skills,2.E.14.c|Firewall software,Firewall software,Network security and virtual private network VPN equipment software,,pending
O*NET Database,31.0,technology,onet_software_skills,2.E.2.d|Fixed-assets depreciation software,Fixed-assets depreciation software,Financial analysis software,,pending
O*NET Database,31.0,technology,onet_software_skills,2.E.7.b|Flask,Flask,Development environment software,,pending
O*NET Database,31.0,technology,onet_software_skills,2.E.6.i|Flat File Checker,Flat File Checker,Metadata management software,,pending
O*NET Database,31.0,technology,onet_software_skills,2.E.1.d|Fleet management software,Fleet management software,Materials requirements planning logistics and supply chain software,,pending
O*NET Database,31.0,technology,onet_software_skills,2.E.7.h|FlexBox,FlexBox,Web platform development software,,pending
O*NET Database,31.0,technology,onet_software_skills,2.E.4.c|Flipgrid,Flipgrid,Video creation and editing software,,pending
O*NET Database,31.0,technology,onet_software_skills,2.E.9.c|Floor planning software,Floor planning software,Computer aided design CAD software,,pending
O*NET Database,31.0,technology,onet_software_skills,2.E.1.p|Flow chart software,Flow chart software,Process mapping and design software,,pending
O*NET Database,31.0,technology,onet_software_skills,2.E.7.b|Formula translation/translator FORTRAN,Formula translation/translator FORTRAN,Development environment software,,pending
O*NET Database,31.0,technology,onet_software_skills,2.E.7.b|Forth,Forth,Development environment software,,pending
O*NET Database,31.0,technology,onet_software_skills,2.E.1.d|Four Soft 4S eLog,Four Soft 4S eLog,Materials requirements planning logistics and supply chain software,,pending
O*NET Database,31.0,technology,onet_software_skills,2.E.1.d|Four Soft 4S VisiLog,Four Soft 4S VisiLog,Materials requirements planning logistics and supply chain software,,pending
O*NET Database,31.0,technology,onet_software_skills,2.E.5.b|Fox Meadows Accent Data Manager,Fox Meadows Accent Data Manager,Document management software,,pending
O*NET Database,31.0,technology,onet_software_skills,2.E.6.f|Fox Meadows ChartingPlus,Fox Meadows ChartingPlus,Data base user interface and query software,,pending
O*NET Database,31.0,technology,onet_software_skills,2.E.9.i|Fox Meadows EncounterManager,Fox Meadows EncounterManager,Medical software,,pending
O*NET Database,31.0,technology,onet_software_skills,2.E.4.b|Freeverse Lineform,Freeverse Lineform,Graphics or photo imaging software,,pending
O*NET Database,31.0,technology,onet_software_skills,2.E.2.a|FRx Software Microsoft FRx,FRx Software Microsoft FRx,Accounting software,,pending
O*NET Database,31.0,technology,onet_software_skills,2.E.7.f|Functional testing software,Functional testing software,Program testing software,,pending
O*NET Database,31.0,technology,onet_software_skills,2.E.9.d|Functional verification software,Functional verification software,Analytical or scientific software,,pending
O*NET Database,31.0,technology,onet_software_skills,2.E.2.a|Fund accounting software,Fund accounting software,Accounting software,,pending
O*NET Database,31.0,technology,onet_software_skills,2.E.7.e|G-code,G-code,Object or component oriented development software,,pending
O*NET Database,31.0,technology,onet_software_skills,2.E.6.c|Galilee Enterprise TargetPro,Galilee Enterprise TargetPro,Customer relationship management CRM software,,pending
O*NET Database,31.0,technology,onet_software_skills,2.E.7.b|Gambit Scheme,Gambit Scheme,Development environment software,,pending
O*NET Database,31.0,technology,onet_software_skills,2.E.9.i|GE Healthcare Centricity EMR,GE Healthcare Centricity EMR,Medical software,,pending
O*NET Database,31.0,technology,onet_software_skills,2.E.9.i|GE Healthcare Logician,GE Healthcare Logician,Medical software,,pending
O*NET Database,31.0,technology,onet_software_skills,2.E.2.a|General ledger software,General ledger software,Accounting software,,pending
O*NET Database,31.0,technology,onet_software_skills,2.E.6.f|Geographic information system GIS marketing software,Geographic information system GIS marketing software,Data base user interface and query software,,pending
O*NET Database,31.0,technology,onet_software_skills,2.E.8.h|Geographic information system GIS software,Geographic information system GIS software,Geographic information system,,pending
O*NET Database,31.0,technology,onet_software_skills,2.E.8.h|Geographic information system GIS systems,Geographic information system GIS systems,Geographic information system,,pending
O*NET Database,31.0,technology,onet_software_skills,2.E.5.c|Git,Git,File versioning software,,pending
O*NET Database,31.0,technology,onet_software_skills,2.E.10.a|GitHub,GitHub,Application server software,,pending
O*NET Database,31.0,technology,onet_software_skills,2.E.10.a|GitLab,GitLab,Application server software,,pending
O*NET Database,31.0,technology,onet_software_skills,2.E.9.d|GLOBE Claritas,GLOBE Claritas,Analytical or scientific software,,pending
O*NET Database,31.0,technology,onet_software_skills,2.E.6.f|GMI NET-MR,GMI NET-MR,Data base user interface and query software,,pending
O*NET Database,31.0,technology,onet_software_skills,2.E.4.b|GNU Image Manipulation Program GIMP,GNU Image Manipulation Program GIMP,Graphics or photo imaging software,,pending
O*NET Database,31.0,technology,onet_software_skills,2.E.7.b|Go,Go,Development environment software,,pending
O*NET Database,31.0,technology,onet_software_skills,2.E.1.c|GoBackgrounds,GoBackgrounds,Human resources software,,pending
O*NET Database,31.0,technology,onet_software_skills,2.E.6.f|Google,Google,Data base user interface and query software,,pending
O*NET Database,31.0,technology,onet_software_skills,2.E.1.l|Google Ads,Google Ads,Sales and marketing software,,pending
O*NET Database,31.0,technology,onet_software_skills,2.E.6.g|Google Analytics,Google Analytics,Data mining software,,pending
O*NET Database,31.0,technology,onet_software_skills,2.E.13.c|Google Android,Google Android,Operating system software,,pending
O*NET Database,31.0,technology,onet_software_skills,2.E.7.h|Google Angular,Google Angular,Web platform development software,,pending
O*NET Database,31.0,technology,onet_software_skills,2.E.10.e|Google Chrome,Google Chrome,Internet browser software,,pending
O*NET Database,31.0,technology,onet_software_skills,2.E.11.e|Google Cloud software,Google Cloud software,Cloud-based management software,,pending
O*NET Database,31.0,technology,onet_software_skills,2.E.4.d|Google Docs,Google Docs,Word processing software,,pending
O*NET Database,31.0,technology,onet_software_skills,2.E.16.i|Google Drive,Google Drive,Cloud-based data access and sharing software,,pending
O*NET Database,31.0,technology,onet_software_skills,2.E.16.a|Google Gmail,Google Gmail,Electronic mail software,,pending
O*NET Database,31.0,technology,onet_software_skills,2.E.6.m|Google Looker Analytics,Google Looker Analytics,Business intelligence and data analysis software,,pending
O*NET Database,31.0,technology,onet_software_skills,2.E.16.b|Google Meet,Google Meet,Video conferencing software,,pending
O*NET Database,31.0,technology,onet_software_skills,2.E.1.l|Google Search Ads 360,Google Search Ads 360,Sales and marketing software,,pending
O*NET Database,31.0,technology,onet_software_skills,2.E.4.i|Google Sheets,Google Sheets,Spreadsheet software,,pending
O*NET Database,31.0,technology,onet_software_skills,2.E.4.g|Google Sites,Google Sites,Web page creation and editing software,,pending
O*NET Database,31.0,technology,onet_software_skills,2.E.4.f|Google Slides,Google Slides,Presentation software,,pending
O*NET Database,31.0,technology,onet_software_skills,2.E.1.l|Google Tag Manager,Google Tag Manager,Sales and marketing software,,pending
O*NET Database,31.0,technology,onet_software_skills,2.E.4.g|Google Webmaster Tools,Google Webmaster Tools,Web page creation and editing software,,pending
O*NET Database,31.0,technology,onet_software_skills,2.E.7.e|Gradle,Gradle,Object or component oriented development software,,pending
O*NET Database,31.0,technology,onet_software_skills,2.E.7.d|Grafana Labs Grafana Cloud,Grafana Labs Grafana Cloud,Graphical user interface development software,,pending
O*NET Database,31.0,technology,onet_software_skills,2.E.7.h|Grails,Grails,Web platform development software,,pending
O*NET Database,31.0,technology,onet_software_skills,2.E.7.d|Graphical user interface GUI builder software,Graphical user interface GUI builder software,Graphical user interface development software,,pending
O*NET Database,31.0,technology,onet_software_skills,2.E.7.d|Graphical user interface GUI design software,Graphical user interface GUI design software,Graphical user interface development software,,pending
O*NET Database,31.0,technology,onet_software_skills,2.E.4.b|Graphics software,Graphics software,Graphics or photo imaging software,,pending
O*NET Database,31.0,technology,onet_software_skills,2.E.6.f|GraphQL,GraphQL,Data base user interface and query software,,pending
O*NET Database,31.0,technology,onet_software_skills,2.E.6.d|Greenplum Database,Greenplum Database,Data base management system software,,pending
O*NET Database,31.0,technology,onet_software_skills,2.E.9.i|Greenway Medical Technologies PrimeChart,Greenway Medical Technologies PrimeChart,Medical software,,pending
O*NET Database,31.0,technology,onet_software_skills,2.E.9.d|Grid generation software,Grid generation software,Analytical or scientific software,,pending
O*NET Database,31.0,technology,onet_software_skills,2.E.16.d|GroupMe,GroupMe,Instant messaging software,,pending
O*NET Database,31.0,technology,onet_software_skills,2.E.9.c|GT STRUDL,GT STRUDL,Computer aided design CAD software,,pending
O*NET Database,31.0,technology,onet_software_skills,2.E.9.d|Guidance Software EnCase Enterprise,Guidance Software EnCase Enterprise,Analytical or scientific software,,pending
O*NET Database,31.0,technology,onet_software_skills,2.E.11.a|Guidance Software EnCase Forensic,Guidance Software EnCase Forensic,Network monitoring software,,pending
O*NET Database,31.0,technology,onet_software_skills,2.E.2.c|H&R Block Tax,H&R Block Tax,Tax preparation software,,pending
O*NET Database,31.0,technology,onet_software_skills,2.E.9.i|Hands On Technology TheraWriter.PT,Hands On Technology TheraWriter.PT,Medical software,,pending
O*NET Database,31.0,technology,onet_software_skills,2.E.7.b|Hardware description language HDL,Hardware description language HDL,Development environment software,,pending
O*NET Database,31.0,technology,onet_software_skills,2.E.4.b|HASH Animation:Master,HASH Animation:Master,Graphics or photo imaging software,,pending
O*NET Database,31.0,technology,onet_software_skills,2.E.7.h|HashiCorp Vagrant,HashiCorp Vagrant,Web platform development software,,pending
O*NET Database,31.0,technology,onet_software_skills,2.E.7.b|Haskell,Haskell,Development environment software,,pending
O*NET Database,31.0,technology,onet_software_skills,2.E.9.i|Health Care Data HealthProbe,Health Care Data HealthProbe,Medical software,,pending
O*NET Database,31.0,technology,onet_software_skills,2.E.9.i|Healthcare common procedure coding system HCPCS,Healthcare common procedure coding system HCPCS,Medical software,,pending
O*NET Database,31.0,technology,onet_software_skills,2.E.9.d|HEC-1,HEC-1,Analytical or scientific software,,pending
O*NET Database,31.0,technology,onet_software_skills,2.E.9.d|HEC-HMS,HEC-HMS,Analytical or scientific software,,pending
O*NET Database,31.0,technology,onet_software_skills,2.E.1.a|Help desk software,Help desk software,Helpdesk or call center software,,pending
O*NET Database,31.0,technology,onet_software_skills,2.E.9.i|Henry Schein Dentrix,Henry Schein Dentrix,Medical software,,pending
O*NET Database,31.0,technology,onet_software_skills,2.E.2.a|Heron CrossTie General Ledger,Heron CrossTie General Ledger,Accounting software,,pending
O*NET Database,31.0,technology,onet_software_skills,2.E.13.c|Hewlett Packard HP-UX,Hewlett Packard HP-UX,Operating system software,,pending
O*NET Database,31.0,technology,onet_software_skills,2.E.7.f|Hewlett Packard LoadRunner,Hewlett Packard LoadRunner,Program testing software,,pending
O*NET Database,31.0,technology,onet_software_skills,2.E.7.b|Hewlett-Packard HP Graphics Language HPGL,Hewlett-Packard HP Graphics Language HPGL,Development environment software,,pending
O*NET Database,31.0,technology,onet_software_skills,2.E.9.d|Hewlett-Packard HP Semiconductor Parameter Analyzer,Hewlett-Packard HP Semiconductor Parameter Analyzer,Analytical or scientific software,,pending
O*NET Database,31.0,technology,onet_software_skills,2.E.6.j|Hibernate ORM,Hibernate ORM,Object oriented data base management software,,pending
O*NET Database,31.0,technology,onet_software_skills,2.E.9.d|Hierarchical simulation program with integrated circuit emphasis HSPICE,Hierarchical simulation program with integrated circuit emphasis HSPICE,Analytical or scientific software,,pending
O*NET Database,31.0,technology,onet_software_skills,2.E.1.c|HireAbility ResumeParser,HireAbility ResumeParser,Human resources software,,pending
O*NET Database,31.0,technology,onet_software_skills,2.E.1.c|HireLogic PowerPlace,HireLogic PowerPlace,Human resources software,,pending
O*NET Database,31.0,technology,onet_software_skills,2.E.6.i|HiT Software Allora,HiT Software Allora,Metadata management software,,pending
O*NET Database,31.0,technology,onet_software_skills,2.E.9.i|HMS,HMS,Medical software,,pending
O*NET Database,31.0,technology,onet_software_skills,2.E.9.i|Holt Systems eMedRec,Holt Systems eMedRec,Medical software,,pending
O*NET Database,31.0,technology,onet_software_skills,2.E.14.d|Honeypot,Honeypot,Transaction security and virus protection software,,pending
O*NET Database,31.0,technology,onet_software_skills,2.E.15.f|HP DataProtector,HP DataProtector,Backup or archival software,,pending
O*NET Database,31.0,technology,onet_software_skills,2.E.14.b|HP Fortify,HP Fortify,Network security or virtual private network VPN management software,,pending
O*NET Database,31.0,technology,onet_software_skills,2.E.14.d|HP WebInspect,HP WebInspect,Transaction security and virus protection software,,pending
O*NET Database,31.0,technology,onet_software_skills,2.E.1.c|HRM Direct,HRM Direct,Human resources software,,pending
O*NET Database,31.0,technology,onet_software_skills,2.E.1.l|HubSpot software,HubSpot software,Sales and marketing software,,pending
O*NET Database,31.0,technology,onet_software_skills,2.E.9.g|Human machine interface HMI software,Human machine interface HMI software,Industrial control software,,pending
O*NET Database,31.0,technology,onet_software_skills,2.E.9.d|Human modeling software,Human modeling software,Analytical or scientific software,,pending
O*NET Database,31.0,technology,onet_software_skills,2.E.1.c|Human resource information system (HRIS),Human resource information system (HRIS),Human resources software,,pending
O*NET Database,31.0,technology,onet_software_skills,2.E.1.c|Human resource management software HRMS,Human resource management software HRMS,Human resources software,,pending
O*NET Database,31.0,technology,onet_software_skills,2.E.9.d|Hydraulic analysis software,Hydraulic analysis software,Analytical or scientific software,,pending
O*NET Database,31.0,technology,onet_software_skills,2.E.9.d|Hydraulic modeling software,Hydraulic modeling software,Analytical or scientific software,,pending
O*NET Database,31.0,technology,onet_software_skills,2.E.9.c|HydroCAD Software Solutions HydroCAD Stormwater Modeling System,HydroCAD Software Solutions HydroCAD Stormwater Modeling System,Computer aided design CAD software,,pending
O*NET Database,31.0,technology,onet_software_skills,2.E.5.b|Hyland Software OnBase,Hyland Software OnBase,Document management software,,pending
O*NET Database,31.0,technology,onet_software_skills,2.E.7.a|HyperSpace,HyperSpace,Configuration management software,,pending
O*NET Database,31.0,technology,onet_software_skills,2.E.7.h|Hypertext markup language HTML,Hypertext markup language HTML,Web platform development software,,pending
O*NET Database,31.0,technology,onet_software_skills,2.E.2.d|IAD Audit Leverage,IAD Audit Leverage,Financial analysis software,,pending
O*NET Database,31.0,technology,onet_software_skills,2.E.15.f|IBM ADSTAR,IBM ADSTAR,Backup or archival software,,pending
O*NET Database,31.0,technology,onet_software_skills,2.E.13.c|IBM AIX,IBM AIX,Operating system software,,pending
O*NET Database,31.0,technology,onet_software_skills,2.E.2.b|IBM Clarity Systems Clarity,IBM Clarity Systems Clarity,Enterprise resource planning ERP software,,pending
O*NET Database,31.0,technology,onet_software_skills,2.E.6.m|IBM Cognos Impromptu,IBM Cognos Impromptu,Business intelligence and data analysis software,,pending
O*NET Database,31.0,technology,onet_software_skills,2.E.2.b|IBM Cognos ReportNet,IBM Cognos ReportNet,Enterprise resource planning ERP software,,pending
O*NET Database,31.0,technology,onet_software_skills,2.E.5.b|IBM Content Manager,IBM Content Manager,Document management software,,pending
O*NET Database,31.0,technology,onet_software_skills,2.E.6.f|IBM DB2,IBM DB2,Data base user interface and query software,,pending
O*NET Database,31.0,technology,onet_software_skills,2.E.6.m|IBM Digital Analytics,IBM Digital Analytics,Business intelligence and data analysis software,,pending
O*NET Database,31.0,technology,onet_software_skills,2.E.12.b|IBM Domino,IBM Domino,Communications server software,,pending
O*NET Database,31.0,technology,onet_software_skills,2.E.7.e|IBM ILOG,IBM ILOG,Object or component oriented development software,,pending
O*NET Database,31.0,technology,onet_software_skills,2.E.6.f|IBM Information Management System (IMS),IBM Information Management System (IMS),Data base user interface and query software,,pending
O*NET Database,31.0,technology,onet_software_skills,2.E.6.f|IBM Informix,IBM Informix,Data base user interface and query software,,pending
O*NET Database,31.0,technology,onet_software_skills,2.E.6.j|IBM Informix,IBM Informix,Object oriented data base management software,,pending
O*NET Database,31.0,technology,onet_software_skills,2.E.7.c|IBM InfoSphere DataStage,IBM InfoSphere DataStage,Enterprise application integration software,,pending
O*NET Database,31.0,technology,onet_software_skills,2.E.6.d|IBM Infosphere Information Server,IBM Infosphere Information Server,Data base management system software,,pending
O*NET Database,31.0,technology,onet_software_skills,2.E.6.g|IBM InfoSphere Warehouse,IBM InfoSphere Warehouse,Data mining software,,pending
O*NET Database,31.0,technology,onet_software_skills,2.E.6.g|IBM Intelligent Miner,IBM Intelligent Miner,Data mining software,,pending
O*NET Database,31.0,technology,onet_software_skills,2.E.6.d|IBM Interactive System Productivity Facility ISPF,IBM Interactive System Productivity Facility ISPF,Data base management system software,,pending
O*NET Database,31.0,technology,onet_software_skills,2.E.4.i|IBM Lotus 1-2-3,IBM Lotus 1-2-3,Spreadsheet software,,pending
O*NET Database,31.0,technology,onet_software_skills,2.E.16.a|IBM Lotus Notes,IBM Lotus Notes,Electronic mail software,,pending
O*NET Database,31.0,technology,onet_software_skills,2.E.16.c|IBM Lotus SameTime,IBM Lotus SameTime,Network conferencing software,,pending
O*NET Database,31.0,technology,onet_software_skills,2.E.6.l|IBM Middleware,IBM Middleware,Transaction server software,,pending
O*NET Database,31.0,technology,onet_software_skills,2.E.6.e|IBM Netezza TwinFin,IBM Netezza TwinFin,Data base reporting software,,pending
O*NET Database,31.0,technology,onet_software_skills,2.E.16.a|IBM Notes,IBM Notes,Electronic mail software,,pending
O*NET Database,31.0,technology,onet_software_skills,2.E.17.a|IBM Power Systems software,IBM Power Systems software,Enterprise system management software,,pending
O*NET Database,31.0,technology,onet_software_skills,2.E.11.a|IBM QRadar SIEM,IBM QRadar SIEM,Network monitoring software,,pending
O*NET Database,31.0,technology,onet_software_skills,2.E.7.b|IBM Rational Application Developer,IBM Rational Application Developer,Development environment software,,pending
O*NET Database,31.0,technology,onet_software_skills,2.E.7.a|IBM Rational Build Forge,IBM Rational Build Forge,Configuration management software,,pending
O*NET Database,31.0,technology,onet_software_skills,2.E.7.a|IBM Rational ClearCase,IBM Rational ClearCase,Configuration management software,,pending
O*NET Database,31.0,technology,onet_software_skills,2.E.7.b|IBM Rational ClearQuest,IBM Rational ClearQuest,Development environment software,,pending
O*NET Database,31.0,technology,onet_software_skills,2.E.6.i|IBM Rational Data Architect,IBM Rational Data Architect,Metadata management software,,pending
O*NET Database,31.0,technology,onet_software_skills,2.E.7.f|IBM Rational PurifyPlus,IBM Rational PurifyPlus,Program testing software,,pending
O*NET Database,31.0,technology,onet_software_skills,2.E.7.g|IBM Rational RequisitePro,IBM Rational RequisitePro,Requirements analysis and system architecture software,,pending
O*NET Database,31.0,technology,onet_software_skills,2.E.7.b|IBM Rational Rose XDE,IBM Rational Rose XDE,Development environment software,,pending
O*NET Database,31.0,technology,onet_software_skills,2.E.6.i|IBM Rational System Architect,IBM Rational System Architect,Metadata management software,,pending
O*NET Database,31.0,technology,onet_software_skills,2.E.14.b|IBM Resource Access Control Facility RACF,IBM Resource Access Control Facility RACF,Network security or virtual private network VPN management software,,pending
O*NET Database,31.0,technology,onet_software_skills,2.E.9.d|IBM SPSS Statistics,IBM SPSS Statistics,Analytical or scientific software,,pending
O*NET Database,31.0,technology,onet_software_skills,2.E.7.a|IBM Terraform,IBM Terraform,Configuration management software,,pending
O*NET Database,31.0,technology,onet_software_skills,2.E.12.a|IBM Tivoli Access Management TAM,IBM Tivoli Access Management TAM,Access software,,pending
O*NET Database,31.0,technology,onet_software_skills,2.E.14.a|IBM Tivoli Identity Management TIM,IBM Tivoli Identity Management TIM,Authentication server software,,pending
O*NET Database,31.0,technology,onet_software_skills,2.E.12.a|IBM Tivoli software,IBM Tivoli software,Access software,,pending
O*NET Database,31.0,technology,onet_software_skills,2.E.2.d|IBM Unica Enterprise,IBM Unica Enterprise,Financial analysis software,,pending
O*NET Database,31.0,technology,onet_software_skills,2.E.11.e|IBM WebSphere,IBM WebSphere,Cloud-based management software,,pending
O*NET Database,31.0,technology,onet_software_skills,2.E.11.e|IBM WebSphere MQ,IBM WebSphere MQ,Cloud-based management software,,pending
O*NET Database,31.0,technology,onet_software_skills,2.E.13.b|IBM z/OS operating systems,IBM z/OS operating systems,Network operation system software,,pending
O*NET Database,31.0,technology,onet_software_skills,2.E.1.c|ICIMS,ICIMS,Human resources software,,pending
O*NET Database,31.0,technology,onet_software_skills,2.E.7.b|ICON programming language,ICON programming language,Development environment software,,pending
O*NET Database,31.0,technology,onet_software_skills,2.E.2.c|IDMS Account Ability,IDMS Account Ability,Tax preparation software,,pending
O*NET Database,31.0,technology,onet_software_skills,2.E.9.i|IDX Systems IDXtend,IDX Systems IDXtend,Medical software,,pending
O*NET Database,31.0,technology,onet_software_skills,2.E.5.b|IDX Systems Patient Chart Tracking,IDX Systems Patient Chart Tracking,Document management software,,pending
O*NET Database,31.0,technology,onet_software_skills,2.E.6.f|IEA Software Emerald,IEA Software Emerald,Data base user interface and query software,,pending
O*NET Database,31.0,technology,onet_software_skills,2.E.9.d|ILOG CPLEX,ILOG CPLEX,Analytical or scientific software,,pending
O*NET Database,31.0,technology,onet_software_skills,2.E.14.c|Imperva SecureSphere,Imperva SecureSphere,Network security and virtual private network VPN equipment software,,pending
O*NET Database,31.0,technology,onet_software_skills,2.E.2.c|Income tax return preparation software,Income tax return preparation software,Tax preparation software,,pending
O*NET Database,31.0,technology,onet_software_skills,2.E.6.d|Index tuning software,Index tuning software,Data base management system software,,pending
O*NET Database,31.0,technology,onet_software_skills,2.E.4.b|Indigo Renderer,Indigo Renderer,Graphics or photo imaging software,,pending
O*NET Database,31.0,technology,onet_software_skills,2.E.1.c|Industrial Code Recruitpoint.net,Industrial Code Recruitpoint.net,Human resources software,,pending
O*NET Database,31.0,technology,onet_software_skills,2.E.9.d|Infobright Community Edition ICE,Infobright Community Edition ICE,Analytical or scientific software,,pending
O*NET Database,31.0,technology,onet_software_skills,2.E.6.d|Informatica Big Data,Informatica Big Data,Data base management system software,,pending
O*NET Database,31.0,technology,onet_software_skills,2.E.2.b|Informatica Corporation PowerCenter,Informatica Corporation PowerCenter,Enterprise resource planning ERP software,,pending
O*NET Database,31.0,technology,onet_software_skills,2.E.6.i|Informatica Corporation PowerCenter,Informatica Corporation PowerCenter,Metadata management software,,pending
O*NET Database,31.0,technology,onet_software_skills,2.E.6.g|Informatica Data Explorer,Informatica Data Explorer,Data mining software,,pending
O*NET Database,31.0,technology,onet_software_skills,2.E.6.i|Informatica PowerCenter,Informatica PowerCenter,Metadata management software,,pending
O*NET Database,31.0,technology,onet_software_skills,2.E.6.i|Informatica software,Informatica software,Metadata management software,,pending
O*NET Database,31.0,technology,onet_software_skills,2.E.6.e|Information Builders WebFOCUS,Information Builders WebFOCUS,Data base reporting software,,pending
O*NET Database,31.0,technology,onet_software_skills,2.E.1.i|Information Resource Products Clinical Coding Expert,Information Resource Products Clinical Coding Expert,Expert system software,,pending
O*NET Database,31.0,technology,onet_software_skills,2.E.2.d|InformationActive ActiveData for Excel,InformationActive ActiveData for Excel,Financial analysis software,,pending
O*NET Database,31.0,technology,onet_software_skills,2.E.4.b|Inivis AC3D,Inivis AC3D,Graphics or photo imaging software,,pending
O*NET Database,31.0,technology,onet_software_skills,2.E.9.c|InnovMetric PolyWorks,InnovMetric PolyWorks,Computer aided design CAD software,,pending
O*NET Database,31.0,technology,onet_software_skills,2.E.8.b|InScribe,InScribe,Computer based training software,,pending
O*NET Database,31.0,technology,onet_software_skills,2.E.6.c|Insightful Corporation Confirmit,Insightful Corporation Confirmit,Customer relationship management CRM software,,pending
O*NET Database,31.0,technology,onet_software_skills,2.E.9.d|Insightful S-PLUS,Insightful S-PLUS,Analytical or scientific software,,pending
O*NET Database,31.0,technology,onet_software_skills,2.E.4.g|Instagram,Instagram,Web page creation and editing software,,pending
O*NET Database,31.0,technology,onet_software_skills,2.E.7.a|InstallShield,InstallShield,Configuration management software,,pending
O*NET Database,31.0,technology,onet_software_skills,2.E.7.b|Integrated development environment IDE software,Integrated development environment IDE software,Development environment software,,pending
O*NET Database,31.0,technology,onet_software_skills,2.E.7.f|Integration testing software,Integration testing software,Program testing software,,pending
O*NET Database,31.0,technology,onet_software_skills,2.E.11.a|Integrity verification software,Integrity verification software,Network monitoring software,,pending
O*NET Database,31.0,technology,onet_software_skills,2.E.15.e|Intel Data Migration Software,Intel Data Migration Software,Storage media loading software,,pending
O*NET Database,31.0,technology,onet_software_skills,2.E.1.c|Intelius,Intelius,Human resources software,,pending
O*NET Database,31.0,technology,onet_software_skills,2.E.1.c|Intelligent Algorithms InfoGIST Platinum Recruiter,Intelligent Algorithms InfoGIST Platinum Recruiter,Human resources software,,pending
O*NET Database,31.0,technology,onet_software_skills,2.E.6.f|Intellimed,Intellimed,Data base user interface and query software,,pending
O*NET Database,31.0,technology,onet_software_skills,2.E.2.c|Intellitax financial solutions software,Intellitax financial solutions software,Tax preparation software,,pending
O*NET Database,31.0,technology,onet_software_skills,2.E.1.d|IntelliTrack 3PL,IntelliTrack 3PL,Materials requirements planning logistics and supply chain software,,pending
O*NET Database,31.0,technology,onet_software_skills,2.E.6.i|Interface Computers Data Loader,Interface Computers Data Loader,Metadata management software,,pending
O*NET Database,31.0,technology,onet_software_skills,2.E.7.b|Interface definition language IDL,Interface definition language IDL,Development environment software,,pending
O*NET Database,31.0,technology,onet_software_skills,2.E.16.e|Intergraph MGE,Intergraph MGE,Map creation software,,pending
O*NET Database,31.0,technology,onet_software_skills,2.E.9.c|Intergraph Plant Design System PDS,Intergraph Plant Design System PDS,Computer aided design CAD software,,pending
O*NET Database,31.0,technology,onet_software_skills,2.E.6.d|InterMine,InterMine,Data base management system software,,pending
O*NET Database,31.0,technology,onet_software_skills,2.E.2.d|Internal audit software,Internal audit software,Financial analysis software,,pending
O*NET Database,31.0,technology,onet_software_skills,2.E.9.c|International TechneGroup IGESworks,International TechneGroup IGESworks,Computer aided design CAD software,,pending
O*NET Database,31.0,technology,onet_software_skills,2.E.1.c|Internet Grievance System IGS,Internet Grievance System IGS,Human resources software,,pending
O*NET Database,31.0,technology,onet_software_skills,2.E.7.f|Interoperability testing software,Interoperability testing software,Program testing software,,pending
O*NET Database,31.0,technology,onet_software_skills,2.E.7.b|Interstate connection ICON,Interstate connection ICON,Development environment software,,pending
O*NET Database,31.0,technology,onet_software_skills,2.E.9.e|Intrax ProcedureNet,Intrax ProcedureNet,Compliance software,,pending
O*NET Database,31.0,technology,onet_software_skills,2.E.14.b|Intrusion detection system IDS,Intrusion detection system IDS,Network security or virtual private network VPN management software,,pending
O*NET Database,31.0,technology,onet_software_skills,2.E.14.b|Intrusion prevention system IPS,Intrusion prevention system IPS,Network security or virtual private network VPN management software,,pending
O*NET Database,31.0,technology,onet_software_skills,2.E.2.c|Intuit Lacerte,Intuit Lacerte,Tax preparation software,,pending
O*NET Database,31.0,technology,onet_software_skills,2.E.2.c|Intuit ProSeries,Intuit ProSeries,Tax preparation software,,pending
O*NET Database,31.0,technology,onet_software_skills,2.E.2.a|Intuit QuickBooks,Intuit QuickBooks,Accounting software,,pending
O*NET Database,31.0,technology,onet_software_skills,2.E.2.c|Intuit TurboTax,Intuit TurboTax,Tax preparation software,,pending
O*NET Database,31.0,technology,onet_software_skills,2.E.1.f|Inventory control software,Inventory control software,Inventory management software,,pending
O*NET Database,31.0,technology,onet_software_skills,2.E.1.f|Inventory management systems,Inventory management systems,Inventory management software,,pending
O*NET Database,31.0,technology,onet_software_skills,2.E.1.p|InVision software,InVision software,Process mapping and design software,,pending
O*NET Database,31.0,technology,onet_software_skills,2.E.2.f|Invoice software,Invoice software,Billing and invoicing software,,pending
O*NET Database,31.0,technology,onet_software_skills,2.E.7.b|IONA Orbix,IONA Orbix,Development environment software,,pending
O*NET Database,31.0,technology,onet_software_skills,2.E.14.c|IpFilter,IpFilter,Network security and virtual private network VPN equipment software,,pending
O*NET Database,31.0,technology,onet_software_skills,2.E.14.c|IpTables,IpTables,Network security and virtual private network VPN equipment software,,pending
O*NET Database,31.0,technology,onet_software_skills,2.E.5.b|Iron Mountain Accutrac records management software,Iron Mountain Accutrac records management software,Document management software,,pending
O*NET Database,31.0,technology,onet_software_skills,2.E.9.d|Isograph Markov,Isograph Markov,Analytical or scientific software,,pending
O*NET Database,31.0,technology,onet_software_skills,2.E.14.b|ISS RealSecure,ISS RealSecure,Network security or virtual private network VPN management software,,pending
O*NET Database,31.0,technology,onet_software_skills,2.E.7.b|J,J,Development environment software,,pending
O*NET Database,31.0,technology,onet_software_skills,2.E.4.b|JamBoard,JamBoard,Graphics or photo imaging software,,pending
O*NET Database,31.0,technology,onet_software_skills,2.E.7.h|JavaScript,JavaScript,Web platform development software,,pending
O*NET Database,31.0,technology,onet_software_skills,2.E.7.h|JavaScript framework software,JavaScript framework software,Web platform development software,,pending
O*NET Database,31.0,technology,onet_software_skills,2.E.7.h|JavaScript Object Notation JSON,JavaScript Object Notation JSON,Web platform development software,,pending
O*NET Database,31.0,technology,onet_software_skills,2.E.7.h|Jekyll,Jekyll,Web platform development software,,pending
O*NET Database,31.0,technology,onet_software_skills,2.E.7.c|Jenkins CI,Jenkins CI,Enterprise application integration software,,pending
O*NET Database,31.0,technology,onet_software_skills,2.E.7.h|JetBrains PhpStorm,JetBrains PhpStorm,Web platform development software,,pending
O*NET Database,31.0,technology,onet_software_skills,2.E.7.b|JFrog Artifactory,JFrog Artifactory,Development environment software,,pending
O*NET Database,31.0,technology,onet_software_skills,2.E.7.e|JHDL,JHDL,Object or component oriented development software,,pending
O*NET Database,31.0,technology,onet_software_skills,2.E.11.e|Jitterbit,Jitterbit,Cloud-based management software,,pending
O*NET Database,31.0,technology,onet_software_skills,2.E.13.c|Job control language JCL,Job control language JCL,Operating system software,,pending
O*NET Database,31.0,technology,onet_software_skills,2.E.1.c|Job posting software,Job posting software,Human resources software,,pending
O*NET Database,31.0,technology,onet_software_skills,2.E.7.e|jQuery,jQuery,Object or component oriented development software,,pending
O*NET Database,31.0,technology,onet_software_skills,2.E.7.b|Julia,Julia,Development environment software,,pending
O*NET Database,31.0,technology,onet_software_skills,2.E.14.c|Juniper Networks NetScreen-Security Manager,Juniper Networks NetScreen-Security Manager,Network security and virtual private network VPN equipment software,,pending
O*NET Database,31.0,technology,onet_software_skills,2.E.7.f|JUnit,JUnit,Program testing software,,pending
O*NET Database,31.0,technology,onet_software_skills,2.E.7.e|Jupyter Notebook,Jupyter Notebook,Object or component oriented development software,,pending
O*NET Database,31.0,technology,onet_software_skills,2.E.7.e|Jupyter software,Jupyter software,Object or component oriented development software,,pending
O*NET Database,31.0,technology,onet_software_skills,2.E.7.f|Kali Linux,Kali Linux,Program testing software,,pending
O*NET Database,31.0,technology,onet_software_skills,2.E.6.d|Kalido Information Engine,Kalido Information Engine,Data base management system software,,pending
O*NET Database,31.0,technology,onet_software_skills,2.E.6.f|Kanoodle,Kanoodle,Data base user interface and query software,,pending
O*NET Database,31.0,technology,onet_software_skills,2.E.4.c|Kapwing,Kapwing,Video creation and editing software,,pending
O*NET Database,31.0,technology,onet_software_skills,2.E.13.c|Keras,Keras,Operating system software,,pending
O*NET Database,31.0,technology,onet_software_skills,2.E.9.c|Keysight Technologies Advanced Design System,Keysight Technologies Advanced Design System,Computer aided design CAD software,,pending
O*NET Database,31.0,technology,onet_software_skills,2.E.11.a|Keystroke monitoring software,Keystroke monitoring software,Network monitoring software,,pending
O*NET Database,31.0,technology,onet_software_skills,2.E.2.d|Kirix ProffiPoint,Kirix ProffiPoint,Financial analysis software,,pending
O*NET Database,31.0,technology,onet_software_skills,2.E.13.c|KornShell,KornShell,Operating system software,,pending
O*NET Database,31.0,technology,onet_software_skills,2.E.7.b|Kotlin,Kotlin,Development environment software,,pending
O*NET Database,31.0,technology,onet_software_skills,2.E.2.c|KPB Associates TaxStream,KPB Associates TaxStream,Tax preparation software,,pending
O*NET Database,31.0,technology,onet_software_skills,2.E.1.c|Kronos Workforce HR,Kronos Workforce HR,Human resources software,,pending
O*NET Database,31.0,technology,onet_software_skills,2.E.2.e|Kronos Workforce Payroll,Kronos Workforce Payroll,Time accounting software,,pending
O*NET Database,31.0,technology,onet_software_skills,2.E.2.e|Kronos Workforce Timekeeper,Kronos Workforce Timekeeper,Time accounting software,,pending
O*NET Database,31.0,technology,onet_software_skills,2.E.9.d|Kubeflow,Kubeflow,Analytical or scientific software,,pending
O*NET Database,31.0,technology,onet_software_skills,2.E.10.a|Kubernetes,Kubernetes,Application server software,,pending
O*NET Database,31.0,technology,onet_software_skills,2.E.1.c|LaborSoft LaborForce Arbitration/Appeals Manager module,LaborSoft LaborForce Arbitration/Appeals Manager module,Human resources software,,pending
O*NET Database,31.0,technology,onet_software_skills,2.E.1.c|LaborSoft LaborForce Discipline Manager module,LaborSoft LaborForce Discipline Manager module,Human resources software,,pending
O*NET Database,31.0,technology,onet_software_skills,2.E.1.c|LaborSoft LaborForce EEO Claims Manager module,LaborSoft LaborForce EEO Claims Manager module,Human resources software,,pending
O*NET Database,31.0,technology,onet_software_skills,2.E.1.c|LaborSoft LaborForce Grievance Manager module,LaborSoft LaborForce Grievance Manager module,Human resources software,,pending
O*NET Database,31.0,technology,onet_software_skills,2.E.1.c|LaborSoft LaborForce Incident Tracking module,LaborSoft LaborForce Incident Tracking module,Human resources software,,pending
O*NET Database,31.0,technology,onet_software_skills,2.E.1.c|LaborSoft LaborForce Personnel Manager module,LaborSoft LaborForce Personnel Manager module,Human resources software,,pending
O*NET Database,31.0,technology,onet_software_skills,2.E.1.c|LaborSoft LaborForce Reporting/Dashboard Manager module,LaborSoft LaborForce Reporting/Dashboard Manager module,Human resources software,,pending
O*NET Database,31.0,technology,onet_software_skills,2.E.7.b|Ladder Logic,Ladder Logic,Development environment software,,pending
O*NET Database,31.0,technology,onet_software_skills,2.E.9.c|Lambda Research OSLO,Lambda Research OSLO,Computer aided design CAD software,,pending
O*NET Database,31.0,technology,onet_software_skills,2.E.7.h|LAMP Stack,LAMP Stack,Web platform development software,,pending
O*NET Database,31.0,technology,onet_software_skills,2.E.8.b|Language arts educational software,Language arts educational software,Computer based training software,,pending
O*NET Database,31.0,technology,onet_software_skills,2.E.5.b|Laserfiche software,Laserfiche software,Document management software,,pending
O*NET Database,31.0,technology,onet_software_skills,2.E.2.b|Lawson ERP,Lawson ERP,Enterprise resource planning ERP software,,pending
O*NET Database,31.0,technology,onet_software_skills,2.E.1.c|Lawson Human Resource Management,Lawson Human Resource Management,Human resources software,,pending
O*NET Database,31.0,technology,onet_software_skills,2.E.2.a|Lead Activity Analyzer,Lead Activity Analyzer,Accounting software,,pending
O*NET Database,31.0,technology,onet_software_skills,2.E.2.a|Lead Business Analyzer,Lead Business Analyzer,Accounting software,,pending
O*NET Database,31.0,technology,onet_software_skills,2.E.9.i|LeonardoMD Renaissance,LeonardoMD Renaissance,Medical software,,pending
O*NET Database,31.0,technology,onet_software_skills,2.E.6.h|LexisNexis,LexisNexis,Information retrieval or search software,,pending
O*NET Database,31.0,technology,onet_software_skills,2.E.9.i|Lexrotech LxPediatric,Lexrotech LxPediatric,Medical software,,pending
O*NET Database,31.0,technology,onet_software_skills,2.E.1.k|LibreOffice,LibreOffice,Office suite software,,pending
O*NET Database,31.0,technology,onet_software_skills,2.E.9.d|Life cycle cost software,Life cycle cost software,Analytical or scientific software,,pending
O*NET Database,31.0,technology,onet_software_skills,2.E.14.d|Link encryption software,Link encryption software,Transaction security and virus protection software,,pending
O*NET Database,31.0,technology,onet_software_skills,2.E.4.g|LinkedIn,LinkedIn,Web page creation and editing software,,pending
O*NET Database,31.0,technology,onet_software_skills,2.E.6.f|LinkedIn,LinkedIn,Data base user interface and query software,,pending
O*NET Database,31.0,technology,onet_software_skills,2.E.13.c|Linux,Linux,Operating system software,,pending
O*NET Database,31.0,technology,onet_software_skills,2.E.7.b|List processing language LISP,List processing language LISP,Development environment software,,pending
O*NET Database,31.0,technology,onet_software_skills,2.E.7.f|Load testing software,Load testing software,Program testing software,,pending
O*NET Database,31.0,technology,onet_software_skills,2.E.12.e|Local area network LAN software,Local area network LAN software,LAN software,,pending
O*NET Database,31.0,technology,onet_software_skills,2.E.7.f|Logic programming software,Logic programming software,Program testing software,,pending
O*NET Database,31.0,technology,onet_software_skills,2.E.9.d|Logic synthesis software,Logic synthesis software,Analytical or scientific software,,pending
O*NET Database,31.0,technology,onet_software_skills,2.E.1.d|Logisuite Enterprise,Logisuite Enterprise,Materials requirements planning logistics and supply chain software,,pending
O*NET Database,31.0,technology,onet_software_skills,2.E.1.d|Logisuite Forwarder,Logisuite Forwarder,Materials requirements planning logistics and supply chain software,,pending
O*NET Database,31.0,technology,onet_software_skills,2.E.4.k|LogiXML Ad-HOC,LogiXML Ad-HOC,Desktop publishing software,,pending
O*NET Database,31.0,technology,onet_software_skills,2.E.16.b|LogMeIn GoToMeeting,LogMeIn GoToMeeting,Video conferencing software,,pending
O*NET Database,31.0,technology,onet_software_skills,2.E.16.c|LogMeIn GoToWebinar,LogMeIn GoToWebinar,Network conferencing software,,pending
O*NET Database,31.0,technology,onet_software_skills,2.E.4.c|Loom,Loom,Video creation and editing software,,pending
O*NET Database,31.0,technology,onet_software_skills,2.E.9.e|Lumigent Entegra,Lumigent Entegra,Compliance software,,pending
O*NET Database,31.0,technology,onet_software_skills,2.E.4.b|Luxology Modo,Luxology Modo,Graphics or photo imaging software,,pending
O*NET Database,31.0,technology,onet_software_skills,2.E.4.b|Luxrender,Luxrender,Graphics or photo imaging software,,pending
O*NET Database,31.0,technology,onet_software_skills,2.E.13.c|Magellan Firmware,Magellan Firmware,Operating system software,,pending
O*NET Database,31.0,technology,onet_software_skills,2.E.9.c|MAGIC,MAGIC,Computer aided design CAD software,,pending
O*NET Database,31.0,technology,onet_software_skills,2.E.4.b|MagicTracer,MagicTracer,Graphics or photo imaging software,,pending
O*NET Database,31.0,technology,onet_software_skills,2.E.9.d|MAGMA MAGMASOFT,MAGMA MAGMASOFT,Analytical or scientific software,,pending
O*NET Database,31.0,technology,onet_software_skills,2.E.9.c|Main Injector Neutrino Oscillation Search MINOS software,Main Injector Neutrino Oscillation Search MINOS software,Computer aided design CAD software,,pending
O*NET Database,31.0,technology,onet_software_skills,2.E.1.c|Main Sequence Technologies PCRecruiter,Main Sequence Technologies PCRecruiter,Human resources software,,pending
O*NET Database,31.0,technology,onet_software_skills,2.E.1.c|Main Sequence Technologies PCRecruiter Resume Inhaler,Main Sequence Technologies PCRecruiter Resume Inhaler,Human resources software,,pending
O*NET Database,31.0,technology,onet_software_skills,2.E.7.h|Majestic SEO,Majestic SEO,Web platform development software,,pending
O*NET Database,31.0,technology,onet_software_skills,2.E.2.b|Management information systems MIS,Management information systems MIS,Enterprise resource planning ERP software,,pending
O*NET Database,31.0,technology,onet_software_skills,2.E.1.f|Manhattan Associates PkMS Pickticket,Manhattan Associates PkMS Pickticket,Inventory management software,,pending
O*NET Database,31.0,technology,onet_software_skills,2.E.6.a|Map Maker,Map Maker,Categorization or classification software,,pending
O*NET Database,31.0,technology,onet_software_skills,2.E.9.d|Maplesoft Maple,Maplesoft Maple,Analytical or scientific software,,pending
O*NET Database,31.0,technology,onet_software_skills,2.E.6.d|MapR Converged Data Platform,MapR Converged Data Platform,Data base management system software,,pending
O*NET Database,31.0,technology,onet_software_skills,2.E.6.m|MapReduce big data software,MapReduce big data software,Business intelligence and data analysis software,,pending
O*NET Database,31.0,technology,onet_software_skills,2.E.6.d|MariaDB,MariaDB,Data base management system software,,pending
O*NET Database,31.0,technology,onet_software_skills,2.E.1.l|Marketo Marketing Automation,Marketo Marketing Automation,Sales and marketing software,,pending
O*NET Database,31.0,technology,onet_software_skills,2.E.6.f|MarkLogic,MarkLogic,Data base user interface and query software,,pending
O*NET Database,31.0,technology,onet_software_skills,2.E.4.b|Massive Jet,Massive Jet,Graphics or photo imaging software,,pending
O*NET Database,31.0,technology,onet_software_skills,2.E.1.d|Materials requirement planning MRP software,Materials requirement planning MRP software,Materials requirements planning logistics and supply chain software,,pending
O*NET Database,31.0,technology,onet_software_skills,2.E.8.b|Math educational software,Math educational software,Computer based training software,,pending
O*NET Database,31.0,technology,onet_software_skills,2.E.9.d|Mathematical software,Mathematical software,Analytical or scientific software,,pending
O*NET Database,31.0,technology,onet_software_skills,2.E.9.c|Mathsoft Mathcad,Mathsoft Mathcad,Computer aided design CAD software,,pending
O*NET Database,31.0,technology,onet_software_skills,2.E.9.d|MathWorks Simulink,MathWorks Simulink,Analytical or scientific software,,pending
O*NET Database,31.0,technology,onet_software_skills,2.E.9.d|Matrix calculation software,Matrix calculation software,Analytical or scientific software,,pending
O*NET Database,31.0,technology,onet_software_skills,2.E.4.b|Maxon BodyPaint 3D,Maxon BodyPaint 3D,Graphics or photo imaging software,,pending
O*NET Database,31.0,technology,onet_software_skills,2.E.4.c|Maxon Cinema 4D,Maxon Cinema 4D,Video creation and editing software,,pending
O*NET Database,31.0,technology,onet_software_skills,2.E.7.b|MaxScript,MaxScript,Development environment software,,pending
O*NET Database,31.0,technology,onet_software_skills,2.E.7.b|Maya Embedded Language MEL,Maya Embedded Language MEL,Development environment software,,pending
O*NET Database,31.0,technology,onet_software_skills,2.E.9.d|Maya HTT I-DEAS,Maya HTT I-DEAS,Analytical or scientific software,,pending
O*NET Database,31.0,technology,onet_software_skills,2.E.9.d|MAYA Nastran,MAYA Nastran,Analytical or scientific software,,pending
O*NET Database,31.0,technology,onet_software_skills,2.E.4.b|Mayer-Johnson Boardmaker,Mayer-Johnson Boardmaker,Graphics or photo imaging software,,pending
O*NET Database,31.0,technology,onet_software_skills,2.E.14.d|McAfee,McAfee,Transaction security and virus protection software,,pending
O*NET Database,31.0,technology,onet_software_skills,2.E.9.o|McAfee Enterprise Security Manager,McAfee Enterprise Security Manager,Risk management data and analysis software,,pending
O*NET Database,31.0,technology,onet_software_skills,2.E.14.d|McAfee VirusScan,McAfee VirusScan,Transaction security and virus protection software,,pending
O*NET Database,31.0,technology,onet_software_skills,2.E.4.h|MD Synergy Medical Appointment Scheduling,MD Synergy Medical Appointment Scheduling,Calendar and scheduling software,,pending
O*NET Database,31.0,technology,onet_software_skills,2.E.9.d|Mean time between failures MBTF software,Mean time between failures MBTF software,Analytical or scientific software,,pending
O*NET Database,31.0,technology,onet_software_skills,2.E.9.d|Mean time to failure MTTF software,Mean time to failure MTTF software,Analytical or scientific software,,pending
O*NET Database,31.0,technology,onet_software_skills,2.E.9.i|Mediasoft mediOFFICE,Mediasoft mediOFFICE,Medical software,,pending
O*NET Database,31.0,technology,onet_software_skills,2.E.9.i|Medical condition coding software,Medical condition coding software,Medical software,,pending
O*NET Database,31.0,technology,onet_software_skills,2.E.9.i|Medical procedure coding software,Medical procedure coding software,Medical software,,pending
O*NET Database,31.0,technology,onet_software_skills,2.E.9.i|MedicWare EMR,MedicWare EMR,Medical software,,pending
O*NET Database,31.0,technology,onet_software_skills,2.E.2.a|MediGraph,MediGraph,Accounting software,,pending
O*NET Database,31.0,technology,onet_software_skills,2.E.9.i|MEDITECH software,MEDITECH software,Medical software,,pending
O*NET Database,31.0,technology,onet_software_skills,2.E.9.i|Medscribbler Enterprise,Medscribbler Enterprise,Medical software,,pending
O*NET Database,31.0,technology,onet_software_skills,2.E.9.i|MedStar Systems DrWorks,MedStar Systems DrWorks,Medical software,,pending
O*NET Database,31.0,technology,onet_software_skills,2.E.6.h|Medstat/INFORUM,Medstat/INFORUM,Information retrieval or search software,,pending
O*NET Database,31.0,technology,onet_software_skills,2.E.4.b|Mental Images Mental Ray,Mental Images Mental Ray,Graphics or photo imaging software,,pending
O*NET Database,31.0,technology,onet_software_skills,2.E.4.f|Mentimeter,Mentimeter,Presentation software,,pending
O*NET Database,31.0,technology,onet_software_skills,2.E.9.c|Mentor Graphics software,Mentor Graphics software,Computer aided design CAD software,,pending
O*NET Database,31.0,technology,onet_software_skills,2.E.9.d|Mesh generation software,Mesh generation software,Analytical or scientific software,,pending
O*NET Database,31.0,technology,onet_software_skills,2.E.14.d|Metasploit,Metasploit,Transaction security and virus protection software,,pending
O*NET Database,31.0,technology,onet_software_skills,2.E.7.h|MeteorJS,MeteorJS,Web platform development software,,pending
O*NET Database,31.0,technology,onet_software_skills,2.E.2.d|MethodWare ProAudit Advisor,MethodWare ProAudit Advisor,Financial analysis software,,pending
O*NET Database,31.0,technology,onet_software_skills,2.E.9.c|Metrix Imageware Surfacer,Metrix Imageware Surfacer,Computer aided design CAD software,,pending
O*NET Database,31.0,technology,onet_software_skills,2.E.6.m|Micosoft SQL Server Analysis Services SSAS,Micosoft SQL Server Analysis Services SSAS,Business intelligence and data analysis software,,pending
O*NET Database,31.0,technology,onet_software_skills,2.E.11.a|Micro Focus OpenView,Micro Focus OpenView,Network monitoring software,,pending
O*NET Database,31.0,technology,onet_software_skills,2.E.1.c|Micro J Systems PcHunter,Micro J Systems PcHunter,Human resources software,,pending
O*NET Database,31.0,technology,onet_software_skills,2.E.16.a|MicroFocus GroupWise,MicroFocus GroupWise,Electronic mail software,,pending
O*NET Database,31.0,technology,onet_software_skills,2.E.9.i|MicroFour PracticeStudio.NET EMR,MicroFour PracticeStudio.NET EMR,Medical software,,pending
O*NET Database,31.0,technology,onet_software_skills,2.E.2.a|Micronetics Xpert Write-up,Micronetics Xpert Write-up,Accounting software,,pending
O*NET Database,31.0,technology,onet_software_skills,2.E.1.c|Micropact entellitrak Labor Relations Edition,Micropact entellitrak Labor Relations Edition,Human resources software,,pending
O*NET Database,31.0,technology,onet_software_skills,2.E.10.a|Microservices Architecture,Microservices Architecture,Application server software,,pending
O*NET Database,31.0,technology,onet_software_skills,2.E.7.b|Microsoft .NET Framework,Microsoft .NET Framework,Development environment software,,pending
O*NET Database,31.0,technology,onet_software_skills,2.E.6.f|Microsoft Access,Microsoft Access,Data base user interface and query software,,pending
O*NET Database,31.0,technology,onet_software_skills,2.E.10.d|Microsoft Active Directory,Microsoft Active Directory,Internet directory services software,,pending
O*NET Database,31.0,technology,onet_software_skills,2.E.7.h|Microsoft Active Server Pages ASP,Microsoft Active Server Pages ASP,Web platform development software,,pending
O*NET Database,31.0,technology,onet_software_skills,2.E.7.e|Microsoft ActiveX,Microsoft ActiveX,Object or component oriented development software,,pending
O*NET Database,31.0,technology,onet_software_skills,2.E.7.h|Microsoft ASP.NET,Microsoft ASP.NET,Web platform development software,,pending
O*NET Database,31.0,technology,onet_software_skills,2.E.7.h|Microsoft ASP.NET Core MVC,Microsoft ASP.NET Core MVC,Web platform development software,,pending
O*NET Database,31.0,technology,onet_software_skills,2.E.7.b|Microsoft Azure DevOps Services,Microsoft Azure DevOps Services,Development environment software,,pending
O*NET Database,31.0,technology,onet_software_skills,2.E.11.a|Microsoft Azure Sentinel,Microsoft Azure Sentinel,Network monitoring software,,pending
O*NET Database,31.0,technology,onet_software_skills,2.E.7.b|Microsoft Azure software,Microsoft Azure software,Development environment software,,pending
O*NET Database,31.0,technology,onet_software_skills,2.E.6.f|Microsoft Bing,Microsoft Bing,Data base user interface and query software,,pending
O*NET Database,31.0,technology,onet_software_skills,2.E.2.b|Microsoft Business Intelligence BI,Microsoft Business Intelligence BI,Enterprise resource planning ERP software,,pending
O*NET Database,31.0,technology,onet_software_skills,2.E.7.h|Microsoft Commerce Server,Microsoft Commerce Server,Web platform development software,,pending
O*NET Database,31.0,technology,onet_software_skills,2.E.14.d|Microsoft Defender Antivirus,Microsoft Defender Antivirus,Transaction security and virus protection software,,pending
O*NET Database,31.0,technology,onet_software_skills,2.E.15.c|Microsoft DirectX,Microsoft DirectX,Device drivers or system software,,pending
O*NET Database,31.0,technology,onet_software_skills,2.E.2.b|Microsoft Dynamics,Microsoft Dynamics,Enterprise resource planning ERP software,,pending
O*NET Database,31.0,technology,onet_software_skills,2.E.6.c|Microsoft Dynamics,Microsoft Dynamics,Customer relationship management CRM software,,pending
O*NET Database,31.0,technology,onet_software_skills,2.E.2.b|Microsoft Dynamics GP,Microsoft Dynamics GP,Enterprise resource planning ERP software,,pending
O*NET Database,31.0,technology,onet_software_skills,2.E.2.b|Microsoft Dynamics NAV,Microsoft Dynamics NAV,Enterprise resource planning ERP software,,pending
O*NET Database,31.0,technology,onet_software_skills,2.E.2.b|Microsoft Dynamics SL,Microsoft Dynamics SL,Enterprise resource planning ERP software,,pending
O*NET Database,31.0,technology,onet_software_skills,2.E.7.b|Microsoft ESP SDK,Microsoft ESP SDK,Development environment software,,pending
O*NET Database,31.0,technology,onet_software_skills,2.E.4.i|Microsoft Excel,Microsoft Excel,Spreadsheet software,,pending
O*NET Database,31.0,technology,onet_software_skills,2.E.16.a|Microsoft Exchange,Microsoft Exchange,Electronic mail software,,pending
O*NET Database,31.0,technology,onet_software_skills,2.E.4.b|Microsoft Expression Design,Microsoft Expression Design,Graphics or photo imaging software,,pending
O*NET Database,31.0,technology,onet_software_skills,2.E.2.d|Microsoft FRx,Microsoft FRx,Financial analysis software,,pending
O*NET Database,31.0,technology,onet_software_skills,2.E.13.c|Microsoft Hyper-V Server,Microsoft Hyper-V Server,Operating system software,,pending
O*NET Database,31.0,technology,onet_software_skills,2.E.10.e|Microsoft Internet Explorer,Microsoft Internet Explorer,Internet browser software,,pending
O*NET Database,31.0,technology,onet_software_skills,2.E.6.l|Microsoft Internet Information Services (IIS),Microsoft Internet Information Services (IIS),Transaction server software,,pending
O*NET Database,31.0,technology,onet_software_skills,2.E.1.k|Microsoft Office software,Microsoft Office software,Office suite software,,pending
O*NET Database,31.0,technology,onet_software_skills,2.E.4.d|Microsoft OneNote,Microsoft OneNote,Word processing software,,pending
O*NET Database,31.0,technology,onet_software_skills,2.E.16.a|Microsoft Outlook,Microsoft Outlook,Electronic mail software,,pending
O*NET Database,31.0,technology,onet_software_skills,2.E.7.c|Microsoft Power Automate,Microsoft Power Automate,Enterprise application integration software,,pending
O*NET Database,31.0,technology,onet_software_skills,2.E.6.m|Microsoft Power BI,Microsoft Power BI,Business intelligence and data analysis software,,pending
O*NET Database,31.0,technology,onet_software_skills,2.E.7.c|Microsoft Power Platform software,Microsoft Power Platform software,Enterprise application integration software,,pending
O*NET Database,31.0,technology,onet_software_skills,2.E.4.f|Microsoft PowerPoint,Microsoft PowerPoint,Presentation software,,pending
O*NET Database,31.0,technology,onet_software_skills,2.E.7.b|Microsoft PowerShell,Microsoft PowerShell,Development environment software,,pending
O*NET Database,31.0,technology,onet_software_skills,2.E.6.e|Microsoft Proclarity,Microsoft Proclarity,Data base reporting software,,pending
O*NET Database,31.0,technology,onet_software_skills,2.E.1.e|Microsoft Project,Microsoft Project,Project management software,,pending
O*NET Database,31.0,technology,onet_software_skills,2.E.4.k|Microsoft Publisher,Microsoft Publisher,Desktop publishing software,,pending
O*NET Database,31.0,technology,onet_software_skills,2.E.14.d|Microsoft Security Esssentials,Microsoft Security Esssentials,Transaction security and virus protection software,,pending
O*NET Database,31.0,technology,onet_software_skills,2.E.5.b|Microsoft SharePoint,Microsoft SharePoint,Document management software,,pending
O*NET Database,31.0,technology,onet_software_skills,2.E.7.h|Microsoft Silverlight,Microsoft Silverlight,Web platform development software,,pending
O*NET Database,31.0,technology,onet_software_skills,2.E.6.f|Microsoft SQL Server,Microsoft SQL Server,Data base user interface and query software,,pending
O*NET Database,31.0,technology,onet_software_skills,2.E.7.c|Microsoft SQL Server Integration Services SSIS,Microsoft SQL Server Integration Services SSIS,Enterprise application integration software,,pending
O*NET Database,31.0,technology,onet_software_skills,2.E.6.e|Microsoft SQL Server Reporting Services SSRS,Microsoft SQL Server Reporting Services SSRS,Data base reporting software,,pending
O*NET Database,31.0,technology,onet_software_skills,2.E.1.e|Microsoft Team Foundation Server,Microsoft Team Foundation Server,Project management software,,pending
O*NET Database,31.0,technology,onet_software_skills,2.E.1.e|Microsoft Teams,Microsoft Teams,Project management software,,pending
O*NET Database,31.0,technology,onet_software_skills,2.E.6.d|Microsoft transact-structural query language T-SQL,Microsoft transact-structural query language T-SQL,Data base management system software,,pending
O*NET Database,31.0,technology,onet_software_skills,2.E.1.p|Microsoft Visio,Microsoft Visio,Process mapping and design software,,pending
O*NET Database,31.0,technology,onet_software_skills,2.E.4.b|Microsoft Visio,Microsoft Visio,Graphics or photo imaging software,,pending
O*NET Database,31.0,technology,onet_software_skills,2.E.7.b|Microsoft Visual Basic,Microsoft Visual Basic,Development environment software,,pending
O*NET Database,31.0,technology,onet_software_skills,2.E.7.b|Microsoft Visual Basic for Applications VBA,Microsoft Visual Basic for Applications VBA,Development environment software,,pending
O*NET Database,31.0,technology,onet_software_skills,2.E.7.b|Microsoft Visual Basic Scripting Edition VBScript,Microsoft Visual Basic Scripting Edition VBScript,Development environment software,,pending
O*NET Database,31.0,technology,onet_software_skills,2.E.7.e|Microsoft Visual Basic.NET,Microsoft Visual Basic.NET,Object or component oriented development software,,pending
O*NET Database,31.0,technology,onet_software_skills,2.E.7.e|Microsoft Visual C# .NET,Microsoft Visual C# .NET,Object or component oriented development software,,pending
O*NET Database,31.0,technology,onet_software_skills,2.E.6.j|Microsoft Visual FoxPro,Microsoft Visual FoxPro,Object oriented data base management software,,pending
O*NET Database,31.0,technology,onet_software_skills,2.E.7.h|Microsoft Visual InterDev,Microsoft Visual InterDev,Web platform development software,,pending
O*NET Database,31.0,technology,onet_software_skills,2.E.7.b|Microsoft Visual SourceSafe,Microsoft Visual SourceSafe,Development environment software,,pending
O*NET Database,31.0,technology,onet_software_skills,2.E.7.b|Microsoft Visual Studio,Microsoft Visual Studio,Development environment software,,pending
O*NET Database,31.0,technology,onet_software_skills,2.E.13.c|Microsoft Windows,Microsoft Windows,Operating system software,,pending
O*NET Database,31.0,technology,onet_software_skills,2.E.13.c|Microsoft Windows Server,Microsoft Windows Server,Operating system software,,pending
O*NET Database,31.0,technology,onet_software_skills,2.E.4.d|Microsoft Word,Microsoft Word,Word processing software,,pending
O*NET Database,31.0,technology,onet_software_skills,2.E.1.k|Microsoft Works,Microsoft Works,Office suite software,,pending
O*NET Database,31.0,technology,onet_software_skills,2.E.6.m|MicroStrategy,MicroStrategy,Business intelligence and data analysis software,,pending
O*NET Database,31.0,technology,onet_software_skills,2.E.9.d|Microwave circuit simulation software,Microwave circuit simulation software,Analytical or scientific software,,pending
O*NET Database,31.0,technology,onet_software_skills,2.E.12.m|Migration software,Migration software,Platform interconnectivity software,,pending
O*NET Database,31.0,technology,onet_software_skills,2.E.7.f|Migration testing software,Migration testing software,Program testing software,,pending
O*NET Database,31.0,technology,onet_software_skills,2.E.9.d|Minitab,Minitab,Analytical or scientific software,,pending
O*NET Database,31.0,technology,onet_software_skills,2.E.6.h|Mintel Reports,Mintel Reports,Information retrieval or search software,,pending
O*NET Database,31.0,technology,onet_software_skills,2.E.7.f|MITRE ATT&CK software,MITRE ATT&CK software,Program testing software,,pending
O*NET Database,31.0,technology,onet_software_skills,2.E.9.d|Mlflow,Mlflow,Analytical or scientific software,,pending
O*NET Database,31.0,technology,onet_software_skills,2.E.9.d|Modal analysis software,Modal analysis software,Analytical or scientific software,,pending
O*NET Database,31.0,technology,onet_software_skills,2.E.7.e|Modula,Modula,Object or component oriented development software,,pending
O*NET Database,31.0,technology,onet_software_skills,2.E.9.d|Modular arrangement of predetermined time standards software MODAPTS,Modular arrangement of predetermined time standards software MODAPTS,Analytical or scientific software,,pending
O*NET Database,31.0,technology,onet_software_skills,2.E.6.d|MongoDB,MongoDB,Data base management system software,,pending
O*NET Database,31.0,technology,onet_software_skills,2.E.8.b|Moodle,Moodle,Computer based training software,,pending
O*NET Database,31.0,technology,onet_software_skills,2.E.9.d|Motion analysis software,Motion analysis software,Analytical or scientific software,,pending
O*NET Database,31.0,technology,onet_software_skills,2.E.7.h|Moz search engine optimization SEO software,Moz search engine optimization SEO software,Web platform development software,,pending
O*NET Database,31.0,technology,onet_software_skills,2.E.2.e|MPAY Millennium,MPAY Millennium,Time accounting software,,pending
O*NET Database,31.0,technology,onet_software_skills,2.E.2.d|MRO Audit Tracker,MRO Audit Tracker,Financial analysis software,,pending
O*NET Database,31.0,technology,onet_software_skills,2.E.7.c|MuleSoft software,MuleSoft software,Enterprise application integration software,,pending
O*NET Database,31.0,technology,onet_software_skills,2.E.6.d|Multidimensional Expressions MDX,Multidimensional Expressions MDX,Data base management system software,,pending
O*NET Database,31.0,technology,onet_software_skills,2.E.2.a|Multiview Accounts Receivable,Multiview Accounts Receivable,Accounting software,,pending
O*NET Database,31.0,technology,onet_software_skills,2.E.7.b|MUMPS M,MUMPS M,Development environment software,,pending
O*NET Database,31.0,technology,onet_software_skills,2.E.3.b|Music software,Music software,Music or sound editing software,,pending
O*NET Database,31.0,technology,onet_software_skills,2.E.7.f|Mutation testing software,Mutation testing software,Program testing software,,pending
O*NET Database,31.0,technology,onet_software_skills,2.E.6.d|MySQL,MySQL,Data base management system software,,pending
O*NET Database,31.0,technology,onet_software_skills,2.E.6.f|MySQL,MySQL,Data base user interface and query software,,pending
O*NET Database,31.0,technology,onet_software_skills,2.E.11.a|Nagios,Nagios,Network monitoring software,,pending
O*NET Database,31.0,technology,onet_software_skills,2.E.7.b|National Instruments LabVIEW,National Instruments LabVIEW,Development environment software,,pending
O*NET Database,31.0,technology,onet_software_skills,2.E.9.i|NCG Medical Systems d-Chart,NCG Medical Systems d-Chart,Medical software,,pending
O*NET Database,31.0,technology,onet_software_skills,2.E.6.g|NCR Teradata Warehouse Miner,NCR Teradata Warehouse Miner,Data mining software,,pending
O*NET Database,31.0,technology,onet_software_skills,2.E.2.a|NDCMedisoft,NDCMedisoft,Accounting software,,pending
O*NET Database,31.0,technology,onet_software_skills,2.E.8.e|Nearpod,Nearpod,Multi-media educational software,,pending
O*NET Database,31.0,technology,onet_software_skills,2.E.6.f|Neo4j,Neo4j,Data base user interface and query software,,pending
O*NET Database,31.0,technology,onet_software_skills,2.E.6.h|Neoforma Healthcare Products Information Services HPIS Market Intelligence,Neoforma Healthcare Products Information Services HPIS Market Intelligence,Information retrieval or search software,,pending
O*NET Database,31.0,technology,onet_software_skills,2.E.2.b|NetSuite ERP,NetSuite ERP,Enterprise resource planning ERP software,,pending
O*NET Database,31.0,technology,onet_software_skills,2.E.14.b|Network and system vulnerability assessment software,Network and system vulnerability assessment software,Network security or virtual private network VPN management software,,pending
O*NET Database,31.0,technology,onet_software_skills,2.E.10.d|Network directory services software,Network directory services software,Internet directory services software,,pending
O*NET Database,31.0,technology,onet_software_skills,2.E.11.a|Network intrusion prevention systems NIPS,Network intrusion prevention systems NIPS,Network monitoring software,,pending
O*NET Database,31.0,technology,onet_software_skills,2.E.14.b|Network security auditing software,Network security auditing software,Network security or virtual private network VPN management software,,pending
O*NET Database,31.0,technology,onet_software_skills,"2.E.11.a|Network, hardware, and software auditing software","Network, hardware, and software auditing software",Network monitoring software,,pending
O*NET Database,31.0,technology,onet_software_skills,2.E.9.d|Neural network modeling software,Neural network modeling software,Analytical or scientific software,,pending
O*NET Database,31.0,technology,onet_software_skills,2.E.9.d|NeuralWare,NeuralWare,Analytical or scientific software,,pending
O*NET Database,31.0,technology,onet_software_skills,2.E.4.b|Nevercenter Silo,Nevercenter Silo,Graphics or photo imaging software,,pending
O*NET Database,31.0,technology,onet_software_skills,2.E.2.a|New Millennium Communications Genesis Accounting,New Millennium Communications Genesis Accounting,Accounting software,,pending
O*NET Database,31.0,technology,onet_software_skills,2.E.2.c|NewPortWave Year End Solutions,NewPortWave Year End Solutions,Tax preparation software,,pending
O*NET Database,31.0,technology,onet_software_skills,2.E.4.b|NewTek Lightwave 3D,NewTek Lightwave 3D,Graphics or photo imaging software,,pending
O*NET Database,31.0,technology,onet_software_skills,2.E.4.b|Next Limit Maxwell Render,Next Limit Maxwell Render,Graphics or photo imaging software,,pending
O*NET Database,31.0,technology,onet_software_skills,2.E.9.i|NextGen Healthcare Information Systems EMR,NextGen Healthcare Information Systems EMR,Medical software,,pending
O*NET Database,31.0,technology,onet_software_skills,2.E.7.h|Node.js,Node.js,Web platform development software,,pending
O*NET Database,31.0,technology,onet_software_skills,2.E.4.b|NodeBox,NodeBox,Graphics or photo imaging software,,pending
O*NET Database,31.0,technology,onet_software_skills,2.E.14.d|Norton AntiVirus,Norton AntiVirus,Transaction security and virus protection software,,pending
O*NET Database,31.0,technology,onet_software_skills,2.E.14.d|NortonLifeLock cybersecurity software,NortonLifeLock cybersecurity software,Transaction security and virus protection software,,pending
O*NET Database,31.0,technology,onet_software_skills,2.E.6.d|NoSQL,NoSQL,Data base management system software,,pending
O*NET Database,31.0,technology,onet_software_skills,2.E.4.j|Nuance OmniPage Professional,Nuance OmniPage Professional,Optical character reader OCR or scanning software,,pending
O*NET Database,31.0,technology,onet_software_skills,2.E.9.g|Numerical control software,Numerical control software,Industrial control software,,pending
O*NET Database,31.0,technology,onet_software_skills,2.E.6.f|NumPy,NumPy,Data base user interface and query software,,pending
O*NET Database,31.0,technology,onet_software_skills,2.E.7.h|Nunjucks,Nunjucks,Web platform development software,,pending
O*NET Database,31.0,technology,onet_software_skills,2.E.9.g|Nupro CastView,Nupro CastView,Industrial control software,,pending
O*NET Database,31.0,technology,onet_software_skills,2.E.4.b|NVDIA Gelato,NVDIA Gelato,Graphics or photo imaging software,,pending
O*NET Database,31.0,technology,onet_software_skills,2.E.7.e|Oberon,Oberon,Object or component oriented development software,,pending
O*NET Database,31.0,technology,onet_software_skills,2.E.6.j|Object database management system ODBMS,Object database management system ODBMS,Object oriented data base management software,,pending
O*NET Database,31.0,technology,onet_software_skills,2.E.6.l|Object Management Group Object Request Broker,Object Management Group Object Request Broker,Transaction server software,,pending
O*NET Database,31.0,technology,onet_software_skills,2.E.7.e|Object-oriented programming languages,Object-oriented programming languages,Object or component oriented development software,,pending
O*NET Database,31.0,technology,onet_software_skills,2.E.7.e|Objective C,Objective C,Object or component oriented development software,,pending
O*NET Database,31.0,technology,onet_software_skills,2.E.7.e|Objective Caml,Objective Caml,Object or component oriented development software,,pending
O*NET Database,31.0,technology,onet_software_skills,2.E.4.a|Omni Group OmniGraffle,Omni Group OmniGraffle,Pattern design software,,pending
O*NET Database,31.0,technology,onet_software_skills,2.E.5.b|OmniRIM Records Management Suite,OmniRIM Records Management Suite,Document management software,,pending
O*NET Database,31.0,technology,onet_software_skills,2.E.6.f|Online databases,Online databases,Data base user interface and query software,,pending
O*NET Database,31.0,technology,onet_software_skills,2.E.4.b|Open Graphics Library OpenGL,Open Graphics Library OpenGL,Graphics or photo imaging software,,pending
O*NET Database,31.0,technology,onet_software_skills,2.E.5.b|Open Source Matters Joomla!,Open Source Matters Joomla!,Document management software,,pending
O*NET Database,31.0,technology,onet_software_skills,2.E.7.b|OpenAI ChatGPT,OpenAI ChatGPT,Development environment software,,pending
O*NET Database,31.0,technology,onet_software_skills,2.E.4.d|OpenOffice WRITER,OpenOffice WRITER,Word processing software,,pending
O*NET Database,31.0,technology,onet_software_skills,2.E.13.c|Operating system shells,Operating system shells,Operating system software,,pending
O*NET Database,31.0,technology,onet_software_skills,2.E.6.f|Operational Data Store ODS software,Operational Data Store ODS software,Data base user interface and query software,,pending
O*NET Database,31.0,technology,onet_software_skills,2.E.9.c|Optical analysis software,Optical analysis software,Computer aided design CAD software,,pending
O*NET Database,31.0,technology,onet_software_skills,2.E.9.d|Optimization software,Optimization software,Analytical or scientific software,,pending
O*NET Database,31.0,technology,onet_software_skills,2.E.2.b|Oracle Agile Product Lifecycle Management PLM,Oracle Agile Product Lifecycle Management PLM,Enterprise resource planning ERP software,,pending
O*NET Database,31.0,technology,onet_software_skills,2.E.7.h|Oracle Application Express APEX,Oracle Application Express APEX,Web platform development software,,pending
O*NET Database,31.0,technology,onet_software_skills,2.E.10.a|Oracle Application Server,Oracle Application Server,Application server software,,pending
O*NET Database,31.0,technology,onet_software_skills,2.E.6.e|Oracle Business Intelligence Discoverer,Oracle Business Intelligence Discoverer,Data base reporting software,,pending
O*NET Database,31.0,technology,onet_software_skills,2.E.6.m|Oracle Business Intelligence Enterprise Edition,Oracle Business Intelligence Enterprise Edition,Business intelligence and data analysis software,,pending
O*NET Database,31.0,technology,onet_software_skills,2.E.2.b|Oracle Business Intelligence Publisher,Oracle Business Intelligence Publisher,Enterprise resource planning ERP software,,pending
O*NET Database,31.0,technology,onet_software_skills,2.E.6.e|Oracle Business Intelligence Suite,Oracle Business Intelligence Suite,Data base reporting software,,pending
O*NET Database,31.0,technology,onet_software_skills,2.E.11.e|Oracle Cloud software,Oracle Cloud software,Cloud-based management software,,pending
O*NET Database,31.0,technology,onet_software_skills,2.E.6.g|Oracle Darwin,Oracle Darwin,Data mining software,,pending
O*NET Database,31.0,technology,onet_software_skills,2.E.15.f|Oracle Data Guard,Oracle Data Guard,Backup or archival software,,pending
O*NET Database,31.0,technology,onet_software_skills,2.E.7.c|Oracle Data Integrator,Oracle Data Integrator,Enterprise application integration software,,pending
O*NET Database,31.0,technology,onet_software_skills,2.E.6.d|Oracle Database,Oracle Database,Data base management system software,,pending
O*NET Database,31.0,technology,onet_software_skills,2.E.6.f|Oracle Database,Oracle Database,Data base user interface and query software,,pending
O*NET Database,31.0,technology,onet_software_skills,2.E.7.h|Oracle Designer,Oracle Designer,Web platform development software,,pending
O*NET Database,31.0,technology,onet_software_skills,2.E.2.d|Oracle E-Business Suite Financials,Oracle E-Business Suite Financials,Financial analysis software,,pending
O*NET Database,31.0,technology,onet_software_skills,2.E.1.d|Oracle E-Business Suite Logistics,Oracle E-Business Suite Logistics,Materials requirements planning logistics and supply chain software,,pending
O*NET Database,31.0,technology,onet_software_skills,2.E.6.c|Oracle Eloqua,Oracle Eloqua,Customer relationship management CRM software,,pending
O*NET Database,31.0,technology,onet_software_skills,2.E.6.d|Oracle Enterprise Manager,Oracle Enterprise Manager,Data base management system software,,pending
O*NET Database,31.0,technology,onet_software_skills,2.E.6.d|Oracle Enterprise Manager Cloud Control,Oracle Enterprise Manager Cloud Control,Data base management system software,,pending
O*NET Database,31.0,technology,onet_software_skills,2.E.6.f|Oracle Essbase,Oracle Essbase,Data base user interface and query software,,pending
O*NET Database,31.0,technology,onet_software_skills,2.E.2.b|Oracle Fusion Applications,Oracle Fusion Applications,Enterprise resource planning ERP software,,pending
O*NET Database,31.0,technology,onet_software_skills,2.E.7.c|Oracle Fusion Middleware,Oracle Fusion Middleware,Enterprise application integration software,,pending
O*NET Database,31.0,technology,onet_software_skills,2.E.6.d|Oracle Golden Gate,Oracle Golden Gate,Data base management system software,,pending
O*NET Database,31.0,technology,onet_software_skills,2.E.1.c|Oracle HRIS,Oracle HRIS,Human resources software,,pending
O*NET Database,31.0,technology,onet_software_skills,2.E.2.b|Oracle Hyperion,Oracle Hyperion,Enterprise resource planning ERP software,,pending
O*NET Database,31.0,technology,onet_software_skills,2.E.7.e|Oracle Java,Oracle Java,Object or component oriented development software,,pending
O*NET Database,31.0,technology,onet_software_skills,2.E.7.b|Oracle Java 2 Platform Enterprise Edition J2EE,Oracle Java 2 Platform Enterprise Edition J2EE,Development environment software,,pending
O*NET Database,31.0,technology,onet_software_skills,2.E.7.e|Oracle Java Message Service JMS,Oracle Java Message Service JMS,Object or component oriented development software,,pending
O*NET Database,31.0,technology,onet_software_skills,2.E.7.h|Oracle JavaServer Pages JSP,Oracle JavaServer Pages JSP,Web platform development software,,pending
O*NET Database,31.0,technology,onet_software_skills,2.E.2.b|Oracle JD Edwards EnterpriseOne,Oracle JD Edwards EnterpriseOne,Enterprise resource planning ERP software,,pending
O*NET Database,31.0,technology,onet_software_skills,2.E.6.f|Oracle JDBC,Oracle JDBC,Data base user interface and query software,,pending
O*NET Database,31.0,technology,onet_software_skills,2.E.7.b|Oracle Jdeveloper,Oracle Jdeveloper,Development environment software,,pending
O*NET Database,31.0,technology,onet_software_skills,2.E.6.i|Oracle Master Data Management MDM Suite,Oracle Master Data Management MDM Suite,Metadata management software,,pending
O*NET Database,31.0,technology,onet_software_skills,2.E.6.d|Oracle Migration Workbench,Oracle Migration Workbench,Data base management system software,,pending
O*NET Database,31.0,technology,onet_software_skills,2.E.11.a|Oracle Net Manager,Oracle Net Manager,Network monitoring software,,pending
O*NET Database,31.0,technology,onet_software_skills,2.E.2.b|Oracle PeopleSoft,Oracle PeopleSoft,Enterprise resource planning ERP software,,pending
O*NET Database,31.0,technology,onet_software_skills,2.E.2.b|Oracle PeopleSoft Financials,Oracle PeopleSoft Financials,Enterprise resource planning ERP software,,pending
O*NET Database,31.0,technology,onet_software_skills,2.E.2.b|Oracle PeopleSoft Human Capital Management,Oracle PeopleSoft Human Capital Management,Enterprise resource planning ERP software,,pending
O*NET Database,31.0,technology,onet_software_skills,2.E.6.d|Oracle PL/SQL,Oracle PL/SQL,Data base management system software,,pending
O*NET Database,31.0,technology,onet_software_skills,2.E.1.e|Oracle Primavera Enterprise Project Portfolio Management,Oracle Primavera Enterprise Project Portfolio Management,Project management software,,pending
O*NET Database,31.0,technology,onet_software_skills,2.E.6.b|Oracle Real Application Cluster RAC,Oracle Real Application Cluster RAC,Clustering software,,pending
O*NET Database,31.0,technology,onet_software_skills,2.E.15.f|Oracle Recovery Manager,Oracle Recovery Manager,Backup or archival software,,pending
O*NET Database,31.0,technology,onet_software_skills,2.E.6.e|Oracle Reports,Oracle Reports,Data base reporting software,,pending
O*NET Database,31.0,technology,onet_software_skills,2.E.1.f|Oracle Retek,Oracle Retek,Inventory management software,,pending
O*NET Database,31.0,technology,onet_software_skills,2.E.6.c|Oracle Siebel Marketing Resource Management,Oracle Siebel Marketing Resource Management,Customer relationship management CRM software,,pending
O*NET Database,31.0,technology,onet_software_skills,2.E.13.c|Oracle Solaris,Oracle Solaris,Operating system software,,pending
O*NET Database,31.0,technology,onet_software_skills,2.E.7.b|Oracle SQL Developer,Oracle SQL Developer,Development environment software,,pending
O*NET Database,31.0,technology,onet_software_skills,2.E.6.e|Oracle SQL Loader,Oracle SQL Loader,Data base reporting software,,pending
O*NET Database,31.0,technology,onet_software_skills,2.E.6.e|Oracle SQL Plus,Oracle SQL Plus,Data base reporting software,,pending
O*NET Database,31.0,technology,onet_software_skills,2.E.1.c|Oracle Taleo,Oracle Taleo,Human resources software,,pending
O*NET Database,31.0,technology,onet_software_skills,2.E.10.d|Oracle Unified Directory,Oracle Unified Directory,Internet directory services software,,pending
O*NET Database,31.0,technology,onet_software_skills,2.E.6.i|Oracle Warehouse Builder,Oracle Warehouse Builder,Metadata management software,,pending
O*NET Database,31.0,technology,onet_software_skills,2.E.10.a|Oracle WebLogic Server,Oracle WebLogic Server,Application server software,,pending
O*NET Database,31.0,technology,onet_software_skills,2.E.9.c|OrCAD Capture,OrCAD Capture,Computer aided design CAD software,,pending
O*NET Database,31.0,technology,onet_software_skills,2.E.2.d|OSI TrustWise,OSI TrustWise,Financial analysis software,,pending
O*NET Database,31.0,technology,onet_software_skills,2.E.2.d|Paisley AutoAudit,Paisley AutoAudit,Financial analysis software,,pending
O*NET Database,31.0,technology,onet_software_skills,2.E.9.e|Paisley Cardmap,Paisley Cardmap,Compliance software,,pending
O*NET Database,31.0,technology,onet_software_skills,2.E.9.e|Paisley Focus Control Assurance,Paisley Focus Control Assurance,Compliance software,,pending
O*NET Database,31.0,technology,onet_software_skills,2.E.2.d|Paisley IssueTrack,Paisley IssueTrack,Financial analysis software,,pending
O*NET Database,31.0,technology,onet_software_skills,2.E.9.e|Paisley RiskNavigator,Paisley RiskNavigator,Compliance software,,pending
O*NET Database,31.0,technology,onet_software_skills,2.E.2.d|Palisade @Risk,Palisade @Risk,Financial analysis software,,pending
O*NET Database,31.0,technology,onet_software_skills,2.E.9.d|Palisade StatTools,Palisade StatTools,Analytical or scientific software,,pending
O*NET Database,31.0,technology,onet_software_skills,2.E.14.c|Palo Alto Networks Next-Generation Security Platform,Palo Alto Networks Next-Generation Security Platform,Network security and virtual private network VPN equipment software,,pending
O*NET Database,31.0,technology,onet_software_skills,2.E.6.f|pandas,pandas,Data base user interface and query software,,pending
O*NET Database,31.0,technology,onet_software_skills,2.E.6.e|Panorama NovaView,Panorama NovaView,Data base reporting software,,pending
O*NET Database,31.0,technology,onet_software_skills,2.E.6.d|ParAccel Analytic Database,ParAccel Analytic Database,Data base management system software,,pending
O*NET Database,31.0,technology,onet_software_skills,2.E.7.b|Pascal,Pascal,Development environment software,,pending
O*NET Database,31.0,technology,onet_software_skills,2.E.14.d|Password cracker software,Password cracker software,Transaction security and virus protection software,,pending
O*NET Database,31.0,technology,onet_software_skills,2.E.14.a|Password management software,Password management software,Authentication server software,,pending
O*NET Database,31.0,technology,onet_software_skills,2.E.7.a|Patch and update management software,Patch and update management software,Configuration management software,,pending
O*NET Database,31.0,technology,onet_software_skills,2.E.7.a|Patch management software,Patch management software,Configuration management software,,pending
O*NET Database,31.0,technology,onet_software_skills,2.E.9.i|Patient charting software,Patient charting software,Medical software,,pending
O*NET Database,31.0,technology,onet_software_skills,2.E.2.e|Payroll software,Payroll software,Time accounting software,,pending
O*NET Database,31.0,technology,onet_software_skills,2.E.9.i|PCC EHR,PCC EHR,Medical software,,pending
O*NET Database,31.0,technology,onet_software_skills,2.E.9.i|PCC Pediatric Partner,PCC Pediatric Partner,Medical software,,pending
O*NET Database,31.0,technology,onet_software_skills,2.E.5.b|PDF readers,PDF readers,Document management software,,pending
O*NET Database,31.0,technology,onet_software_skills,2.E.14.d|Penetration testing software,Penetration testing software,Transaction security and virus protection software,,pending
O*NET Database,31.0,technology,onet_software_skills,2.E.6.i|Pentaho Kettle,Pentaho Kettle,Metadata management software,,pending
O*NET Database,31.0,technology,onet_software_skills,2.E.2.d|Pentana audit work system PAWS,Pentana audit work system PAWS,Financial analysis software,,pending
O*NET Database,31.0,technology,onet_software_skills,2.E.7.a|Perforce Helix software,Perforce Helix software,Configuration management software,,pending
O*NET Database,31.0,technology,onet_software_skills,2.E.7.e|Perl,Perl,Object or component oriented development software,,pending
O*NET Database,31.0,technology,onet_software_skills,2.E.13.c|Perl shell,Perl shell,Operating system software,,pending
O*NET Database,31.0,technology,onet_software_skills,2.E.1.e|Perseus SurveySolutions,Perseus SurveySolutions,Project management software,,pending
O*NET Database,31.0,technology,onet_software_skills,2.E.7.f|Personal computer diagnostic software,Personal computer diagnostic software,Program testing software,,pending
O*NET Database,31.0,technology,onet_software_skills,2.E.1.c|Personnel scheduling software,Personnel scheduling software,Human resources software,,pending
O*NET Database,31.0,technology,onet_software_skills,2.E.7.h|PhantomJS,PhantomJS,Web platform development software,,pending
O*NET Database,31.0,technology,onet_software_skills,2.E.7.h|PHP,PHP,Web platform development software,,pending
O*NET Database,31.0,technology,onet_software_skills,2.E.9.c|Physical design software,Physical design software,Computer aided design CAD software,,pending
O*NET Database,31.0,technology,onet_software_skills,2.E.8.b|Physical education educational software,Physical education educational software,Computer based training software,,pending
O*NET Database,31.0,technology,onet_software_skills,2.E.14.d|Ping Identity,Ping Identity,Transaction security and virus protection software,,pending
O*NET Database,31.0,technology,onet_software_skills,2.E.6.h|Pinterest,Pinterest,Information retrieval or search software,,pending
O*NET Database,31.0,technology,onet_software_skills,2.E.4.c|Pixar RenderMan Studio,Pixar RenderMan Studio,Video creation and editing software,,pending
O*NET Database,31.0,technology,onet_software_skills,2.E.4.b|Pixarra TwistedBrush,Pixarra TwistedBrush,Graphics or photo imaging software,,pending
O*NET Database,31.0,technology,onet_software_skills,2.E.4.b|Pixelmator,Pixelmator,Graphics or photo imaging software,,pending
O*NET Database,31.0,technology,onet_software_skills,2.E.4.b|Pixologic Zbrush,Pixologic Zbrush,Graphics or photo imaging software,,pending
O*NET Database,31.0,technology,onet_software_skills,2.E.16.i|Platform as a service PaaS,Platform as a service PaaS,Cloud-based data access and sharing software,,pending
O*NET Database,31.0,technology,onet_software_skills,2.E.2.d|Pleier Audit Management System,Pleier Audit Management System,Financial analysis software,,pending
O*NET Database,31.0,technology,onet_software_skills,2.E.9.d|PMC KanbanSIM,PMC KanbanSIM,Analytical or scientific software,,pending
O*NET Database,31.0,technology,onet_software_skills,2.E.7.g|Popkin System Architect,Popkin System Architect,Requirements analysis and system architecture software,,pending
O*NET Database,31.0,technology,onet_software_skills,2.E.14.d|Portswigger BurP Suite,Portswigger BurP Suite,Transaction security and virus protection software,,pending
O*NET Database,31.0,technology,onet_software_skills,2.E.1.c|Post Once,Post Once,Human resources software,,pending
O*NET Database,31.0,technology,onet_software_skills,2.E.6.j|PostgreSQL,PostgreSQL,Object oriented data base management software,,pending
O*NET Database,31.0,technology,onet_software_skills,2.E.1.c|PostingPal,PostingPal,Human resources software,,pending
O*NET Database,31.0,technology,onet_software_skills,2.E.9.d|Power analysis software,Power analysis software,Analytical or scientific software,,pending
O*NET Database,31.0,technology,onet_software_skills,2.E.9.i|PowerMed,PowerMed,Medical software,,pending
O*NET Database,31.0,technology,onet_software_skills,2.E.1.c|PowerPlace Professional,PowerPlace Professional,Human resources software,,pending
O*NET Database,31.0,technology,onet_software_skills,2.E.9.d|Powersim PSIM,Powersim PSIM,Analytical or scientific software,,pending
O*NET Database,31.0,technology,onet_software_skills,2.E.6.f|Practice management software PMS,Practice management software PMS,Data base user interface and query software,,pending
O*NET Database,31.0,technology,onet_software_skills,2.E.9.i|Practice Partner Patient Records,Practice Partner Patient Records,Medical software,,pending
O*NET Database,31.0,technology,onet_software_skills,2.E.2.d|PricewaterhouseCoopers TeamMate,PricewaterhouseCoopers TeamMate,Financial analysis software,,pending
O*NET Database,31.0,technology,onet_software_skills,2.E.9.c|Printed circuit board design software,Printed circuit board design software,Computer aided design CAD software,,pending
O*NET Database,31.0,technology,onet_software_skills,2.E.2.a|Pro Systems Client Write-Up System for Windows,Pro Systems Client Write-Up System for Windows,Accounting software,,pending
O*NET Database,31.0,technology,onet_software_skills,2.E.1.e|Process reengineering software,Process reengineering software,Project management software,,pending
O*NET Database,31.0,technology,onet_software_skills,2.E.9.d|Procore software,Procore software,Analytical or scientific software,,pending
O*NET Database,31.0,technology,onet_software_skills,2.E.9.d|Production flow analysis software,Production flow analysis software,Analytical or scientific software,,pending
O*NET Database,31.0,technology,onet_software_skills,2.E.1.d|Production scheduling and planning software,Production scheduling and planning software,Materials requirements planning logistics and supply chain software,,pending
O*NET Database,31.0,technology,onet_software_skills,2.E.2.a|Profit Developers Electronic File Interchange,Profit Developers Electronic File Interchange,Accounting software,,pending
O*NET Database,31.0,technology,onet_software_skills,2.E.9.i|Prognosis Innovation Healthcare ChartAccess,Prognosis Innovation Healthcare ChartAccess,Medical software,,pending
O*NET Database,31.0,technology,onet_software_skills,2.E.14.d|Program checksumming software,Program checksumming software,Transaction security and virus protection software,,pending
O*NET Database,31.0,technology,onet_software_skills,2.E.7.b|Programmable logic controller PLC code generation software,Programmable logic controller PLC code generation software,Development environment software,,pending
O*NET Database,31.0,technology,onet_software_skills,2.E.9.g|Programmable logic controller PLC software,Programmable logic controller PLC software,Industrial control software,,pending
O*NET Database,31.0,technology,onet_software_skills,2.E.7.b|Programming language one PL/I,Programming language one PL/I,Development environment software,,pending
O*NET Database,31.0,technology,onet_software_skills,2.E.7.b|Prolog,Prolog,Development environment software,,pending
O*NET Database,31.0,technology,onet_software_skills,2.E.6.f|Prometheus,Prometheus,Data base user interface and query software,,pending
O*NET Database,31.0,technology,onet_software_skills,2.E.1.p|ProModel,ProModel,Process mapping and design software,,pending
O*NET Database,31.0,technology,onet_software_skills,2.E.2.a|PROPHIX Enterprise,PROPHIX Enterprise,Accounting software,,pending
O*NET Database,31.0,technology,onet_software_skills,2.E.9.d|Provalis Research Simstat,Provalis Research Simstat,Analytical or scientific software,,pending
O*NET Database,31.0,technology,onet_software_skills,2.E.9.c|PTC Creo Parametric,PTC Creo Parametric,Computer aided design CAD software,,pending
O*NET Database,31.0,technology,onet_software_skills,2.E.7.a|Puppet,Puppet,Configuration management software,,pending
O*NET Database,31.0,technology,onet_software_skills,2.E.6.f|Purkinje Dossier,Purkinje Dossier,Data base user interface and query software,,pending
O*NET Database,31.0,technology,onet_software_skills,2.E.12.a|PuTTY,PuTTY,Access software,,pending
O*NET Database,31.0,technology,onet_software_skills,2.E.6.f|PySpark,PySpark,Data base user interface and query software,,pending
O*NET Database,31.0,technology,onet_software_skills,2.E.7.e|Python,Python,Object or component oriented development software,,pending
O*NET Database,31.0,technology,onet_software_skills,2.E.6.f|PyTorch,PyTorch,Data base user interface and query software,,pending
O*NET Database,31.0,technology,onet_software_skills,2.E.6.m|Qlik Tech QlikView,Qlik Tech QlikView,Business intelligence and data analysis software,,pending
O*NET Database,31.0,technology,onet_software_skills,2.E.2.a|QMSoftware Receivables Management,QMSoftware Receivables Management,Accounting software,,pending
O*NET Database,31.0,technology,onet_software_skills,2.E.13.c|QNX,QNX,Operating system software,,pending
O*NET Database,31.0,technology,onet_software_skills,2.E.4.b|Quad Software Grome,Quad Software Grome,Graphics or photo imaging software,,pending
O*NET Database,31.0,technology,onet_software_skills,2.E.9.g|Quality control software,Quality control software,Industrial control software,,pending
O*NET Database,31.0,technology,onet_software_skills,2.E.14.e|Qualys Cloud Platform,Qualys Cloud Platform,Cloud-based protection or security software,,pending
O*NET Database,31.0,technology,onet_software_skills,2.E.4.k|QuarkXPress,QuarkXPress,Desktop publishing software,,pending
O*NET Database,31.0,technology,onet_software_skills,2.E.11.a|Quest BigBrother,Quest BigBrother,Network monitoring software,,pending
O*NET Database,31.0,technology,onet_software_skills,2.E.6.d|Quest Central,Quest Central,Data base management system software,,pending
O*NET Database,31.0,technology,onet_software_skills,2.E.6.i|Quest Erwin Data Modeler,Quest Erwin Data Modeler,Metadata management software,,pending
O*NET Database,31.0,technology,onet_software_skills,2.E.6.d|Quest SharePlex,Quest SharePlex,Data base management system software,,pending
O*NET Database,31.0,technology,onet_software_skills,2.E.7.b|Quest SQL Optimizer for Oracle,Quest SQL Optimizer for Oracle,Development environment software,,pending
O*NET Database,31.0,technology,onet_software_skills,2.E.7.e|R,R,Object or component oriented development software,,pending
O*NET Database,31.0,technology,onet_software_skills,2.E.7.e|RabbitMQ,RabbitMQ,Object or component oriented development software,,pending
O*NET Database,31.0,technology,onet_software_skills,2.E.9.k|Rapid prototyping software,Rapid prototyping software,Computer aided manufacturing CAM software,,pending
O*NET Database,31.0,technology,onet_software_skills,2.E.6.g|Rapid-I RapidMiner,Rapid-I RapidMiner,Data mining software,,pending
O*NET Database,31.0,technology,onet_software_skills,2.E.14.d|Rapid7 Nexpose,Rapid7 Nexpose,Transaction security and virus protection software,,pending
O*NET Database,31.0,technology,onet_software_skills,2.E.7.e|Rapide,Rapide,Object or component oriented development software,,pending
O*NET Database,31.0,technology,onet_software_skills,2.E.7.h|React,React,Web platform development software,,pending
O*NET Database,31.0,technology,onet_software_skills,2.E.7.h|React Native,React Native,Web platform development software,,pending
O*NET Database,31.0,technology,onet_software_skills,2.E.7.h|React Redux,React Redux,Web platform development software,,pending
O*NET Database,31.0,technology,onet_software_skills,2.E.13.c|Real time operating system RTOS software,Real time operating system RTOS software,Operating system software,,pending
O*NET Database,31.0,technology,onet_software_skills,2.E.4.b|RealFlow,RealFlow,Graphics or photo imaging software,,pending
O*NET Database,31.0,technology,onet_software_skills,2.E.9.i|Recordkeeping software,Recordkeeping software,Medical software,,pending
O*NET Database,31.0,technology,onet_software_skills,2.E.2.d|Recovery audit software,Recovery audit software,Financial analysis software,,pending
O*NET Database,31.0,technology,onet_software_skills,2.E.7.f|Recovery testing software,Recovery testing software,Program testing software,,pending
O*NET Database,31.0,technology,onet_software_skills,2.E.1.c|Recruit Wizard,Recruit Wizard,Human resources software,,pending
O*NET Database,31.0,technology,onet_software_skills,2.E.1.c|Recruitment management software,Recruitment management software,Human resources software,,pending
O*NET Database,31.0,technology,onet_software_skills,2.E.1.c|Recruitpoint.net,Recruitpoint.net,Human resources software,,pending
O*NET Database,31.0,technology,onet_software_skills,2.E.1.c|RecruitTrack,RecruitTrack,Human resources software,,pending
O*NET Database,31.0,technology,onet_software_skills,2.E.6.e|ReCrystallize Crystal Reports,ReCrystallize Crystal Reports,Data base reporting software,,pending
O*NET Database,31.0,technology,onet_software_skills,2.E.7.a|Red Hat Ansible Engine,Red Hat Ansible Engine,Configuration management software,,pending
O*NET Database,31.0,technology,onet_software_skills,2.E.13.c|Red Hat Enterprise Linux,Red Hat Enterprise Linux,Operating system software,,pending
O*NET Database,31.0,technology,onet_software_skills,2.E.10.a|Red Hat OpenShift,Red Hat OpenShift,Application server software,,pending
O*NET Database,31.0,technology,onet_software_skills,2.E.10.a|Red Hat WildFly,Red Hat WildFly,Application server software,,pending
O*NET Database,31.0,technology,onet_software_skills,2.E.11.c|Redgate SQL Server,Redgate SQL Server,Administration software,,pending
O*NET Database,31.0,technology,onet_software_skills,2.E.6.d|Redis,Redis,Data base management system software,,pending
O*NET Database,31.0,technology,onet_software_skills,2.E.7.f|Regression testing software,Regression testing software,Program testing software,,pending
O*NET Database,31.0,technology,onet_software_skills,2.E.9.i|Rehab Documentation Company ReDoc Suite,Rehab Documentation Company ReDoc Suite,Medical software,,pending
O*NET Database,31.0,technology,onet_software_skills,2.E.6.d|Relational database management software,Relational database management software,Data base management system software,,pending
O*NET Database,31.0,technology,onet_software_skills,2.E.6.d|Relational database management system software,Relational database management system software,Data base management system software,,pending
O*NET Database,31.0,technology,onet_software_skills,2.E.9.d|Reliability analysis software,Reliability analysis software,Analytical or scientific software,,pending
O*NET Database,31.0,technology,onet_software_skills,2.E.9.d|ReliaSoft Alta 6 Pro,ReliaSoft Alta 6 Pro,Analytical or scientific software,,pending
O*NET Database,31.0,technology,onet_software_skills,2.E.9.d|ReliaSoft BlockSim,ReliaSoft BlockSim,Analytical or scientific software,,pending
O*NET Database,31.0,technology,onet_software_skills,2.E.9.d|ReliaSoft Weibull++ 6,ReliaSoft Weibull++ 6,Analytical or scientific software,,pending
O*NET Database,31.0,technology,onet_software_skills,2.E.14.a|Remote authentication dial-in user service RADIUS software,Remote authentication dial-in user service RADIUS software,Authentication server software,,pending
O*NET Database,31.0,technology,onet_software_skills,2.E.10.b|Remote control software,Remote control software,Desktop communications software,,pending
O*NET Database,31.0,technology,onet_software_skills,2.E.6.e|Reporting software,Reporting software,Data base reporting software,,pending
O*NET Database,31.0,technology,onet_software_skills,2.E.7.h|RequireJS,RequireJS,Web platform development software,,pending
O*NET Database,31.0,technology,onet_software_skills,2.E.7.g|Requirements management software,Requirements management software,Requirements analysis and system architecture software,,pending
O*NET Database,31.0,technology,onet_software_skills,2.E.1.c|Resource Edge TalentHook Sphere,Resource Edge TalentHook Sphere,Human resources software,,pending
O*NET Database,31.0,technology,onet_software_skills,2.E.7.h|RESTful API,RESTful API,Web platform development software,,pending
O*NET Database,31.0,technology,onet_software_skills,2.E.7.b|Restructured extended executor REXX,Restructured extended executor REXX,Development environment software,,pending
O*NET Database,31.0,technology,onet_software_skills,2.E.1.c|Resume converter software,Resume converter software,Human resources software,,pending
O*NET Database,31.0,technology,onet_software_skills,2.E.1.c|Resume extraction and search software,Resume extraction and search software,Human resources software,,pending
O*NET Database,31.0,technology,onet_software_skills,2.E.1.c|Resume processing software,Resume processing software,Human resources software,,pending
O*NET Database,31.0,technology,onet_software_skills,2.E.1.c|ResumeRobot,ResumeRobot,Human resources software,,pending
O*NET Database,31.0,technology,onet_software_skills,2.E.9.c|Reverse engineering software,Reverse engineering software,Computer aided design CAD software,,pending
O*NET Database,31.0,technology,onet_software_skills,2.E.9.c|Road design software,Road design software,Computer aided design CAD software,,pending
O*NET Database,31.0,technology,onet_software_skills,2.E.9.g|Robotic control software,Robotic control software,Industrial control software,,pending
O*NET Database,31.0,technology,onet_software_skills,2.E.9.d|Robotic simulation software,Robotic simulation software,Analytical or scientific software,,pending
O*NET Database,31.0,technology,onet_software_skills,2.E.9.d|Rockwell Automation Arena,Rockwell Automation Arena,Analytical or scientific software,,pending
O*NET Database,31.0,technology,onet_software_skills,2.E.7.b|Rockwell Automation software,Rockwell Automation software,Development environment software,,pending
O*NET Database,31.0,technology,onet_software_skills,2.E.7.f|Rockwell RSLogix,Rockwell RSLogix,Program testing software,,pending
O*NET Database,31.0,technology,onet_software_skills,2.E.9.d|Rogue Wave Software IMSL Numerical Libraries,Rogue Wave Software IMSL Numerical Libraries,Analytical or scientific software,,pending
O*NET Database,31.0,technology,onet_software_skills,2.E.14.d|Root kit detection software,Root kit detection software,Transaction security and virus protection software,,pending
O*NET Database,31.0,technology,onet_software_skills,2.E.2.a|Roundtable Software Advantage Accounting System,Roundtable Software Advantage Accounting System,Accounting software,,pending
O*NET Database,31.0,technology,onet_software_skills,2.E.2.d|RSM McGladrey Advanced Practice Solutions Paperless Audit,RSM McGladrey Advanced Practice Solutions Paperless Audit,Financial analysis software,,pending
O*NET Database,31.0,technology,onet_software_skills,2.E.2.d|RSM McGladrey Auditor Assistant,RSM McGladrey Auditor Assistant,Financial analysis software,,pending
O*NET Database,31.0,technology,onet_software_skills,2.E.7.b|Ruby,Ruby,Development environment software,,pending
O*NET Database,31.0,technology,onet_software_skills,2.E.7.h|Ruby on Rails,Ruby on Rails,Web platform development software,,pending
O*NET Database,31.0,technology,onet_software_skills,2.E.1.c|Safari Software Products Safari,Safari Software Products Safari,Human resources software,,pending
O*NET Database,31.0,technology,onet_software_skills,2.E.9.d|Safe Software FME,Safe Software FME,Analytical or scientific software,,pending
O*NET Database,31.0,technology,onet_software_skills,2.E.6.f|Sage 300 Construction and Real Estate,Sage 300 Construction and Real Estate,Data base user interface and query software,,pending
O*NET Database,31.0,technology,onet_software_skills,2.E.2.a|Sage 50 Accounting,Sage 50 Accounting,Accounting software,,pending
O*NET Database,31.0,technology,onet_software_skills,2.E.2.a|Sage BusinessWorks,Sage BusinessWorks,Accounting software,,pending
O*NET Database,31.0,technology,onet_software_skills,2.E.2.a|Sage CPAAccounts Payable,Sage CPAAccounts Payable,Accounting software,,pending
O*NET Database,31.0,technology,onet_software_skills,2.E.2.a|Sage CPAAccounts Receivable,Sage CPAAccounts Receivable,Accounting software,,pending
O*NET Database,31.0,technology,onet_software_skills,2.E.2.a|Sage CPAClient Checkbook,Sage CPAClient Checkbook,Accounting software,,pending
O*NET Database,31.0,technology,onet_software_skills,2.E.5.b|Sage CPADocument Manager,Sage CPADocument Manager,Document management software,,pending
O*NET Database,31.0,technology,onet_software_skills,2.E.9.e|Sage EDP Payroll Tax,Sage EDP Payroll Tax,Compliance software,,pending
O*NET Database,31.0,technology,onet_software_skills,2.E.2.b|Sage ERP Accpac,Sage ERP Accpac,Enterprise resource planning ERP software,,pending
O*NET Database,31.0,technology,onet_software_skills,2.E.9.e|Sage HandiSoft HandiLedger,Sage HandiSoft HandiLedger,Compliance software,,pending
O*NET Database,31.0,technology,onet_software_skills,2.E.1.c|Sage HRMS,Sage HRMS,Human resources software,,pending
O*NET Database,31.0,technology,onet_software_skills,2.E.2.b|Sage MAS 200 ERP,Sage MAS 200 ERP,Enterprise resource planning ERP software,,pending
O*NET Database,31.0,technology,onet_software_skills,2.E.2.d|Sage MAS 500,Sage MAS 500,Financial analysis software,,pending
O*NET Database,31.0,technology,onet_software_skills,2.E.2.b|Sage Platinum for Windows PFW,Sage Platinum for Windows PFW,Enterprise resource planning ERP software,,pending
O*NET Database,31.0,technology,onet_software_skills,2.E.2.a|Sageworks ProfitCents,Sageworks ProfitCents,Accounting software,,pending
O*NET Database,31.0,technology,onet_software_skills,2.E.6.c|Salesforce software,Salesforce software,Customer relationship management CRM software,,pending
O*NET Database,31.0,technology,onet_software_skills,2.E.7.d|Salesforce Visualforce,Salesforce Visualforce,Graphical user interface development software,,pending
O*NET Database,31.0,technology,onet_software_skills,2.E.2.d|Sampson Data Pattern Index software,Sampson Data Pattern Index software,Financial analysis software,,pending
O*NET Database,31.0,technology,onet_software_skills,2.E.6.d|SAND,SAND,Data base management system software,,pending
O*NET Database,31.0,technology,onet_software_skills,2.E.6.d|SAP Adaptive Server Enterprise,SAP Adaptive Server Enterprise,Data base management system software,,pending
O*NET Database,31.0,technology,onet_software_skills,2.E.6.e|SAP Business Intelligence,SAP Business Intelligence,Data base reporting software,,pending
O*NET Database,31.0,technology,onet_software_skills,2.E.2.b|SAP Business Objects,SAP Business Objects,Enterprise resource planning ERP software,,pending
O*NET Database,31.0,technology,onet_software_skills,2.E.7.c|SAP BusinessObjects Data Integrator,SAP BusinessObjects Data Integrator,Enterprise application integration software,,pending
O*NET Database,31.0,technology,onet_software_skills,2.E.6.f|SAP BusinessObjects Desktop Intelligence,SAP BusinessObjects Desktop Intelligence,Data base user interface and query software,,pending
O*NET Database,31.0,technology,onet_software_skills,2.E.2.a|SAP Concur,SAP Concur,Accounting software,,pending
O*NET Database,31.0,technology,onet_software_skills,2.E.6.e|SAP Crystal Reports,SAP Crystal Reports,Data base reporting software,,pending
O*NET Database,31.0,technology,onet_software_skills,2.E.2.b|SAP ERP,SAP ERP,Enterprise resource planning ERP software,,pending
O*NET Database,31.0,technology,onet_software_skills,2.E.1.c|SAP ERP Human Capital Management,SAP ERP Human Capital Management,Human resources software,,pending
O*NET Database,31.0,technology,onet_software_skills,2.E.6.d|SAP IQ,SAP IQ,Data base management system software,,pending
O*NET Database,31.0,technology,onet_software_skills,2.E.6.i|SAP Master Data Management MDM,SAP Master Data Management MDM,Metadata management software,,pending
O*NET Database,31.0,technology,onet_software_skills,2.E.7.c|SAP NetWeaver,SAP NetWeaver,Enterprise application integration software,,pending
O*NET Database,31.0,technology,onet_software_skills,2.E.6.g|SAP NetWeaver BW,SAP NetWeaver BW,Data mining software,,pending
O*NET Database,31.0,technology,onet_software_skills,2.E.7.c|SAP NetWeaver BW,SAP NetWeaver BW,Enterprise application integration software,,pending
O*NET Database,31.0,technology,onet_software_skills,2.E.7.e|SAP PowerBuilder,SAP PowerBuilder,Object or component oriented development software,,pending
O*NET Database,31.0,technology,onet_software_skills,2.E.6.i|SAP PowerDesigner,SAP PowerDesigner,Metadata management software,,pending
O*NET Database,31.0,technology,onet_software_skills,2.E.6.d|SAP Replication Server,SAP Replication Server,Data base management system software,,pending
O*NET Database,31.0,technology,onet_software_skills,2.E.2.b|SAP software,SAP software,Enterprise resource planning ERP software,,pending
O*NET Database,31.0,technology,onet_software_skills,2.E.9.d|SAS,SAS,Analytical or scientific software,,pending
O*NET Database,31.0,technology,onet_software_skills,2.E.6.i|SAS Data Integration Server,SAS Data Integration Server,Metadata management software,,pending
O*NET Database,31.0,technology,onet_software_skills,2.E.7.c|SAS Data Integration Studio,SAS Data Integration Studio,Enterprise application integration software,,pending
O*NET Database,31.0,technology,onet_software_skills,2.E.4.b|Satori Paint,Satori Paint,Graphics or photo imaging software,,pending
O*NET Database,31.0,technology,onet_software_skills,2.E.9.d|Sawtooth Choice-Base Conjoint CBS,Sawtooth Choice-Base Conjoint CBS,Analytical or scientific software,,pending
O*NET Database,31.0,technology,onet_software_skills,2.E.9.d|Sawtooth Composite Product Mapping CPM,Sawtooth Composite Product Mapping CPM,Analytical or scientific software,,pending
O*NET Database,31.0,technology,onet_software_skills,2.E.4.k|Sawtooth SSI Web,Sawtooth SSI Web,Desktop publishing software,,pending
O*NET Database,31.0,technology,onet_software_skills,2.E.7.e|Scala,Scala,Object or component oriented development software,,pending
O*NET Database,31.0,technology,onet_software_skills,2.E.15.d|ScanSoft Naturally Speaking,ScanSoft Naturally Speaking,Voice recognition software,,pending
O*NET Database,31.0,technology,onet_software_skills,2.E.4.j|Scantron imaging software,Scantron imaging software,Optical character reader OCR or scanning software,,pending
O*NET Database,31.0,technology,onet_software_skills,2.E.4.h|Scheduling software,Scheduling software,Calendar and scheduling software,,pending
O*NET Database,31.0,technology,onet_software_skills,2.E.9.c|Schematic design entry software,Schematic design entry software,Computer aided design CAD software,,pending
O*NET Database,31.0,technology,onet_software_skills,2.E.7.b|Scheme,Scheme,Development environment software,,pending
O*NET Database,31.0,technology,onet_software_skills,2.E.8.b|Science educational software,Science educational software,Computer based training software,,pending
O*NET Database,31.0,technology,onet_software_skills,2.E.7.b|Scikit-learn,Scikit-learn,Development environment software,,pending
O*NET Database,31.0,technology,onet_software_skills,2.E.7.e|SciPy,SciPy,Object or component oriented development software,,pending
O*NET Database,31.0,technology,onet_software_skills,2.E.7.h|Screaming Frog SEO Spider,Screaming Frog SEO Spider,Web platform development software,,pending
O*NET Database,31.0,technology,onet_software_skills,2.E.15.c|Screen magnification software,Screen magnification software,Device drivers or system software,,pending
O*NET Database,31.0,technology,onet_software_skills,2.E.15.c|Screen reader software,Screen reader software,Device drivers or system software,,pending
O*NET Database,31.0,technology,onet_software_skills,2.E.4.c|Screencast-O-Matic,Screencast-O-Matic,Video creation and editing software,,pending
O*NET Database,31.0,technology,onet_software_skills,2.E.4.c|Screencastify,Screencastify,Video creation and editing software,,pending
O*NET Database,31.0,technology,onet_software_skills,2.E.6.i|Scriptella,Scriptella,Metadata management software,,pending
O*NET Database,31.0,technology,onet_software_skills,2.E.6.m|Searchmetrics Suite,Searchmetrics Suite,Business intelligence and data analysis software,,pending
O*NET Database,31.0,technology,onet_software_skills,2.E.14.d|Secure internet filtering software,Secure internet filtering software,Transaction security and virus protection software,,pending
O*NET Database,31.0,technology,onet_software_skills,2.E.10.b|Secure shell SSH software,Secure shell SSH software,Desktop communications software,,pending
O*NET Database,31.0,technology,onet_software_skills,2.E.7.h|Security assertion markup language SAML,Security assertion markup language SAML,Web platform development software,,pending
O*NET Database,31.0,technology,onet_software_skills,2.E.14.b|Security incident management software,Security incident management software,Network security or virtual private network VPN management software,,pending
O*NET Database,31.0,technology,onet_software_skills,2.E.14.d|Security risk assessment software,Security risk assessment software,Transaction security and virus protection software,,pending
O*NET Database,31.0,technology,onet_software_skills,2.E.7.f|Security testing software,Security testing software,Program testing software,,pending
O*NET Database,31.0,technology,onet_software_skills,2.E.7.f|Selenium,Selenium,Program testing software,,pending
O*NET Database,31.0,technology,onet_software_skills,2.E.7.h|Semrush,Semrush,Web platform development software,,pending
O*NET Database,31.0,technology,onet_software_skills,2.E.1.c|Sendouts Recruiting,Sendouts Recruiting,Human resources software,,pending
O*NET Database,31.0,technology,onet_software_skills,2.E.6.d|SentryOne SQL Sentry,SentryOne SQL Sentry,Data base management system software,,pending
O*NET Database,31.0,technology,onet_software_skills,2.E.7.h|seoClarity,seoClarity,Web platform development software,,pending
O*NET Database,31.0,technology,onet_software_skills,2.E.4.b|Serif DrawPlus,Serif DrawPlus,Graphics or photo imaging software,,pending
O*NET Database,31.0,technology,onet_software_skills,2.E.6.f|ServiceNow,ServiceNow,Data base user interface and query software,,pending
O*NET Database,31.0,technology,onet_software_skills,2.E.13.c|Shell script,Shell script,Operating system software,,pending
O*NET Database,31.0,technology,onet_software_skills,2.E.7.e|Shiny,Shiny,Object or component oriented development software,,pending
O*NET Database,31.0,technology,onet_software_skills,2.E.4.b|Side Effects Software Houdini,Side Effects Software Houdini,Graphics or photo imaging software,,pending
O*NET Database,31.0,technology,onet_software_skills,2.E.4.b|SideFX Houdini,SideFX Houdini,Graphics or photo imaging software,,pending
O*NET Database,31.0,technology,onet_software_skills,2.E.9.d|Siemens ModelSim,Siemens ModelSim,Analytical or scientific software,,pending
O*NET Database,31.0,technology,onet_software_skills,2.E.2.a|Siemens Soarian Financials,Siemens Soarian Financials,Accounting software,,pending
O*NET Database,31.0,technology,onet_software_skills,2.E.4.h|Siemens Soarian Scheduling,Siemens Soarian Scheduling,Calendar and scheduling software,,pending
O*NET Database,31.0,technology,onet_software_skills,2.E.9.d|Siemens UGS Jack,Siemens UGS Jack,Analytical or scientific software,,pending
O*NET Database,31.0,technology,onet_software_skills,2.E.9.d|Sigmetrix CETOL 6 Sigma,Sigmetrix CETOL 6 Sigma,Analytical or scientific software,,pending
O*NET Database,31.0,technology,onet_software_skills,2.E.9.d|Signal integrity simulation software,Signal integrity simulation software,Analytical or scientific software,,pending
O*NET Database,31.0,technology,onet_software_skills,2.E.9.c|SignCAD Systems SignCAD,SignCAD Systems SignCAD,Computer aided design CAD software,,pending
O*NET Database,31.0,technology,onet_software_skills,2.E.1.c|Silk Road technology OpenHire,Silk Road technology OpenHire,Human resources software,,pending
O*NET Database,31.0,technology,onet_software_skills,2.E.7.e|Simple API for XML SAX,Simple API for XML SAX,Object or component oriented development software,,pending
O*NET Database,31.0,technology,onet_software_skills,2.E.9.d|Simulation program with integrated circuit emphasis SPICE,Simulation program with integrated circuit emphasis SPICE,Analytical or scientific software,,pending
O*NET Database,31.0,technology,onet_software_skills,2.E.14.a|Single sign-on SSO,Single sign-on SSO,Authentication server software,,pending
O*NET Database,31.0,technology,onet_software_skills,2.E.6.e|SiSense Prism,SiSense Prism,Data base reporting software,,pending
O*NET Database,31.0,technology,onet_software_skills,2.E.5.a|Sitecore CMS,Sitecore CMS,Content workflow software,,pending
O*NET Database,31.0,technology,onet_software_skills,2.E.4.b|sK1,sK1,Graphics or photo imaging software,,pending
O*NET Database,31.0,technology,onet_software_skills,2.E.4.b|Skencil,Skencil,Graphics or photo imaging software,,pending
O*NET Database,31.0,technology,onet_software_skills,2.E.9.d|SKM Systems Analysis Power Tools,SKM Systems Analysis Power Tools,Analytical or scientific software,,pending
O*NET Database,31.0,technology,onet_software_skills,2.E.10.b|Skype,Skype,Desktop communications software,,pending
O*NET Database,31.0,technology,onet_software_skills,2.E.16.i|Slack,Slack,Cloud-based data access and sharing software,,pending
O*NET Database,31.0,technology,onet_software_skills,2.E.16.c|Slido interaction software,Slido interaction software,Network conferencing software,,pending
O*NET Database,31.0,technology,onet_software_skills,2.E.7.e|Smalltalk,Smalltalk,Object or component oriented development software,,pending
O*NET Database,31.0,technology,onet_software_skills,2.E.9.j|Smart card management software,Smart card management software,Point of sale POS software,,pending
O*NET Database,31.0,technology,onet_software_skills,2.E.4.b|SmithMicro Anime Studio,SmithMicro Anime Studio,Graphics or photo imaging software,,pending
O*NET Database,31.0,technology,onet_software_skills,2.E.4.b|SmithMicro Manga Studio,SmithMicro Manga Studio,Graphics or photo imaging software,,pending
O*NET Database,31.0,technology,onet_software_skills,2.E.4.b|SmithMicro SoftwarePoser,SmithMicro SoftwarePoser,Graphics or photo imaging software,,pending
O*NET Database,31.0,technology,onet_software_skills,2.E.7.c|SMSi Twister Data Integrator,SMSi Twister Data Integrator,Enterprise application integration software,,pending
O*NET Database,31.0,technology,onet_software_skills,2.E.4.b|SmugMug Flickr,SmugMug Flickr,Graphics or photo imaging software,,pending
O*NET Database,31.0,technology,onet_software_skills,2.E.11.a|Sniffer Investigator,Sniffer Investigator,Network monitoring software,,pending
O*NET Database,31.0,technology,onet_software_skills,2.E.11.a|Snort,Snort,Network monitoring software,,pending
O*NET Database,31.0,technology,onet_software_skills,2.E.6.g|Snowflake,Snowflake,Data mining software,,pending
O*NET Database,31.0,technology,onet_software_skills,2.E.9.i|SOAPware EMR,SOAPware EMR,Medical software,,pending
O*NET Database,31.0,technology,onet_software_skills,2.E.4.g|Social media sites,Social media sites,Web page creation and editing software,,pending
O*NET Database,31.0,technology,onet_software_skills,2.E.8.b|Social studies educational software,Social studies educational software,Computer based training software,,pending
O*NET Database,31.0,technology,onet_software_skills,2.E.5.b|SoftMed ChartLocater,SoftMed ChartLocater,Document management software,,pending
O*NET Database,31.0,technology,onet_software_skills,2.E.6.e|SoftMed ChartRelease,SoftMed ChartRelease,Data base reporting software,,pending
O*NET Database,31.0,technology,onet_software_skills,2.E.5.b|SoftMed ChartReserve,SoftMed ChartReserve,Document management software,,pending
O*NET Database,31.0,technology,onet_software_skills,2.E.2.a|Softrax Revenue Management,Softrax Revenue Management,Accounting software,,pending
O*NET Database,31.0,technology,onet_software_skills,2.E.16.i|Software as a service SaaS,Software as a service SaaS,Cloud-based data access and sharing software,,pending
O*NET Database,31.0,technology,onet_software_skills,2.E.6.f|Software asset management SAM software,Software asset management SAM software,Data base user interface and query software,,pending
O*NET Database,31.0,technology,onet_software_skills,2.E.7.b|Software development tools,Software development tools,Development environment software,,pending
O*NET Database,31.0,technology,onet_software_skills,2.E.11.c|Software distribution management software,Software distribution management software,Administration software,,pending
O*NET Database,31.0,technology,onet_software_skills,2.E.7.a|Software distribution software,Software distribution software,Configuration management software,,pending
O*NET Database,31.0,technology,onet_software_skills,2.E.7.b|Software libraries,Software libraries,Development environment software,,pending
O*NET Database,31.0,technology,onet_software_skills,2.E.14.e|SolarWinds,SolarWinds,Cloud-based protection or security software,,pending
O*NET Database,31.0,technology,onet_software_skills,2.E.9.c|solidThinking,solidThinking,Computer aided design CAD software,,pending
O*NET Database,31.0,technology,onet_software_skills,2.E.9.c|SolidWorks COSMOSWorks,SolidWorks COSMOSWorks,Computer aided design CAD software,,pending
O*NET Database,31.0,technology,onet_software_skills,2.E.2.d|Solutions Technology & Software HR Premier,Solutions Technology & Software HR Premier,Financial analysis software,,pending
O*NET Database,31.0,technology,onet_software_skills,2.E.7.f|SonarQube,SonarQube,Program testing software,,pending
O*NET Database,31.0,technology,onet_software_skills,2.E.7.f|Source code editor software,Source code editor software,Program testing software,,pending
O*NET Database,31.0,technology,onet_software_skills,2.E.7.e|spaCy,spaCy,Object or component oriented development software,,pending
O*NET Database,31.0,technology,onet_software_skills,2.E.8.b|Special education educational software,Special education educational software,Computer based training software,,pending
O*NET Database,31.0,technology,onet_software_skills,2.E.9.c|SpectraQuest,SpectraQuest,Computer aided design CAD software,,pending
O*NET Database,31.0,technology,onet_software_skills,2.E.4.h|SpectraSoft AppointmentsCS,SpectraSoft AppointmentsCS,Calendar and scheduling software,,pending
O*NET Database,31.0,technology,onet_software_skills,2.E.15.d|Speech recognition software,Speech recognition software,Voice recognition software,,pending
O*NET Database,31.0,technology,onet_software_skills,2.E.11.e|Splunk Enterprise,Splunk Enterprise,Cloud-based management software,,pending
O*NET Database,31.0,technology,onet_software_skills,2.E.17.a|Splunk Enterprise,Splunk Enterprise,Enterprise system management software,,pending
O*NET Database,31.0,technology,onet_software_skills,2.E.4.b|SplutterFish Brazil,SplutterFish Brazil,Graphics or photo imaging software,,pending
O*NET Database,31.0,technology,onet_software_skills,2.E.10.a|Spring Boot,Spring Boot,Application server software,,pending
O*NET Database,31.0,technology,onet_software_skills,2.E.7.h|Spring Framework,Spring Framework,Web platform development software,,pending
O*NET Database,31.0,technology,onet_software_skills,2.E.10.b|Stac Software ReachOut,Stac Software ReachOut,Desktop communications software,,pending
O*NET Database,31.0,technology,onet_software_skills,2.E.14.d|Stack smashing protection SSP software,Stack smashing protection SSP software,Transaction security and virus protection software,,pending
O*NET Database,31.0,technology,onet_software_skills,2.E.1.c|Staffing Solutions Enterprises Staff Matrix,Staffing Solutions Enterprises Staff Matrix,Human resources software,,pending
O*NET Database,31.0,technology,onet_software_skills,2.E.1.c|StaffingSoft Staffing Edition,StaffingSoft Staffing Edition,Human resources software,,pending
O*NET Database,31.0,technology,onet_software_skills,2.E.2.d|Star Software Fixed Asset Depreciation,Star Software Fixed Asset Depreciation,Financial analysis software,,pending
O*NET Database,31.0,technology,onet_software_skills,2.E.2.d|Star Software Materiality Calculator,Star Software Materiality Calculator,Financial analysis software,,pending
O*NET Database,31.0,technology,onet_software_skills,2.E.9.i|STAT! Systems QD Clinical,STAT! Systems QD Clinical,Medical software,,pending
O*NET Database,31.0,technology,onet_software_skills,2.E.9.d|StataCorp Stata,StataCorp Stata,Analytical or scientific software,,pending
O*NET Database,31.0,technology,onet_software_skills,2.E.9.i|StatCom Patient Flow Logistics Enterprise Suite,StatCom Patient Flow Logistics Enterprise Suite,Medical software,,pending
O*NET Database,31.0,technology,onet_software_skills,2.E.9.d|Statgraphics,Statgraphics,Analytical or scientific software,,pending
O*NET Database,31.0,technology,onet_software_skills,2.E.7.f|Static analysis software,Static analysis software,Program testing software,,pending
O*NET Database,31.0,technology,onet_software_skills,2.E.9.d|Statistical energy analysis SEA software,Statistical energy analysis SEA software,Analytical or scientific software,,pending
O*NET Database,31.0,technology,onet_software_skills,2.E.9.d|Statistical software,Statistical software,Analytical or scientific software,,pending
O*NET Database,31.0,technology,onet_software_skills,2.E.9.d|StatPac,StatPac,Analytical or scientific software,,pending
O*NET Database,31.0,technology,onet_software_skills,2.E.12.f|Storage area network SAN software,Storage area network SAN software,Storage networking software,,pending
O*NET Database,31.0,technology,onet_software_skills,2.E.15.f|Storage management software,Storage management software,Backup or archival software,,pending
O*NET Database,31.0,technology,onet_software_skills,2.E.9.c|Stormwater hydrology software,Stormwater hydrology software,Computer aided design CAD software,,pending
O*NET Database,31.0,technology,onet_software_skills,2.E.9.d|Stratasys FDM MedModeler,Stratasys FDM MedModeler,Analytical or scientific software,,pending
O*NET Database,31.0,technology,onet_software_skills,2.E.7.f|Stress testing software,Stress testing software,Program testing software,,pending
O*NET Database,31.0,technology,onet_software_skills,2.E.7.b|String oriented symbolic language SNOBOL,String oriented symbolic language SNOBOL,Development environment software,,pending
O*NET Database,31.0,technology,onet_software_skills,2.E.9.d|Structure prediction software,Structure prediction software,Analytical or scientific software,,pending
O*NET Database,31.0,technology,onet_software_skills,2.E.6.f|Structured query language SQL,Structured query language SQL,Data base user interface and query software,,pending
O*NET Database,31.0,technology,onet_software_skills,2.E.6.d|Structured Query Report SQR,Structured Query Report SQR,Data base management system software,,pending
O*NET Database,31.0,technology,onet_software_skills,2.E.2.a|Summit Software Summit Biofuels Accounting,Summit Software Summit Biofuels Accounting,Accounting software,,pending
O*NET Database,31.0,technology,onet_software_skills,2.E.7.e|Sun Microsystems Java,Sun Microsystems Java,Object or component oriented development software,,pending
O*NET Database,31.0,technology,onet_software_skills,2.E.7.e|Sun Microsystems Java Persistence API,Sun Microsystems Java Persistence API,Object or component oriented development software,,pending
O*NET Database,31.0,technology,onet_software_skills,2.E.6.l|Sun Microsystems Sun ONE,Sun Microsystems Sun ONE,Transaction server software,,pending
O*NET Database,31.0,technology,onet_software_skills,2.E.4.b|Sunflow Render System,Sunflow Render System,Graphics or photo imaging software,,pending
O*NET Database,31.0,technology,onet_software_skills,2.E.9.g|Supervisory control and data acquisition SCADA software,Supervisory control and data acquisition SCADA software,Industrial control software,,pending
O*NET Database,31.0,technology,onet_software_skills,2.E.1.d|Supply chain capacity planning software,Supply chain capacity planning software,Materials requirements planning logistics and supply chain software,,pending
O*NET Database,31.0,technology,onet_software_skills,2.E.9.d|Survey software,Survey software,Analytical or scientific software,,pending
O*NET Database,31.0,technology,onet_software_skills,2.E.7.e|Swift,Swift,Object or component oriented development software,,pending
O*NET Database,31.0,technology,onet_software_skills,2.E.11.a|Symantec Blue Coat Data Loss Prevention,Symantec Blue Coat Data Loss Prevention,Network monitoring software,,pending
O*NET Database,31.0,technology,onet_software_skills,2.E.14.d|Symantec Endpoint Protection,Symantec Endpoint Protection,Transaction security and virus protection software,,pending
O*NET Database,31.0,technology,onet_software_skills,2.E.10.b|Symantec pcAnywhere,Symantec pcAnywhere,Desktop communications software,,pending
O*NET Database,31.0,technology,onet_software_skills,2.E.7.b|Symantec Visual Cafe,Symantec Visual Cafe,Development environment software,,pending
O*NET Database,31.0,technology,onet_software_skills,2.E.12.a|Symark PowerBroker,Symark PowerBroker,Access software,,pending
O*NET Database,31.0,technology,onet_software_skills,2.E.9.i|SynaMed EMR,SynaMed EMR,Medical software,,pending
O*NET Database,31.0,technology,onet_software_skills,2.E.10.e|Synapse Adaptive Connect Outloud,Synapse Adaptive Connect Outloud,Internet browser software,,pending
O*NET Database,31.0,technology,onet_software_skills,2.E.2.d|Sync Essentials Trade Accountant,Sync Essentials Trade Accountant,Financial analysis software,,pending
O*NET Database,31.0,technology,onet_software_skills,2.E.9.d|Synopsys Design Compiler,Synopsys Design Compiler,Analytical or scientific software,,pending
O*NET Database,31.0,technology,onet_software_skills,2.E.9.d|Synopsys PrimeTime,Synopsys PrimeTime,Analytical or scientific software,,pending
O*NET Database,31.0,technology,onet_software_skills,2.E.15.f|System and data disaster recovery software,System and data disaster recovery software,Backup or archival software,,pending
O*NET Database,31.0,technology,onet_software_skills,2.E.7.f|System testing software,System testing software,Program testing software,,pending
O*NET Database,31.0,technology,onet_software_skills,2.E.9.d|Systems analysis programs for hands on integrated reliability evaluation software SAPHIRE,Systems analysis programs for hands on integrated reliability evaluation software SAPHIRE,Analytical or scientific software,,pending
O*NET Database,31.0,technology,onet_software_skills,2.E.7.a|Systems and application deployment and migration software,Systems and application deployment and migration software,Configuration management software,,pending
O*NET Database,31.0,technology,onet_software_skills,2.E.15.f|Systems and data disaster recovery software,Systems and data disaster recovery software,Backup or archival software,,pending
O*NET Database,31.0,technology,onet_software_skills,2.E.6.m|Tableau,Tableau,Business intelligence and data analysis software,,pending
O*NET Database,31.0,technology,onet_software_skills,2.E.4.a|Tactile graphic production kits software,Tactile graphic production kits software,Pattern design software,,pending
O*NET Database,31.0,technology,onet_software_skills,2.E.6.d|Talend Big Data Integration,Talend Big Data Integration,Data base management system software,,pending
O*NET Database,31.0,technology,onet_software_skills,2.E.6.i|Talend Data Fabric,Talend Data Fabric,Metadata management software,,pending
O*NET Database,31.0,technology,onet_software_skills,2.E.7.c|Talend Open Studio,Talend Open Studio,Enterprise application integration software,,pending
O*NET Database,31.0,technology,onet_software_skills,2.E.6.d|TalendForge,TalendForge,Data base management system software,,pending
O*NET Database,31.0,technology,onet_software_skills,2.E.1.c|Talent Technology HireDesk,Talent Technology HireDesk,Human resources software,,pending
O*NET Database,31.0,technology,onet_software_skills,2.E.1.c|Talent Technology Resume Mirror,Talent Technology Resume Mirror,Human resources software,,pending
O*NET Database,31.0,technology,onet_software_skills,2.E.1.c|Talent Technology Talemetry,Talent Technology Talemetry,Human resources software,,pending
O*NET Database,31.0,technology,onet_software_skills,2.E.1.c|TalentHook,TalentHook,Human resources software,,pending
O*NET Database,31.0,technology,onet_software_skills,2.E.17.a|Tanium software,Tanium software,Enterprise system management software,,pending
O*NET Database,31.0,technology,onet_software_skills,2.E.9.d|Task analysis software,Task analysis software,Analytical or scientific software,,pending
O*NET Database,31.0,technology,onet_software_skills,2.E.9.e|Tax compliance property tax management software,Tax compliance property tax management software,Compliance software,,pending
O*NET Database,31.0,technology,onet_software_skills,2.E.2.a|Tax software,Tax software,Accounting software,,pending
O*NET Database,31.0,technology,onet_software_skills,2.E.11.a|Tcpdump,Tcpdump,Network monitoring software,,pending
O*NET Database,31.0,technology,onet_software_skills,2.E.6.c|TechExcel ServiceWise,TechExcel ServiceWise,Customer relationship management CRM software,,pending
O*NET Database,31.0,technology,onet_software_skills,2.E.1.c|Technomedia Hodes iQ,Technomedia Hodes iQ,Human resources software,,pending
O*NET Database,31.0,technology,onet_software_skills,2.E.4.c|TechSmith Camtasia,TechSmith Camtasia,Video creation and editing software,,pending
O*NET Database,31.0,technology,onet_software_skills,2.E.9.d|Tektronix EZ-TEST,Tektronix EZ-TEST,Analytical or scientific software,,pending
O*NET Database,31.0,technology,onet_software_skills,2.E.1.c|TempWorks recruiting and staffing software,TempWorks recruiting and staffing software,Human resources software,,pending
O*NET Database,31.0,technology,onet_software_skills,2.E.14.d|Tenable Nessus,Tenable Nessus,Transaction security and virus protection software,,pending
O*NET Database,31.0,technology,onet_software_skills,2.E.9.d|TensorFlow,TensorFlow,Analytical or scientific software,,pending
O*NET Database,31.0,technology,onet_software_skills,2.E.6.f|Teradata Active Enterprise Data Warehouse,Teradata Active Enterprise Data Warehouse,Data base user interface and query software,,pending
O*NET Database,31.0,technology,onet_software_skills,2.E.6.f|Teradata BTEQ,Teradata BTEQ,Data base user interface and query software,,pending
O*NET Database,31.0,technology,onet_software_skills,2.E.6.d|Teradata Database,Teradata Database,Data base management system software,,pending
O*NET Database,31.0,technology,onet_software_skills,2.E.5.b|Teradata FastExport,Teradata FastExport,Document management software,,pending
O*NET Database,31.0,technology,onet_software_skills,2.E.6.g|Teradata FastLoad,Teradata FastLoad,Data mining software,,pending
O*NET Database,31.0,technology,onet_software_skills,2.E.6.g|Teradata Parallel Transporter,Teradata Parallel Transporter,Data mining software,,pending
O*NET Database,31.0,technology,onet_software_skills,2.E.6.g|Teradata Tpump,Teradata Tpump,Data mining software,,pending
O*NET Database,31.0,technology,onet_software_skills,2.E.9.d|Test automation software,Test automation software,Analytical or scientific software,,pending
O*NET Database,31.0,technology,onet_software_skills,2.E.9.d|Test data generator software,Test data generator software,Analytical or scientific software,,pending
O*NET Database,31.0,technology,onet_software_skills,2.E.7.f|Test design software,Test design software,Program testing software,,pending
O*NET Database,31.0,technology,onet_software_skills,2.E.7.f|Test implementation software,Test implementation software,Program testing software,,pending
O*NET Database,31.0,technology,onet_software_skills,2.E.9.i|Texas Medical Software SpringCharts EMR,Texas Medical Software SpringCharts EMR,Medical software,,pending
O*NET Database,31.0,technology,onet_software_skills,2.E.8.b|Text reader software,Text reader software,Computer based training software,,pending
O*NET Database,31.0,technology,onet_software_skills,2.E.4.j|Text scanning software,Text scanning software,Optical character reader OCR or scanning software,,pending
O*NET Database,31.0,technology,onet_software_skills,2.E.8.b|Text to speech software,Text to speech software,Computer based training software,,pending
O*NET Database,31.0,technology,onet_software_skills,2.E.1.e|The Gordian Group PROGEN Online,The Gordian Group PROGEN Online,Project management software,,pending
O*NET Database,31.0,technology,onet_software_skills,2.E.9.d|The MathWorks MATLAB,The MathWorks MATLAB,Analytical or scientific software,,pending
O*NET Database,31.0,technology,onet_software_skills,2.E.2.d|Thomson Creative Solutions Engagement CS,Thomson Creative Solutions Engagement CS,Financial analysis software,,pending
O*NET Database,31.0,technology,onet_software_skills,2.E.2.d|Thomson Creative Solutions Financial Analysis CS,Thomson Creative Solutions Financial Analysis CS,Financial analysis software,,pending
O*NET Database,31.0,technology,onet_software_skills,2.E.4.b|Thomson Dialog,Thomson Dialog,Graphics or photo imaging software,,pending
O*NET Database,31.0,technology,onet_software_skills,2.E.6.h|Thomson Financial Investext,Thomson Financial Investext,Information retrieval or search software,,pending
O*NET Database,31.0,technology,onet_software_skills,2.E.2.c|Thomson GoSystem Tax,Thomson GoSystem Tax,Tax preparation software,,pending
O*NET Database,31.0,technology,onet_software_skills,2.E.2.d|Thomson PPC e-Tools Suite,Thomson PPC e-Tools Suite,Financial analysis software,,pending
O*NET Database,31.0,technology,onet_software_skills,2.E.9.o|Thomson Reuters Risk Management,Thomson Reuters Risk Management,Risk management data and analysis software,,pending
O*NET Database,31.0,technology,onet_software_skills,2.E.4.b|Three-dimensional graphics software,Three-dimensional graphics software,Graphics or photo imaging software,,pending
O*NET Database,31.0,technology,onet_software_skills,2.E.9.d|Three-dimensional simulation translation software,Three-dimensional simulation translation software,Analytical or scientific software,,pending
O*NET Database,31.0,technology,onet_software_skills,2.E.6.m|TIBCO Spotfire,TIBCO Spotfire,Business intelligence and data analysis software,,pending
O*NET Database,31.0,technology,onet_software_skills,2.E.4.c|TikTok,TikTok,Video creation and editing software,,pending
O*NET Database,31.0,technology,onet_software_skills,2.E.9.d|Time and motion analysis software,Time and motion analysis software,Analytical or scientific software,,pending
O*NET Database,31.0,technology,onet_software_skills,2.E.7.i|Time sharing option TSO software,Time sharing option TSO software,Compiler and decompiler software,,pending
O*NET Database,31.0,technology,onet_software_skills,2.E.2.d|TimeValue software,TimeValue software,Financial analysis software,,pending
O*NET Database,31.0,technology,onet_software_skills,2.E.9.d|TNS MarketWhys,TNS MarketWhys,Analytical or scientific software,,pending
O*NET Database,31.0,technology,onet_software_skills,2.E.9.d|TNS Miriad,TNS Miriad,Analytical or scientific software,,pending
O*NET Database,31.0,technology,onet_software_skills,2.E.7.b|ToadSoft Toad,ToadSoft Toad,Development environment software,,pending
O*NET Database,31.0,technology,onet_software_skills,2.E.2.d|TopCAATs,TopCAATs,Financial analysis software,,pending
O*NET Database,31.0,technology,onet_software_skills,2.E.6.f|Transact-SQL,Transact-SQL,Data base user interface and query software,,pending
O*NET Database,31.0,technology,onet_software_skills,2.E.6.f|TranspoLink BidLeads,TranspoLink BidLeads,Data base user interface and query software,,pending
O*NET Database,31.0,technology,onet_software_skills,2.E.4.b|Trapcode Particular,Trapcode Particular,Graphics or photo imaging software,,pending
O*NET Database,31.0,technology,onet_software_skills,2.E.7.f|Travis,Travis,Program testing software,,pending
O*NET Database,31.0,technology,onet_software_skills,2.E.14.c|Trend Micro TippingPoint,Trend Micro TippingPoint,Network security and virtual private network VPN equipment software,,pending
O*NET Database,31.0,technology,onet_software_skills,2.E.9.e|TrendTracker Compliance Solution,TrendTracker Compliance Solution,Compliance software,,pending
O*NET Database,31.0,technology,onet_software_skills,2.E.9.d|Trimble Geomatics Office,Trimble Geomatics Office,Analytical or scientific software,,pending
O*NET Database,31.0,technology,onet_software_skills,2.E.4.b|Trimble SketchUp Pro,Trimble SketchUp Pro,Graphics or photo imaging software,,pending
O*NET Database,31.0,technology,onet_software_skills,2.E.9.c|Trimble Terramodel,Trimble Terramodel,Computer aided design CAD software,,pending
O*NET Database,31.0,technology,onet_software_skills,2.E.2.d|Tropics workers' compensation software,Tropics workers' compensation software,Financial analysis software,,pending
O*NET Database,31.0,technology,onet_software_skills,2.E.6.l|Tumbleweed SecureTransport,Tumbleweed SecureTransport,Transaction server software,,pending
O*NET Database,31.0,technology,onet_software_skills,2.E.16.d|Twitter,Twitter,Instant messaging software,,pending
O*NET Database,31.0,technology,onet_software_skills,2.E.4.b|Two-dimensional graphics software,Two-dimensional graphics software,Graphics or photo imaging software,,pending
O*NET Database,31.0,technology,onet_software_skills,2.E.7.e|TypeScript,TypeScript,Object or component oriented development software,,pending
O*NET Database,31.0,technology,onet_software_skills,2.E.2.a|UA Business Software Professional Edition,UA Business Software Professional Edition,Accounting software,,pending
O*NET Database,31.0,technology,onet_software_skills,2.E.13.c|Ubuntu,Ubuntu,Operating system software,,pending
O*NET Database,31.0,technology,onet_software_skills,2.E.9.c|UGS I-DEAS,UGS I-DEAS,Computer aided design CAD software,,pending
O*NET Database,31.0,technology,onet_software_skills,2.E.9.c|UGS Solid Edge,UGS Solid Edge,Computer aided design CAD software,,pending
O*NET Database,31.0,technology,onet_software_skills,2.E.7.g|Unified modeling language UML,Unified modeling language UML,Requirements analysis and system architecture software,,pending
O*NET Database,31.0,technology,onet_software_skills,2.E.9.d|UNISTAT Statistical Package,UNISTAT Statistical Package,Analytical or scientific software,,pending
O*NET Database,31.0,technology,onet_software_skills,2.E.7.f|Unit testing software,Unit testing software,Program testing software,,pending
O*NET Database,31.0,technology,onet_software_skills,2.E.7.b|Unity Technologies Unity,Unity Technologies Unity,Development environment software,,pending
O*NET Database,31.0,technology,onet_software_skills,2.E.2.c|Universal Tax Systems TaxWise,Universal Tax Systems TaxWise,Tax preparation software,,pending
O*NET Database,31.0,technology,onet_software_skills,2.E.13.c|UNIX,UNIX,Operating system software,,pending
O*NET Database,31.0,technology,onet_software_skills,2.E.13.c|UNIX Shell,UNIX Shell,Operating system software,,pending
O*NET Database,31.0,technology,onet_software_skills,2.E.7.b|Unreal Technology Unreal Engine,Unreal Technology Unreal Engine,Development environment software,,pending
O*NET Database,31.0,technology,onet_software_skills,2.E.7.f|Usability testing software,Usability testing software,Program testing software,,pending
O*NET Database,31.0,technology,onet_software_skills,2.E.7.f|User interface design software,User interface design software,Program testing software,,pending
O*NET Database,31.0,technology,onet_software_skills,2.E.7.f|UserZoom,UserZoom,Program testing software,,pending
O*NET Database,31.0,technology,onet_software_skills,2.E.6.c|Vantage MCIF,Vantage MCIF,Customer relationship management CRM software,,pending
O*NET Database,31.0,technology,onet_software_skills,2.E.9.i|VantageMed ChartKeeper,VantageMed ChartKeeper,Medical software,,pending
O*NET Database,31.0,technology,onet_software_skills,2.E.1.c|VCG Pointwing,VCG Pointwing,Human resources software,,pending
O*NET Database,31.0,technology,onet_software_skills,2.E.4.b|VectorDesigner,VectorDesigner,Graphics or photo imaging software,,pending
O*NET Database,31.0,technology,onet_software_skills,2.E.6.c|Vendor management system software,Vendor management system software,Customer relationship management CRM software,,pending
O*NET Database,31.0,technology,onet_software_skills,2.E.7.b|Verilog,Verilog,Development environment software,,pending
O*NET Database,31.0,technology,onet_software_skills,2.E.6.h|Verispan Patient Parameters,Verispan Patient Parameters,Information retrieval or search software,,pending
O*NET Database,31.0,technology,onet_software_skills,2.E.15.f|Veritas NetBackup,Veritas NetBackup,Backup or archival software,,pending
O*NET Database,31.0,technology,onet_software_skills,2.E.5.c|Version control software,Version control software,File versioning software,,pending
O*NET Database,31.0,technology,onet_software_skills,2.E.7.b|Very high-speed integrated circuit VHSIC hardware description language VHDL,Very high-speed integrated circuit VHSIC hardware description language VHDL,Development environment software,,pending
O*NET Database,31.0,technology,onet_software_skills,2.E.9.d|Video analysis software,Video analysis software,Analytical or scientific software,,pending
O*NET Database,31.0,technology,onet_software_skills,2.E.14.b|Virtual private networking VPN software,Virtual private networking VPN software,Network security or virtual private network VPN management software,,pending
O*NET Database,31.0,technology,onet_software_skills,2.E.14.c|Virtual private networking VPN software,Virtual private networking VPN software,Network security and virtual private network VPN equipment software,,pending
O*NET Database,31.0,technology,onet_software_skills,2.E.14.d|Virus scanning software,Virus scanning software,Transaction security and virus protection software,,pending
O*NET Database,31.0,technology,onet_software_skills,2.E.7.a|Visible Razor,Visible Razor,Configuration management software,,pending
O*NET Database,31.0,technology,onet_software_skills,2.E.9.i|Visionary Medical Systems Visionary OFFICE PM,Visionary Medical Systems Visionary OFFICE PM,Medical software,,pending
O*NET Database,31.0,technology,onet_software_skills,2.E.1.p|Visual Paradigm DB Visual ARCHITECT,Visual Paradigm DB Visual ARCHITECT,Process mapping and design software,,pending
O*NET Database,31.0,technology,onet_software_skills,2.E.6.b|VMware,VMware,Clustering software,,pending
O*NET Database,31.0,technology,onet_software_skills,2.E.10.a|VMWare ESX Server,VMWare ESX Server,Application server software,,pending
O*NET Database,31.0,technology,onet_software_skills,2.E.15.d|Voice dictation software,Voice dictation software,Voice recognition software,,pending
O*NET Database,31.0,technology,onet_software_skills,2.E.11.d|Voice over internet protocol VoIP system software,Voice over internet protocol VoIP system software,Internet protocol IP multimedia subsystem software,,pending
O*NET Database,31.0,technology,onet_software_skills,2.E.7.h|Vue.js,Vue.js,Web platform development software,,pending
O*NET Database,31.0,technology,onet_software_skills,2.E.6.h|Walmart Retail Link,Walmart Retail Link,Information retrieval or search software,,pending
O*NET Database,31.0,technology,onet_software_skills,2.E.1.d|Warehouse management system WMS,Warehouse management system WMS,Materials requirements planning logistics and supply chain software,,pending
O*NET Database,31.0,technology,onet_software_skills,2.E.1.f|Warehouse management system WMS,Warehouse management system WMS,Inventory management software,,pending
O*NET Database,31.0,technology,onet_software_skills,2.E.7.b|Web application software,Web application software,Development environment software,,pending
O*NET Database,31.0,technology,onet_software_skills,2.E.10.e|Web browser software,Web browser software,Internet browser software,,pending
O*NET Database,31.0,technology,onet_software_skills,2.E.6.l|Web server software,Web server software,Transaction server software,,pending
O*NET Database,31.0,technology,onet_software_skills,2.E.7.b|Web service definition language WDSL,Web service definition language WDSL,Development environment software,,pending
O*NET Database,31.0,technology,onet_software_skills,2.E.7.c|WebFOCUS,WebFOCUS,Enterprise application integration software,,pending
O*NET Database,31.0,technology,onet_software_skills,2.E.14.b|Websense Data Loss Prevention,Websense Data Loss Prevention,Network security or virtual private network VPN management software,,pending
O*NET Database,31.0,technology,onet_software_skills,2.E.9.i|Welford Chart Notes,Welford Chart Notes,Medical software,,pending
O*NET Database,31.0,technology,onet_software_skills,2.E.4.c|WeVideo,WeVideo,Video creation and editing software,,pending
O*NET Database,31.0,technology,onet_software_skills,2.E.16.d|WhatsApp,WhatsApp,Instant messaging software,,pending
O*NET Database,31.0,technology,onet_software_skills,2.E.12.h|Wide area network WAN software,Wide area network WAN software,WAN switching software and firmware,,pending
O*NET Database,31.0,technology,onet_software_skills,2.E.13.c|Win CE,Win CE,Operating system software,,pending
O*NET Database,31.0,technology,onet_software_skills,2.E.9.d|WinCross,WinCross,Analytical or scientific software,,pending
O*NET Database,31.0,technology,onet_software_skills,2.E.13.c|Wind River VxWorks,Wind River VxWorks,Operating system software,,pending
O*NET Database,31.0,technology,onet_software_skills,2.E.9.d|Windward Technologies GRG2,Windward Technologies GRG2,Analytical or scientific software,,pending
O*NET Database,31.0,technology,onet_software_skills,2.E.5.c|WinMerge,WinMerge,File versioning software,,pending
O*NET Database,31.0,technology,onet_software_skills,2.E.9.d|WinTR-55,WinTR-55,Analytical or scientific software,,pending
O*NET Database,31.0,technology,onet_software_skills,2.E.11.a|Wireshark,Wireshark,Network monitoring software,,pending
O*NET Database,31.0,technology,onet_software_skills,2.E.6.i|WisdomForce DatabaseSync System,WisdomForce DatabaseSync System,Metadata management software,,pending
O*NET Database,31.0,technology,onet_software_skills,2.E.7.a|Wise Solutions Wise for Windows Installer,Wise Solutions Wise for Windows Installer,Configuration management software,,pending
O*NET Database,31.0,technology,onet_software_skills,2.E.9.d|WizSoft WizRule,WizSoft WizRule,Analytical or scientific software,,pending
O*NET Database,31.0,technology,onet_software_skills,2.E.6.g|WizSoft WizWhy,WizSoft WizWhy,Data mining software,,pending
O*NET Database,31.0,technology,onet_software_skills,2.E.9.d|Wolfram Research Mathematica,Wolfram Research Mathematica,Analytical or scientific software,,pending
O*NET Database,31.0,technology,onet_software_skills,2.E.4.g|WordPress,WordPress,Web page creation and editing software,,pending
O*NET Database,31.0,technology,onet_software_skills,2.E.9.d|Workcell simulation software,Workcell simulation software,Analytical or scientific software,,pending
O*NET Database,31.0,technology,onet_software_skills,2.E.2.b|Workday software,Workday software,Enterprise resource planning ERP software,,pending
O*NET Database,31.0,technology,onet_software_skills,2.E.2.e|WorkForce Software EmpCenter Time and Attendance,WorkForce Software EmpCenter Time and Attendance,Time accounting software,,pending
O*NET Database,31.0,technology,onet_software_skills,2.E.6.f|WorldAPP KeySurvey Suite,WorldAPP KeySurvey Suite,Data base user interface and query software,,pending
O*NET Database,31.0,technology,onet_software_skills,2.E.12.h|X.25 Protocol,X.25 Protocol,WAN switching software and firmware,,pending
O*NET Database,31.0,technology,onet_software_skills,2.E.4.b|Xara Designer Pro,Xara Designer Pro,Graphics or photo imaging software,,pending
O*NET Database,31.0,technology,onet_software_skills,2.E.7.b|Xcode,Xcode,Development environment software,,pending
O*NET Database,31.0,technology,onet_software_skills,2.E.7.b|XGBoost,XGBoost,Development environment software,,pending
O*NET Database,31.0,technology,onet_software_skills,2.E.7.b|XML Path Language XPATH,XML Path Language XPATH,Development environment software,,pending
O*NET Database,31.0,technology,onet_software_skills,2.E.7.b|XML User Interface XUI,XML User Interface XUI,Development environment software,,pending
O*NET Database,31.0,technology,onet_software_skills,2.E.6.f|xQuery,xQuery,Data base user interface and query software,,pending
O*NET Database,31.0,technology,onet_software_skills,2.E.16.a|Yahoo! Email,Yahoo! Email,Electronic mail software,,pending
O*NET Database,31.0,technology,onet_software_skills,2.E.6.f|Yardi software,Yardi software,Data base user interface and query software,,pending
O*NET Database,31.0,technology,onet_software_skills,2.E.6.f|Yardi Systems Yardi Enterprise,Yardi Systems Yardi Enterprise,Data base user interface and query software,,pending
O*NET Database,31.0,technology,onet_software_skills,2.E.1.e|Yield management systems,Yield management systems,Project management software,,pending
O*NET Database,31.0,technology,onet_software_skills,2.E.4.c|YouTube,YouTube,Video creation and editing software,,pending
O*NET Database,31.0,technology,onet_software_skills,2.E.11.a|Zabbix,Zabbix,Network monitoring software,,pending
O*NET Database,31.0,technology,onet_software_skills,2.E.9.c|Zemax,Zemax,Computer aided design CAD software,,pending
O*NET Database,31.0,technology,onet_software_skills,2.E.7.h|Zend Framework,Zend Framework,Web platform development software,,pending
O*NET Database,31.0,technology,onet_software_skills,2.E.16.b|Zoom,Zoom,Video conferencing software,,pending
O*NET Database,31.0,technology,onet_software_skills,2.E.9.c|Zuken E3.schematic,Zuken E3.schematic,Computer aided design CAD software,,pending
