career_name,onet_soc_code,onet_title,source_domain,concept_type,external_skill_id,external_skill_name,raw_importance,normalized_importance,importance_scale_minimum,importance_scale_maximum,importance_n,importance_standard_error,importance_lower_ci,importance_upper_ci,importance_recommend_suppress,importance_not_relevant,importance_date,importance_domain_source,raw_level,normalized_level,level_scale_minimum,level_scale_maximum,level_n,level_standard_error,level_lower_ci,level_upper_ci,level_recommend_suppress,level_not_relevant,level_date,level_domain_source,recommend_suppress,not_relevant,score_eligible
Human Resources Adviser,13-1071.00,Human Resources Specialists,onet_essential_skills,skill,2.A.1.a,Reading Comprehension,4.00,75.00,1,5,8,0.0000,4.0000,4.0000,N,,08/2019,Analyst,4.00,57.14,0,7,8,0.0000,4.0000,4.0000,N,N,08/2019,Analyst,false,false,true
Recruitment Consultant,13-1071.00,Human Resources Specialists,onet_essential_skills,skill,2.A.1.a,Reading Comprehension,4.00,75.00,1,5,8,0.0000,4.0000,4.0000,N,,08/2019,Analyst,4.00,57.14,0,7,8,0.0000,4.0000,4.0000,N,N,08/2019,Analyst,false,false,true
Human Resources Adviser,13-1071.00,Human Resources Specialists,onet_essential_skills,skill,2.A.1.b,Active Listening,4.00,75.00,1,5,8,0.0000,4.0000,4.0000,N,,08/2019,Analyst,4.00,57.14,0,7,8,0.0000,4.0000,4.0000,N,N,08/2019,Analyst,false,false,true
Recruitment Consultant,13-1071.00,Human Resources Specialists,onet_essential_skills,skill,2.A.1.b,Active Listening,4.00,75.00,1,5,8,0.0000,4.0000,4.0000,N,,08/2019,Analyst,4.00,57.14,0,7,8,0.0000,4.0000,4.0000,N,N,08/2019,Analyst,false,false,true
Human Resources Adviser,13-1071.00,Human Resources Specialists,onet_essential_skills,skill,2.A.1.c,Writing,3.88,72.00,1,5,8,0.1250,3.6300,4.1200,N,,08/2019,Analyst,4.00,57.14,0,7,8,0.0000,4.0000,4.0000,N,N,08/2019,Analyst,false,false,true
Recruitment Consultant,13-1071.00,Human Resources Specialists,onet_essential_skills,skill,2.A.1.c,Writing,3.88,72.00,1,5,8,0.1250,3.6300,4.1200,N,,08/2019,Analyst,4.00,57.14,0,7,8,0.0000,4.0000,4.0000,N,N,08/2019,Analyst,false,false,true
Human Resources Adviser,13-1071.00,Human Resources Specialists,onet_essential_skills,skill,2.A.1.d,Speaking,4.12,78.00,1,5,8,0.1250,3.8800,4.3700,N,,08/2019,Analyst,4.00,57.14,0,7,8,0.0000,4.0000,4.0000,N,N,08/2019,Analyst,false,false,true
Recruitment Consultant,13-1071.00,Human Resources Specialists,onet_essential_skills,skill,2.A.1.d,Speaking,4.12,78.00,1,5,8,0.1250,3.8800,4.3700,N,,08/2019,Analyst,4.00,57.14,0,7,8,0.0000,4.0000,4.0000,N,N,08/2019,Analyst,false,false,true
Human Resources Adviser,13-1071.00,Human Resources Specialists,onet_essential_skills,skill,2.A.1.e,Mathematics,2.00,25.00,1,5,8,0.0000,2.0000,2.0000,N,,08/2019,Analyst,2.00,28.57,0,7,8,0.0000,2.0000,2.0000,N,N,08/2019,Analyst,false,false,true
Recruitment Consultant,13-1071.00,Human Resources Specialists,onet_essential_skills,skill,2.A.1.e,Mathematics,2.00,25.00,1,5,8,0.0000,2.0000,2.0000,N,,08/2019,Analyst,2.00,28.57,0,7,8,0.0000,2.0000,2.0000,N,N,08/2019,Analyst,false,false,true
Human Resources Adviser,13-1071.00,Human Resources Specialists,onet_essential_skills,skill,2.A.1.f,Science,1.12,3.00,1,5,8,0.1250,1.0000,1.3700,N,,08/2019,Analyst,0.12,1.71,0,7,8,0.1250,0.0000,0.3700,N,Y,08/2019,Analyst,false,true,false
Recruitment Consultant,13-1071.00,Human Resources Specialists,onet_essential_skills,skill,2.A.1.f,Science,1.12,3.00,1,5,8,0.1250,1.0000,1.3700,N,,08/2019,Analyst,0.12,1.71,0,7,8,0.1250,0.0000,0.3700,N,Y,08/2019,Analyst,false,true,false
Human Resources Adviser,13-1071.00,Human Resources Specialists,onet_essential_skills,skill,2.A.2.a,Critical Thinking,3.88,72.00,1,5,8,0.1250,3.6300,4.1200,N,,08/2019,Analyst,4.00,57.14,0,7,8,0.0000,4.0000,4.0000,N,N,08/2019,Analyst,false,false,true
Recruitment Consultant,13-1071.00,Human Resources Specialists,onet_essential_skills,skill,2.A.2.a,Critical Thinking,3.88,72.00,1,5,8,0.1250,3.6300,4.1200,N,,08/2019,Analyst,4.00,57.14,0,7,8,0.0000,4.0000,4.0000,N,N,08/2019,Analyst,false,false,true
Human Resources Adviser,13-1071.00,Human Resources Specialists,onet_essential_skills,skill,2.A.2.b,Active Learning,3.25,56.25,1,5,8,0.1637,2.9292,3.5708,N,,08/2019,Analyst,3.38,48.29,0,7,8,0.1830,3.0164,3.7336,N,N,08/2019,Analyst,false,false,true
Recruitment Consultant,13-1071.00,Human Resources Specialists,onet_essential_skills,skill,2.A.2.b,Active Learning,3.25,56.25,1,5,8,0.1637,2.9292,3.5708,N,,08/2019,Analyst,3.38,48.29,0,7,8,0.1830,3.0164,3.7336,N,N,08/2019,Analyst,false,false,true
Human Resources Adviser,13-1071.00,Human Resources Specialists,onet_essential_skills,skill,2.A.2.c,Learning Strategies,3.00,50.00,1,5,8,0.1890,2.6296,3.3704,N,,08/2019,Analyst,3.25,46.43,0,7,8,0.1637,2.9292,3.5708,N,N,08/2019,Analyst,false,false,true
Recruitment Consultant,13-1071.00,Human Resources Specialists,onet_essential_skills,skill,2.A.2.c,Learning Strategies,3.00,50.00,1,5,8,0.1890,2.6296,3.3704,N,,08/2019,Analyst,3.25,46.43,0,7,8,0.1637,2.9292,3.5708,N,N,08/2019,Analyst,false,false,true
Human Resources Adviser,13-1071.00,Human Resources Specialists,onet_essential_skills,skill,2.A.2.d,Monitoring,3.00,50.00,1,5,8,0.0000,3.0000,3.0000,N,,08/2019,Analyst,3.75,53.57,0,7,8,0.1637,3.4292,4.0708,N,N,08/2019,Analyst,false,false,true
Recruitment Consultant,13-1071.00,Human Resources Specialists,onet_essential_skills,skill,2.A.2.d,Monitoring,3.00,50.00,1,5,8,0.0000,3.0000,3.0000,N,,08/2019,Analyst,3.75,53.57,0,7,8,0.1637,3.4292,4.0708,N,N,08/2019,Analyst,false,false,true
Workplace Relations Adviser,13-1075.00,Labor Relations Specialists,onet_essential_skills,skill,2.A.1.a,Reading Comprehension,4.00,75.00,1,5,8,0.0000,4.0000,4.0000,N,,08/2023,Analyst,4.25,60.71,0,7,8,0.1637,3.9292,4.5708,N,N,08/2023,Analyst,false,false,true
Workplace Relations Adviser,13-1075.00,Labor Relations Specialists,onet_essential_skills,skill,2.A.1.b,Active Listening,4.38,84.50,1,5,8,0.1830,4.0164,4.7336,N,,08/2023,Analyst,4.50,64.29,0,7,8,0.1890,4.1296,4.8704,N,N,08/2023,Analyst,false,false,true
Workplace Relations Adviser,13-1075.00,Labor Relations Specialists,onet_essential_skills,skill,2.A.1.c,Writing,4.00,75.00,1,5,8,0.0000,4.0000,4.0000,N,,08/2023,Analyst,4.50,64.29,0,7,8,0.1890,4.1296,4.8704,N,N,08/2023,Analyst,false,false,true
Workplace Relations Adviser,13-1075.00,Labor Relations Specialists,onet_essential_skills,skill,2.A.1.d,Speaking,4.25,81.25,1,5,8,0.1637,3.9292,4.5708,N,,08/2023,Analyst,4.75,67.86,0,7,8,0.1637,4.4292,5.0708,N,N,08/2023,Analyst,false,false,true
Workplace Relations Adviser,13-1075.00,Labor Relations Specialists,onet_essential_skills,skill,2.A.1.e,Mathematics,2.38,34.50,1,5,8,0.1830,2.0164,2.7336,N,,08/2023,Analyst,2.62,37.43,0,7,8,0.1830,2.2664,2.9836,N,N,08/2023,Analyst,false,false,true
Workplace Relations Adviser,13-1075.00,Labor Relations Specialists,onet_essential_skills,skill,2.A.1.f,Science,1.00,0.00,1,5,8,0.0000,1.0000,1.0000,N,,08/2023,Analyst,0.00,0.00,0,7,8,0.0000,0.0000,0.0000,N,Y,08/2023,Analyst,false,true,false
Workplace Relations Adviser,13-1075.00,Labor Relations Specialists,onet_essential_skills,skill,2.A.2.a,Critical Thinking,4.00,75.00,1,5,8,0.0000,4.0000,4.0000,N,,08/2023,Analyst,4.12,58.86,0,7,8,0.1250,3.8800,4.3700,N,N,08/2023,Analyst,false,false,true
Workplace Relations Adviser,13-1075.00,Labor Relations Specialists,onet_essential_skills,skill,2.A.2.b,Active Learning,3.50,62.50,1,5,8,0.1890,3.1296,3.8704,N,,08/2023,Analyst,3.88,55.43,0,7,8,0.2266,3.4309,4.3191,N,N,08/2023,Analyst,false,false,true
Workplace Relations Adviser,13-1075.00,Labor Relations Specialists,onet_essential_skills,skill,2.A.2.c,Learning Strategies,3.00,50.00,1,5,8,0.0000,3.0000,3.0000,N,,08/2023,Analyst,3.12,44.57,0,7,8,0.1250,2.8800,3.3700,N,N,08/2023,Analyst,false,false,true
Workplace Relations Adviser,13-1075.00,Labor Relations Specialists,onet_essential_skills,skill,2.A.2.d,Monitoring,3.38,59.50,1,5,8,0.1830,3.0164,3.7336,N,,08/2023,Analyst,3.88,55.43,0,7,8,0.2266,3.4309,4.3191,N,N,08/2023,Analyst,false,false,true
Supply Chain Analyst,13-1081.02,Logistics Analysts,onet_essential_skills,skill,2.A.1.a,Reading Comprehension,4.00,75.00,1,5,8,0.0000,4.0000,4.0000,N,,08/2020,Analyst,4.00,57.14,0,7,8,0.0000,4.0000,4.0000,N,N,08/2020,Analyst,false,false,true
Supply Chain Analyst,13-1081.02,Logistics Analysts,onet_essential_skills,skill,2.A.1.b,Active Listening,3.88,72.00,1,5,8,0.1250,3.6300,4.1200,N,,08/2020,Analyst,4.00,57.14,0,7,8,0.0000,4.0000,4.0000,N,N,08/2020,Analyst,false,false,true
Supply Chain Analyst,13-1081.02,Logistics Analysts,onet_essential_skills,skill,2.A.1.c,Writing,3.38,59.50,1,5,8,0.1830,3.0164,3.7336,N,,08/2020,Analyst,4.00,57.14,0,7,8,0.0000,4.0000,4.0000,N,N,08/2020,Analyst,false,false,true
Supply Chain Analyst,13-1081.02,Logistics Analysts,onet_essential_skills,skill,2.A.1.d,Speaking,3.75,68.75,1,5,8,0.1637,3.4292,4.0708,N,,08/2020,Analyst,3.38,48.29,0,7,8,0.1830,3.0164,3.7336,N,N,08/2020,Analyst,false,false,true
Supply Chain Analyst,13-1081.02,Logistics Analysts,onet_essential_skills,skill,2.A.1.e,Mathematics,3.00,50.00,1,5,8,0.1890,2.6296,3.3704,N,,08/2020,Analyst,3.75,53.57,0,7,8,0.2500,3.2600,4.2400,N,N,08/2020,Analyst,false,false,true
Supply Chain Analyst,13-1081.02,Logistics Analysts,onet_essential_skills,skill,2.A.1.f,Science,1.75,18.75,1,5,8,0.1637,1.4292,2.0708,N,,08/2020,Analyst,0.75,10.71,0,7,8,0.1637,0.4292,1.0708,N,N,08/2020,Analyst,false,false,true
Supply Chain Analyst,13-1081.02,Logistics Analysts,onet_essential_skills,skill,2.A.2.a,Critical Thinking,4.00,75.00,1,5,8,0.0000,4.0000,4.0000,N,,08/2020,Analyst,4.12,58.86,0,7,8,0.1250,3.8800,4.3700,N,N,08/2020,Analyst,false,false,true
Supply Chain Analyst,13-1081.02,Logistics Analysts,onet_essential_skills,skill,2.A.2.b,Active Learning,3.12,53.00,1,5,8,0.1250,2.8800,3.3700,N,,08/2020,Analyst,3.75,53.57,0,7,8,0.1637,3.4292,4.0708,N,N,08/2020,Analyst,false,false,true
Supply Chain Analyst,13-1081.02,Logistics Analysts,onet_essential_skills,skill,2.A.2.c,Learning Strategies,2.75,43.75,1,5,8,0.1637,2.4292,3.0708,N,,08/2020,Analyst,3.00,42.86,0,7,8,0.0000,3.0000,3.0000,N,N,08/2020,Analyst,false,false,true
Supply Chain Analyst,13-1081.02,Logistics Analysts,onet_essential_skills,skill,2.A.2.d,Monitoring,3.75,68.75,1,5,8,0.1637,3.4292,4.0708,N,,08/2020,Analyst,4.00,57.14,0,7,8,0.0000,4.0000,4.0000,N,N,08/2020,Analyst,false,false,true
Management Consultant,13-1111.00,Management Analysts,onet_essential_skills,skill,2.A.1.a,Reading Comprehension,4.12,78.00,1,5,8,0.1250,3.8800,4.3700,N,,08/2022,Analyst,4.12,58.86,0,7,8,0.1250,3.8800,4.3700,N,N,08/2022,Analyst,false,false,true
Management Consultant,13-1111.00,Management Analysts,onet_essential_skills,skill,2.A.1.b,Active Listening,4.12,78.00,1,5,8,0.1250,3.8800,4.3700,N,,08/2022,Analyst,4.12,58.86,0,7,8,0.1250,3.8800,4.3700,N,N,08/2022,Analyst,false,false,true
Management Consultant,13-1111.00,Management Analysts,onet_essential_skills,skill,2.A.1.c,Writing,4.00,75.00,1,5,8,0.0000,4.0000,4.0000,N,,08/2022,Analyst,4.00,57.14,0,7,8,0.0000,4.0000,4.0000,N,N,08/2022,Analyst,false,false,true
Management Consultant,13-1111.00,Management Analysts,onet_essential_skills,skill,2.A.1.d,Speaking,4.00,75.00,1,5,8,0.0000,4.0000,4.0000,N,,08/2022,Analyst,4.00,57.14,0,7,8,0.0000,4.0000,4.0000,N,N,08/2022,Analyst,false,false,true
Management Consultant,13-1111.00,Management Analysts,onet_essential_skills,skill,2.A.1.e,Mathematics,3.00,50.00,1,5,8,0.0000,3.0000,3.0000,N,,08/2022,Analyst,3.25,46.43,0,7,8,0.1637,2.9292,3.5708,N,N,08/2022,Analyst,false,false,true
Management Consultant,13-1111.00,Management Analysts,onet_essential_skills,skill,2.A.1.f,Science,1.88,22.00,1,5,8,0.1250,1.6300,2.1200,N,,08/2022,Analyst,1.75,25.00,0,7,8,0.2500,1.2600,2.2400,N,N,08/2022,Analyst,false,false,true
Management Consultant,13-1111.00,Management Analysts,onet_essential_skills,skill,2.A.2.a,Critical Thinking,4.12,78.00,1,5,8,0.1250,3.8800,4.3700,N,,08/2022,Analyst,4.12,58.86,0,7,8,0.1250,3.8800,4.3700,N,N,08/2022,Analyst,false,false,true
Management Consultant,13-1111.00,Management Analysts,onet_essential_skills,skill,2.A.2.b,Active Learning,3.25,56.25,1,5,8,0.1637,2.9292,3.5708,N,,08/2022,Analyst,3.88,55.43,0,7,8,0.1250,3.6300,4.1200,N,N,08/2022,Analyst,false,false,true
Management Consultant,13-1111.00,Management Analysts,onet_essential_skills,skill,2.A.2.c,Learning Strategies,3.00,50.00,1,5,8,0.0000,3.0000,3.0000,N,,08/2022,Analyst,3.75,53.57,0,7,8,0.1637,3.4292,4.0708,N,N,08/2022,Analyst,false,false,true
Management Consultant,13-1111.00,Management Analysts,onet_essential_skills,skill,2.A.2.d,Monitoring,3.88,72.00,1,5,8,0.1250,3.6300,4.1200,N,,08/2022,Analyst,4.12,58.86,0,7,8,0.1250,3.8800,4.3700,N,N,08/2022,Analyst,false,false,true
Content Creator (Marketing),13-1161.00,Market Research Analysts and Marketing Specialists,onet_essential_skills,skill,2.A.1.a,Reading Comprehension,4.00,75.00,1,5,8,0.1890,3.6296,4.3704,N,,08/2026,Analyst,4.75,67.86,0,7,8,0.1637,4.4292,5.0708,N,N,08/2026,Analyst,false,false,true
Market Research Analyst,13-1161.00,Market Research Analysts and Marketing Specialists,onet_essential_skills,skill,2.A.1.a,Reading Comprehension,4.00,75.00,1,5,8,0.1890,3.6296,4.3704,N,,08/2026,Analyst,4.75,67.86,0,7,8,0.1637,4.4292,5.0708,N,N,08/2026,Analyst,false,false,true
Marketing Specialist,13-1161.00,Market Research Analysts and Marketing Specialists,onet_essential_skills,skill,2.A.1.a,Reading Comprehension,4.00,75.00,1,5,8,0.1890,3.6296,4.3704,N,,08/2026,Analyst,4.75,67.86,0,7,8,0.1637,4.4292,5.0708,N,N,08/2026,Analyst,false,false,true
Content Creator (Marketing),13-1161.00,Market Research Analysts and Marketing Specialists,onet_essential_skills,skill,2.A.1.b,Active Listening,4.00,75.00,1,5,8,0.0000,4.0000,4.0000,N,,08/2026,Analyst,4.00,57.14,0,7,8,0.0000,4.0000,4.0000,N,N,08/2026,Analyst,false,false,true
Market Research Analyst,13-1161.00,Market Research Analysts and Marketing Specialists,onet_essential_skills,skill,2.A.1.b,Active Listening,4.00,75.00,1,5,8,0.0000,4.0000,4.0000,N,,08/2026,Analyst,4.00,57.14,0,7,8,0.0000,4.0000,4.0000,N,N,08/2026,Analyst,false,false,true
Marketing Specialist,13-1161.00,Market Research Analysts and Marketing Specialists,onet_essential_skills,skill,2.A.1.b,Active Listening,4.00,75.00,1,5,8,0.0000,4.0000,4.0000,N,,08/2026,Analyst,4.00,57.14,0,7,8,0.0000,4.0000,4.0000,N,N,08/2026,Analyst,false,false,true
Content Creator (Marketing),13-1161.00,Market Research Analysts and Marketing Specialists,onet_essential_skills,skill,2.A.1.c,Writing,4.00,75.00,1,5,8,0.0000,4.0000,4.0000,N,,08/2026,Analyst,4.12,58.86,0,7,8,0.1250,3.8800,4.3700,N,N,08/2026,Analyst,false,false,true
Market Research Analyst,13-1161.00,Market Research Analysts and Marketing Specialists,onet_essential_skills,skill,2.A.1.c,Writing,4.00,75.00,1,5,8,0.0000,4.0000,4.0000,N,,08/2026,Analyst,4.12,58.86,0,7,8,0.1250,3.8800,4.3700,N,N,08/2026,Analyst,false,false,true
Marketing Specialist,13-1161.00,Market Research Analysts and Marketing Specialists,onet_essential_skills,skill,2.A.1.c,Writing,4.00,75.00,1,5,8,0.0000,4.0000,4.0000,N,,08/2026,Analyst,4.12,58.86,0,7,8,0.1250,3.8800,4.3700,N,N,08/2026,Analyst,false,false,true
Content Creator (Marketing),13-1161.00,Market Research Analysts and Marketing Specialists,onet_essential_skills,skill,2.A.1.d,Speaking,3.88,72.00,1,5,8,0.1250,3.6300,4.1200,N,,08/2026,Analyst,4.00,57.14,0,7,8,0.0000,4.0000,4.0000,N,N,08/2026,Analyst,false,false,true
Market Research Analyst,13-1161.00,Market Research Analysts and Marketing Specialists,onet_essential_skills,skill,2.A.1.d,Speaking,3.88,72.00,1,5,8,0.1250,3.6300,4.1200,N,,08/2026,Analyst,4.00,57.14,0,7,8,0.0000,4.0000,4.0000,N,N,08/2026,Analyst,false,false,true
Marketing Specialist,13-1161.00,Market Research Analysts and Marketing Specialists,onet_essential_skills,skill,2.A.1.d,Speaking,3.88,72.00,1,5,8,0.1250,3.6300,4.1200,N,,08/2026,Analyst,4.00,57.14,0,7,8,0.0000,4.0000,4.0000,N,N,08/2026,Analyst,false,false,true
Content Creator (Marketing),13-1161.00,Market Research Analysts and Marketing Specialists,onet_essential_skills,skill,2.A.1.e,Mathematics,3.12,53.00,1,5,8,0.1250,2.8800,3.3700,N,,08/2026,Analyst,3.12,44.57,0,7,8,0.1250,2.8800,3.3700,N,N,08/2026,Analyst,false,false,true
Market Research Analyst,13-1161.00,Market Research Analysts and Marketing Specialists,onet_essential_skills,skill,2.A.1.e,Mathematics,3.12,53.00,1,5,8,0.1250,2.8800,3.3700,N,,08/2026,Analyst,3.12,44.57,0,7,8,0.1250,2.8800,3.3700,N,N,08/2026,Analyst,false,false,true
Marketing Specialist,13-1161.00,Market Research Analysts and Marketing Specialists,onet_essential_skills,skill,2.A.1.e,Mathematics,3.12,53.00,1,5,8,0.1250,2.8800,3.3700,N,,08/2026,Analyst,3.12,44.57,0,7,8,0.1250,2.8800,3.3700,N,N,08/2026,Analyst,false,false,true
Content Creator (Marketing),13-1161.00,Market Research Analysts and Marketing Specialists,onet_essential_skills,skill,2.A.1.f,Science,2.00,25.00,1,5,8,0.0000,2.0000,2.0000,N,,08/2026,Analyst,2.00,28.57,0,7,8,0.0000,2.0000,2.0000,N,N,08/2026,Analyst,false,false,true
Market Research Analyst,13-1161.00,Market Research Analysts and Marketing Specialists,onet_essential_skills,skill,2.A.1.f,Science,2.00,25.00,1,5,8,0.0000,2.0000,2.0000,N,,08/2026,Analyst,2.00,28.57,0,7,8,0.0000,2.0000,2.0000,N,N,08/2026,Analyst,false,false,true
Marketing Specialist,13-1161.00,Market Research Analysts and Marketing Specialists,onet_essential_skills,skill,2.A.1.f,Science,2.00,25.00,1,5,8,0.0000,2.0000,2.0000,N,,08/2026,Analyst,2.00,28.57,0,7,8,0.0000,2.0000,2.0000,N,N,08/2026,Analyst,false,false,true
Content Creator (Marketing),13-1161.00,Market Research Analysts and Marketing Specialists,onet_essential_skills,skill,2.A.2.a,Critical Thinking,4.00,75.00,1,5,8,0.1890,3.6296,4.3704,N,,08/2026,Analyst,4.00,57.14,0,7,8,0.0000,4.0000,4.0000,N,N,08/2026,Analyst,false,false,true
Market Research Analyst,13-1161.00,Market Research Analysts and Marketing Specialists,onet_essential_skills,skill,2.A.2.a,Critical Thinking,4.00,75.00,1,5,8,0.1890,3.6296,4.3704,N,,08/2026,Analyst,4.00,57.14,0,7,8,0.0000,4.0000,4.0000,N,N,08/2026,Analyst,false,false,true
Marketing Specialist,13-1161.00,Market Research Analysts and Marketing Specialists,onet_essential_skills,skill,2.A.2.a,Critical Thinking,4.00,75.00,1,5,8,0.1890,3.6296,4.3704,N,,08/2026,Analyst,4.00,57.14,0,7,8,0.0000,4.0000,4.0000,N,N,08/2026,Analyst,false,false,true
Content Creator (Marketing),13-1161.00,Market Research Analysts and Marketing Specialists,onet_essential_skills,skill,2.A.2.b,Active Learning,3.75,68.75,1,5,8,0.1637,3.4292,4.0708,N,,08/2026,Analyst,3.75,53.57,0,7,8,0.1637,3.4292,4.0708,N,N,08/2026,Analyst,false,false,true
Market Research Analyst,13-1161.00,Market Research Analysts and Marketing Specialists,onet_essential_skills,skill,2.A.2.b,Active Learning,3.75,68.75,1,5,8,0.1637,3.4292,4.0708,N,,08/2026,Analyst,3.75,53.57,0,7,8,0.1637,3.4292,4.0708,N,N,08/2026,Analyst,false,false,true
Marketing Specialist,13-1161.00,Market Research Analysts and Marketing Specialists,onet_essential_skills,skill,2.A.2.b,Active Learning,3.75,68.75,1,5,8,0.1637,3.4292,4.0708,N,,08/2026,Analyst,3.75,53.57,0,7,8,0.1637,3.4292,4.0708,N,N,08/2026,Analyst,false,false,true
Content Creator (Marketing),13-1161.00,Market Research Analysts and Marketing Specialists,onet_essential_skills,skill,2.A.2.c,Learning Strategies,2.88,47.00,1,5,8,0.1250,2.6300,3.1200,N,,08/2026,Analyst,3.00,42.86,0,7,8,0.0000,3.0000,3.0000,N,N,08/2026,Analyst,false,false,true
Market Research Analyst,13-1161.00,Market Research Analysts and Marketing Specialists,onet_essential_skills,skill,2.A.2.c,Learning Strategies,2.88,47.00,1,5,8,0.1250,2.6300,3.1200,N,,08/2026,Analyst,3.00,42.86,0,7,8,0.0000,3.0000,3.0000,N,N,08/2026,Analyst,false,false,true
Marketing Specialist,13-1161.00,Market Research Analysts and Marketing Specialists,onet_essential_skills,skill,2.A.2.c,Learning Strategies,2.88,47.00,1,5,8,0.1250,2.6300,3.1200,N,,08/2026,Analyst,3.00,42.86,0,7,8,0.0000,3.0000,3.0000,N,N,08/2026,Analyst,false,false,true
Content Creator (Marketing),13-1161.00,Market Research Analysts and Marketing Specialists,onet_essential_skills,skill,2.A.2.d,Monitoring,3.12,53.00,1,5,8,0.1250,2.8800,3.3700,N,,08/2026,Analyst,3.75,53.57,0,7,8,0.1637,3.4292,4.0708,N,N,08/2026,Analyst,false,false,true
Market Research Analyst,13-1161.00,Market Research Analysts and Marketing Specialists,onet_essential_skills,skill,2.A.2.d,Monitoring,3.12,53.00,1,5,8,0.1250,2.8800,3.3700,N,,08/2026,Analyst,3.75,53.57,0,7,8,0.1637,3.4292,4.0708,N,N,08/2026,Analyst,false,false,true
Marketing Specialist,13-1161.00,Market Research Analysts and Marketing Specialists,onet_essential_skills,skill,2.A.2.d,Monitoring,3.12,53.00,1,5,8,0.1250,2.8800,3.3700,N,,08/2026,Analyst,3.75,53.57,0,7,8,0.1637,3.4292,4.0708,N,N,08/2026,Analyst,false,false,true
Digital Marketing Analyst,13-1161.01,Search Marketing Strategists,onet_essential_skills,skill,2.A.1.a,Reading Comprehension,3.88,72.00,1,5,8,0.1250,3.6300,4.1200,N,,08/2021,Analyst,4.12,58.86,0,7,8,0.1250,3.8800,4.3700,N,N,08/2021,Analyst,false,false,true
Digital Marketing Analyst,13-1161.01,Search Marketing Strategists,onet_essential_skills,skill,2.A.1.b,Active Listening,3.75,68.75,1,5,8,0.1637,3.4292,4.0708,N,,08/2021,Analyst,4.00,57.14,0,7,8,0.0000,4.0000,4.0000,N,N,08/2021,Analyst,false,false,true
Digital Marketing Analyst,13-1161.01,Search Marketing Strategists,onet_essential_skills,skill,2.A.1.c,Writing,3.50,62.50,1,5,8,0.1890,3.1296,3.8704,N,,08/2021,Analyst,3.75,53.57,0,7,8,0.1637,3.4292,4.0708,N,N,08/2021,Analyst,false,false,true
Digital Marketing Analyst,13-1161.01,Search Marketing Strategists,onet_essential_skills,skill,2.A.1.d,Speaking,3.62,65.50,1,5,8,0.1830,3.2664,3.9836,N,,08/2021,Analyst,3.75,53.57,0,7,8,0.1637,3.4292,4.0708,N,N,08/2021,Analyst,false,false,true
Digital Marketing Analyst,13-1161.01,Search Marketing Strategists,onet_essential_skills,skill,2.A.1.e,Mathematics,2.75,43.75,1,5,8,0.1637,2.4292,3.0708,N,,08/2021,Analyst,2.88,41.14,0,7,8,0.2266,2.4309,3.3191,N,N,08/2021,Analyst,false,false,true
Digital Marketing Analyst,13-1161.01,Search Marketing Strategists,onet_essential_skills,skill,2.A.1.f,Science,1.25,6.25,1,5,8,0.1637,1.0000,1.5708,N,,08/2021,Analyst,0.25,3.57,0,7,8,0.1637,0.0000,0.5708,N,Y,08/2021,Analyst,false,true,false
Digital Marketing Analyst,13-1161.01,Search Marketing Strategists,onet_essential_skills,skill,2.A.2.a,Critical Thinking,3.75,68.75,1,5,8,0.1637,3.4292,4.0708,N,,08/2021,Analyst,3.88,55.43,0,7,8,0.1250,3.6300,4.1200,N,N,08/2021,Analyst,false,false,true
Digital Marketing Analyst,13-1161.01,Search Marketing Strategists,onet_essential_skills,skill,2.A.2.b,Active Learning,3.75,68.75,1,5,8,0.1637,3.4292,4.0708,N,,08/2021,Analyst,3.88,55.43,0,7,8,0.2266,3.4309,4.3191,N,N,08/2021,Analyst,false,false,true
Digital Marketing Analyst,13-1161.01,Search Marketing Strategists,onet_essential_skills,skill,2.A.2.c,Learning Strategies,2.88,47.00,1,5,8,0.1250,2.6300,3.1200,N,,08/2021,Analyst,3.00,42.86,0,7,8,0.0000,3.0000,3.0000,N,N,08/2021,Analyst,false,false,true
Digital Marketing Analyst,13-1161.01,Search Marketing Strategists,onet_essential_skills,skill,2.A.2.d,Monitoring,3.38,59.50,1,5,8,0.1830,3.0164,3.7336,N,,08/2021,Analyst,3.75,53.57,0,7,8,0.1637,3.4292,4.0708,N,N,08/2021,Analyst,false,false,true
Accountant (General),13-2011.00,Accountants and Auditors,onet_essential_skills,skill,2.A.1.a,Reading Comprehension,3.88,72.00,1,5,8,0.2266,3.4309,4.3191,N,,08/2026,Analyst,3.88,55.43,0,7,8,0.1250,3.6300,4.1200,N,N,08/2026,Analyst,false,false,true
Management Accountant,13-2011.00,Accountants and Auditors,onet_essential_skills,skill,2.A.1.a,Reading Comprehension,3.88,72.00,1,5,8,0.2266,3.4309,4.3191,N,,08/2026,Analyst,3.88,55.43,0,7,8,0.1250,3.6300,4.1200,N,N,08/2026,Analyst,false,false,true
Taxation Accountant,13-2011.00,Accountants and Auditors,onet_essential_skills,skill,2.A.1.a,Reading Comprehension,3.88,72.00,1,5,8,0.2266,3.4309,4.3191,N,,08/2026,Analyst,3.88,55.43,0,7,8,0.1250,3.6300,4.1200,N,N,08/2026,Analyst,false,false,true
Accountant (General),13-2011.00,Accountants and Auditors,onet_essential_skills,skill,2.A.1.b,Active Listening,3.50,62.50,1,5,8,0.1890,3.1296,3.8704,N,,08/2026,Analyst,3.62,51.71,0,7,8,0.1830,3.2664,3.9836,N,N,08/2026,Analyst,false,false,true
Management Accountant,13-2011.00,Accountants and Auditors,onet_essential_skills,skill,2.A.1.b,Active Listening,3.50,62.50,1,5,8,0.1890,3.1296,3.8704,N,,08/2026,Analyst,3.62,51.71,0,7,8,0.1830,3.2664,3.9836,N,N,08/2026,Analyst,false,false,true
Taxation Accountant,13-2011.00,Accountants and Auditors,onet_essential_skills,skill,2.A.1.b,Active Listening,3.50,62.50,1,5,8,0.1890,3.1296,3.8704,N,,08/2026,Analyst,3.62,51.71,0,7,8,0.1830,3.2664,3.9836,N,N,08/2026,Analyst,false,false,true
Accountant (General),13-2011.00,Accountants and Auditors,onet_essential_skills,skill,2.A.1.c,Writing,3.50,62.50,1,5,8,0.1890,3.1296,3.8704,N,,08/2026,Analyst,3.75,53.57,0,7,8,0.2500,3.2600,4.2400,N,N,08/2026,Analyst,false,false,true
Management Accountant,13-2011.00,Accountants and Auditors,onet_essential_skills,skill,2.A.1.c,Writing,3.50,62.50,1,5,8,0.1890,3.1296,3.8704,N,,08/2026,Analyst,3.75,53.57,0,7,8,0.2500,3.2600,4.2400,N,N,08/2026,Analyst,false,false,true
Taxation Accountant,13-2011.00,Accountants and Auditors,onet_essential_skills,skill,2.A.1.c,Writing,3.50,62.50,1,5,8,0.1890,3.1296,3.8704,N,,08/2026,Analyst,3.75,53.57,0,7,8,0.2500,3.2600,4.2400,N,N,08/2026,Analyst,false,false,true
Accountant (General),13-2011.00,Accountants and Auditors,onet_essential_skills,skill,2.A.1.d,Speaking,3.38,59.50,1,5,8,0.1830,3.0164,3.7336,N,,08/2026,Analyst,3.75,53.57,0,7,8,0.1637,3.4292,4.0708,N,N,08/2026,Analyst,false,false,true
Management Accountant,13-2011.00,Accountants and Auditors,onet_essential_skills,skill,2.A.1.d,Speaking,3.38,59.50,1,5,8,0.1830,3.0164,3.7336,N,,08/2026,Analyst,3.75,53.57,0,7,8,0.1637,3.4292,4.0708,N,N,08/2026,Analyst,false,false,true
Taxation Accountant,13-2011.00,Accountants and Auditors,onet_essential_skills,skill,2.A.1.d,Speaking,3.38,59.50,1,5,8,0.1830,3.0164,3.7336,N,,08/2026,Analyst,3.75,53.57,0,7,8,0.1637,3.4292,4.0708,N,N,08/2026,Analyst,false,false,true
Accountant (General),13-2011.00,Accountants and Auditors,onet_essential_skills,skill,2.A.1.e,Mathematics,3.38,59.50,1,5,8,0.2631,2.8594,3.8906,N,,08/2026,Analyst,3.38,48.29,0,7,8,0.2631,2.8594,3.8906,N,N,08/2026,Analyst,false,false,true
Management Accountant,13-2011.00,Accountants and Auditors,onet_essential_skills,skill,2.A.1.e,Mathematics,3.38,59.50,1,5,8,0.2631,2.8594,3.8906,N,,08/2026,Analyst,3.38,48.29,0,7,8,0.2631,2.8594,3.8906,N,N,08/2026,Analyst,false,false,true
Taxation Accountant,13-2011.00,Accountants and Auditors,onet_essential_skills,skill,2.A.1.e,Mathematics,3.38,59.50,1,5,8,0.2631,2.8594,3.8906,N,,08/2026,Analyst,3.38,48.29,0,7,8,0.2631,2.8594,3.8906,N,N,08/2026,Analyst,false,false,true
Accountant (General),13-2011.00,Accountants and Auditors,onet_essential_skills,skill,2.A.1.f,Science,1.25,6.25,1,5,8,0.1637,1.0000,1.5708,N,,08/2026,Analyst,0.75,10.71,0,7,8,0.5261,0.0000,1.7812,Y,Y,08/2026,Analyst,true,true,false
Management Accountant,13-2011.00,Accountants and Auditors,onet_essential_skills,skill,2.A.1.f,Science,1.25,6.25,1,5,8,0.1637,1.0000,1.5708,N,,08/2026,Analyst,0.75,10.71,0,7,8,0.5261,0.0000,1.7812,Y,Y,08/2026,Analyst,true,true,false
Taxation Accountant,13-2011.00,Accountants and Auditors,onet_essential_skills,skill,2.A.1.f,Science,1.25,6.25,1,5,8,0.1637,1.0000,1.5708,N,,08/2026,Analyst,0.75,10.71,0,7,8,0.5261,0.0000,1.7812,Y,Y,08/2026,Analyst,true,true,false
Accountant (General),13-2011.00,Accountants and Auditors,onet_essential_skills,skill,2.A.2.a,Critical Thinking,3.50,62.50,1,5,8,0.1890,3.1296,3.8704,N,,08/2026,Analyst,3.50,50.00,0,7,8,0.1890,3.1296,3.8704,N,N,08/2026,Analyst,false,false,true
Management Accountant,13-2011.00,Accountants and Auditors,onet_essential_skills,skill,2.A.2.a,Critical Thinking,3.50,62.50,1,5,8,0.1890,3.1296,3.8704,N,,08/2026,Analyst,3.50,50.00,0,7,8,0.1890,3.1296,3.8704,N,N,08/2026,Analyst,false,false,true
Taxation Accountant,13-2011.00,Accountants and Auditors,onet_essential_skills,skill,2.A.2.a,Critical Thinking,3.50,62.50,1,5,8,0.1890,3.1296,3.8704,N,,08/2026,Analyst,3.50,50.00,0,7,8,0.1890,3.1296,3.8704,N,N,08/2026,Analyst,false,false,true
Accountant (General),13-2011.00,Accountants and Auditors,onet_essential_skills,skill,2.A.2.b,Active Learning,3.25,56.25,1,5,8,0.1637,2.9292,3.5708,N,,08/2026,Analyst,3.25,46.43,0,7,8,0.1637,2.9292,3.5708,N,N,08/2026,Analyst,false,false,true
Management Accountant,13-2011.00,Accountants and Auditors,onet_essential_skills,skill,2.A.2.b,Active Learning,3.25,56.25,1,5,8,0.1637,2.9292,3.5708,N,,08/2026,Analyst,3.25,46.43,0,7,8,0.1637,2.9292,3.5708,N,N,08/2026,Analyst,false,false,true
Taxation Accountant,13-2011.00,Accountants and Auditors,onet_essential_skills,skill,2.A.2.b,Active Learning,3.25,56.25,1,5,8,0.1637,2.9292,3.5708,N,,08/2026,Analyst,3.25,46.43,0,7,8,0.1637,2.9292,3.5708,N,N,08/2026,Analyst,false,false,true
Accountant (General),13-2011.00,Accountants and Auditors,onet_essential_skills,skill,2.A.2.c,Learning Strategies,2.75,43.75,1,5,8,0.1637,2.4292,3.0708,N,,08/2026,Analyst,2.88,41.14,0,7,8,0.2266,2.4309,3.3191,N,N,08/2026,Analyst,false,false,true
Management Accountant,13-2011.00,Accountants and Auditors,onet_essential_skills,skill,2.A.2.c,Learning Strategies,2.75,43.75,1,5,8,0.1637,2.4292,3.0708,N,,08/2026,Analyst,2.88,41.14,0,7,8,0.2266,2.4309,3.3191,N,N,08/2026,Analyst,false,false,true
Taxation Accountant,13-2011.00,Accountants and Auditors,onet_essential_skills,skill,2.A.2.c,Learning Strategies,2.75,43.75,1,5,8,0.1637,2.4292,3.0708,N,,08/2026,Analyst,2.88,41.14,0,7,8,0.2266,2.4309,3.3191,N,N,08/2026,Analyst,false,false,true
Accountant (General),13-2011.00,Accountants and Auditors,onet_essential_skills,skill,2.A.2.d,Monitoring,3.25,56.25,1,5,8,0.1637,2.9292,3.5708,N,,08/2026,Analyst,3.62,51.71,0,7,8,0.1830,3.2664,3.9836,N,N,08/2026,Analyst,false,false,true
Management Accountant,13-2011.00,Accountants and Auditors,onet_essential_skills,skill,2.A.2.d,Monitoring,3.25,56.25,1,5,8,0.1637,2.9292,3.5708,N,,08/2026,Analyst,3.62,51.71,0,7,8,0.1830,3.2664,3.9836,N,N,08/2026,Analyst,false,false,true
Taxation Accountant,13-2011.00,Accountants and Auditors,onet_essential_skills,skill,2.A.2.d,Monitoring,3.25,56.25,1,5,8,0.1637,2.9292,3.5708,N,,08/2026,Analyst,3.62,51.71,0,7,8,0.1830,3.2664,3.9836,N,N,08/2026,Analyst,false,false,true
ICT Business Analyst,15-1211.00,Computer Systems Analysts,onet_essential_skills,skill,2.A.1.a,Reading Comprehension,3.88,72.00,1,5,8,0.1250,3.6300,4.1200,N,,08/2023,Analyst,4.50,64.29,0,7,8,0.1890,4.1296,4.8704,N,N,08/2023,Analyst,false,false,true
ICT Business Analyst,15-1211.00,Computer Systems Analysts,onet_essential_skills,skill,2.A.1.b,Active Listening,3.75,68.75,1,5,8,0.1637,3.4292,4.0708,N,,08/2023,Analyst,4.00,57.14,0,7,8,0.0000,4.0000,4.0000,N,N,08/2023,Analyst,false,false,true
ICT Business Analyst,15-1211.00,Computer Systems Analysts,onet_essential_skills,skill,2.A.1.c,Writing,3.38,59.50,1,5,8,0.1830,3.0164,3.7336,N,,08/2023,Analyst,4.00,57.14,0,7,8,0.0000,4.0000,4.0000,N,N,08/2023,Analyst,false,false,true
ICT Business Analyst,15-1211.00,Computer Systems Analysts,onet_essential_skills,skill,2.A.1.d,Speaking,4.00,75.00,1,5,8,0.0000,4.0000,4.0000,N,,08/2023,Analyst,4.00,57.14,0,7,8,0.0000,4.0000,4.0000,N,N,08/2023,Analyst,false,false,true
ICT Business Analyst,15-1211.00,Computer Systems Analysts,onet_essential_skills,skill,2.A.1.e,Mathematics,3.00,50.00,1,5,8,0.0000,3.0000,3.0000,N,,08/2023,Analyst,3.38,48.29,0,7,8,0.1830,3.0164,3.7336,N,N,08/2023,Analyst,false,false,true
ICT Business Analyst,15-1211.00,Computer Systems Analysts,onet_essential_skills,skill,2.A.1.f,Science,2.25,31.25,1,5,8,0.2500,1.7600,2.7400,N,,08/2023,Analyst,1.88,26.86,0,7,8,0.2950,1.2967,2.4533,N,N,08/2023,Analyst,false,false,true
ICT Business Analyst,15-1211.00,Computer Systems Analysts,onet_essential_skills,skill,2.A.2.a,Critical Thinking,3.75,68.75,1,5,8,0.1637,3.4292,4.0708,N,,08/2023,Analyst,4.00,57.14,0,7,8,0.0000,4.0000,4.0000,N,N,08/2023,Analyst,false,false,true
ICT Business Analyst,15-1211.00,Computer Systems Analysts,onet_essential_skills,skill,2.A.2.b,Active Learning,3.62,65.50,1,5,8,0.1830,3.2664,3.9836,N,,08/2023,Analyst,4.00,57.14,0,7,8,0.1890,3.6296,4.3704,N,N,08/2023,Analyst,false,false,true
ICT Business Analyst,15-1211.00,Computer Systems Analysts,onet_essential_skills,skill,2.A.2.c,Learning Strategies,3.12,53.00,1,5,8,0.1250,2.8800,3.3700,N,,08/2023,Analyst,3.00,42.86,0,7,8,0.0000,3.0000,3.0000,N,N,08/2023,Analyst,false,false,true
ICT Business Analyst,15-1211.00,Computer Systems Analysts,onet_essential_skills,skill,2.A.2.d,Monitoring,3.38,59.50,1,5,8,0.1830,3.0164,3.7336,N,,08/2023,Analyst,4.00,57.14,0,7,8,0.0000,4.0000,4.0000,N,N,08/2023,Analyst,false,false,true
Cyber Security Advice and Assessment Specialist,15-1212.00,Information Security Analysts,onet_essential_skills,skill,2.A.1.a,Reading Comprehension,4.00,75.00,1,5,8,0.0000,4.0000,4.0000,N,,08/2018,Analyst,4.12,58.86,0,7,8,0.1250,3.8800,4.3700,N,N,08/2018,Analyst,false,false,true
Cyber Security Analyst,15-1212.00,Information Security Analysts,onet_essential_skills,skill,2.A.1.a,Reading Comprehension,4.00,75.00,1,5,8,0.0000,4.0000,4.0000,N,,08/2018,Analyst,4.12,58.86,0,7,8,0.1250,3.8800,4.3700,N,N,08/2018,Analyst,false,false,true
Cyber Security Advice and Assessment Specialist,15-1212.00,Information Security Analysts,onet_essential_skills,skill,2.A.1.b,Active Listening,3.75,68.75,1,5,8,0.1637,3.4292,4.0708,N,,08/2018,Analyst,3.88,55.43,0,7,8,0.1250,3.6300,4.1200,N,N,08/2018,Analyst,false,false,true
Cyber Security Analyst,15-1212.00,Information Security Analysts,onet_essential_skills,skill,2.A.1.b,Active Listening,3.75,68.75,1,5,8,0.1637,3.4292,4.0708,N,,08/2018,Analyst,3.88,55.43,0,7,8,0.1250,3.6300,4.1200,N,N,08/2018,Analyst,false,false,true
Cyber Security Advice and Assessment Specialist,15-1212.00,Information Security Analysts,onet_essential_skills,skill,2.A.1.c,Writing,3.50,62.50,1,5,8,0.1890,3.1296,3.8704,N,,08/2018,Analyst,3.75,53.57,0,7,8,0.1637,3.4292,4.0708,N,N,08/2018,Analyst,false,false,true
Cyber Security Analyst,15-1212.00,Information Security Analysts,onet_essential_skills,skill,2.A.1.c,Writing,3.50,62.50,1,5,8,0.1890,3.1296,3.8704,N,,08/2018,Analyst,3.75,53.57,0,7,8,0.1637,3.4292,4.0708,N,N,08/2018,Analyst,false,false,true
Cyber Security Advice and Assessment Specialist,15-1212.00,Information Security Analysts,onet_essential_skills,skill,2.A.1.d,Speaking,3.62,65.50,1,5,8,0.1830,3.2664,3.9836,N,,08/2018,Analyst,3.75,53.57,0,7,8,0.1637,3.4292,4.0708,N,N,08/2018,Analyst,false,false,true
Cyber Security Analyst,15-1212.00,Information Security Analysts,onet_essential_skills,skill,2.A.1.d,Speaking,3.62,65.50,1,5,8,0.1830,3.2664,3.9836,N,,08/2018,Analyst,3.75,53.57,0,7,8,0.1637,3.4292,4.0708,N,N,08/2018,Analyst,false,false,true
Cyber Security Advice and Assessment Specialist,15-1212.00,Information Security Analysts,onet_essential_skills,skill,2.A.1.e,Mathematics,2.25,31.25,1,5,8,0.1637,1.9292,2.5708,N,,08/2018,Analyst,2.38,34.00,0,7,8,0.2631,1.8594,2.8906,N,N,08/2018,Analyst,false,false,true
Cyber Security Analyst,15-1212.00,Information Security Analysts,onet_essential_skills,skill,2.A.1.e,Mathematics,2.25,31.25,1,5,8,0.1637,1.9292,2.5708,N,,08/2018,Analyst,2.38,34.00,0,7,8,0.2631,1.8594,2.8906,N,N,08/2018,Analyst,false,false,true
Cyber Security Advice and Assessment Specialist,15-1212.00,Information Security Analysts,onet_essential_skills,skill,2.A.1.f,Science,1.88,22.00,1,5,8,0.2266,1.4309,2.3191,N,,08/2018,Analyst,1.62,23.14,0,7,8,0.3750,0.8900,2.3600,N,N,08/2018,Analyst,false,false,true
Cyber Security Analyst,15-1212.00,Information Security Analysts,onet_essential_skills,skill,2.A.1.f,Science,1.88,22.00,1,5,8,0.2266,1.4309,2.3191,N,,08/2018,Analyst,1.62,23.14,0,7,8,0.3750,0.8900,2.3600,N,N,08/2018,Analyst,false,false,true
Cyber Security Advice and Assessment Specialist,15-1212.00,Information Security Analysts,onet_essential_skills,skill,2.A.2.a,Critical Thinking,3.88,72.00,1,5,8,0.1250,3.6300,4.1200,N,,08/2018,Analyst,4.12,58.86,0,7,8,0.1250,3.8800,4.3700,N,N,08/2018,Analyst,false,false,true
Cyber Security Analyst,15-1212.00,Information Security Analysts,onet_essential_skills,skill,2.A.2.a,Critical Thinking,3.88,72.00,1,5,8,0.1250,3.6300,4.1200,N,,08/2018,Analyst,4.12,58.86,0,7,8,0.1250,3.8800,4.3700,N,N,08/2018,Analyst,false,false,true
Cyber Security Advice and Assessment Specialist,15-1212.00,Information Security Analysts,onet_essential_skills,skill,2.A.2.b,Active Learning,3.25,56.25,1,5,8,0.1637,2.9292,3.5708,N,,08/2018,Analyst,3.88,55.43,0,7,8,0.1250,3.6300,4.1200,N,N,08/2018,Analyst,false,false,true
Cyber Security Analyst,15-1212.00,Information Security Analysts,onet_essential_skills,skill,2.A.2.b,Active Learning,3.25,56.25,1,5,8,0.1637,2.9292,3.5708,N,,08/2018,Analyst,3.88,55.43,0,7,8,0.1250,3.6300,4.1200,N,N,08/2018,Analyst,false,false,true
Cyber Security Advice and Assessment Specialist,15-1212.00,Information Security Analysts,onet_essential_skills,skill,2.A.2.c,Learning Strategies,2.88,47.00,1,5,8,0.1250,2.6300,3.1200,N,,08/2018,Analyst,3.12,44.57,0,7,8,0.1250,2.8800,3.3700,N,N,08/2018,Analyst,false,false,true
Cyber Security Analyst,15-1212.00,Information Security Analysts,onet_essential_skills,skill,2.A.2.c,Learning Strategies,2.88,47.00,1,5,8,0.1250,2.6300,3.1200,N,,08/2018,Analyst,3.12,44.57,0,7,8,0.1250,2.8800,3.3700,N,N,08/2018,Analyst,false,false,true
Cyber Security Advice and Assessment Specialist,15-1212.00,Information Security Analysts,onet_essential_skills,skill,2.A.2.d,Monitoring,3.38,59.50,1,5,8,0.1830,3.0164,3.7336,N,,08/2018,Analyst,3.88,55.43,0,7,8,0.2266,3.4309,4.3191,N,N,08/2018,Analyst,false,false,true
Cyber Security Analyst,15-1212.00,Information Security Analysts,onet_essential_skills,skill,2.A.2.d,Monitoring,3.38,59.50,1,5,8,0.1830,3.0164,3.7336,N,,08/2018,Analyst,3.88,55.43,0,7,8,0.2266,3.4309,4.3191,N,N,08/2018,Analyst,false,false,true
Data Architect,15-1243.00,Database Architects,onet_essential_skills,skill,2.A.1.a,Reading Comprehension,3.88,72.00,1,5,8,0.1250,3.6300,4.1200,N,,08/2023,Analyst,4.12,58.86,0,7,8,0.1250,3.8800,4.3700,N,N,08/2023,Analyst,false,false,true
Data Architect,15-1243.00,Database Architects,onet_essential_skills,skill,2.A.1.b,Active Listening,3.50,62.50,1,5,8,0.1890,3.1296,3.8704,N,,08/2023,Analyst,3.75,53.57,0,7,8,0.1637,3.4292,4.0708,N,N,08/2023,Analyst,false,false,true
Data Architect,15-1243.00,Database Architects,onet_essential_skills,skill,2.A.1.c,Writing,3.12,53.00,1,5,8,0.1250,2.8800,3.3700,N,,08/2023,Analyst,3.88,55.43,0,7,8,0.1250,3.6300,4.1200,N,N,08/2023,Analyst,false,false,true
Data Architect,15-1243.00,Database Architects,onet_essential_skills,skill,2.A.1.d,Speaking,3.50,62.50,1,5,8,0.1890,3.1296,3.8704,N,,08/2023,Analyst,3.88,55.43,0,7,8,0.1250,3.6300,4.1200,N,N,08/2023,Analyst,false,false,true
Data Architect,15-1243.00,Database Architects,onet_essential_skills,skill,2.A.1.e,Mathematics,3.00,50.00,1,5,8,0.0000,3.0000,3.0000,N,,08/2023,Analyst,3.12,44.57,0,7,8,0.1250,2.8800,3.3700,N,N,08/2023,Analyst,false,false,true
Data Architect,15-1243.00,Database Architects,onet_essential_skills,skill,2.A.1.f,Science,1.88,22.00,1,5,8,0.1250,1.6300,2.1200,N,,08/2023,Analyst,1.75,25.00,0,7,8,0.3134,1.1358,2.3642,N,N,08/2023,Analyst,false,false,true
Data Architect,15-1243.00,Database Architects,onet_essential_skills,skill,2.A.2.a,Critical Thinking,3.88,72.00,1,5,8,0.1250,3.6300,4.1200,N,,08/2023,Analyst,3.88,55.43,0,7,8,0.1250,3.6300,4.1200,N,N,08/2023,Analyst,false,false,true
Data Architect,15-1243.00,Database Architects,onet_essential_skills,skill,2.A.2.b,Active Learning,3.25,56.25,1,5,8,0.1637,2.9292,3.5708,N,,08/2023,Analyst,3.62,51.71,0,7,8,0.1830,3.2664,3.9836,N,N,08/2023,Analyst,false,false,true
Data Architect,15-1243.00,Database Architects,onet_essential_skills,skill,2.A.2.c,Learning Strategies,2.88,47.00,1,5,8,0.1250,2.6300,3.1200,N,,08/2023,Analyst,3.00,42.86,0,7,8,0.0000,3.0000,3.0000,N,N,08/2023,Analyst,false,false,true
Data Architect,15-1243.00,Database Architects,onet_essential_skills,skill,2.A.2.d,Monitoring,3.12,53.00,1,5,8,0.1250,2.8800,3.3700,N,,08/2023,Analyst,3.62,51.71,0,7,8,0.1830,3.2664,3.9836,N,N,08/2023,Analyst,false,false,true
Data Engineer,15-1243.01,Data Warehousing Specialists,onet_essential_skills,skill,2.A.1.a,Reading Comprehension,3.88,72.00,1,5,8,0.1250,3.6300,4.1200,N,,08/2018,Analyst,4.00,57.14,0,7,8,0.0000,4.0000,4.0000,N,N,08/2018,Analyst,false,false,true
Data Engineer,15-1243.01,Data Warehousing Specialists,onet_essential_skills,skill,2.A.1.b,Active Listening,3.50,62.50,1,5,8,0.2673,2.9762,4.0238,N,,08/2018,Analyst,3.62,51.71,0,7,8,0.2631,3.1094,4.1406,N,N,08/2018,Analyst,false,false,true
Data Engineer,15-1243.01,Data Warehousing Specialists,onet_essential_skills,skill,2.A.1.c,Writing,3.25,56.25,1,5,8,0.1637,2.9292,3.5708,N,,08/2018,Analyst,3.38,48.29,0,7,8,0.2631,2.8594,3.8906,N,N,08/2018,Analyst,false,false,true
Data Engineer,15-1243.01,Data Warehousing Specialists,onet_essential_skills,skill,2.A.1.d,Speaking,3.38,59.50,1,5,8,0.1830,3.0164,3.7336,N,,08/2018,Analyst,3.62,51.71,0,7,8,0.1830,3.2664,3.9836,N,N,08/2018,Analyst,false,false,true
Data Engineer,15-1243.01,Data Warehousing Specialists,onet_essential_skills,skill,2.A.1.e,Mathematics,3.00,50.00,1,5,8,0.0000,3.0000,3.0000,N,,08/2018,Analyst,3.25,46.43,0,7,8,0.1637,2.9292,3.5708,N,N,08/2018,Analyst,false,false,true
Data Engineer,15-1243.01,Data Warehousing Specialists,onet_essential_skills,skill,2.A.1.f,Science,1.88,22.00,1,5,8,0.3504,1.1883,2.5617,N,,08/2018,Analyst,1.25,17.86,0,7,8,0.5261,0.2188,2.2812,Y,N,08/2018,Analyst,true,false,false
Data Engineer,15-1243.01,Data Warehousing Specialists,onet_essential_skills,skill,2.A.2.a,Critical Thinking,3.88,72.00,1,5,8,0.1250,3.6300,4.1200,N,,08/2018,Analyst,3.88,55.43,0,7,8,0.1250,3.6300,4.1200,N,N,08/2018,Analyst,false,false,true
Data Engineer,15-1243.01,Data Warehousing Specialists,onet_essential_skills,skill,2.A.2.b,Active Learning,3.00,50.00,1,5,8,0.0000,3.0000,3.0000,N,,08/2018,Analyst,3.25,46.43,0,7,8,0.1637,2.9292,3.5708,N,N,08/2018,Analyst,false,false,true
Data Engineer,15-1243.01,Data Warehousing Specialists,onet_essential_skills,skill,2.A.2.c,Learning Strategies,2.62,40.50,1,5,8,0.1830,2.2664,2.9836,N,,08/2018,Analyst,2.75,39.29,0,7,8,0.1637,2.4292,3.0708,N,N,08/2018,Analyst,false,false,true
Data Engineer,15-1243.01,Data Warehousing Specialists,onet_essential_skills,skill,2.A.2.d,Monitoring,2.88,47.00,1,5,8,0.1250,2.6300,3.1200,N,,08/2018,Analyst,3.12,44.57,0,7,8,0.2266,2.6809,3.5691,N,N,08/2018,Analyst,false,false,true
DevOps Engineer,15-1252.00,Software Developers,onet_essential_skills,skill,2.A.1.a,Reading Comprehension,3.50,62.50,1,5,8,0.1890,3.1296,3.8704,N,,08/2025,Analyst,4.25,60.71,0,7,8,0.2500,3.7600,4.7400,N,N,08/2025,Analyst,false,false,true
Software Engineer,15-1252.00,Software Developers,onet_essential_skills,skill,2.A.1.a,Reading Comprehension,3.50,62.50,1,5,8,0.1890,3.1296,3.8704,N,,08/2025,Analyst,4.25,60.71,0,7,8,0.2500,3.7600,4.7400,N,N,08/2025,Analyst,false,false,true
DevOps Engineer,15-1252.00,Software Developers,onet_essential_skills,skill,2.A.1.b,Active Listening,3.38,59.50,1,5,8,0.1830,3.0164,3.7336,N,,08/2025,Analyst,3.88,55.43,0,7,8,0.2266,3.4309,4.3191,N,N,08/2025,Analyst,false,false,true
Software Engineer,15-1252.00,Software Developers,onet_essential_skills,skill,2.A.1.b,Active Listening,3.38,59.50,1,5,8,0.1830,3.0164,3.7336,N,,08/2025,Analyst,3.88,55.43,0,7,8,0.2266,3.4309,4.3191,N,N,08/2025,Analyst,false,false,true
DevOps Engineer,15-1252.00,Software Developers,onet_essential_skills,skill,2.A.1.c,Writing,3.25,56.25,1,5,8,0.1637,2.9292,3.5708,N,,08/2025,Analyst,3.62,51.71,0,7,8,0.1830,3.2664,3.9836,N,N,08/2025,Analyst,false,false,true
Software Engineer,15-1252.00,Software Developers,onet_essential_skills,skill,2.A.1.c,Writing,3.25,56.25,1,5,8,0.1637,2.9292,3.5708,N,,08/2025,Analyst,3.62,51.71,0,7,8,0.1830,3.2664,3.9836,N,N,08/2025,Analyst,false,false,true
DevOps Engineer,15-1252.00,Software Developers,onet_essential_skills,skill,2.A.1.d,Speaking,3.12,53.00,1,5,8,0.1250,2.8800,3.3700,N,,08/2025,Analyst,3.62,51.71,0,7,8,0.1830,3.2664,3.9836,N,N,08/2025,Analyst,false,false,true
Software Engineer,15-1252.00,Software Developers,onet_essential_skills,skill,2.A.1.d,Speaking,3.12,53.00,1,5,8,0.1250,2.8800,3.3700,N,,08/2025,Analyst,3.62,51.71,0,7,8,0.1830,3.2664,3.9836,N,N,08/2025,Analyst,false,false,true
DevOps Engineer,15-1252.00,Software Developers,onet_essential_skills,skill,2.A.1.e,Mathematics,2.75,43.75,1,5,8,0.2500,2.2600,3.2400,N,,08/2025,Analyst,3.25,46.43,0,7,8,0.3134,2.6358,3.8642,N,N,08/2025,Analyst,false,false,true
Software Engineer,15-1252.00,Software Developers,onet_essential_skills,skill,2.A.1.e,Mathematics,2.75,43.75,1,5,8,0.2500,2.2600,3.2400,N,,08/2025,Analyst,3.25,46.43,0,7,8,0.3134,2.6358,3.8642,N,N,08/2025,Analyst,false,false,true
DevOps Engineer,15-1252.00,Software Developers,onet_essential_skills,skill,2.A.1.f,Science,2.12,28.00,1,5,8,0.3981,1.3447,2.9053,N,,08/2025,Analyst,1.88,26.86,0,7,8,0.6105,0.6783,3.0717,Y,N,08/2025,Analyst,true,false,false
Software Engineer,15-1252.00,Software Developers,onet_essential_skills,skill,2.A.1.f,Science,2.12,28.00,1,5,8,0.3981,1.3447,2.9053,N,,08/2025,Analyst,1.88,26.86,0,7,8,0.6105,0.6783,3.0717,Y,N,08/2025,Analyst,true,false,false
DevOps Engineer,15-1252.00,Software Developers,onet_essential_skills,skill,2.A.2.a,Critical Thinking,3.88,72.00,1,5,8,0.2266,3.4309,4.3191,N,,08/2025,Analyst,4.12,58.86,0,7,8,0.2266,3.6809,4.5691,N,N,08/2025,Analyst,false,false,true
Software Engineer,15-1252.00,Software Developers,onet_essential_skills,skill,2.A.2.a,Critical Thinking,3.88,72.00,1,5,8,0.2266,3.4309,4.3191,N,,08/2025,Analyst,4.12,58.86,0,7,8,0.2266,3.6809,4.5691,N,N,08/2025,Analyst,false,false,true
DevOps Engineer,15-1252.00,Software Developers,onet_essential_skills,skill,2.A.2.b,Active Learning,3.50,62.50,1,5,8,0.1890,3.1296,3.8704,N,,08/2025,Analyst,3.62,51.71,0,7,8,0.2631,3.1094,4.1406,N,N,08/2025,Analyst,false,false,true
Software Engineer,15-1252.00,Software Developers,onet_essential_skills,skill,2.A.2.b,Active Learning,3.50,62.50,1,5,8,0.1890,3.1296,3.8704,N,,08/2025,Analyst,3.62,51.71,0,7,8,0.2631,3.1094,4.1406,N,N,08/2025,Analyst,false,false,true
DevOps Engineer,15-1252.00,Software Developers,onet_essential_skills,skill,2.A.2.c,Learning Strategies,2.62,40.50,1,5,8,0.1830,2.2664,2.9836,N,,08/2025,Analyst,3.12,44.57,0,7,8,0.1250,2.8800,3.3700,N,N,08/2025,Analyst,false,false,true
Software Engineer,15-1252.00,Software Developers,onet_essential_skills,skill,2.A.2.c,Learning Strategies,2.62,40.50,1,5,8,0.1830,2.2664,2.9836,N,,08/2025,Analyst,3.12,44.57,0,7,8,0.1250,2.8800,3.3700,N,N,08/2025,Analyst,false,false,true
DevOps Engineer,15-1252.00,Software Developers,onet_essential_skills,skill,2.A.2.d,Monitoring,3.00,50.00,1,5,8,0.0000,3.0000,3.0000,N,,08/2025,Analyst,3.50,50.00,0,7,8,0.1890,3.1296,3.8704,N,N,08/2025,Analyst,false,false,true
Software Engineer,15-1252.00,Software Developers,onet_essential_skills,skill,2.A.2.d,Monitoring,3.00,50.00,1,5,8,0.0000,3.0000,3.0000,N,,08/2025,Analyst,3.50,50.00,0,7,8,0.1890,3.1296,3.8704,N,N,08/2025,Analyst,false,false,true
UI / UX Designer,15-1255.00,Web and Digital Interface Designers,onet_essential_skills,skill,2.A.1.a,Reading Comprehension,3.75,68.75,1,5,8,0.2500,3.2600,4.2400,N,,08/2026,Analyst,3.75,53.57,0,7,8,0.2500,3.2600,4.2400,N,N,08/2026,Analyst,false,false,true
Web Designer,15-1255.00,Web and Digital Interface Designers,onet_essential_skills,skill,2.A.1.a,Reading Comprehension,3.75,68.75,1,5,8,0.2500,3.2600,4.2400,N,,08/2026,Analyst,3.75,53.57,0,7,8,0.2500,3.2600,4.2400,N,N,08/2026,Analyst,false,false,true
UI / UX Designer,15-1255.00,Web and Digital Interface Designers,onet_essential_skills,skill,2.A.1.b,Active Listening,3.38,59.50,1,5,8,0.1830,3.0164,3.7336,N,,08/2026,Analyst,3.50,50.00,0,7,8,0.2673,2.9762,4.0238,N,N,08/2026,Analyst,false,false,true
Web Designer,15-1255.00,Web and Digital Interface Designers,onet_essential_skills,skill,2.A.1.b,Active Listening,3.38,59.50,1,5,8,0.1830,3.0164,3.7336,N,,08/2026,Analyst,3.50,50.00,0,7,8,0.2673,2.9762,4.0238,N,N,08/2026,Analyst,false,false,true
UI / UX Designer,15-1255.00,Web and Digital Interface Designers,onet_essential_skills,skill,2.A.1.c,Writing,3.12,53.00,1,5,8,0.1250,2.8800,3.3700,N,,08/2026,Analyst,3.50,50.00,0,7,8,0.1890,3.1296,3.8704,N,N,08/2026,Analyst,false,false,true
Web Designer,15-1255.00,Web and Digital Interface Designers,onet_essential_skills,skill,2.A.1.c,Writing,3.12,53.00,1,5,8,0.1250,2.8800,3.3700,N,,08/2026,Analyst,3.50,50.00,0,7,8,0.1890,3.1296,3.8704,N,N,08/2026,Analyst,false,false,true
UI / UX Designer,15-1255.00,Web and Digital Interface Designers,onet_essential_skills,skill,2.A.1.d,Speaking,3.12,53.00,1,5,8,0.1250,2.8800,3.3700,N,,08/2026,Analyst,3.38,48.29,0,7,8,0.2631,2.8594,3.8906,N,N,08/2026,Analyst,false,false,true
Web Designer,15-1255.00,Web and Digital Interface Designers,onet_essential_skills,skill,2.A.1.d,Speaking,3.12,53.00,1,5,8,0.1250,2.8800,3.3700,N,,08/2026,Analyst,3.38,48.29,0,7,8,0.2631,2.8594,3.8906,N,N,08/2026,Analyst,false,false,true
UI / UX Designer,15-1255.00,Web and Digital Interface Designers,onet_essential_skills,skill,2.A.1.e,Mathematics,2.38,34.50,1,5,8,0.1830,2.0164,2.7336,N,,08/2026,Analyst,2.50,35.71,0,7,8,0.1890,2.1296,2.8704,N,N,08/2026,Analyst,false,false,true
Web Designer,15-1255.00,Web and Digital Interface Designers,onet_essential_skills,skill,2.A.1.e,Mathematics,2.38,34.50,1,5,8,0.1830,2.0164,2.7336,N,,08/2026,Analyst,2.50,35.71,0,7,8,0.1890,2.1296,2.8704,N,N,08/2026,Analyst,false,false,true
UI / UX Designer,15-1255.00,Web and Digital Interface Designers,onet_essential_skills,skill,2.A.1.f,Science,1.88,22.00,1,5,8,0.4795,1.0000,2.8148,N,,08/2026,Analyst,1.00,14.29,0,7,8,0.5669,0.0000,2.1112,Y,N,08/2026,Analyst,true,false,false
Web Designer,15-1255.00,Web and Digital Interface Designers,onet_essential_skills,skill,2.A.1.f,Science,1.88,22.00,1,5,8,0.4795,1.0000,2.8148,N,,08/2026,Analyst,1.00,14.29,0,7,8,0.5669,0.0000,2.1112,Y,N,08/2026,Analyst,true,false,false
UI / UX Designer,15-1255.00,Web and Digital Interface Designers,onet_essential_skills,skill,2.A.2.a,Critical Thinking,3.50,62.50,1,5,8,0.2673,2.9762,4.0238,N,,08/2026,Analyst,3.50,50.00,0,7,8,0.2673,2.9762,4.0238,N,N,08/2026,Analyst,false,false,true
Web Designer,15-1255.00,Web and Digital Interface Designers,onet_essential_skills,skill,2.A.2.a,Critical Thinking,3.50,62.50,1,5,8,0.2673,2.9762,4.0238,N,,08/2026,Analyst,3.50,50.00,0,7,8,0.2673,2.9762,4.0238,N,N,08/2026,Analyst,false,false,true
UI / UX Designer,15-1255.00,Web and Digital Interface Designers,onet_essential_skills,skill,2.A.2.b,Active Learning,3.38,59.50,1,5,8,0.2631,2.8594,3.8906,N,,08/2026,Analyst,3.38,48.29,0,7,8,0.3239,2.7402,4.0098,N,N,08/2026,Analyst,false,false,true
Web Designer,15-1255.00,Web and Digital Interface Designers,onet_essential_skills,skill,2.A.2.b,Active Learning,3.38,59.50,1,5,8,0.2631,2.8594,3.8906,N,,08/2026,Analyst,3.38,48.29,0,7,8,0.3239,2.7402,4.0098,N,N,08/2026,Analyst,false,false,true
UI / UX Designer,15-1255.00,Web and Digital Interface Designers,onet_essential_skills,skill,2.A.2.c,Learning Strategies,2.62,40.50,1,5,8,0.2631,2.1094,3.1406,N,,08/2026,Analyst,2.50,35.71,0,7,8,0.3273,1.8584,3.1416,N,N,08/2026,Analyst,false,false,true
Web Designer,15-1255.00,Web and Digital Interface Designers,onet_essential_skills,skill,2.A.2.c,Learning Strategies,2.62,40.50,1,5,8,0.2631,2.1094,3.1406,N,,08/2026,Analyst,2.50,35.71,0,7,8,0.3273,1.8584,3.1416,N,N,08/2026,Analyst,false,false,true
UI / UX Designer,15-1255.00,Web and Digital Interface Designers,onet_essential_skills,skill,2.A.2.d,Monitoring,3.12,53.00,1,5,8,0.1250,2.8800,3.3700,N,,08/2026,Analyst,3.38,48.29,0,7,8,0.2631,2.8594,3.8906,N,N,08/2026,Analyst,false,false,true
Web Designer,15-1255.00,Web and Digital Interface Designers,onet_essential_skills,skill,2.A.2.d,Monitoring,3.12,53.00,1,5,8,0.1250,2.8800,3.3700,N,,08/2026,Analyst,3.38,48.29,0,7,8,0.2631,2.8594,3.8906,N,N,08/2026,Analyst,false,false,true
Cyber Security Architect,15-1299.05,Information Security Engineers,onet_essential_skills,skill,2.A.1.a,Reading Comprehension,4.12,78.00,1,5,8,0.2950,3.5467,4.7033,N,,08/2025,Analyst,4.38,62.57,0,7,8,0.2631,3.8594,4.8906,N,N,08/2025,Analyst,false,false,true
Cyber Security Engineer,15-1299.05,Information Security Engineers,onet_essential_skills,skill,2.A.1.a,Reading Comprehension,4.12,78.00,1,5,8,0.2950,3.5467,4.7033,N,,08/2025,Analyst,4.38,62.57,0,7,8,0.2631,3.8594,4.8906,N,N,08/2025,Analyst,false,false,true
Cyber Security Architect,15-1299.05,Information Security Engineers,onet_essential_skills,skill,2.A.1.b,Active Listening,3.88,72.00,1,5,8,0.2266,3.4309,4.3191,N,,08/2025,Analyst,4.12,58.86,0,7,8,0.2266,3.6809,4.5691,N,N,08/2025,Analyst,false,false,true
Cyber Security Engineer,15-1299.05,Information Security Engineers,onet_essential_skills,skill,2.A.1.b,Active Listening,3.88,72.00,1,5,8,0.2266,3.4309,4.3191,N,,08/2025,Analyst,4.12,58.86,0,7,8,0.2266,3.6809,4.5691,N,N,08/2025,Analyst,false,false,true
Cyber Security Architect,15-1299.05,Information Security Engineers,onet_essential_skills,skill,2.A.1.c,Writing,3.62,65.50,1,5,8,0.2631,3.1094,4.1406,N,,08/2025,Analyst,4.12,58.86,0,7,8,0.2266,3.6809,4.5691,N,N,08/2025,Analyst,false,false,true
Cyber Security Engineer,15-1299.05,Information Security Engineers,onet_essential_skills,skill,2.A.1.c,Writing,3.62,65.50,1,5,8,0.2631,3.1094,4.1406,N,,08/2025,Analyst,4.12,58.86,0,7,8,0.2266,3.6809,4.5691,N,N,08/2025,Analyst,false,false,true
Cyber Security Architect,15-1299.05,Information Security Engineers,onet_essential_skills,skill,2.A.1.d,Speaking,3.50,62.50,1,5,8,0.1890,3.1296,3.8704,N,,08/2025,Analyst,4.12,58.86,0,7,8,0.2950,3.5467,4.7033,N,N,08/2025,Analyst,false,false,true
Cyber Security Engineer,15-1299.05,Information Security Engineers,onet_essential_skills,skill,2.A.1.d,Speaking,3.50,62.50,1,5,8,0.1890,3.1296,3.8704,N,,08/2025,Analyst,4.12,58.86,0,7,8,0.2950,3.5467,4.7033,N,N,08/2025,Analyst,false,false,true
Cyber Security Architect,15-1299.05,Information Security Engineers,onet_essential_skills,skill,2.A.1.e,Mathematics,2.38,34.50,1,5,8,0.1830,2.0164,2.7336,N,,08/2025,Analyst,2.62,37.43,0,7,8,0.1830,2.2664,2.9836,N,N,08/2025,Analyst,false,false,true
Cyber Security Engineer,15-1299.05,Information Security Engineers,onet_essential_skills,skill,2.A.1.e,Mathematics,2.38,34.50,1,5,8,0.1830,2.0164,2.7336,N,,08/2025,Analyst,2.62,37.43,0,7,8,0.1830,2.2664,2.9836,N,N,08/2025,Analyst,false,false,true
Cyber Security Architect,15-1299.05,Information Security Engineers,onet_essential_skills,skill,2.A.1.f,Science,1.75,18.75,1,5,8,0.2500,1.2600,2.2400,N,,08/2025,Analyst,1.75,25.00,0,7,8,0.5590,0.6543,2.8457,Y,N,08/2025,Analyst,true,false,false
Cyber Security Engineer,15-1299.05,Information Security Engineers,onet_essential_skills,skill,2.A.1.f,Science,1.75,18.75,1,5,8,0.2500,1.2600,2.2400,N,,08/2025,Analyst,1.75,25.00,0,7,8,0.5590,0.6543,2.8457,Y,N,08/2025,Analyst,true,false,false
Cyber Security Architect,15-1299.05,Information Security Engineers,onet_essential_skills,skill,2.A.2.a,Critical Thinking,4.00,75.00,1,5,8,0.2673,3.4762,4.5238,N,,08/2025,Analyst,4.12,58.86,0,7,8,0.2950,3.5467,4.7033,N,N,08/2025,Analyst,false,false,true
Cyber Security Engineer,15-1299.05,Information Security Engineers,onet_essential_skills,skill,2.A.2.a,Critical Thinking,4.00,75.00,1,5,8,0.2673,3.4762,4.5238,N,,08/2025,Analyst,4.12,58.86,0,7,8,0.2950,3.5467,4.7033,N,N,08/2025,Analyst,false,false,true
Cyber Security Architect,15-1299.05,Information Security Engineers,onet_essential_skills,skill,2.A.2.b,Active Learning,3.25,56.25,1,5,8,0.2500,2.7600,3.7400,N,,08/2025,Analyst,3.62,51.71,0,7,8,0.2631,3.1094,4.1406,N,N,08/2025,Analyst,false,false,true
Cyber Security Engineer,15-1299.05,Information Security Engineers,onet_essential_skills,skill,2.A.2.b,Active Learning,3.25,56.25,1,5,8,0.2500,2.7600,3.7400,N,,08/2025,Analyst,3.62,51.71,0,7,8,0.2631,3.1094,4.1406,N,N,08/2025,Analyst,false,false,true
Cyber Security Architect,15-1299.05,Information Security Engineers,onet_essential_skills,skill,2.A.2.c,Learning Strategies,2.88,47.00,1,5,8,0.2266,2.4309,3.3191,N,,08/2025,Analyst,3.12,44.57,0,7,8,0.1250,2.8800,3.3700,N,N,08/2025,Analyst,false,false,true
Cyber Security Engineer,15-1299.05,Information Security Engineers,onet_essential_skills,skill,2.A.2.c,Learning Strategies,2.88,47.00,1,5,8,0.2266,2.4309,3.3191,N,,08/2025,Analyst,3.12,44.57,0,7,8,0.1250,2.8800,3.3700,N,N,08/2025,Analyst,false,false,true
Cyber Security Architect,15-1299.05,Information Security Engineers,onet_essential_skills,skill,2.A.2.d,Monitoring,3.62,65.50,1,5,8,0.2631,3.1094,4.1406,N,,08/2025,Analyst,3.88,55.43,0,7,8,0.2950,3.2967,4.4533,N,N,08/2025,Analyst,false,false,true
Cyber Security Engineer,15-1299.05,Information Security Engineers,onet_essential_skills,skill,2.A.2.d,Monitoring,3.62,65.50,1,5,8,0.2631,3.1094,4.1406,N,,08/2025,Analyst,3.88,55.43,0,7,8,0.2950,3.2967,4.4533,N,N,08/2025,Analyst,false,false,true
Cloud Engineer,15-1299.08,Computer Systems Engineers/Architects,onet_essential_skills,skill,2.A.1.a,Reading Comprehension,4.00,75.00,1,5,8,0.0000,4.0000,4.0000,N,,08/2024,Analyst,4.00,57.14,0,7,8,0.0000,4.0000,4.0000,N,N,08/2024,Analyst,false,false,true
Cloud Engineer,15-1299.08,Computer Systems Engineers/Architects,onet_essential_skills,skill,2.A.1.b,Active Listening,4.00,75.00,1,5,8,0.0000,4.0000,4.0000,N,,08/2024,Analyst,4.00,57.14,0,7,8,0.0000,4.0000,4.0000,N,N,08/2024,Analyst,false,false,true
Cloud Engineer,15-1299.08,Computer Systems Engineers/Architects,onet_essential_skills,skill,2.A.1.c,Writing,3.88,72.00,1,5,8,0.1250,3.6300,4.1200,N,,08/2024,Analyst,4.00,57.14,0,7,8,0.0000,4.0000,4.0000,N,N,08/2024,Analyst,false,false,true
Cloud Engineer,15-1299.08,Computer Systems Engineers/Architects,onet_essential_skills,skill,2.A.1.d,Speaking,3.88,72.00,1,5,8,0.1250,3.6300,4.1200,N,,08/2024,Analyst,4.00,57.14,0,7,8,0.0000,4.0000,4.0000,N,N,08/2024,Analyst,false,false,true
Cloud Engineer,15-1299.08,Computer Systems Engineers/Architects,onet_essential_skills,skill,2.A.1.e,Mathematics,3.00,50.00,1,5,8,0.0000,3.0000,3.0000,N,,08/2024,Analyst,3.12,44.57,0,7,8,0.1250,2.8800,3.3700,N,N,08/2024,Analyst,false,false,true
Cloud Engineer,15-1299.08,Computer Systems Engineers/Architects,onet_essential_skills,skill,2.A.1.f,Science,3.00,50.00,1,5,8,0.0000,3.0000,3.0000,N,,08/2024,Analyst,3.12,44.57,0,7,8,0.1250,2.8800,3.3700,N,N,08/2024,Analyst,false,false,true
Cloud Engineer,15-1299.08,Computer Systems Engineers/Architects,onet_essential_skills,skill,2.A.2.a,Critical Thinking,4.00,75.00,1,5,8,0.0000,4.0000,4.0000,N,,08/2024,Analyst,4.00,57.14,0,7,8,0.0000,4.0000,4.0000,N,N,08/2024,Analyst,false,false,true
Cloud Engineer,15-1299.08,Computer Systems Engineers/Architects,onet_essential_skills,skill,2.A.2.b,Active Learning,3.62,65.50,1,5,8,0.1830,3.2664,3.9836,N,,08/2024,Analyst,4.12,58.86,0,7,8,0.1250,3.8800,4.3700,N,N,08/2024,Analyst,false,false,true
Cloud Engineer,15-1299.08,Computer Systems Engineers/Architects,onet_essential_skills,skill,2.A.2.c,Learning Strategies,3.00,50.00,1,5,8,0.0000,3.0000,3.0000,N,,08/2024,Analyst,3.12,44.57,0,7,8,0.1250,2.8800,3.3700,N,N,08/2024,Analyst,false,false,true
Cloud Engineer,15-1299.08,Computer Systems Engineers/Architects,onet_essential_skills,skill,2.A.2.d,Monitoring,3.50,62.50,1,5,8,0.1890,3.1296,3.8704,N,,08/2024,Analyst,3.88,55.43,0,7,8,0.1250,3.6300,4.1200,N,N,08/2024,Analyst,false,false,true
Data Scientist,15-2051.00,Data Scientists,onet_essential_skills,skill,2.A.1.a,Reading Comprehension,3.88,72.00,1,5,8,0.1250,3.6300,4.1200,N,,08/2026,Analyst,4.62,66.00,0,7,8,0.2631,4.1094,5.1406,N,N,08/2026,Analyst,false,false,true
Data Scientist,15-2051.00,Data Scientists,onet_essential_skills,skill,2.A.1.b,Active Listening,3.50,62.50,1,5,8,0.1890,3.1296,3.8704,N,,08/2026,Analyst,3.75,53.57,0,7,8,0.2500,3.2600,4.2400,N,N,08/2026,Analyst,false,false,true
Data Scientist,15-2051.00,Data Scientists,onet_essential_skills,skill,2.A.1.c,Writing,3.50,62.50,1,5,8,0.1890,3.1296,3.8704,N,,08/2026,Analyst,4.12,58.86,0,7,8,0.2266,3.6809,4.5691,N,N,08/2026,Analyst,false,false,true
Data Scientist,15-2051.00,Data Scientists,onet_essential_skills,skill,2.A.1.d,Speaking,3.62,65.50,1,5,8,0.1830,3.2664,3.9836,N,,08/2026,Analyst,3.75,53.57,0,7,8,0.1637,3.4292,4.0708,N,N,08/2026,Analyst,false,false,true
Data Scientist,15-2051.00,Data Scientists,onet_essential_skills,skill,2.A.1.e,Mathematics,4.38,84.50,1,5,8,0.2631,3.8594,4.8906,N,,08/2026,Analyst,5.00,71.43,0,7,8,0.4226,4.1717,5.8283,N,N,08/2026,Analyst,false,false,true
Data Scientist,15-2051.00,Data Scientists,onet_essential_skills,skill,2.A.1.f,Science,2.50,37.50,1,5,8,0.4226,1.6717,3.3283,N,,08/2026,Analyst,2.12,30.29,0,7,8,0.5154,1.1148,3.1352,Y,N,08/2026,Analyst,true,false,false
Data Scientist,15-2051.00,Data Scientists,onet_essential_skills,skill,2.A.2.a,Critical Thinking,4.25,81.25,1,5,8,0.1637,3.9292,4.5708,N,,08/2026,Analyst,4.62,66.00,0,7,8,0.1830,4.2664,4.9836,N,N,08/2026,Analyst,false,false,true
Data Scientist,15-2051.00,Data Scientists,onet_essential_skills,skill,2.A.2.b,Active Learning,3.62,65.50,1,5,8,0.2631,3.1094,4.1406,N,,08/2026,Analyst,4.38,62.57,0,7,8,0.3750,3.6400,5.1100,N,N,08/2026,Analyst,false,false,true
Data Scientist,15-2051.00,Data Scientists,onet_essential_skills,skill,2.A.2.c,Learning Strategies,2.75,43.75,1,5,8,0.2500,2.2600,3.2400,N,,08/2026,Analyst,3.00,42.86,0,7,8,0.3273,2.3584,3.6416,N,N,08/2026,Analyst,false,false,true
Data Scientist,15-2051.00,Data Scientists,onet_essential_skills,skill,2.A.2.d,Monitoring,3.25,56.25,1,5,8,0.1637,2.9292,3.5708,N,,08/2026,Analyst,3.62,51.71,0,7,8,0.3750,2.8900,4.3600,N,N,08/2026,Analyst,false,false,true
Data Analyst,15-2051.01,Business Intelligence Analysts,onet_essential_skills,skill,2.A.1.a,Reading Comprehension,4.00,75.00,1,5,8,0.0000,4.0000,4.0000,N,,08/2024,Analyst,4.25,60.71,0,7,8,0.1637,3.9292,4.5708,N,N,08/2024,Analyst,false,false,true
Data Analyst,15-2051.01,Business Intelligence Analysts,onet_essential_skills,skill,2.A.1.b,Active Listening,3.88,72.00,1,5,8,0.1250,3.6300,4.1200,N,,08/2024,Analyst,4.00,57.14,0,7,8,0.0000,4.0000,4.0000,N,N,08/2024,Analyst,false,false,true
Data Analyst,15-2051.01,Business Intelligence Analysts,onet_essential_skills,skill,2.A.1.c,Writing,3.75,68.75,1,5,8,0.1637,3.4292,4.0708,N,,08/2024,Analyst,4.00,57.14,0,7,8,0.0000,4.0000,4.0000,N,N,08/2024,Analyst,false,false,true
Data Analyst,15-2051.01,Business Intelligence Analysts,onet_essential_skills,skill,2.A.1.d,Speaking,3.88,72.00,1,5,8,0.1250,3.6300,4.1200,N,,08/2024,Analyst,4.00,57.14,0,7,8,0.0000,4.0000,4.0000,N,N,08/2024,Analyst,false,false,true
Data Analyst,15-2051.01,Business Intelligence Analysts,onet_essential_skills,skill,2.A.1.e,Mathematics,3.50,62.50,1,5,8,0.1890,3.1296,3.8704,N,,08/2024,Analyst,3.88,55.43,0,7,8,0.2266,3.4309,4.3191,N,N,08/2024,Analyst,false,false,true
Data Analyst,15-2051.01,Business Intelligence Analysts,onet_essential_skills,skill,2.A.1.f,Science,1.62,15.50,1,5,8,0.1830,1.2664,1.9836,N,,08/2024,Analyst,0.75,10.71,0,7,8,0.2500,0.2600,1.2400,N,N,08/2024,Analyst,false,false,true
Data Analyst,15-2051.01,Business Intelligence Analysts,onet_essential_skills,skill,2.A.2.a,Critical Thinking,3.88,72.00,1,5,8,0.1250,3.6300,4.1200,N,,08/2024,Analyst,4.25,60.71,0,7,8,0.1637,3.9292,4.5708,N,N,08/2024,Analyst,false,false,true
Data Analyst,15-2051.01,Business Intelligence Analysts,onet_essential_skills,skill,2.A.2.b,Active Learning,3.88,72.00,1,5,8,0.1250,3.6300,4.1200,N,,08/2024,Analyst,4.12,58.86,0,7,8,0.1250,3.8800,4.3700,N,N,08/2024,Analyst,false,false,true
Data Analyst,15-2051.01,Business Intelligence Analysts,onet_essential_skills,skill,2.A.2.c,Learning Strategies,3.00,50.00,1,5,8,0.0000,3.0000,3.0000,N,,08/2024,Analyst,3.00,42.86,0,7,8,0.0000,3.0000,3.0000,N,N,08/2024,Analyst,false,false,true
Data Analyst,15-2051.01,Business Intelligence Analysts,onet_essential_skills,skill,2.A.2.d,Monitoring,3.12,53.00,1,5,8,0.1250,2.8800,3.3700,N,,08/2024,Analyst,3.25,46.43,0,7,8,0.1637,2.9292,3.5708,N,N,08/2024,Analyst,false,false,true
Civil Engineer,17-2051.00,Civil Engineers,onet_essential_skills,skill,2.A.1.a,Reading Comprehension,3.88,72.00,1,5,8,0.1250,3.6300,4.1200,N,,08/2021,Analyst,5.00,71.43,0,7,8,0.0000,5.0000,5.0000,N,N,08/2021,Analyst,false,false,true
Civil Engineer,17-2051.00,Civil Engineers,onet_essential_skills,skill,2.A.1.b,Active Listening,4.00,75.00,1,5,8,0.0000,4.0000,4.0000,N,,08/2021,Analyst,4.00,57.14,0,7,8,0.0000,4.0000,4.0000,N,N,08/2021,Analyst,false,false,true
Civil Engineer,17-2051.00,Civil Engineers,onet_essential_skills,skill,2.A.1.c,Writing,3.25,56.25,1,5,8,0.1637,2.9292,3.5708,N,,08/2021,Analyst,3.88,55.43,0,7,8,0.1250,3.6300,4.1200,N,N,08/2021,Analyst,false,false,true
Civil Engineer,17-2051.00,Civil Engineers,onet_essential_skills,skill,2.A.1.d,Speaking,3.88,72.00,1,5,8,0.1250,3.6300,4.1200,N,,08/2021,Analyst,3.88,55.43,0,7,8,0.1250,3.6300,4.1200,N,N,08/2021,Analyst,false,false,true
Civil Engineer,17-2051.00,Civil Engineers,onet_essential_skills,skill,2.A.1.e,Mathematics,3.88,72.00,1,5,8,0.1250,3.6300,4.1200,N,,08/2021,Analyst,4.75,67.86,0,7,8,0.3134,4.1358,5.3642,N,N,08/2021,Analyst,false,false,true
Civil Engineer,17-2051.00,Civil Engineers,onet_essential_skills,skill,2.A.1.f,Science,3.75,68.75,1,5,8,0.1637,3.4292,4.0708,N,,08/2021,Analyst,4.00,57.14,0,7,8,0.1890,3.6296,4.3704,N,N,08/2021,Analyst,false,false,true
Civil Engineer,17-2051.00,Civil Engineers,onet_essential_skills,skill,2.A.2.a,Critical Thinking,3.88,72.00,1,5,8,0.1250,3.6300,4.1200,N,,08/2021,Analyst,4.62,66.00,0,7,8,0.1830,4.2664,4.9836,N,N,08/2021,Analyst,false,false,true
Civil Engineer,17-2051.00,Civil Engineers,onet_essential_skills,skill,2.A.2.b,Active Learning,3.25,56.25,1,5,8,0.1637,2.9292,3.5708,N,,08/2021,Analyst,4.62,66.00,0,7,8,0.1830,4.2664,4.9836,N,N,08/2021,Analyst,false,false,true
Civil Engineer,17-2051.00,Civil Engineers,onet_essential_skills,skill,2.A.2.c,Learning Strategies,2.88,47.00,1,5,8,0.1250,2.6300,3.1200,N,,08/2021,Analyst,3.62,51.71,0,7,8,0.1830,3.2664,3.9836,N,N,08/2021,Analyst,false,false,true
Civil Engineer,17-2051.00,Civil Engineers,onet_essential_skills,skill,2.A.2.d,Monitoring,3.25,56.25,1,5,8,0.1637,2.9292,3.5708,N,,08/2021,Analyst,3.88,55.43,0,7,8,0.2266,3.4309,4.3191,N,N,08/2021,Analyst,false,false,true
Electrical Engineer,17-2071.00,Electrical Engineers,onet_essential_skills,skill,2.A.1.a,Reading Comprehension,4.00,75.00,1,5,8,0.0000,4.0000,4.0000,N,,08/2023,Analyst,4.38,62.57,0,7,8,0.1830,4.0164,4.7336,N,N,08/2023,Analyst,false,false,true
Electrical Engineer,17-2071.00,Electrical Engineers,onet_essential_skills,skill,2.A.1.b,Active Listening,3.88,72.00,1,5,8,0.1250,3.6300,4.1200,N,,08/2023,Analyst,4.12,58.86,0,7,8,0.1250,3.8800,4.3700,N,N,08/2023,Analyst,false,false,true
Electrical Engineer,17-2071.00,Electrical Engineers,onet_essential_skills,skill,2.A.1.c,Writing,4.12,78.00,1,5,8,0.1250,3.8800,4.3700,N,,08/2023,Analyst,4.25,60.71,0,7,8,0.1637,3.9292,4.5708,N,N,08/2023,Analyst,false,false,true
Electrical Engineer,17-2071.00,Electrical Engineers,onet_essential_skills,skill,2.A.1.d,Speaking,3.88,72.00,1,5,8,0.1250,3.6300,4.1200,N,,08/2023,Analyst,4.25,60.71,0,7,8,0.1637,3.9292,4.5708,N,N,08/2023,Analyst,false,false,true
Electrical Engineer,17-2071.00,Electrical Engineers,onet_essential_skills,skill,2.A.1.e,Mathematics,3.38,59.50,1,5,8,0.1830,3.0164,3.7336,N,,08/2023,Analyst,4.12,58.86,0,7,8,0.1250,3.8800,4.3700,N,N,08/2023,Analyst,false,false,true
Electrical Engineer,17-2071.00,Electrical Engineers,onet_essential_skills,skill,2.A.1.f,Science,3.00,50.00,1,5,8,0.0000,3.0000,3.0000,N,,08/2023,Analyst,3.62,51.71,0,7,8,0.2631,3.1094,4.1406,N,N,08/2023,Analyst,false,false,true
Electrical Engineer,17-2071.00,Electrical Engineers,onet_essential_skills,skill,2.A.2.a,Critical Thinking,4.00,75.00,1,5,8,0.0000,4.0000,4.0000,N,,08/2023,Analyst,4.12,58.86,0,7,8,0.1250,3.8800,4.3700,N,N,08/2023,Analyst,false,false,true
Electrical Engineer,17-2071.00,Electrical Engineers,onet_essential_skills,skill,2.A.2.b,Active Learning,3.88,72.00,1,5,8,0.2266,3.4309,4.3191,N,,08/2023,Analyst,3.88,55.43,0,7,8,0.2266,3.4309,4.3191,N,N,08/2023,Analyst,false,false,true
Electrical Engineer,17-2071.00,Electrical Engineers,onet_essential_skills,skill,2.A.2.c,Learning Strategies,3.00,50.00,1,5,8,0.0000,3.0000,3.0000,N,,08/2023,Analyst,3.00,42.86,0,7,8,0.0000,3.0000,3.0000,N,N,08/2023,Analyst,false,false,true
Electrical Engineer,17-2071.00,Electrical Engineers,onet_essential_skills,skill,2.A.2.d,Monitoring,3.50,62.50,1,5,8,0.1890,3.1296,3.8704,N,,08/2023,Analyst,3.88,55.43,0,7,8,0.2266,3.4309,4.3191,N,N,08/2023,Analyst,false,false,true
Industrial Engineer,17-2112.00,Industrial Engineers,onet_essential_skills,skill,2.A.1.a,Reading Comprehension,4.00,75.00,1,5,8,0.0000,4.0000,4.0000,N,,08/2020,Analyst,4.50,64.29,0,7,8,0.1890,4.1296,4.8704,N,N,08/2020,Analyst,false,false,true
Industrial Engineer,17-2112.00,Industrial Engineers,onet_essential_skills,skill,2.A.1.b,Active Listening,4.00,75.00,1,5,8,0.0000,4.0000,4.0000,N,,08/2020,Analyst,4.12,58.86,0,7,8,0.1250,3.8800,4.3700,N,N,08/2020,Analyst,false,false,true
Industrial Engineer,17-2112.00,Industrial Engineers,onet_essential_skills,skill,2.A.1.c,Writing,3.75,68.75,1,5,8,0.1637,3.4292,4.0708,N,,08/2020,Analyst,4.12,58.86,0,7,8,0.1250,3.8800,4.3700,N,N,08/2020,Analyst,false,false,true
Industrial Engineer,17-2112.00,Industrial Engineers,onet_essential_skills,skill,2.A.1.d,Speaking,3.88,72.00,1,5,8,0.1250,3.6300,4.1200,N,,08/2020,Analyst,4.12,58.86,0,7,8,0.1250,3.8800,4.3700,N,N,08/2020,Analyst,false,false,true
Industrial Engineer,17-2112.00,Industrial Engineers,onet_essential_skills,skill,2.A.1.e,Mathematics,3.25,56.25,1,5,8,0.1637,2.9292,3.5708,N,,08/2020,Analyst,3.88,55.43,0,7,8,0.2266,3.4309,4.3191,N,N,08/2020,Analyst,false,false,true
Industrial Engineer,17-2112.00,Industrial Engineers,onet_essential_skills,skill,2.A.1.f,Science,2.12,28.00,1,5,8,0.2266,1.6809,2.5691,N,,08/2020,Analyst,1.75,25.00,0,7,8,0.3134,1.1358,2.3642,N,N,08/2020,Analyst,false,false,true
Industrial Engineer,17-2112.00,Industrial Engineers,onet_essential_skills,skill,2.A.2.a,Critical Thinking,4.00,75.00,1,5,8,0.0000,4.0000,4.0000,N,,08/2020,Analyst,4.12,58.86,0,7,8,0.1250,3.8800,4.3700,N,N,08/2020,Analyst,false,false,true
Industrial Engineer,17-2112.00,Industrial Engineers,onet_essential_skills,skill,2.A.2.b,Active Learning,3.25,56.25,1,5,8,0.1637,2.9292,3.5708,N,,08/2020,Analyst,3.88,55.43,0,7,8,0.2266,3.4309,4.3191,N,N,08/2020,Analyst,false,false,true
Industrial Engineer,17-2112.00,Industrial Engineers,onet_essential_skills,skill,2.A.2.c,Learning Strategies,2.75,43.75,1,5,8,0.1637,2.4292,3.0708,N,,08/2020,Analyst,3.00,42.86,0,7,8,0.0000,3.0000,3.0000,N,N,08/2020,Analyst,false,false,true
Industrial Engineer,17-2112.00,Industrial Engineers,onet_essential_skills,skill,2.A.2.d,Monitoring,3.38,59.50,1,5,8,0.1830,3.0164,3.7336,N,,08/2020,Analyst,4.25,60.71,0,7,8,0.1637,3.9292,4.5708,N,N,08/2020,Analyst,false,false,true
Mechanical Engineer,17-2141.00,Mechanical Engineers,onet_essential_skills,skill,2.A.1.a,Reading Comprehension,3.88,72.00,1,5,8,0.1250,3.6300,4.1200,N,,08/2024,Analyst,4.75,67.86,0,7,8,0.1637,4.4292,5.0708,N,N,08/2024,Analyst,false,false,true
Mechanical Engineer,17-2141.00,Mechanical Engineers,onet_essential_skills,skill,2.A.1.b,Active Listening,3.88,72.00,1,5,8,0.1250,3.6300,4.1200,N,,08/2024,Analyst,4.00,57.14,0,7,8,0.0000,4.0000,4.0000,N,N,08/2024,Analyst,false,false,true
Mechanical Engineer,17-2141.00,Mechanical Engineers,onet_essential_skills,skill,2.A.1.c,Writing,3.38,59.50,1,5,8,0.1830,3.0164,3.7336,N,,08/2024,Analyst,4.00,57.14,0,7,8,0.0000,4.0000,4.0000,N,N,08/2024,Analyst,false,false,true
Mechanical Engineer,17-2141.00,Mechanical Engineers,onet_essential_skills,skill,2.A.1.d,Speaking,3.38,59.50,1,5,8,0.1830,3.0164,3.7336,N,,08/2024,Analyst,3.88,55.43,0,7,8,0.1250,3.6300,4.1200,N,N,08/2024,Analyst,false,false,true
Mechanical Engineer,17-2141.00,Mechanical Engineers,onet_essential_skills,skill,2.A.1.e,Mathematics,3.75,68.75,1,5,8,0.1637,3.4292,4.0708,N,,08/2024,Analyst,4.50,64.29,0,7,8,0.1890,4.1296,4.8704,N,N,08/2024,Analyst,false,false,true
Mechanical Engineer,17-2141.00,Mechanical Engineers,onet_essential_skills,skill,2.A.1.f,Science,3.75,68.75,1,5,8,0.1637,3.4292,4.0708,N,,08/2024,Analyst,4.50,64.29,0,7,8,0.1890,4.1296,4.8704,N,N,08/2024,Analyst,false,false,true
Mechanical Engineer,17-2141.00,Mechanical Engineers,onet_essential_skills,skill,2.A.2.a,Critical Thinking,3.88,72.00,1,5,8,0.1250,3.6300,4.1200,N,,08/2024,Analyst,4.12,58.86,0,7,8,0.1250,3.8800,4.3700,N,N,08/2024,Analyst,false,false,true
Mechanical Engineer,17-2141.00,Mechanical Engineers,onet_essential_skills,skill,2.A.2.b,Active Learning,3.50,62.50,1,5,8,0.1890,3.1296,3.8704,N,,08/2024,Analyst,4.25,60.71,0,7,8,0.1637,3.9292,4.5708,N,N,08/2024,Analyst,false,false,true
Mechanical Engineer,17-2141.00,Mechanical Engineers,onet_essential_skills,skill,2.A.2.c,Learning Strategies,2.88,47.00,1,5,8,0.1250,2.6300,3.1200,N,,08/2024,Analyst,3.38,48.29,0,7,8,0.1830,3.0164,3.7336,N,N,08/2024,Analyst,false,false,true
Mechanical Engineer,17-2141.00,Mechanical Engineers,onet_essential_skills,skill,2.A.2.d,Monitoring,3.25,56.25,1,5,8,0.1637,2.9292,3.5708,N,,08/2024,Analyst,4.12,58.86,0,7,8,0.2266,3.6809,4.5691,N,N,08/2024,Analyst,false,false,true
Multimedia Designer,27-1014.00,Special Effects Artists and Animators,onet_essential_skills,skill,2.A.1.a,Reading Comprehension,3.75,68.75,1,5,8,0.1637,3.4292,4.0708,N,,08/2019,Analyst,4.00,57.14,0,7,8,0.0000,4.0000,4.0000,N,N,08/2019,Analyst,false,false,true
Multimedia Designer,27-1014.00,Special Effects Artists and Animators,onet_essential_skills,skill,2.A.1.b,Active Listening,3.88,72.00,1,5,8,0.2266,3.4309,4.3191,N,,08/2019,Analyst,3.88,55.43,0,7,8,0.1250,3.6300,4.1200,N,N,08/2019,Analyst,false,false,true
Multimedia Designer,27-1014.00,Special Effects Artists and Animators,onet_essential_skills,skill,2.A.1.c,Writing,3.12,53.00,1,5,8,0.1250,2.8800,3.3700,N,,08/2019,Analyst,3.00,42.86,0,7,8,0.0000,3.0000,3.0000,N,N,08/2019,Analyst,false,false,true
Multimedia Designer,27-1014.00,Special Effects Artists and Animators,onet_essential_skills,skill,2.A.1.d,Speaking,3.25,56.25,1,5,8,0.1637,2.9292,3.5708,N,,08/2019,Analyst,3.50,50.00,0,7,8,0.1890,3.1296,3.8704,N,N,08/2019,Analyst,false,false,true
Multimedia Designer,27-1014.00,Special Effects Artists and Animators,onet_essential_skills,skill,2.A.1.e,Mathematics,2.12,28.00,1,5,8,0.1250,1.8800,2.3700,N,,08/2019,Analyst,2.38,34.00,0,7,8,0.1830,2.0164,2.7336,N,N,08/2019,Analyst,false,false,true
Multimedia Designer,27-1014.00,Special Effects Artists and Animators,onet_essential_skills,skill,2.A.1.f,Science,1.12,3.00,1,5,8,0.1250,1.0000,1.3700,N,,08/2019,Analyst,0.12,1.71,0,7,8,0.1250,0.0000,0.3700,N,Y,08/2019,Analyst,false,true,false
Multimedia Designer,27-1014.00,Special Effects Artists and Animators,onet_essential_skills,skill,2.A.2.a,Critical Thinking,3.75,68.75,1,5,8,0.1637,3.4292,4.0708,N,,08/2019,Analyst,3.75,53.57,0,7,8,0.1637,3.4292,4.0708,N,N,08/2019,Analyst,false,false,true
Multimedia Designer,27-1014.00,Special Effects Artists and Animators,onet_essential_skills,skill,2.A.2.b,Active Learning,3.12,53.00,1,5,8,0.1250,2.8800,3.3700,N,,08/2019,Analyst,3.38,48.29,0,7,8,0.2631,2.8594,3.8906,N,N,08/2019,Analyst,false,false,true
Multimedia Designer,27-1014.00,Special Effects Artists and Animators,onet_essential_skills,skill,2.A.2.c,Learning Strategies,2.88,47.00,1,5,8,0.1250,2.6300,3.1200,N,,08/2019,Analyst,3.00,42.86,0,7,8,0.0000,3.0000,3.0000,N,N,08/2019,Analyst,false,false,true
Multimedia Designer,27-1014.00,Special Effects Artists and Animators,onet_essential_skills,skill,2.A.2.d,Monitoring,3.00,50.00,1,5,8,0.0000,3.0000,3.0000,N,,08/2019,Analyst,3.25,46.43,0,7,8,0.1637,2.9292,3.5708,N,N,08/2019,Analyst,false,false,true
Graphic Designer,27-1024.00,Graphic Designers,onet_essential_skills,skill,2.A.1.a,Reading Comprehension,3.12,53.00,1,5,8,0.1250,2.8800,3.3700,N,,08/2023,Analyst,3.75,53.57,0,7,8,0.1637,3.4292,4.0708,N,N,08/2023,Analyst,false,false,true
Graphic Designer,27-1024.00,Graphic Designers,onet_essential_skills,skill,2.A.1.b,Active Listening,3.75,68.75,1,5,8,0.1637,3.4292,4.0708,N,,08/2023,Analyst,3.25,46.43,0,7,8,0.1637,2.9292,3.5708,N,N,08/2023,Analyst,false,false,true
Graphic Designer,27-1024.00,Graphic Designers,onet_essential_skills,skill,2.A.1.c,Writing,3.25,56.25,1,5,8,0.1637,2.9292,3.5708,N,,08/2023,Analyst,3.00,42.86,0,7,8,0.0000,3.0000,3.0000,N,N,08/2023,Analyst,false,false,true
Graphic Designer,27-1024.00,Graphic Designers,onet_essential_skills,skill,2.A.1.d,Speaking,3.38,59.50,1,5,8,0.1830,3.0164,3.7336,N,,08/2023,Analyst,3.75,53.57,0,7,8,0.1637,3.4292,4.0708,N,N,08/2023,Analyst,false,false,true
Graphic Designer,27-1024.00,Graphic Designers,onet_essential_skills,skill,2.A.1.e,Mathematics,2.00,25.00,1,5,8,0.0000,2.0000,2.0000,N,,08/2023,Analyst,2.12,30.29,0,7,8,0.1250,1.8800,2.3700,N,N,08/2023,Analyst,false,false,true
Graphic Designer,27-1024.00,Graphic Designers,onet_essential_skills,skill,2.A.1.f,Science,1.12,3.00,1,5,8,0.1250,1.0000,1.3700,N,,08/2023,Analyst,0.12,1.71,0,7,8,0.1250,0.0000,0.3700,N,Y,08/2023,Analyst,false,true,false
Graphic Designer,27-1024.00,Graphic Designers,onet_essential_skills,skill,2.A.2.a,Critical Thinking,3.25,56.25,1,5,8,0.1637,2.9292,3.5708,N,,08/2023,Analyst,3.88,55.43,0,7,8,0.1250,3.6300,4.1200,N,N,08/2023,Analyst,false,false,true
Graphic Designer,27-1024.00,Graphic Designers,onet_essential_skills,skill,2.A.2.b,Active Learning,3.25,56.25,1,5,8,0.1637,2.9292,3.5708,N,,08/2023,Analyst,3.25,46.43,0,7,8,0.1637,2.9292,3.5708,N,N,08/2023,Analyst,false,false,true
Graphic Designer,27-1024.00,Graphic Designers,onet_essential_skills,skill,2.A.2.c,Learning Strategies,2.75,43.75,1,5,8,0.1637,2.4292,3.0708,N,,08/2023,Analyst,3.00,42.86,0,7,8,0.1890,2.6296,3.3704,N,N,08/2023,Analyst,false,false,true
Graphic Designer,27-1024.00,Graphic Designers,onet_essential_skills,skill,2.A.2.d,Monitoring,3.00,50.00,1,5,8,0.0000,3.0000,3.0000,N,,08/2023,Analyst,3.12,44.57,0,7,8,0.1250,2.8800,3.3700,N,N,08/2023,Analyst,false,false,true
Occupational Therapist,29-1122.00,Occupational Therapists,onet_essential_skills,skill,2.A.1.a,Reading Comprehension,4.00,75.00,1,5,8,0.0000,4.0000,4.0000,N,,08/2021,Analyst,4.00,57.14,0,7,8,0.0000,4.0000,4.0000,N,N,08/2021,Analyst,false,false,true
Occupational Therapist,29-1122.00,Occupational Therapists,onet_essential_skills,skill,2.A.1.b,Active Listening,4.12,78.00,1,5,8,0.1250,3.8800,4.3700,N,,08/2021,Analyst,4.00,57.14,0,7,8,0.0000,4.0000,4.0000,N,N,08/2021,Analyst,false,false,true
Occupational Therapist,29-1122.00,Occupational Therapists,onet_essential_skills,skill,2.A.1.c,Writing,4.00,75.00,1,5,8,0.0000,4.0000,4.0000,N,,08/2021,Analyst,4.00,57.14,0,7,8,0.0000,4.0000,4.0000,N,N,08/2021,Analyst,false,false,true
Occupational Therapist,29-1122.00,Occupational Therapists,onet_essential_skills,skill,2.A.1.d,Speaking,4.00,75.00,1,5,8,0.0000,4.0000,4.0000,N,,08/2021,Analyst,4.00,57.14,0,7,8,0.0000,4.0000,4.0000,N,N,08/2021,Analyst,false,false,true
Occupational Therapist,29-1122.00,Occupational Therapists,onet_essential_skills,skill,2.A.1.e,Mathematics,2.00,25.00,1,5,8,0.0000,2.0000,2.0000,N,,08/2021,Analyst,2.00,28.57,0,7,8,0.0000,2.0000,2.0000,N,N,08/2021,Analyst,false,false,true
Occupational Therapist,29-1122.00,Occupational Therapists,onet_essential_skills,skill,2.A.1.f,Science,2.75,43.75,1,5,8,0.1637,2.4292,3.0708,N,,08/2021,Analyst,2.75,39.29,0,7,8,0.1637,2.4292,3.0708,N,N,08/2021,Analyst,false,false,true
Occupational Therapist,29-1122.00,Occupational Therapists,onet_essential_skills,skill,2.A.2.a,Critical Thinking,4.00,75.00,1,5,8,0.0000,4.0000,4.0000,N,,08/2021,Analyst,4.00,57.14,0,7,8,0.0000,4.0000,4.0000,N,N,08/2021,Analyst,false,false,true
Occupational Therapist,29-1122.00,Occupational Therapists,onet_essential_skills,skill,2.A.2.b,Active Learning,3.88,72.00,1,5,8,0.1250,3.6300,4.1200,N,,08/2021,Analyst,3.88,55.43,0,7,8,0.1250,3.6300,4.1200,N,N,08/2021,Analyst,false,false,true
Occupational Therapist,29-1122.00,Occupational Therapists,onet_essential_skills,skill,2.A.2.c,Learning Strategies,3.88,72.00,1,5,8,0.1250,3.6300,4.1200,N,,08/2021,Analyst,3.88,55.43,0,7,8,0.1250,3.6300,4.1200,N,N,08/2021,Analyst,false,false,true
Occupational Therapist,29-1122.00,Occupational Therapists,onet_essential_skills,skill,2.A.2.d,Monitoring,4.12,78.00,1,5,8,0.1250,3.8800,4.3700,N,,08/2021,Analyst,4.00,57.14,0,7,8,0.0000,4.0000,4.0000,N,N,08/2021,Analyst,false,false,true
Physiotherapist,29-1123.00,Physical Therapists,onet_essential_skills,skill,2.A.1.a,Reading Comprehension,4.00,75.00,1,5,8,0.0000,4.0000,4.0000,N,,08/2020,Analyst,4.38,62.57,0,7,8,0.1830,4.0164,4.7336,N,N,08/2020,Analyst,false,false,true
Physiotherapist,29-1123.00,Physical Therapists,onet_essential_skills,skill,2.A.1.b,Active Listening,4.00,75.00,1,5,8,0.0000,4.0000,4.0000,N,,08/2020,Analyst,4.12,58.86,0,7,8,0.1250,3.8800,4.3700,N,N,08/2020,Analyst,false,false,true
Physiotherapist,29-1123.00,Physical Therapists,onet_essential_skills,skill,2.A.1.c,Writing,3.88,72.00,1,5,8,0.1250,3.6300,4.1200,N,,08/2020,Analyst,4.00,57.14,0,7,8,0.0000,4.0000,4.0000,N,N,08/2020,Analyst,false,false,true
Physiotherapist,29-1123.00,Physical Therapists,onet_essential_skills,skill,2.A.1.d,Speaking,4.00,75.00,1,5,8,0.0000,4.0000,4.0000,N,,08/2020,Analyst,4.12,58.86,0,7,8,0.1250,3.8800,4.3700,N,N,08/2020,Analyst,false,false,true
Physiotherapist,29-1123.00,Physical Therapists,onet_essential_skills,skill,2.A.1.e,Mathematics,2.12,28.00,1,5,8,0.1250,1.8800,2.3700,N,,08/2020,Analyst,2.62,37.43,0,7,8,0.1830,2.2664,2.9836,N,N,08/2020,Analyst,false,false,true
Physiotherapist,29-1123.00,Physical Therapists,onet_essential_skills,skill,2.A.1.f,Science,2.62,40.50,1,5,8,0.2631,2.1094,3.1406,N,,08/2020,Analyst,2.75,39.29,0,7,8,0.4119,1.9427,3.5573,N,N,08/2020,Analyst,false,false,true
Physiotherapist,29-1123.00,Physical Therapists,onet_essential_skills,skill,2.A.2.a,Critical Thinking,4.00,75.00,1,5,8,0.0000,4.0000,4.0000,N,,08/2020,Analyst,3.88,55.43,0,7,8,0.1250,3.6300,4.1200,N,N,08/2020,Analyst,false,false,true
Physiotherapist,29-1123.00,Physical Therapists,onet_essential_skills,skill,2.A.2.b,Active Learning,3.12,53.00,1,5,8,0.1250,2.8800,3.3700,N,,08/2020,Analyst,3.25,46.43,0,7,8,0.1637,2.9292,3.5708,N,N,08/2020,Analyst,false,false,true
Physiotherapist,29-1123.00,Physical Therapists,onet_essential_skills,skill,2.A.2.c,Learning Strategies,3.12,53.00,1,5,8,0.1250,2.8800,3.3700,N,,08/2020,Analyst,3.12,44.57,0,7,8,0.1250,2.8800,3.3700,N,N,08/2020,Analyst,false,false,true
Physiotherapist,29-1123.00,Physical Therapists,onet_essential_skills,skill,2.A.2.d,Monitoring,3.88,72.00,1,5,8,0.1250,3.6300,4.1200,N,,08/2020,Analyst,3.88,55.43,0,7,8,0.1250,3.6300,4.1200,N,N,08/2020,Analyst,false,false,true
Registered Nurse (Acute Care),29-1141.01,Acute Care Nurses,onet_essential_skills,skill,2.A.1.a,Reading Comprehension,4.12,78.00,1,5,8,0.1250,3.8800,4.3700,N,,08/2025,Analyst,4.88,69.71,0,7,8,0.1250,4.6300,5.1200,N,N,08/2025,Analyst,false,false,true
Registered Nurse (Acute Care),29-1141.01,Acute Care Nurses,onet_essential_skills,skill,2.A.1.b,Active Listening,4.00,75.00,1,5,8,0.0000,4.0000,4.0000,N,,08/2025,Analyst,4.12,58.86,0,7,8,0.1250,3.8800,4.3700,N,N,08/2025,Analyst,false,false,true
Registered Nurse (Acute Care),29-1141.01,Acute Care Nurses,onet_essential_skills,skill,2.A.1.c,Writing,4.00,75.00,1,5,8,0.0000,4.0000,4.0000,N,,08/2025,Analyst,4.00,57.14,0,7,8,0.0000,4.0000,4.0000,N,N,08/2025,Analyst,false,false,true
Registered Nurse (Acute Care),29-1141.01,Acute Care Nurses,onet_essential_skills,skill,2.A.1.d,Speaking,4.12,78.00,1,5,8,0.1250,3.8800,4.3700,N,,08/2025,Analyst,4.00,57.14,0,7,8,0.0000,4.0000,4.0000,N,N,08/2025,Analyst,false,false,true
Registered Nurse (Acute Care),29-1141.01,Acute Care Nurses,onet_essential_skills,skill,2.A.1.e,Mathematics,3.00,50.00,1,5,8,0.0000,3.0000,3.0000,N,,08/2025,Analyst,3.00,42.86,0,7,8,0.0000,3.0000,3.0000,N,N,08/2025,Analyst,false,false,true
Registered Nurse (Acute Care),29-1141.01,Acute Care Nurses,onet_essential_skills,skill,2.A.1.f,Science,3.00,50.00,1,5,8,0.1890,2.6296,3.3704,N,,08/2025,Analyst,3.00,42.86,0,7,8,0.1890,2.6296,3.3704,N,N,08/2025,Analyst,false,false,true
Registered Nurse (Acute Care),29-1141.01,Acute Care Nurses,onet_essential_skills,skill,2.A.2.a,Critical Thinking,4.12,78.00,1,5,8,0.1250,3.8800,4.3700,N,,08/2025,Analyst,4.00,57.14,0,7,8,0.0000,4.0000,4.0000,N,N,08/2025,Analyst,false,false,true
Registered Nurse (Acute Care),29-1141.01,Acute Care Nurses,onet_essential_skills,skill,2.A.2.b,Active Learning,4.00,75.00,1,5,8,0.0000,4.0000,4.0000,N,,08/2025,Analyst,4.25,60.71,0,7,8,0.1637,3.9292,4.5708,N,N,08/2025,Analyst,false,false,true
Registered Nurse (Acute Care),29-1141.01,Acute Care Nurses,onet_essential_skills,skill,2.A.2.c,Learning Strategies,3.38,59.50,1,5,8,0.1830,3.0164,3.7336,N,,08/2025,Analyst,3.75,53.57,0,7,8,0.1637,3.4292,4.0708,N,N,08/2025,Analyst,false,false,true
Registered Nurse (Acute Care),29-1141.01,Acute Care Nurses,onet_essential_skills,skill,2.A.2.d,Monitoring,4.00,75.00,1,5,8,0.0000,4.0000,4.0000,N,,08/2025,Analyst,4.25,60.71,0,7,8,0.1637,3.9292,4.5708,N,N,08/2025,Analyst,false,false,true
Human Resources Adviser,13-1071.00,Human Resources Specialists,onet_transferable_skills,skill,2.B.1.a,Social Perceptiveness,3.38,59.50,1,5,8,0.1830,3.0164,3.7336,N,,08/2019,Analyst,3.88,55.43,0,7,8,0.1250,3.6300,4.1200,N,N,08/2019,Analyst,false,false,true
Recruitment Consultant,13-1071.00,Human Resources Specialists,onet_transferable_skills,skill,2.B.1.a,Social Perceptiveness,3.38,59.50,1,5,8,0.1830,3.0164,3.7336,N,,08/2019,Analyst,3.88,55.43,0,7,8,0.1250,3.6300,4.1200,N,N,08/2019,Analyst,false,false,true
Human Resources Adviser,13-1071.00,Human Resources Specialists,onet_transferable_skills,skill,2.B.1.b,Coordination,3.00,50.00,1,5,8,0.0000,3.0000,3.0000,N,,08/2019,Analyst,3.50,50.00,0,7,8,0.1890,3.1296,3.8704,N,N,08/2019,Analyst,false,false,true
Recruitment Consultant,13-1071.00,Human Resources Specialists,onet_transferable_skills,skill,2.B.1.b,Coordination,3.00,50.00,1,5,8,0.0000,3.0000,3.0000,N,,08/2019,Analyst,3.50,50.00,0,7,8,0.1890,3.1296,3.8704,N,N,08/2019,Analyst,false,false,true
Human Resources Adviser,13-1071.00,Human Resources Specialists,onet_transferable_skills,skill,2.B.1.c,Persuasion,2.88,47.00,1,5,8,0.1250,2.6300,3.1200,N,,08/2019,Analyst,3.00,42.86,0,7,8,0.0000,3.0000,3.0000,N,N,08/2019,Analyst,false,false,true
Recruitment Consultant,13-1071.00,Human Resources Specialists,onet_transferable_skills,skill,2.B.1.c,Persuasion,2.88,47.00,1,5,8,0.1250,2.6300,3.1200,N,,08/2019,Analyst,3.00,42.86,0,7,8,0.0000,3.0000,3.0000,N,N,08/2019,Analyst,false,false,true
Human Resources Adviser,13-1071.00,Human Resources Specialists,onet_transferable_skills,skill,2.B.1.d,Negotiation,3.00,50.00,1,5,8,0.0000,3.0000,3.0000,N,,08/2019,Analyst,3.00,42.86,0,7,8,0.0000,3.0000,3.0000,N,N,08/2019,Analyst,false,false,true
Recruitment Consultant,13-1071.00,Human Resources Specialists,onet_transferable_skills,skill,2.B.1.d,Negotiation,3.00,50.00,1,5,8,0.0000,3.0000,3.0000,N,,08/2019,Analyst,3.00,42.86,0,7,8,0.0000,3.0000,3.0000,N,N,08/2019,Analyst,false,false,true
Human Resources Adviser,13-1071.00,Human Resources Specialists,onet_transferable_skills,skill,2.B.1.e,Instructing,3.12,53.00,1,5,8,0.1250,2.8800,3.3700,N,,08/2019,Analyst,3.12,44.57,0,7,8,0.1250,2.8800,3.3700,N,N,08/2019,Analyst,false,false,true
Recruitment Consultant,13-1071.00,Human Resources Specialists,onet_transferable_skills,skill,2.B.1.e,Instructing,3.12,53.00,1,5,8,0.1250,2.8800,3.3700,N,,08/2019,Analyst,3.12,44.57,0,7,8,0.1250,2.8800,3.3700,N,N,08/2019,Analyst,false,false,true
Human Resources Adviser,13-1071.00,Human Resources Specialists,onet_transferable_skills,skill,2.B.1.f,Service Orientation,3.38,59.50,1,5,8,0.1830,3.0164,3.7336,N,,08/2019,Analyst,3.25,46.43,0,7,8,0.1637,2.9292,3.5708,N,N,08/2019,Analyst,false,false,true
Recruitment Consultant,13-1071.00,Human Resources Specialists,onet_transferable_skills,skill,2.B.1.f,Service Orientation,3.38,59.50,1,5,8,0.1830,3.0164,3.7336,N,,08/2019,Analyst,3.25,46.43,0,7,8,0.1637,2.9292,3.5708,N,N,08/2019,Analyst,false,false,true
Human Resources Adviser,13-1071.00,Human Resources Specialists,onet_transferable_skills,skill,2.B.2.i,Complex Problem Solving,3.12,53.00,1,5,8,0.1250,2.8800,3.3700,N,,08/2019,Analyst,3.12,44.57,0,7,8,0.1250,2.8800,3.3700,N,N,08/2019,Analyst,false,false,true
Recruitment Consultant,13-1071.00,Human Resources Specialists,onet_transferable_skills,skill,2.B.2.i,Complex Problem Solving,3.12,53.00,1,5,8,0.1250,2.8800,3.3700,N,,08/2019,Analyst,3.12,44.57,0,7,8,0.1250,2.8800,3.3700,N,N,08/2019,Analyst,false,false,true
Human Resources Adviser,13-1071.00,Human Resources Specialists,onet_transferable_skills,skill,2.B.3.a,Operations Analysis,1.25,6.25,1,5,8,0.1637,1.0000,1.5708,N,,08/2019,Analyst,0.25,3.57,0,7,8,0.1637,0.0000,0.5708,N,Y,08/2019,Analyst,false,true,false
Recruitment Consultant,13-1071.00,Human Resources Specialists,onet_transferable_skills,skill,2.B.3.a,Operations Analysis,1.25,6.25,1,5,8,0.1637,1.0000,1.5708,N,,08/2019,Analyst,0.25,3.57,0,7,8,0.1637,0.0000,0.5708,N,Y,08/2019,Analyst,false,true,false
Human Resources Adviser,13-1071.00,Human Resources Specialists,onet_transferable_skills,skill,2.B.3.b,Technology Design,1.75,18.75,1,5,8,0.1637,1.4292,2.0708,N,,08/2019,Analyst,0.75,10.71,0,7,8,0.1637,0.4292,1.0708,N,N,08/2019,Analyst,false,false,true
Recruitment Consultant,13-1071.00,Human Resources Specialists,onet_transferable_skills,skill,2.B.3.b,Technology Design,1.75,18.75,1,5,8,0.1637,1.4292,2.0708,N,,08/2019,Analyst,0.75,10.71,0,7,8,0.1637,0.4292,1.0708,N,N,08/2019,Analyst,false,false,true
Human Resources Adviser,13-1071.00,Human Resources Specialists,onet_transferable_skills,skill,2.B.3.c,Equipment Selection,1.00,0.00,1,5,8,0.0000,1.0000,1.0000,N,,08/2019,Analyst,0.00,0.00,0,7,8,0.0000,0.0000,0.0000,N,Y,08/2019,Analyst,false,true,false
Recruitment Consultant,13-1071.00,Human Resources Specialists,onet_transferable_skills,skill,2.B.3.c,Equipment Selection,1.00,0.00,1,5,8,0.0000,1.0000,1.0000,N,,08/2019,Analyst,0.00,0.00,0,7,8,0.0000,0.0000,0.0000,N,Y,08/2019,Analyst,false,true,false
Human Resources Adviser,13-1071.00,Human Resources Specialists,onet_transferable_skills,skill,2.B.3.d,Installation,1.00,0.00,1,5,8,0.0000,1.0000,1.0000,N,,08/2019,Analyst,0.00,0.00,0,7,8,0.0000,0.0000,0.0000,N,Y,08/2019,Analyst,false,true,false
Recruitment Consultant,13-1071.00,Human Resources Specialists,onet_transferable_skills,skill,2.B.3.d,Installation,1.00,0.00,1,5,8,0.0000,1.0000,1.0000,N,,08/2019,Analyst,0.00,0.00,0,7,8,0.0000,0.0000,0.0000,N,Y,08/2019,Analyst,false,true,false
Human Resources Adviser,13-1071.00,Human Resources Specialists,onet_transferable_skills,skill,2.B.3.e,Programming,1.62,15.50,1,5,8,0.1830,1.2664,1.9836,N,,08/2019,Analyst,0.62,8.86,0,7,8,0.1830,0.2664,0.9836,N,N,08/2019,Analyst,false,false,true
Recruitment Consultant,13-1071.00,Human Resources Specialists,onet_transferable_skills,skill,2.B.3.e,Programming,1.62,15.50,1,5,8,0.1830,1.2664,1.9836,N,,08/2019,Analyst,0.62,8.86,0,7,8,0.1830,0.2664,0.9836,N,N,08/2019,Analyst,false,false,true
Human Resources Adviser,13-1071.00,Human Resources Specialists,onet_transferable_skills,skill,2.B.3.g,Operations Monitoring,1.50,12.50,1,5,8,0.1890,1.1296,1.8704,N,,08/2019,Analyst,0.50,7.14,0,7,8,0.1890,0.1296,0.8704,N,N,08/2019,Analyst,false,false,true
Recruitment Consultant,13-1071.00,Human Resources Specialists,onet_transferable_skills,skill,2.B.3.g,Operations Monitoring,1.50,12.50,1,5,8,0.1890,1.1296,1.8704,N,,08/2019,Analyst,0.50,7.14,0,7,8,0.1890,0.1296,0.8704,N,N,08/2019,Analyst,false,false,true
Human Resources Adviser,13-1071.00,Human Resources Specialists,onet_transferable_skills,skill,2.B.3.h,Operation and Control,1.12,3.00,1,5,8,0.1250,1.0000,1.3700,N,,08/2019,Analyst,0.12,1.71,0,7,8,0.1250,0.0000,0.3700,N,Y,08/2019,Analyst,false,true,false
Recruitment Consultant,13-1071.00,Human Resources Specialists,onet_transferable_skills,skill,2.B.3.h,Operation and Control,1.12,3.00,1,5,8,0.1250,1.0000,1.3700,N,,08/2019,Analyst,0.12,1.71,0,7,8,0.1250,0.0000,0.3700,N,Y,08/2019,Analyst,false,true,false
Human Resources Adviser,13-1071.00,Human Resources Specialists,onet_transferable_skills,skill,2.B.3.j,Equipment Maintenance,1.00,0.00,1,5,8,0.0000,1.0000,1.0000,N,,08/2019,Analyst,0.00,0.00,0,7,8,0.0000,0.0000,0.0000,N,Y,08/2019,Analyst,false,true,false
Recruitment Consultant,13-1071.00,Human Resources Specialists,onet_transferable_skills,skill,2.B.3.j,Equipment Maintenance,1.00,0.00,1,5,8,0.0000,1.0000,1.0000,N,,08/2019,Analyst,0.00,0.00,0,7,8,0.0000,0.0000,0.0000,N,Y,08/2019,Analyst,false,true,false
Human Resources Adviser,13-1071.00,Human Resources Specialists,onet_transferable_skills,skill,2.B.3.k,Troubleshooting,1.00,0.00,1,5,8,0.0000,1.0000,1.0000,N,,08/2019,Analyst,0.00,0.00,0,7,8,0.0000,0.0000,0.0000,N,Y,08/2019,Analyst,false,true,false
Recruitment Consultant,13-1071.00,Human Resources Specialists,onet_transferable_skills,skill,2.B.3.k,Troubleshooting,1.00,0.00,1,5,8,0.0000,1.0000,1.0000,N,,08/2019,Analyst,0.00,0.00,0,7,8,0.0000,0.0000,0.0000,N,Y,08/2019,Analyst,false,true,false
Human Resources Adviser,13-1071.00,Human Resources Specialists,onet_transferable_skills,skill,2.B.3.l,Repairing,1.00,0.00,1,5,8,0.0000,1.0000,1.0000,N,,08/2019,Analyst,0.00,0.00,0,7,8,0.0000,0.0000,0.0000,N,Y,08/2019,Analyst,false,true,false
Recruitment Consultant,13-1071.00,Human Resources Specialists,onet_transferable_skills,skill,2.B.3.l,Repairing,1.00,0.00,1,5,8,0.0000,1.0000,1.0000,N,,08/2019,Analyst,0.00,0.00,0,7,8,0.0000,0.0000,0.0000,N,Y,08/2019,Analyst,false,true,false
Human Resources Adviser,13-1071.00,Human Resources Specialists,onet_transferable_skills,skill,2.B.3.m,Quality Control Analysis,1.75,18.75,1,5,8,0.2500,1.2600,2.2400,N,,08/2019,Analyst,0.75,10.71,0,7,8,0.2500,0.2600,1.2400,N,N,08/2019,Analyst,false,false,true
Recruitment Consultant,13-1071.00,Human Resources Specialists,onet_transferable_skills,skill,2.B.3.m,Quality Control Analysis,1.75,18.75,1,5,8,0.2500,1.2600,2.2400,N,,08/2019,Analyst,0.75,10.71,0,7,8,0.2500,0.2600,1.2400,N,N,08/2019,Analyst,false,false,true
Human Resources Adviser,13-1071.00,Human Resources Specialists,onet_transferable_skills,skill,2.B.4.e,Judgment and Decision Making,3.25,56.25,1,5,8,0.1637,2.9292,3.5708,N,,08/2019,Analyst,3.50,50.00,0,7,8,0.1890,3.1296,3.8704,N,N,08/2019,Analyst,false,false,true
Recruitment Consultant,13-1071.00,Human Resources Specialists,onet_transferable_skills,skill,2.B.4.e,Judgment and Decision Making,3.25,56.25,1,5,8,0.1637,2.9292,3.5708,N,,08/2019,Analyst,3.50,50.00,0,7,8,0.1890,3.1296,3.8704,N,N,08/2019,Analyst,false,false,true
Human Resources Adviser,13-1071.00,Human Resources Specialists,onet_transferable_skills,skill,2.B.4.g,Systems Analysis,2.88,47.00,1,5,8,0.2266,2.4309,3.3191,N,,08/2019,Analyst,2.75,39.29,0,7,8,0.1637,2.4292,3.0708,N,N,08/2019,Analyst,false,false,true
Recruitment Consultant,13-1071.00,Human Resources Specialists,onet_transferable_skills,skill,2.B.4.g,Systems Analysis,2.88,47.00,1,5,8,0.2266,2.4309,3.3191,N,,08/2019,Analyst,2.75,39.29,0,7,8,0.1637,2.4292,3.0708,N,N,08/2019,Analyst,false,false,true
Human Resources Adviser,13-1071.00,Human Resources Specialists,onet_transferable_skills,skill,2.B.4.h,Systems Evaluation,2.38,34.50,1,5,8,0.1830,2.0164,2.7336,N,,08/2019,Analyst,2.88,41.14,0,7,8,0.2266,2.4309,3.3191,N,N,08/2019,Analyst,false,false,true
Recruitment Consultant,13-1071.00,Human Resources Specialists,onet_transferable_skills,skill,2.B.4.h,Systems Evaluation,2.38,34.50,1,5,8,0.1830,2.0164,2.7336,N,,08/2019,Analyst,2.88,41.14,0,7,8,0.2266,2.4309,3.3191,N,N,08/2019,Analyst,false,false,true
Human Resources Adviser,13-1071.00,Human Resources Specialists,onet_transferable_skills,skill,2.B.5.a,Time Management,3.00,50.00,1,5,8,0.0000,3.0000,3.0000,N,,08/2019,Analyst,3.00,42.86,0,7,8,0.0000,3.0000,3.0000,N,N,08/2019,Analyst,false,false,true
Recruitment Consultant,13-1071.00,Human Resources Specialists,onet_transferable_skills,skill,2.B.5.a,Time Management,3.00,50.00,1,5,8,0.0000,3.0000,3.0000,N,,08/2019,Analyst,3.00,42.86,0,7,8,0.0000,3.0000,3.0000,N,N,08/2019,Analyst,false,false,true
Human Resources Adviser,13-1071.00,Human Resources Specialists,onet_transferable_skills,skill,2.B.5.b,Management of Financial Resources,1.88,22.00,1,5,8,0.1250,1.6300,2.1200,N,,08/2019,Analyst,1.25,17.86,0,7,8,0.2500,0.7600,1.7400,N,N,08/2019,Analyst,false,false,true
Recruitment Consultant,13-1071.00,Human Resources Specialists,onet_transferable_skills,skill,2.B.5.b,Management of Financial Resources,1.88,22.00,1,5,8,0.1250,1.6300,2.1200,N,,08/2019,Analyst,1.25,17.86,0,7,8,0.2500,0.7600,1.7400,N,N,08/2019,Analyst,false,false,true
Human Resources Adviser,13-1071.00,Human Resources Specialists,onet_transferable_skills,skill,2.B.5.c,Management of Material Resources,1.88,22.00,1,5,8,0.1250,1.6300,2.1200,N,,08/2019,Analyst,1.25,17.86,0,7,8,0.2500,0.7600,1.7400,N,N,08/2019,Analyst,false,false,true
Recruitment Consultant,13-1071.00,Human Resources Specialists,onet_transferable_skills,skill,2.B.5.c,Management of Material Resources,1.88,22.00,1,5,8,0.1250,1.6300,2.1200,N,,08/2019,Analyst,1.25,17.86,0,7,8,0.2500,0.7600,1.7400,N,N,08/2019,Analyst,false,false,true
Human Resources Adviser,13-1071.00,Human Resources Specialists,onet_transferable_skills,skill,2.B.5.d,Management of Personnel Resources,2.88,47.00,1,5,8,0.1250,2.6300,3.1200,N,,08/2019,Analyst,2.88,41.14,0,7,8,0.1250,2.6300,3.1200,N,N,08/2019,Analyst,false,false,true
Recruitment Consultant,13-1071.00,Human Resources Specialists,onet_transferable_skills,skill,2.B.5.d,Management of Personnel Resources,2.88,47.00,1,5,8,0.1250,2.6300,3.1200,N,,08/2019,Analyst,2.88,41.14,0,7,8,0.1250,2.6300,3.1200,N,N,08/2019,Analyst,false,false,true
Workplace Relations Adviser,13-1075.00,Labor Relations Specialists,onet_transferable_skills,skill,2.B.1.a,Social Perceptiveness,3.75,68.75,1,5,8,0.1637,3.4292,4.0708,N,,08/2023,Analyst,4.00,57.14,0,7,8,0.1890,3.6296,4.3704,N,N,08/2023,Analyst,false,false,true
Workplace Relations Adviser,13-1075.00,Labor Relations Specialists,onet_transferable_skills,skill,2.B.1.b,Coordination,3.38,59.50,1,5,8,0.1830,3.0164,3.7336,N,,08/2023,Analyst,3.62,51.71,0,7,8,0.1830,3.2664,3.9836,N,N,08/2023,Analyst,false,false,true
Workplace Relations Adviser,13-1075.00,Labor Relations Specialists,onet_transferable_skills,skill,2.B.1.c,Persuasion,3.88,72.00,1,5,8,0.1250,3.6300,4.1200,N,,08/2023,Analyst,4.38,62.57,0,7,8,0.1830,4.0164,4.7336,N,N,08/2023,Analyst,false,false,true
Workplace Relations Adviser,13-1075.00,Labor Relations Specialists,onet_transferable_skills,skill,2.B.1.d,Negotiation,4.12,78.00,1,5,8,0.1250,3.8800,4.3700,N,,08/2023,Analyst,4.38,62.57,0,7,8,0.1830,4.0164,4.7336,N,N,08/2023,Analyst,false,false,true
Workplace Relations Adviser,13-1075.00,Labor Relations Specialists,onet_transferable_skills,skill,2.B.1.e,Instructing,3.00,50.00,1,5,8,0.0000,3.0000,3.0000,N,,08/2023,Analyst,2.88,41.14,0,7,8,0.1250,2.6300,3.1200,N,N,08/2023,Analyst,false,false,true
Workplace Relations Adviser,13-1075.00,Labor Relations Specialists,onet_transferable_skills,skill,2.B.1.f,Service Orientation,3.38,59.50,1,5,8,0.1830,3.0164,3.7336,N,,08/2023,Analyst,3.62,51.71,0,7,8,0.1830,3.2664,3.9836,N,N,08/2023,Analyst,false,false,true
Workplace Relations Adviser,13-1075.00,Labor Relations Specialists,onet_transferable_skills,skill,2.B.2.i,Complex Problem Solving,3.62,65.50,1,5,8,0.1830,3.2664,3.9836,N,,08/2023,Analyst,3.75,53.57,0,7,8,0.1637,3.4292,4.0708,N,N,08/2023,Analyst,false,false,true
Workplace Relations Adviser,13-1075.00,Labor Relations Specialists,onet_transferable_skills,skill,2.B.3.a,Operations Analysis,1.75,18.75,1,5,8,0.3134,1.1358,2.3642,N,,08/2023,Analyst,0.88,12.57,0,7,8,0.3981,0.0947,1.6553,N,N,08/2023,Analyst,false,false,true
Workplace Relations Adviser,13-1075.00,Labor Relations Specialists,onet_transferable_skills,skill,2.B.3.b,Technology Design,1.38,9.50,1,5,8,0.1830,1.0164,1.7336,N,,08/2023,Analyst,0.38,5.43,0,7,8,0.1830,0.0164,0.7336,N,N,08/2023,Analyst,false,false,true
Workplace Relations Adviser,13-1075.00,Labor Relations Specialists,onet_transferable_skills,skill,2.B.3.c,Equipment Selection,1.00,0.00,1,5,8,0.0000,1.0000,1.0000,N,,08/2023,Analyst,0.00,0.00,0,7,8,0.0000,0.0000,0.0000,N,Y,08/2023,Analyst,false,true,false
Workplace Relations Adviser,13-1075.00,Labor Relations Specialists,onet_transferable_skills,skill,2.B.3.d,Installation,1.00,0.00,1,5,8,0.0000,1.0000,1.0000,N,,08/2023,Analyst,0.00,0.00,0,7,8,0.0000,0.0000,0.0000,N,Y,08/2023,Analyst,false,true,false
Workplace Relations Adviser,13-1075.00,Labor Relations Specialists,onet_transferable_skills,skill,2.B.3.e,Programming,1.25,6.25,1,5,8,0.1637,1.0000,1.5708,N,,08/2023,Analyst,0.25,3.57,0,7,8,0.1637,0.0000,0.5708,N,Y,08/2023,Analyst,false,true,false
Workplace Relations Adviser,13-1075.00,Labor Relations Specialists,onet_transferable_skills,skill,2.B.3.g,Operations Monitoring,1.50,12.50,1,5,8,0.1890,1.1296,1.8704,N,,08/2023,Analyst,0.50,7.14,0,7,8,0.1890,0.1296,0.8704,N,N,08/2023,Analyst,false,false,true
Workplace Relations Adviser,13-1075.00,Labor Relations Specialists,onet_transferable_skills,skill,2.B.3.h,Operation and Control,1.12,3.00,1,5,8,0.1250,1.0000,1.3700,N,,08/2023,Analyst,0.12,1.71,0,7,8,0.1250,0.0000,0.3700,N,Y,08/2023,Analyst,false,true,false
Workplace Relations Adviser,13-1075.00,Labor Relations Specialists,onet_transferable_skills,skill,2.B.3.j,Equipment Maintenance,1.00,0.00,1,5,8,0.0000,1.0000,1.0000,N,,08/2023,Analyst,0.00,0.00,0,7,8,0.0000,0.0000,0.0000,N,Y,08/2023,Analyst,false,true,false
Workplace Relations Adviser,13-1075.00,Labor Relations Specialists,onet_transferable_skills,skill,2.B.3.k,Troubleshooting,1.00,0.00,1,5,8,0.0000,1.0000,1.0000,N,,08/2023,Analyst,0.00,0.00,0,7,8,0.0000,0.0000,0.0000,N,Y,08/2023,Analyst,false,true,false
Workplace Relations Adviser,13-1075.00,Labor Relations Specialists,onet_transferable_skills,skill,2.B.3.l,Repairing,1.00,0.00,1,5,8,0.0000,1.0000,1.0000,N,,08/2023,Analyst,0.00,0.00,0,7,8,0.0000,0.0000,0.0000,N,Y,08/2023,Analyst,false,true,false
Workplace Relations Adviser,13-1075.00,Labor Relations Specialists,onet_transferable_skills,skill,2.B.3.m,Quality Control Analysis,1.12,3.00,1,5,8,0.1250,1.0000,1.3700,N,,08/2023,Analyst,0.25,3.57,0,7,8,0.2500,0.0000,0.7400,N,Y,08/2023,Analyst,false,true,false
Workplace Relations Adviser,13-1075.00,Labor Relations Specialists,onet_transferable_skills,skill,2.B.4.e,Judgment and Decision Making,3.62,65.50,1,5,8,0.1830,3.2664,3.9836,N,,08/2023,Analyst,4.00,57.14,0,7,8,0.1890,3.6296,4.3704,N,N,08/2023,Analyst,false,false,true
Workplace Relations Adviser,13-1075.00,Labor Relations Specialists,onet_transferable_skills,skill,2.B.4.g,Systems Analysis,3.12,53.00,1,5,8,0.1250,2.8800,3.3700,N,,08/2023,Analyst,3.25,46.43,0,7,8,0.1637,2.9292,3.5708,N,N,08/2023,Analyst,false,false,true
Workplace Relations Adviser,13-1075.00,Labor Relations Specialists,onet_transferable_skills,skill,2.B.4.h,Systems Evaluation,3.12,53.00,1,5,8,0.1250,2.8800,3.3700,N,,08/2023,Analyst,3.25,46.43,0,7,8,0.2500,2.7600,3.7400,N,N,08/2023,Analyst,false,false,true
Workplace Relations Adviser,13-1075.00,Labor Relations Specialists,onet_transferable_skills,skill,2.B.5.a,Time Management,3.38,59.50,1,5,8,0.1830,3.0164,3.7336,N,,08/2023,Analyst,3.12,44.57,0,7,8,0.2266,2.6809,3.5691,N,N,08/2023,Analyst,false,false,true
Workplace Relations Adviser,13-1075.00,Labor Relations Specialists,onet_transferable_skills,skill,2.B.5.b,Management of Financial Resources,2.00,25.00,1,5,8,0.2673,1.4762,2.5238,N,,08/2023,Analyst,1.62,23.14,0,7,8,0.3750,0.8900,2.3600,N,N,08/2023,Analyst,false,false,true
Workplace Relations Adviser,13-1075.00,Labor Relations Specialists,onet_transferable_skills,skill,2.B.5.c,Management of Material Resources,1.75,18.75,1,5,8,0.1637,1.4292,2.0708,N,,08/2023,Analyst,1.50,21.43,0,7,8,0.3273,0.8584,2.1416,N,N,08/2023,Analyst,false,false,true
Workplace Relations Adviser,13-1075.00,Labor Relations Specialists,onet_transferable_skills,skill,2.B.5.d,Management of Personnel Resources,2.88,47.00,1,5,8,0.1250,2.6300,3.1200,N,,08/2023,Analyst,2.88,41.14,0,7,8,0.1250,2.6300,3.1200,N,N,08/2023,Analyst,false,false,true
Supply Chain Analyst,13-1081.02,Logistics Analysts,onet_transferable_skills,skill,2.B.1.a,Social Perceptiveness,3.00,50.00,1,5,8,0.0000,3.0000,3.0000,N,,08/2020,Analyst,3.00,42.86,0,7,8,0.0000,3.0000,3.0000,N,N,08/2020,Analyst,false,false,true
Supply Chain Analyst,13-1081.02,Logistics Analysts,onet_transferable_skills,skill,2.B.1.b,Coordination,3.00,50.00,1,5,8,0.0000,3.0000,3.0000,N,,08/2020,Analyst,3.12,44.57,0,7,8,0.1250,2.8800,3.3700,N,N,08/2020,Analyst,false,false,true
Supply Chain Analyst,13-1081.02,Logistics Analysts,onet_transferable_skills,skill,2.B.1.c,Persuasion,2.88,47.00,1,5,8,0.1250,2.6300,3.1200,N,,08/2020,Analyst,2.88,41.14,0,7,8,0.1250,2.6300,3.1200,N,N,08/2020,Analyst,false,false,true
Supply Chain Analyst,13-1081.02,Logistics Analysts,onet_transferable_skills,skill,2.B.1.d,Negotiation,2.88,47.00,1,5,8,0.1250,2.6300,3.1200,N,,08/2020,Analyst,2.88,41.14,0,7,8,0.1250,2.6300,3.1200,N,N,08/2020,Analyst,false,false,true
Supply Chain Analyst,13-1081.02,Logistics Analysts,onet_transferable_skills,skill,2.B.1.e,Instructing,2.88,47.00,1,5,8,0.1250,2.6300,3.1200,N,,08/2020,Analyst,2.88,41.14,0,7,8,0.1250,2.6300,3.1200,N,N,08/2020,Analyst,false,false,true
Supply Chain Analyst,13-1081.02,Logistics Analysts,onet_transferable_skills,skill,2.B.1.f,Service Orientation,3.00,50.00,1,5,8,0.0000,3.0000,3.0000,N,,08/2020,Analyst,2.88,41.14,0,7,8,0.1250,2.6300,3.1200,N,N,08/2020,Analyst,false,false,true
Supply Chain Analyst,13-1081.02,Logistics Analysts,onet_transferable_skills,skill,2.B.2.i,Complex Problem Solving,3.88,72.00,1,5,8,0.1250,3.6300,4.1200,N,,08/2020,Analyst,4.00,57.14,0,7,8,0.0000,4.0000,4.0000,N,N,08/2020,Analyst,false,false,true
Supply Chain Analyst,13-1081.02,Logistics Analysts,onet_transferable_skills,skill,2.B.3.a,Operations Analysis,2.12,28.00,1,5,8,0.1250,1.8800,2.3700,N,,08/2020,Analyst,2.62,37.43,0,7,8,0.2631,2.1094,3.1406,N,N,08/2020,Analyst,false,false,true
Supply Chain Analyst,13-1081.02,Logistics Analysts,onet_transferable_skills,skill,2.B.3.b,Technology Design,1.88,22.00,1,5,8,0.1250,1.6300,2.1200,N,,08/2020,Analyst,1.75,25.00,0,7,8,0.2500,1.2600,2.2400,N,N,08/2020,Analyst,false,false,true
Supply Chain Analyst,13-1081.02,Logistics Analysts,onet_transferable_skills,skill,2.B.3.c,Equipment Selection,1.00,0.00,1,5,8,0.0000,1.0000,1.0000,N,,08/2020,Analyst,0.00,0.00,0,7,8,0.0000,0.0000,0.0000,N,Y,08/2020,Analyst,false,true,false
Supply Chain Analyst,13-1081.02,Logistics Analysts,onet_transferable_skills,skill,2.B.3.d,Installation,1.00,0.00,1,5,8,0.0000,1.0000,1.0000,N,,08/2020,Analyst,0.00,0.00,0,7,8,0.0000,0.0000,0.0000,N,Y,08/2020,Analyst,false,true,false
Supply Chain Analyst,13-1081.02,Logistics Analysts,onet_transferable_skills,skill,2.B.3.e,Programming,2.00,25.00,1,5,8,0.1890,1.6296,2.3704,N,,08/2020,Analyst,1.75,25.00,0,7,8,0.3134,1.1358,2.3642,N,N,08/2020,Analyst,false,false,true
Supply Chain Analyst,13-1081.02,Logistics Analysts,onet_transferable_skills,skill,2.B.3.g,Operations Monitoring,2.12,28.00,1,5,8,0.1250,1.8800,2.3700,N,,08/2020,Analyst,2.00,28.57,0,7,8,0.0000,2.0000,2.0000,N,N,08/2020,Analyst,false,false,true
Supply Chain Analyst,13-1081.02,Logistics Analysts,onet_transferable_skills,skill,2.B.3.h,Operation and Control,1.00,0.00,1,5,8,0.0000,1.0000,1.0000,N,,08/2020,Analyst,0.00,0.00,0,7,8,0.0000,0.0000,0.0000,N,Y,08/2020,Analyst,false,true,false
Supply Chain Analyst,13-1081.02,Logistics Analysts,onet_transferable_skills,skill,2.B.3.j,Equipment Maintenance,1.00,0.00,1,5,8,0.0000,1.0000,1.0000,N,,08/2020,Analyst,0.00,0.00,0,7,8,0.0000,0.0000,0.0000,N,Y,08/2020,Analyst,false,true,false
Supply Chain Analyst,13-1081.02,Logistics Analysts,onet_transferable_skills,skill,2.B.3.k,Troubleshooting,1.50,12.50,1,5,8,0.1890,1.1296,1.8704,N,,08/2020,Analyst,0.50,7.14,0,7,8,0.1890,0.1296,0.8704,N,N,08/2020,Analyst,false,false,true
Supply Chain Analyst,13-1081.02,Logistics Analysts,onet_transferable_skills,skill,2.B.3.l,Repairing,1.00,0.00,1,5,8,0.0000,1.0000,1.0000,N,,08/2020,Analyst,0.00,0.00,0,7,8,0.0000,0.0000,0.0000,N,Y,08/2020,Analyst,false,true,false
Supply Chain Analyst,13-1081.02,Logistics Analysts,onet_transferable_skills,skill,2.B.3.m,Quality Control Analysis,2.25,31.25,1,5,8,0.2500,1.7600,2.7400,N,,08/2020,Analyst,2.25,32.14,0,7,8,0.3660,1.5327,2.9673,N,N,08/2020,Analyst,false,false,true
Supply Chain Analyst,13-1081.02,Logistics Analysts,onet_transferable_skills,skill,2.B.4.e,Judgment and Decision Making,3.62,65.50,1,5,8,0.1830,3.2664,3.9836,N,,08/2020,Analyst,4.00,57.14,0,7,8,0.0000,4.0000,4.0000,N,N,08/2020,Analyst,false,false,true
Supply Chain Analyst,13-1081.02,Logistics Analysts,onet_transferable_skills,skill,2.B.4.g,Systems Analysis,3.75,68.75,1,5,8,0.1637,3.4292,4.0708,N,,08/2020,Analyst,4.00,57.14,0,7,8,0.0000,4.0000,4.0000,N,N,08/2020,Analyst,false,false,true
Supply Chain Analyst,13-1081.02,Logistics Analysts,onet_transferable_skills,skill,2.B.4.h,Systems Evaluation,3.75,68.75,1,5,8,0.1637,3.4292,4.0708,N,,08/2020,Analyst,3.88,55.43,0,7,8,0.1250,3.6300,4.1200,N,N,08/2020,Analyst,false,false,true
Supply Chain Analyst,13-1081.02,Logistics Analysts,onet_transferable_skills,skill,2.B.5.a,Time Management,3.25,56.25,1,5,8,0.1637,2.9292,3.5708,N,,08/2020,Analyst,3.38,48.29,0,7,8,0.1830,3.0164,3.7336,N,N,08/2020,Analyst,false,false,true
Supply Chain Analyst,13-1081.02,Logistics Analysts,onet_transferable_skills,skill,2.B.5.b,Management of Financial Resources,2.50,37.50,1,5,8,0.1890,2.1296,2.8704,N,,08/2020,Analyst,2.50,35.71,0,7,8,0.1890,2.1296,2.8704,N,N,08/2020,Analyst,false,false,true
Supply Chain Analyst,13-1081.02,Logistics Analysts,onet_transferable_skills,skill,2.B.5.c,Management of Material Resources,2.62,40.50,1,5,8,0.1830,2.2664,2.9836,N,,08/2020,Analyst,2.25,32.14,0,7,8,0.1637,1.9292,2.5708,N,N,08/2020,Analyst,false,false,true
Supply Chain Analyst,13-1081.02,Logistics Analysts,onet_transferable_skills,skill,2.B.5.d,Management of Personnel Resources,3.00,50.00,1,5,8,0.0000,3.0000,3.0000,N,,08/2020,Analyst,2.88,41.14,0,7,8,0.1250,2.6300,3.1200,N,N,08/2020,Analyst,false,false,true
Management Consultant,13-1111.00,Management Analysts,onet_transferable_skills,skill,2.B.1.a,Social Perceptiveness,3.88,72.00,1,5,8,0.1250,3.6300,4.1200,N,,08/2022,Analyst,4.00,57.14,0,7,8,0.0000,4.0000,4.0000,N,N,08/2022,Analyst,false,false,true
Management Consultant,13-1111.00,Management Analysts,onet_transferable_skills,skill,2.B.1.b,Coordination,3.88,72.00,1,5,8,0.1250,3.6300,4.1200,N,,08/2022,Analyst,4.00,57.14,0,7,8,0.0000,4.0000,4.0000,N,N,08/2022,Analyst,false,false,true
Management Consultant,13-1111.00,Management Analysts,onet_transferable_skills,skill,2.B.1.c,Persuasion,3.50,62.50,1,5,8,0.1890,3.1296,3.8704,N,,08/2022,Analyst,3.88,55.43,0,7,8,0.1250,3.6300,4.1200,N,N,08/2022,Analyst,false,false,true
Management Consultant,13-1111.00,Management Analysts,onet_transferable_skills,skill,2.B.1.d,Negotiation,3.12,53.00,1,5,8,0.1250,2.8800,3.3700,N,,08/2022,Analyst,3.12,44.57,0,7,8,0.1250,2.8800,3.3700,N,N,08/2022,Analyst,false,false,true
Management Consultant,13-1111.00,Management Analysts,onet_transferable_skills,skill,2.B.1.e,Instructing,3.25,56.25,1,5,8,0.1637,2.9292,3.5708,N,,08/2022,Analyst,3.50,50.00,0,7,8,0.1890,3.1296,3.8704,N,N,08/2022,Analyst,false,false,true
Management Consultant,13-1111.00,Management Analysts,onet_transferable_skills,skill,2.B.1.f,Service Orientation,3.25,56.25,1,5,8,0.1637,2.9292,3.5708,N,,08/2022,Analyst,3.25,46.43,0,7,8,0.1637,2.9292,3.5708,N,N,08/2022,Analyst,false,false,true
Management Consultant,13-1111.00,Management Analysts,onet_transferable_skills,skill,2.B.2.i,Complex Problem Solving,4.00,75.00,1,5,8,0.0000,4.0000,4.0000,N,,08/2022,Analyst,4.00,57.14,0,7,8,0.0000,4.0000,4.0000,N,N,08/2022,Analyst,false,false,true
Management Consultant,13-1111.00,Management Analysts,onet_transferable_skills,skill,2.B.3.a,Operations Analysis,3.00,50.00,1,5,8,0.1890,2.6296,3.3704,N,,08/2022,Analyst,3.88,55.43,0,7,8,0.2266,3.4309,4.3191,N,N,08/2022,Analyst,false,false,true
Management Consultant,13-1111.00,Management Analysts,onet_transferable_skills,skill,2.B.3.b,Technology Design,2.12,28.00,1,5,8,0.2266,1.6809,2.5691,N,,08/2022,Analyst,1.38,19.71,0,7,8,0.3239,0.7402,2.0098,N,N,08/2022,Analyst,false,false,true
Management Consultant,13-1111.00,Management Analysts,onet_transferable_skills,skill,2.B.3.c,Equipment Selection,1.12,3.00,1,5,8,0.1250,1.0000,1.3700,N,,08/2022,Analyst,0.12,1.71,0,7,8,0.1250,0.0000,0.3700,N,Y,08/2022,Analyst,false,true,false
Management Consultant,13-1111.00,Management Analysts,onet_transferable_skills,skill,2.B.3.d,Installation,1.00,0.00,1,5,8,0.0000,1.0000,1.0000,N,,08/2022,Analyst,0.00,0.00,0,7,8,0.0000,0.0000,0.0000,N,Y,08/2022,Analyst,false,true,false
Management Consultant,13-1111.00,Management Analysts,onet_transferable_skills,skill,2.B.3.e,Programming,1.88,22.00,1,5,8,0.1250,1.6300,2.1200,N,,08/2022,Analyst,1.25,17.86,0,7,8,0.2500,0.7600,1.7400,N,N,08/2022,Analyst,false,false,true
Management Consultant,13-1111.00,Management Analysts,onet_transferable_skills,skill,2.B.3.g,Operations Monitoring,1.75,18.75,1,5,8,0.1637,1.4292,2.0708,N,,08/2022,Analyst,1.12,16.00,0,7,8,0.3504,0.4383,1.8117,N,N,08/2022,Analyst,false,false,true
Management Consultant,13-1111.00,Management Analysts,onet_transferable_skills,skill,2.B.3.h,Operation and Control,1.38,9.50,1,5,8,0.1830,1.0164,1.7336,N,,08/2022,Analyst,0.50,7.14,0,7,8,0.2673,0.0000,1.0238,N,N,08/2022,Analyst,false,false,true
Management Consultant,13-1111.00,Management Analysts,onet_transferable_skills,skill,2.B.3.j,Equipment Maintenance,1.00,0.00,1,5,8,0.0000,1.0000,1.0000,N,,08/2022,Analyst,0.00,0.00,0,7,8,0.0000,0.0000,0.0000,N,Y,08/2022,Analyst,false,true,false
Management Consultant,13-1111.00,Management Analysts,onet_transferable_skills,skill,2.B.3.k,Troubleshooting,1.25,6.25,1,5,8,0.1637,1.0000,1.5708,N,,08/2022,Analyst,0.25,3.57,0,7,8,0.1637,0.0000,0.5708,N,Y,08/2022,Analyst,false,true,false
Management Consultant,13-1111.00,Management Analysts,onet_transferable_skills,skill,2.B.3.l,Repairing,1.00,0.00,1,5,8,0.0000,1.0000,1.0000,N,,08/2022,Analyst,0.00,0.00,0,7,8,0.0000,0.0000,0.0000,N,Y,08/2022,Analyst,false,true,false
Management Consultant,13-1111.00,Management Analysts,onet_transferable_skills,skill,2.B.3.m,Quality Control Analysis,1.75,18.75,1,5,8,0.2500,1.2600,2.2400,N,,08/2022,Analyst,0.88,12.57,0,7,8,0.2950,0.2967,1.4533,N,N,08/2022,Analyst,false,false,true
Management Consultant,13-1111.00,Management Analysts,onet_transferable_skills,skill,2.B.4.e,Judgment and Decision Making,4.00,75.00,1,5,8,0.0000,4.0000,4.0000,N,,08/2022,Analyst,4.12,58.86,0,7,8,0.1250,3.8800,4.3700,N,N,08/2022,Analyst,false,false,true
Management Consultant,13-1111.00,Management Analysts,onet_transferable_skills,skill,2.B.4.g,Systems Analysis,3.75,68.75,1,5,8,0.1637,3.4292,4.0708,N,,08/2022,Analyst,3.88,55.43,0,7,8,0.1250,3.6300,4.1200,N,N,08/2022,Analyst,false,false,true
Management Consultant,13-1111.00,Management Analysts,onet_transferable_skills,skill,2.B.4.h,Systems Evaluation,3.88,72.00,1,5,8,0.1250,3.6300,4.1200,N,,08/2022,Analyst,3.88,55.43,0,7,8,0.1250,3.6300,4.1200,N,N,08/2022,Analyst,false,false,true
Management Consultant,13-1111.00,Management Analysts,onet_transferable_skills,skill,2.B.5.a,Time Management,3.25,56.25,1,5,8,0.1637,2.9292,3.5708,N,,08/2022,Analyst,3.25,46.43,0,7,8,0.1637,2.9292,3.5708,N,N,08/2022,Analyst,false,false,true
Management Consultant,13-1111.00,Management Analysts,onet_transferable_skills,skill,2.B.5.b,Management of Financial Resources,2.25,31.25,1,5,8,0.1637,1.9292,2.5708,N,,08/2022,Analyst,1.50,21.43,0,7,8,0.2673,0.9762,2.0238,N,N,08/2022,Analyst,false,false,true
Management Consultant,13-1111.00,Management Analysts,onet_transferable_skills,skill,2.B.5.c,Management of Material Resources,2.25,31.25,1,5,8,0.1637,1.9292,2.5708,N,,08/2022,Analyst,2.25,32.14,0,7,8,0.1637,1.9292,2.5708,N,N,08/2022,Analyst,false,false,true
Management Consultant,13-1111.00,Management Analysts,onet_transferable_skills,skill,2.B.5.d,Management of Personnel Resources,3.00,50.00,1,5,8,0.0000,3.0000,3.0000,N,,08/2022,Analyst,3.12,44.57,0,7,8,0.1250,2.8800,3.3700,N,N,08/2022,Analyst,false,false,true
Content Creator (Marketing),13-1161.00,Market Research Analysts and Marketing Specialists,onet_transferable_skills,skill,2.B.1.a,Social Perceptiveness,3.12,53.00,1,5,8,0.1250,2.8800,3.3700,N,,08/2026,Analyst,3.12,44.57,0,7,8,0.1250,2.8800,3.3700,N,N,08/2026,Analyst,false,false,true
Market Research Analyst,13-1161.00,Market Research Analysts and Marketing Specialists,onet_transferable_skills,skill,2.B.1.a,Social Perceptiveness,3.12,53.00,1,5,8,0.1250,2.8800,3.3700,N,,08/2026,Analyst,3.12,44.57,0,7,8,0.1250,2.8800,3.3700,N,N,08/2026,Analyst,false,false,true
Marketing Specialist,13-1161.00,Market Research Analysts and Marketing Specialists,onet_transferable_skills,skill,2.B.1.a,Social Perceptiveness,3.12,53.00,1,5,8,0.1250,2.8800,3.3700,N,,08/2026,Analyst,3.12,44.57,0,7,8,0.1250,2.8800,3.3700,N,N,08/2026,Analyst,false,false,true
Content Creator (Marketing),13-1161.00,Market Research Analysts and Marketing Specialists,onet_transferable_skills,skill,2.B.1.b,Coordination,3.00,50.00,1,5,8,0.0000,3.0000,3.0000,N,,08/2026,Analyst,3.12,44.57,0,7,8,0.1250,2.8800,3.3700,N,N,08/2026,Analyst,false,false,true
Market Research Analyst,13-1161.00,Market Research Analysts and Marketing Specialists,onet_transferable_skills,skill,2.B.1.b,Coordination,3.00,50.00,1,5,8,0.0000,3.0000,3.0000,N,,08/2026,Analyst,3.12,44.57,0,7,8,0.1250,2.8800,3.3700,N,N,08/2026,Analyst,false,false,true
Marketing Specialist,13-1161.00,Market Research Analysts and Marketing Specialists,onet_transferable_skills,skill,2.B.1.b,Coordination,3.00,50.00,1,5,8,0.0000,3.0000,3.0000,N,,08/2026,Analyst,3.12,44.57,0,7,8,0.1250,2.8800,3.3700,N,N,08/2026,Analyst,false,false,true
Content Creator (Marketing),13-1161.00,Market Research Analysts and Marketing Specialists,onet_transferable_skills,skill,2.B.1.c,Persuasion,3.12,53.00,1,5,8,0.1250,2.8800,3.3700,N,,08/2026,Analyst,3.25,46.43,0,7,8,0.1637,2.9292,3.5708,N,N,08/2026,Analyst,false,false,true
Market Research Analyst,13-1161.00,Market Research Analysts and Marketing Specialists,onet_transferable_skills,skill,2.B.1.c,Persuasion,3.12,53.00,1,5,8,0.1250,2.8800,3.3700,N,,08/2026,Analyst,3.25,46.43,0,7,8,0.1637,2.9292,3.5708,N,N,08/2026,Analyst,false,false,true
Marketing Specialist,13-1161.00,Market Research Analysts and Marketing Specialists,onet_transferable_skills,skill,2.B.1.c,Persuasion,3.12,53.00,1,5,8,0.1250,2.8800,3.3700,N,,08/2026,Analyst,3.25,46.43,0,7,8,0.1637,2.9292,3.5708,N,N,08/2026,Analyst,false,false,true
Content Creator (Marketing),13-1161.00,Market Research Analysts and Marketing Specialists,onet_transferable_skills,skill,2.B.1.d,Negotiation,2.62,40.50,1,5,8,0.1830,2.2664,2.9836,N,,08/2026,Analyst,2.88,41.14,0,7,8,0.1250,2.6300,3.1200,N,N,08/2026,Analyst,false,false,true
Market Research Analyst,13-1161.00,Market Research Analysts and Marketing Specialists,onet_transferable_skills,skill,2.B.1.d,Negotiation,2.62,40.50,1,5,8,0.1830,2.2664,2.9836,N,,08/2026,Analyst,2.88,41.14,0,7,8,0.1250,2.6300,3.1200,N,N,08/2026,Analyst,false,false,true
Marketing Specialist,13-1161.00,Market Research Analysts and Marketing Specialists,onet_transferable_skills,skill,2.B.1.d,Negotiation,2.62,40.50,1,5,8,0.1830,2.2664,2.9836,N,,08/2026,Analyst,2.88,41.14,0,7,8,0.1250,2.6300,3.1200,N,N,08/2026,Analyst,false,false,true
Content Creator (Marketing),13-1161.00,Market Research Analysts and Marketing Specialists,onet_transferable_skills,skill,2.B.1.e,Instructing,2.50,37.50,1,5,8,0.1890,2.1296,2.8704,N,,08/2026,Analyst,2.88,41.14,0,7,8,0.1250,2.6300,3.1200,N,N,08/2026,Analyst,false,false,true
Market Research Analyst,13-1161.00,Market Research Analysts and Marketing Specialists,onet_transferable_skills,skill,2.B.1.e,Instructing,2.50,37.50,1,5,8,0.1890,2.1296,2.8704,N,,08/2026,Analyst,2.88,41.14,0,7,8,0.1250,2.6300,3.1200,N,N,08/2026,Analyst,false,false,true
Marketing Specialist,13-1161.00,Market Research Analysts and Marketing Specialists,onet_transferable_skills,skill,2.B.1.e,Instructing,2.50,37.50,1,5,8,0.1890,2.1296,2.8704,N,,08/2026,Analyst,2.88,41.14,0,7,8,0.1250,2.6300,3.1200,N,N,08/2026,Analyst,false,false,true
Content Creator (Marketing),13-1161.00,Market Research Analysts and Marketing Specialists,onet_transferable_skills,skill,2.B.1.f,Service Orientation,2.75,43.75,1,5,8,0.1637,2.4292,3.0708,N,,08/2026,Analyst,3.00,42.86,0,7,8,0.1890,2.6296,3.3704,N,N,08/2026,Analyst,false,false,true
Market Research Analyst,13-1161.00,Market Research Analysts and Marketing Specialists,onet_transferable_skills,skill,2.B.1.f,Service Orientation,2.75,43.75,1,5,8,0.1637,2.4292,3.0708,N,,08/2026,Analyst,3.00,42.86,0,7,8,0.1890,2.6296,3.3704,N,N,08/2026,Analyst,false,false,true
Marketing Specialist,13-1161.00,Market Research Analysts and Marketing Specialists,onet_transferable_skills,skill,2.B.1.f,Service Orientation,2.75,43.75,1,5,8,0.1637,2.4292,3.0708,N,,08/2026,Analyst,3.00,42.86,0,7,8,0.1890,2.6296,3.3704,N,N,08/2026,Analyst,false,false,true
Content Creator (Marketing),13-1161.00,Market Research Analysts and Marketing Specialists,onet_transferable_skills,skill,2.B.2.i,Complex Problem Solving,3.75,68.75,1,5,8,0.1637,3.4292,4.0708,N,,08/2026,Analyst,3.75,53.57,0,7,8,0.1637,3.4292,4.0708,N,N,08/2026,Analyst,false,false,true
Market Research Analyst,13-1161.00,Market Research Analysts and Marketing Specialists,onet_transferable_skills,skill,2.B.2.i,Complex Problem Solving,3.75,68.75,1,5,8,0.1637,3.4292,4.0708,N,,08/2026,Analyst,3.75,53.57,0,7,8,0.1637,3.4292,4.0708,N,N,08/2026,Analyst,false,false,true
Marketing Specialist,13-1161.00,Market Research Analysts and Marketing Specialists,onet_transferable_skills,skill,2.B.2.i,Complex Problem Solving,3.75,68.75,1,5,8,0.1637,3.4292,4.0708,N,,08/2026,Analyst,3.75,53.57,0,7,8,0.1637,3.4292,4.0708,N,N,08/2026,Analyst,false,false,true
Content Creator (Marketing),13-1161.00,Market Research Analysts and Marketing Specialists,onet_transferable_skills,skill,2.B.3.a,Operations Analysis,2.62,40.50,1,5,8,0.1830,2.2664,2.9836,N,,08/2026,Analyst,2.75,39.29,0,7,8,0.1637,2.4292,3.0708,N,N,08/2026,Analyst,false,false,true
Market Research Analyst,13-1161.00,Market Research Analysts and Marketing Specialists,onet_transferable_skills,skill,2.B.3.a,Operations Analysis,2.62,40.50,1,5,8,0.1830,2.2664,2.9836,N,,08/2026,Analyst,2.75,39.29,0,7,8,0.1637,2.4292,3.0708,N,N,08/2026,Analyst,false,false,true
Marketing Specialist,13-1161.00,Market Research Analysts and Marketing Specialists,onet_transferable_skills,skill,2.B.3.a,Operations Analysis,2.62,40.50,1,5,8,0.1830,2.2664,2.9836,N,,08/2026,Analyst,2.75,39.29,0,7,8,0.1637,2.4292,3.0708,N,N,08/2026,Analyst,false,false,true
Content Creator (Marketing),13-1161.00,Market Research Analysts and Marketing Specialists,onet_transferable_skills,skill,2.B.3.b,Technology Design,1.75,18.75,1,5,8,0.1637,1.4292,2.0708,N,,08/2026,Analyst,0.88,12.57,0,7,8,0.2266,0.4309,1.3191,N,N,08/2026,Analyst,false,false,true
Market Research Analyst,13-1161.00,Market Research Analysts and Marketing Specialists,onet_transferable_skills,skill,2.B.3.b,Technology Design,1.75,18.75,1,5,8,0.1637,1.4292,2.0708,N,,08/2026,Analyst,0.88,12.57,0,7,8,0.2266,0.4309,1.3191,N,N,08/2026,Analyst,false,false,true
Marketing Specialist,13-1161.00,Market Research Analysts and Marketing Specialists,onet_transferable_skills,skill,2.B.3.b,Technology Design,1.75,18.75,1,5,8,0.1637,1.4292,2.0708,N,,08/2026,Analyst,0.88,12.57,0,7,8,0.2266,0.4309,1.3191,N,N,08/2026,Analyst,false,false,true
Content Creator (Marketing),13-1161.00,Market Research Analysts and Marketing Specialists,onet_transferable_skills,skill,2.B.3.c,Equipment Selection,1.00,0.00,1,5,8,0.0000,1.0000,1.0000,N,,08/2026,Analyst,0.00,0.00,0,7,8,0.0000,0.0000,0.0000,N,Y,08/2026,Analyst,false,true,false
Market Research Analyst,13-1161.00,Market Research Analysts and Marketing Specialists,onet_transferable_skills,skill,2.B.3.c,Equipment Selection,1.00,0.00,1,5,8,0.0000,1.0000,1.0000,N,,08/2026,Analyst,0.00,0.00,0,7,8,0.0000,0.0000,0.0000,N,Y,08/2026,Analyst,false,true,false
Marketing Specialist,13-1161.00,Market Research Analysts and Marketing Specialists,onet_transferable_skills,skill,2.B.3.c,Equipment Selection,1.00,0.00,1,5,8,0.0000,1.0000,1.0000,N,,08/2026,Analyst,0.00,0.00,0,7,8,0.0000,0.0000,0.0000,N,Y,08/2026,Analyst,false,true,false
Content Creator (Marketing),13-1161.00,Market Research Analysts and Marketing Specialists,onet_transferable_skills,skill,2.B.3.d,Installation,1.00,0.00,1,5,8,0.0000,1.0000,1.0000,N,,08/2026,Analyst,0.00,0.00,0,7,8,0.0000,0.0000,0.0000,N,Y,08/2026,Analyst,false,true,false
Market Research Analyst,13-1161.00,Market Research Analysts and Marketing Specialists,onet_transferable_skills,skill,2.B.3.d,Installation,1.00,0.00,1,5,8,0.0000,1.0000,1.0000,N,,08/2026,Analyst,0.00,0.00,0,7,8,0.0000,0.0000,0.0000,N,Y,08/2026,Analyst,false,true,false
Marketing Specialist,13-1161.00,Market Research Analysts and Marketing Specialists,onet_transferable_skills,skill,2.B.3.d,Installation,1.00,0.00,1,5,8,0.0000,1.0000,1.0000,N,,08/2026,Analyst,0.00,0.00,0,7,8,0.0000,0.0000,0.0000,N,Y,08/2026,Analyst,false,true,false
Content Creator (Marketing),13-1161.00,Market Research Analysts and Marketing Specialists,onet_transferable_skills,skill,2.B.3.e,Programming,2.00,25.00,1,5,8,0.0000,2.0000,2.0000,N,,08/2026,Analyst,2.00,28.57,0,7,8,0.0000,2.0000,2.0000,N,N,08/2026,Analyst,false,false,true
Market Research Analyst,13-1161.00,Market Research Analysts and Marketing Specialists,onet_transferable_skills,skill,2.B.3.e,Programming,2.00,25.00,1,5,8,0.0000,2.0000,2.0000,N,,08/2026,Analyst,2.00,28.57,0,7,8,0.0000,2.0000,2.0000,N,N,08/2026,Analyst,false,false,true
Marketing Specialist,13-1161.00,Market Research Analysts and Marketing Specialists,onet_transferable_skills,skill,2.B.3.e,Programming,2.00,25.00,1,5,8,0.0000,2.0000,2.0000,N,,08/2026,Analyst,2.00,28.57,0,7,8,0.0000,2.0000,2.0000,N,N,08/2026,Analyst,false,false,true
Content Creator (Marketing),13-1161.00,Market Research Analysts and Marketing Specialists,onet_transferable_skills,skill,2.B.3.g,Operations Monitoring,1.75,18.75,1,5,8,0.1637,1.4292,2.0708,N,,08/2026,Analyst,1.00,14.29,0,7,8,0.2673,0.4762,1.5238,N,N,08/2026,Analyst,false,false,true
Market Research Analyst,13-1161.00,Market Research Analysts and Marketing Specialists,onet_transferable_skills,skill,2.B.3.g,Operations Monitoring,1.75,18.75,1,5,8,0.1637,1.4292,2.0708,N,,08/2026,Analyst,1.00,14.29,0,7,8,0.2673,0.4762,1.5238,N,N,08/2026,Analyst,false,false,true
Marketing Specialist,13-1161.00,Market Research Analysts and Marketing Specialists,onet_transferable_skills,skill,2.B.3.g,Operations Monitoring,1.75,18.75,1,5,8,0.1637,1.4292,2.0708,N,,08/2026,Analyst,1.00,14.29,0,7,8,0.2673,0.4762,1.5238,N,N,08/2026,Analyst,false,false,true
Content Creator (Marketing),13-1161.00,Market Research Analysts and Marketing Specialists,onet_transferable_skills,skill,2.B.3.h,Operation and Control,1.00,0.00,1,5,8,0.0000,1.0000,1.0000,N,,08/2026,Analyst,0.00,0.00,0,7,8,0.0000,0.0000,0.0000,N,Y,08/2026,Analyst,false,true,false
Market Research Analyst,13-1161.00,Market Research Analysts and Marketing Specialists,onet_transferable_skills,skill,2.B.3.h,Operation and Control,1.00,0.00,1,5,8,0.0000,1.0000,1.0000,N,,08/2026,Analyst,0.00,0.00,0,7,8,0.0000,0.0000,0.0000,N,Y,08/2026,Analyst,false,true,false
Marketing Specialist,13-1161.00,Market Research Analysts and Marketing Specialists,onet_transferable_skills,skill,2.B.3.h,Operation and Control,1.00,0.00,1,5,8,0.0000,1.0000,1.0000,N,,08/2026,Analyst,0.00,0.00,0,7,8,0.0000,0.0000,0.0000,N,Y,08/2026,Analyst,false,true,false
Content Creator (Marketing),13-1161.00,Market Research Analysts and Marketing Specialists,onet_transferable_skills,skill,2.B.3.j,Equipment Maintenance,1.00,0.00,1,5,8,0.0000,1.0000,1.0000,N,,08/2026,Analyst,0.00,0.00,0,7,8,0.0000,0.0000,0.0000,N,Y,08/2026,Analyst,false,true,false
Market Research Analyst,13-1161.00,Market Research Analysts and Marketing Specialists,onet_transferable_skills,skill,2.B.3.j,Equipment Maintenance,1.00,0.00,1,5,8,0.0000,1.0000,1.0000,N,,08/2026,Analyst,0.00,0.00,0,7,8,0.0000,0.0000,0.0000,N,Y,08/2026,Analyst,false,true,false
Marketing Specialist,13-1161.00,Market Research Analysts and Marketing Specialists,onet_transferable_skills,skill,2.B.3.j,Equipment Maintenance,1.00,0.00,1,5,8,0.0000,1.0000,1.0000,N,,08/2026,Analyst,0.00,0.00,0,7,8,0.0000,0.0000,0.0000,N,Y,08/2026,Analyst,false,true,false
Content Creator (Marketing),13-1161.00,Market Research Analysts and Marketing Specialists,onet_transferable_skills,skill,2.B.3.k,Troubleshooting,1.00,0.00,1,5,8,0.0000,1.0000,1.0000,N,,08/2026,Analyst,0.00,0.00,0,7,8,0.0000,0.0000,0.0000,N,Y,08/2026,Analyst,false,true,false
Market Research Analyst,13-1161.00,Market Research Analysts and Marketing Specialists,onet_transferable_skills,skill,2.B.3.k,Troubleshooting,1.00,0.00,1,5,8,0.0000,1.0000,1.0000,N,,08/2026,Analyst,0.00,0.00,0,7,8,0.0000,0.0000,0.0000,N,Y,08/2026,Analyst,false,true,false
Marketing Specialist,13-1161.00,Market Research Analysts and Marketing Specialists,onet_transferable_skills,skill,2.B.3.k,Troubleshooting,1.00,0.00,1,5,8,0.0000,1.0000,1.0000,N,,08/2026,Analyst,0.00,0.00,0,7,8,0.0000,0.0000,0.0000,N,Y,08/2026,Analyst,false,true,false
Content Creator (Marketing),13-1161.00,Market Research Analysts and Marketing Specialists,onet_transferable_skills,skill,2.B.3.l,Repairing,1.00,0.00,1,5,8,0.0000,1.0000,1.0000,N,,08/2026,Analyst,0.00,0.00,0,7,8,0.0000,0.0000,0.0000,N,Y,08/2026,Analyst,false,true,false
Market Research Analyst,13-1161.00,Market Research Analysts and Marketing Specialists,onet_transferable_skills,skill,2.B.3.l,Repairing,1.00,0.00,1,5,8,0.0000,1.0000,1.0000,N,,08/2026,Analyst,0.00,0.00,0,7,8,0.0000,0.0000,0.0000,N,Y,08/2026,Analyst,false,true,false
Marketing Specialist,13-1161.00,Market Research Analysts and Marketing Specialists,onet_transferable_skills,skill,2.B.3.l,Repairing,1.00,0.00,1,5,8,0.0000,1.0000,1.0000,N,,08/2026,Analyst,0.00,0.00,0,7,8,0.0000,0.0000,0.0000,N,Y,08/2026,Analyst,false,true,false
Content Creator (Marketing),13-1161.00,Market Research Analysts and Marketing Specialists,onet_transferable_skills,skill,2.B.3.m,Quality Control Analysis,1.50,12.50,1,5,8,0.1890,1.1296,1.8704,N,,08/2026,Analyst,0.62,8.86,0,7,8,0.2631,0.1094,1.1406,N,N,08/2026,Analyst,false,false,true
Market Research Analyst,13-1161.00,Market Research Analysts and Marketing Specialists,onet_transferable_skills,skill,2.B.3.m,Quality Control Analysis,1.50,12.50,1,5,8,0.1890,1.1296,1.8704,N,,08/2026,Analyst,0.62,8.86,0,7,8,0.2631,0.1094,1.1406,N,N,08/2026,Analyst,false,false,true
Marketing Specialist,13-1161.00,Market Research Analysts and Marketing Specialists,onet_transferable_skills,skill,2.B.3.m,Quality Control Analysis,1.50,12.50,1,5,8,0.1890,1.1296,1.8704,N,,08/2026,Analyst,0.62,8.86,0,7,8,0.2631,0.1094,1.1406,N,N,08/2026,Analyst,false,false,true
Content Creator (Marketing),13-1161.00,Market Research Analysts and Marketing Specialists,onet_transferable_skills,skill,2.B.4.e,Judgment and Decision Making,3.75,68.75,1,5,8,0.1637,3.4292,4.0708,N,,08/2026,Analyst,4.00,57.14,0,7,8,0.1890,3.6296,4.3704,N,N,08/2026,Analyst,false,false,true
Market Research Analyst,13-1161.00,Market Research Analysts and Marketing Specialists,onet_transferable_skills,skill,2.B.4.e,Judgment and Decision Making,3.75,68.75,1,5,8,0.1637,3.4292,4.0708,N,,08/2026,Analyst,4.00,57.14,0,7,8,0.1890,3.6296,4.3704,N,N,08/2026,Analyst,false,false,true
Marketing Specialist,13-1161.00,Market Research Analysts and Marketing Specialists,onet_transferable_skills,skill,2.B.4.e,Judgment and Decision Making,3.75,68.75,1,5,8,0.1637,3.4292,4.0708,N,,08/2026,Analyst,4.00,57.14,0,7,8,0.1890,3.6296,4.3704,N,N,08/2026,Analyst,false,false,true
Content Creator (Marketing),13-1161.00,Market Research Analysts and Marketing Specialists,onet_transferable_skills,skill,2.B.4.g,Systems Analysis,3.00,50.00,1,5,8,0.1890,2.6296,3.3704,N,,08/2026,Analyst,3.62,51.71,0,7,8,0.1830,3.2664,3.9836,N,N,08/2026,Analyst,false,false,true
Market Research Analyst,13-1161.00,Market Research Analysts and Marketing Specialists,onet_transferable_skills,skill,2.B.4.g,Systems Analysis,3.00,50.00,1,5,8,0.1890,2.6296,3.3704,N,,08/2026,Analyst,3.62,51.71,0,7,8,0.1830,3.2664,3.9836,N,N,08/2026,Analyst,false,false,true
Marketing Specialist,13-1161.00,Market Research Analysts and Marketing Specialists,onet_transferable_skills,skill,2.B.4.g,Systems Analysis,3.00,50.00,1,5,8,0.1890,2.6296,3.3704,N,,08/2026,Analyst,3.62,51.71,0,7,8,0.1830,3.2664,3.9836,N,N,08/2026,Analyst,false,false,true
Content Creator (Marketing),13-1161.00,Market Research Analysts and Marketing Specialists,onet_transferable_skills,skill,2.B.4.h,Systems Evaluation,3.12,53.00,1,5,8,0.2266,2.6809,3.5691,N,,08/2026,Analyst,3.75,53.57,0,7,8,0.1637,3.4292,4.0708,N,N,08/2026,Analyst,false,false,true
Market Research Analyst,13-1161.00,Market Research Analysts and Marketing Specialists,onet_transferable_skills,skill,2.B.4.h,Systems Evaluation,3.12,53.00,1,5,8,0.2266,2.6809,3.5691,N,,08/2026,Analyst,3.75,53.57,0,7,8,0.1637,3.4292,4.0708,N,N,08/2026,Analyst,false,false,true
Marketing Specialist,13-1161.00,Market Research Analysts and Marketing Specialists,onet_transferable_skills,skill,2.B.4.h,Systems Evaluation,3.12,53.00,1,5,8,0.2266,2.6809,3.5691,N,,08/2026,Analyst,3.75,53.57,0,7,8,0.1637,3.4292,4.0708,N,N,08/2026,Analyst,false,false,true
Content Creator (Marketing),13-1161.00,Market Research Analysts and Marketing Specialists,onet_transferable_skills,skill,2.B.5.a,Time Management,3.00,50.00,1,5,8,0.0000,3.0000,3.0000,N,,08/2026,Analyst,3.00,42.86,0,7,8,0.0000,3.0000,3.0000,N,N,08/2026,Analyst,false,false,true
Market Research Analyst,13-1161.00,Market Research Analysts and Marketing Specialists,onet_transferable_skills,skill,2.B.5.a,Time Management,3.00,50.00,1,5,8,0.0000,3.0000,3.0000,N,,08/2026,Analyst,3.00,42.86,0,7,8,0.0000,3.0000,3.0000,N,N,08/2026,Analyst,false,false,true
Marketing Specialist,13-1161.00,Market Research Analysts and Marketing Specialists,onet_transferable_skills,skill,2.B.5.a,Time Management,3.00,50.00,1,5,8,0.0000,3.0000,3.0000,N,,08/2026,Analyst,3.00,42.86,0,7,8,0.0000,3.0000,3.0000,N,N,08/2026,Analyst,false,false,true
Content Creator (Marketing),13-1161.00,Market Research Analysts and Marketing Specialists,onet_transferable_skills,skill,2.B.5.b,Management of Financial Resources,1.88,22.00,1,5,8,0.1250,1.6300,2.1200,N,,08/2026,Analyst,1.38,19.71,0,7,8,0.2631,0.8594,1.8906,N,N,08/2026,Analyst,false,false,true
Market Research Analyst,13-1161.00,Market Research Analysts and Marketing Specialists,onet_transferable_skills,skill,2.B.5.b,Management of Financial Resources,1.88,22.00,1,5,8,0.1250,1.6300,2.1200,N,,08/2026,Analyst,1.38,19.71,0,7,8,0.2631,0.8594,1.8906,N,N,08/2026,Analyst,false,false,true
Marketing Specialist,13-1161.00,Market Research Analysts and Marketing Specialists,onet_transferable_skills,skill,2.B.5.b,Management of Financial Resources,1.88,22.00,1,5,8,0.1250,1.6300,2.1200,N,,08/2026,Analyst,1.38,19.71,0,7,8,0.2631,0.8594,1.8906,N,N,08/2026,Analyst,false,false,true
Content Creator (Marketing),13-1161.00,Market Research Analysts and Marketing Specialists,onet_transferable_skills,skill,2.B.5.c,Management of Material Resources,1.88,22.00,1,5,8,0.1250,1.6300,2.1200,N,,08/2026,Analyst,1.12,16.00,0,7,8,0.2266,0.6809,1.5691,N,N,08/2026,Analyst,false,false,true
Market Research Analyst,13-1161.00,Market Research Analysts and Marketing Specialists,onet_transferable_skills,skill,2.B.5.c,Management of Material Resources,1.88,22.00,1,5,8,0.1250,1.6300,2.1200,N,,08/2026,Analyst,1.12,16.00,0,7,8,0.2266,0.6809,1.5691,N,N,08/2026,Analyst,false,false,true
Marketing Specialist,13-1161.00,Market Research Analysts and Marketing Specialists,onet_transferable_skills,skill,2.B.5.c,Management of Material Resources,1.88,22.00,1,5,8,0.1250,1.6300,2.1200,N,,08/2026,Analyst,1.12,16.00,0,7,8,0.2266,0.6809,1.5691,N,N,08/2026,Analyst,false,false,true
Content Creator (Marketing),13-1161.00,Market Research Analysts and Marketing Specialists,onet_transferable_skills,skill,2.B.5.d,Management of Personnel Resources,2.62,40.50,1,5,8,0.1830,2.2664,2.9836,N,,08/2026,Analyst,2.75,39.29,0,7,8,0.1637,2.4292,3.0708,N,N,08/2026,Analyst,false,false,true
Market Research Analyst,13-1161.00,Market Research Analysts and Marketing Specialists,onet_transferable_skills,skill,2.B.5.d,Management of Personnel Resources,2.62,40.50,1,5,8,0.1830,2.2664,2.9836,N,,08/2026,Analyst,2.75,39.29,0,7,8,0.1637,2.4292,3.0708,N,N,08/2026,Analyst,false,false,true
Marketing Specialist,13-1161.00,Market Research Analysts and Marketing Specialists,onet_transferable_skills,skill,2.B.5.d,Management of Personnel Resources,2.62,40.50,1,5,8,0.1830,2.2664,2.9836,N,,08/2026,Analyst,2.75,39.29,0,7,8,0.1637,2.4292,3.0708,N,N,08/2026,Analyst,false,false,true
Digital Marketing Analyst,13-1161.01,Search Marketing Strategists,onet_transferable_skills,skill,2.B.1.a,Social Perceptiveness,3.00,50.00,1,5,8,0.0000,3.0000,3.0000,N,,08/2021,Analyst,3.25,46.43,0,7,8,0.1637,2.9292,3.5708,N,N,08/2021,Analyst,false,false,true
Digital Marketing Analyst,13-1161.01,Search Marketing Strategists,onet_transferable_skills,skill,2.B.1.b,Coordination,3.25,56.25,1,5,8,0.1637,2.9292,3.5708,N,,08/2021,Analyst,3.62,51.71,0,7,8,0.1830,3.2664,3.9836,N,N,08/2021,Analyst,false,false,true
Digital Marketing Analyst,13-1161.01,Search Marketing Strategists,onet_transferable_skills,skill,2.B.1.c,Persuasion,3.25,56.25,1,5,8,0.1637,2.9292,3.5708,N,,08/2021,Analyst,3.62,51.71,0,7,8,0.1830,3.2664,3.9836,N,N,08/2021,Analyst,false,false,true
Digital Marketing Analyst,13-1161.01,Search Marketing Strategists,onet_transferable_skills,skill,2.B.1.d,Negotiation,3.00,50.00,1,5,8,0.0000,3.0000,3.0000,N,,08/2021,Analyst,3.12,44.57,0,7,8,0.1250,2.8800,3.3700,N,N,08/2021,Analyst,false,false,true
Digital Marketing Analyst,13-1161.01,Search Marketing Strategists,onet_transferable_skills,skill,2.B.1.e,Instructing,3.12,53.00,1,5,8,0.1250,2.8800,3.3700,N,,08/2021,Analyst,3.12,44.57,0,7,8,0.1250,2.8800,3.3700,N,N,08/2021,Analyst,false,false,true
Digital Marketing Analyst,13-1161.01,Search Marketing Strategists,onet_transferable_skills,skill,2.B.1.f,Service Orientation,3.00,50.00,1,5,8,0.0000,3.0000,3.0000,N,,08/2021,Analyst,3.00,42.86,0,7,8,0.0000,3.0000,3.0000,N,N,08/2021,Analyst,false,false,true
Digital Marketing Analyst,13-1161.01,Search Marketing Strategists,onet_transferable_skills,skill,2.B.2.i,Complex Problem Solving,3.88,72.00,1,5,8,0.1250,3.6300,4.1200,N,,08/2021,Analyst,4.12,58.86,0,7,8,0.1250,3.8800,4.3700,N,N,08/2021,Analyst,false,false,true
Digital Marketing Analyst,13-1161.01,Search Marketing Strategists,onet_transferable_skills,skill,2.B.3.a,Operations Analysis,2.12,28.00,1,5,8,0.1250,1.8800,2.3700,N,,08/2021,Analyst,2.25,32.14,0,7,8,0.1637,1.9292,2.5708,N,N,08/2021,Analyst,false,false,true
Digital Marketing Analyst,13-1161.01,Search Marketing Strategists,onet_transferable_skills,skill,2.B.3.b,Technology Design,2.38,34.50,1,5,8,0.3239,1.7402,3.0098,N,,08/2021,Analyst,2.25,32.14,0,7,8,0.4119,1.4427,3.0573,N,N,08/2021,Analyst,false,false,true
Digital Marketing Analyst,13-1161.01,Search Marketing Strategists,onet_transferable_skills,skill,2.B.3.c,Equipment Selection,1.00,0.00,1,5,8,0.0000,1.0000,1.0000,N,,08/2021,Analyst,0.00,0.00,0,7,8,0.0000,0.0000,0.0000,N,Y,08/2021,Analyst,false,true,false
Digital Marketing Analyst,13-1161.01,Search Marketing Strategists,onet_transferable_skills,skill,2.B.3.d,Installation,1.00,0.00,1,5,8,0.0000,1.0000,1.0000,N,,08/2021,Analyst,0.00,0.00,0,7,8,0.0000,0.0000,0.0000,N,Y,08/2021,Analyst,false,true,false
Digital Marketing Analyst,13-1161.01,Search Marketing Strategists,onet_transferable_skills,skill,2.B.3.e,Programming,2.75,43.75,1,5,8,0.3134,2.1358,3.3642,N,,08/2021,Analyst,2.12,30.29,0,7,8,0.3981,1.3447,2.9053,N,N,08/2021,Analyst,false,false,true
Digital Marketing Analyst,13-1161.01,Search Marketing Strategists,onet_transferable_skills,skill,2.B.3.g,Operations Monitoring,2.12,28.00,1,5,8,0.1250,1.8800,2.3700,N,,08/2021,Analyst,1.88,26.86,0,7,8,0.1250,1.6300,2.1200,N,N,08/2021,Analyst,false,false,true
Digital Marketing Analyst,13-1161.01,Search Marketing Strategists,onet_transferable_skills,skill,2.B.3.h,Operation and Control,1.00,0.00,1,5,8,0.0000,1.0000,1.0000,N,,08/2021,Analyst,0.00,0.00,0,7,8,0.0000,0.0000,0.0000,N,Y,08/2021,Analyst,false,true,false
Digital Marketing Analyst,13-1161.01,Search Marketing Strategists,onet_transferable_skills,skill,2.B.3.j,Equipment Maintenance,1.00,0.00,1,5,8,0.0000,1.0000,1.0000,N,,08/2021,Analyst,0.00,0.00,0,7,8,0.0000,0.0000,0.0000,N,Y,08/2021,Analyst,false,true,false
Digital Marketing Analyst,13-1161.01,Search Marketing Strategists,onet_transferable_skills,skill,2.B.3.k,Troubleshooting,1.12,3.00,1,5,8,0.1250,1.0000,1.3700,N,,08/2021,Analyst,0.25,3.57,0,7,8,0.2500,0.0000,0.7400,N,Y,08/2021,Analyst,false,true,false
Digital Marketing Analyst,13-1161.01,Search Marketing Strategists,onet_transferable_skills,skill,2.B.3.l,Repairing,1.00,0.00,1,5,8,0.0000,1.0000,1.0000,N,,08/2021,Analyst,0.00,0.00,0,7,8,0.0000,0.0000,0.0000,N,Y,08/2021,Analyst,false,true,false
Digital Marketing Analyst,13-1161.01,Search Marketing Strategists,onet_transferable_skills,skill,2.B.3.m,Quality Control Analysis,1.88,22.00,1,5,8,0.2266,1.4309,2.3191,N,,08/2021,Analyst,1.50,21.43,0,7,8,0.3780,0.7592,2.2408,N,N,08/2021,Analyst,false,false,true
Digital Marketing Analyst,13-1161.01,Search Marketing Strategists,onet_transferable_skills,skill,2.B.4.e,Judgment and Decision Making,3.75,68.75,1,5,8,0.1637,3.4292,4.0708,N,,08/2021,Analyst,3.75,53.57,0,7,8,0.1637,3.4292,4.0708,N,N,08/2021,Analyst,false,false,true
Digital Marketing Analyst,13-1161.01,Search Marketing Strategists,onet_transferable_skills,skill,2.B.4.g,Systems Analysis,3.38,59.50,1,5,8,0.1830,3.0164,3.7336,N,,08/2021,Analyst,3.75,53.57,0,7,8,0.1637,3.4292,4.0708,N,N,08/2021,Analyst,false,false,true
Digital Marketing Analyst,13-1161.01,Search Marketing Strategists,onet_transferable_skills,skill,2.B.4.h,Systems Evaluation,3.38,59.50,1,5,8,0.1830,3.0164,3.7336,N,,08/2021,Analyst,3.75,53.57,0,7,8,0.1637,3.4292,4.0708,N,N,08/2021,Analyst,false,false,true
Digital Marketing Analyst,13-1161.01,Search Marketing Strategists,onet_transferable_skills,skill,2.B.5.a,Time Management,3.12,53.00,1,5,8,0.1250,2.8800,3.3700,N,,08/2021,Analyst,3.50,50.00,0,7,8,0.1890,3.1296,3.8704,N,N,08/2021,Analyst,false,false,true
Digital Marketing Analyst,13-1161.01,Search Marketing Strategists,onet_transferable_skills,skill,2.B.5.b,Management of Financial Resources,2.12,28.00,1,5,8,0.1250,1.8800,2.3700,N,,08/2021,Analyst,2.00,28.57,0,7,8,0.0000,2.0000,2.0000,N,N,08/2021,Analyst,false,false,true
Digital Marketing Analyst,13-1161.01,Search Marketing Strategists,onet_transferable_skills,skill,2.B.5.c,Management of Material Resources,2.00,25.00,1,5,8,0.0000,2.0000,2.0000,N,,08/2021,Analyst,1.88,26.86,0,7,8,0.1250,1.6300,2.1200,N,N,08/2021,Analyst,false,false,true
Digital Marketing Analyst,13-1161.01,Search Marketing Strategists,onet_transferable_skills,skill,2.B.5.d,Management of Personnel Resources,2.62,40.50,1,5,8,0.1830,2.2664,2.9836,N,,08/2021,Analyst,3.00,42.86,0,7,8,0.0000,3.0000,3.0000,N,N,08/2021,Analyst,false,false,true
Accountant (General),13-2011.00,Accountants and Auditors,onet_transferable_skills,skill,2.B.1.a,Social Perceptiveness,3.25,56.25,1,5,8,0.1637,2.9292,3.5708,N,,08/2026,Analyst,3.25,46.43,0,7,8,0.1637,2.9292,3.5708,N,N,08/2026,Analyst,false,false,true
Management Accountant,13-2011.00,Accountants and Auditors,onet_transferable_skills,skill,2.B.1.a,Social Perceptiveness,3.25,56.25,1,5,8,0.1637,2.9292,3.5708,N,,08/2026,Analyst,3.25,46.43,0,7,8,0.1637,2.9292,3.5708,N,N,08/2026,Analyst,false,false,true
Taxation Accountant,13-2011.00,Accountants and Auditors,onet_transferable_skills,skill,2.B.1.a,Social Perceptiveness,3.25,56.25,1,5,8,0.1637,2.9292,3.5708,N,,08/2026,Analyst,3.25,46.43,0,7,8,0.1637,2.9292,3.5708,N,N,08/2026,Analyst,false,false,true
Accountant (General),13-2011.00,Accountants and Auditors,onet_transferable_skills,skill,2.B.1.b,Coordination,3.00,50.00,1,5,8,0.0000,3.0000,3.0000,N,,08/2026,Analyst,3.12,44.57,0,7,8,0.1250,2.8800,3.3700,N,N,08/2026,Analyst,false,false,true
Management Accountant,13-2011.00,Accountants and Auditors,onet_transferable_skills,skill,2.B.1.b,Coordination,3.00,50.00,1,5,8,0.0000,3.0000,3.0000,N,,08/2026,Analyst,3.12,44.57,0,7,8,0.1250,2.8800,3.3700,N,N,08/2026,Analyst,false,false,true
Taxation Accountant,13-2011.00,Accountants and Auditors,onet_transferable_skills,skill,2.B.1.b,Coordination,3.00,50.00,1,5,8,0.0000,3.0000,3.0000,N,,08/2026,Analyst,3.12,44.57,0,7,8,0.1250,2.8800,3.3700,N,N,08/2026,Analyst,false,false,true
Accountant (General),13-2011.00,Accountants and Auditors,onet_transferable_skills,skill,2.B.1.c,Persuasion,3.12,53.00,1,5,8,0.1250,2.8800,3.3700,N,,08/2026,Analyst,3.25,46.43,0,7,8,0.1637,2.9292,3.5708,N,N,08/2026,Analyst,false,false,true
Management Accountant,13-2011.00,Accountants and Auditors,onet_transferable_skills,skill,2.B.1.c,Persuasion,3.12,53.00,1,5,8,0.1250,2.8800,3.3700,N,,08/2026,Analyst,3.25,46.43,0,7,8,0.1637,2.9292,3.5708,N,N,08/2026,Analyst,false,false,true
Taxation Accountant,13-2011.00,Accountants and Auditors,onet_transferable_skills,skill,2.B.1.c,Persuasion,3.12,53.00,1,5,8,0.1250,2.8800,3.3700,N,,08/2026,Analyst,3.25,46.43,0,7,8,0.1637,2.9292,3.5708,N,N,08/2026,Analyst,false,false,true
Accountant (General),13-2011.00,Accountants and Auditors,onet_transferable_skills,skill,2.B.1.d,Negotiation,2.88,47.00,1,5,8,0.1250,2.6300,3.1200,N,,08/2026,Analyst,2.88,41.14,0,7,8,0.2266,2.4309,3.3191,N,N,08/2026,Analyst,false,false,true
Management Accountant,13-2011.00,Accountants and Auditors,onet_transferable_skills,skill,2.B.1.d,Negotiation,2.88,47.00,1,5,8,0.1250,2.6300,3.1200,N,,08/2026,Analyst,2.88,41.14,0,7,8,0.2266,2.4309,3.3191,N,N,08/2026,Analyst,false,false,true
Taxation Accountant,13-2011.00,Accountants and Auditors,onet_transferable_skills,skill,2.B.1.d,Negotiation,2.88,47.00,1,5,8,0.1250,2.6300,3.1200,N,,08/2026,Analyst,2.88,41.14,0,7,8,0.2266,2.4309,3.3191,N,N,08/2026,Analyst,false,false,true
Accountant (General),13-2011.00,Accountants and Auditors,onet_transferable_skills,skill,2.B.1.e,Instructing,2.88,47.00,1,5,8,0.1250,2.6300,3.1200,N,,08/2026,Analyst,3.12,44.57,0,7,8,0.2266,2.6809,3.5691,N,N,08/2026,Analyst,false,false,true
Management Accountant,13-2011.00,Accountants and Auditors,onet_transferable_skills,skill,2.B.1.e,Instructing,2.88,47.00,1,5,8,0.1250,2.6300,3.1200,N,,08/2026,Analyst,3.12,44.57,0,7,8,0.2266,2.6809,3.5691,N,N,08/2026,Analyst,false,false,true
Taxation Accountant,13-2011.00,Accountants and Auditors,onet_transferable_skills,skill,2.B.1.e,Instructing,2.88,47.00,1,5,8,0.1250,2.6300,3.1200,N,,08/2026,Analyst,3.12,44.57,0,7,8,0.2266,2.6809,3.5691,N,N,08/2026,Analyst,false,false,true
Accountant (General),13-2011.00,Accountants and Auditors,onet_transferable_skills,skill,2.B.1.f,Service Orientation,3.12,53.00,1,5,8,0.2266,2.6809,3.5691,N,,08/2026,Analyst,3.38,48.29,0,7,8,0.2631,2.8594,3.8906,N,N,08/2026,Analyst,false,false,true
Management Accountant,13-2011.00,Accountants and Auditors,onet_transferable_skills,skill,2.B.1.f,Service Orientation,3.12,53.00,1,5,8,0.2266,2.6809,3.5691,N,,08/2026,Analyst,3.38,48.29,0,7,8,0.2631,2.8594,3.8906,N,N,08/2026,Analyst,false,false,true
Taxation Accountant,13-2011.00,Accountants and Auditors,onet_transferable_skills,skill,2.B.1.f,Service Orientation,3.12,53.00,1,5,8,0.2266,2.6809,3.5691,N,,08/2026,Analyst,3.38,48.29,0,7,8,0.2631,2.8594,3.8906,N,N,08/2026,Analyst,false,false,true
Accountant (General),13-2011.00,Accountants and Auditors,onet_transferable_skills,skill,2.B.2.i,Complex Problem Solving,3.50,62.50,1,5,8,0.2673,2.9762,4.0238,N,,08/2026,Analyst,3.50,50.00,0,7,8,0.4226,2.6717,4.3283,N,N,08/2026,Analyst,false,false,true
Management Accountant,13-2011.00,Accountants and Auditors,onet_transferable_skills,skill,2.B.2.i,Complex Problem Solving,3.50,62.50,1,5,8,0.2673,2.9762,4.0238,N,,08/2026,Analyst,3.50,50.00,0,7,8,0.4226,2.6717,4.3283,N,N,08/2026,Analyst,false,false,true
Taxation Accountant,13-2011.00,Accountants and Auditors,onet_transferable_skills,skill,2.B.2.i,Complex Problem Solving,3.50,62.50,1,5,8,0.2673,2.9762,4.0238,N,,08/2026,Analyst,3.50,50.00,0,7,8,0.4226,2.6717,4.3283,N,N,08/2026,Analyst,false,false,true
Accountant (General),13-2011.00,Accountants and Auditors,onet_transferable_skills,skill,2.B.3.a,Operations Analysis,1.50,12.50,1,5,8,0.2673,1.0000,2.0238,N,,08/2026,Analyst,0.88,12.57,0,7,8,0.4407,0.0113,1.7387,N,N,08/2026,Analyst,false,false,true
Management Accountant,13-2011.00,Accountants and Auditors,onet_transferable_skills,skill,2.B.3.a,Operations Analysis,1.50,12.50,1,5,8,0.2673,1.0000,2.0238,N,,08/2026,Analyst,0.88,12.57,0,7,8,0.4407,0.0113,1.7387,N,N,08/2026,Analyst,false,false,true
Taxation Accountant,13-2011.00,Accountants and Auditors,onet_transferable_skills,skill,2.B.3.a,Operations Analysis,1.50,12.50,1,5,8,0.2673,1.0000,2.0238,N,,08/2026,Analyst,0.88,12.57,0,7,8,0.4407,0.0113,1.7387,N,N,08/2026,Analyst,false,false,true
Accountant (General),13-2011.00,Accountants and Auditors,onet_transferable_skills,skill,2.B.3.b,Technology Design,1.62,15.50,1,5,8,0.1830,1.2664,1.9836,N,,08/2026,Analyst,0.75,10.71,0,7,8,0.2500,0.2600,1.2400,N,N,08/2026,Analyst,false,false,true
Management Accountant,13-2011.00,Accountants and Auditors,onet_transferable_skills,skill,2.B.3.b,Technology Design,1.62,15.50,1,5,8,0.1830,1.2664,1.9836,N,,08/2026,Analyst,0.75,10.71,0,7,8,0.2500,0.2600,1.2400,N,N,08/2026,Analyst,false,false,true
Taxation Accountant,13-2011.00,Accountants and Auditors,onet_transferable_skills,skill,2.B.3.b,Technology Design,1.62,15.50,1,5,8,0.1830,1.2664,1.9836,N,,08/2026,Analyst,0.75,10.71,0,7,8,0.2500,0.2600,1.2400,N,N,08/2026,Analyst,false,false,true
Accountant (General),13-2011.00,Accountants and Auditors,onet_transferable_skills,skill,2.B.3.c,Equipment Selection,1.00,0.00,1,5,8,0.0000,1.0000,1.0000,N,,08/2026,Analyst,0.00,0.00,0,7,8,0.0000,0.0000,0.0000,N,Y,08/2026,Analyst,false,true,false
Management Accountant,13-2011.00,Accountants and Auditors,onet_transferable_skills,skill,2.B.3.c,Equipment Selection,1.00,0.00,1,5,8,0.0000,1.0000,1.0000,N,,08/2026,Analyst,0.00,0.00,0,7,8,0.0000,0.0000,0.0000,N,Y,08/2026,Analyst,false,true,false
Taxation Accountant,13-2011.00,Accountants and Auditors,onet_transferable_skills,skill,2.B.3.c,Equipment Selection,1.00,0.00,1,5,8,0.0000,1.0000,1.0000,N,,08/2026,Analyst,0.00,0.00,0,7,8,0.0000,0.0000,0.0000,N,Y,08/2026,Analyst,false,true,false
Accountant (General),13-2011.00,Accountants and Auditors,onet_transferable_skills,skill,2.B.3.d,Installation,1.00,0.00,1,5,8,0.0000,1.0000,1.0000,N,,08/2026,Analyst,0.00,0.00,0,7,8,0.0000,0.0000,0.0000,N,Y,08/2026,Analyst,false,true,false
Management Accountant,13-2011.00,Accountants and Auditors,onet_transferable_skills,skill,2.B.3.d,Installation,1.00,0.00,1,5,8,0.0000,1.0000,1.0000,N,,08/2026,Analyst,0.00,0.00,0,7,8,0.0000,0.0000,0.0000,N,Y,08/2026,Analyst,false,true,false
Taxation Accountant,13-2011.00,Accountants and Auditors,onet_transferable_skills,skill,2.B.3.d,Installation,1.00,0.00,1,5,8,0.0000,1.0000,1.0000,N,,08/2026,Analyst,0.00,0.00,0,7,8,0.0000,0.0000,0.0000,N,Y,08/2026,Analyst,false,true,false
Accountant (General),13-2011.00,Accountants and Auditors,onet_transferable_skills,skill,2.B.3.e,Programming,2.00,25.00,1,5,8,0.3780,1.2592,2.7408,N,,08/2026,Analyst,1.50,21.43,0,7,8,0.5345,0.4523,2.5477,Y,N,08/2026,Analyst,true,false,false
Management Accountant,13-2011.00,Accountants and Auditors,onet_transferable_skills,skill,2.B.3.e,Programming,2.00,25.00,1,5,8,0.3780,1.2592,2.7408,N,,08/2026,Analyst,1.50,21.43,0,7,8,0.5345,0.4523,2.5477,Y,N,08/2026,Analyst,true,false,false
Taxation Accountant,13-2011.00,Accountants and Auditors,onet_transferable_skills,skill,2.B.3.e,Programming,2.00,25.00,1,5,8,0.3780,1.2592,2.7408,N,,08/2026,Analyst,1.50,21.43,0,7,8,0.5345,0.4523,2.5477,Y,N,08/2026,Analyst,true,false,false
Accountant (General),13-2011.00,Accountants and Auditors,onet_transferable_skills,skill,2.B.3.g,Operations Monitoring,1.88,22.00,1,5,8,0.2266,1.4309,2.3191,N,,08/2026,Analyst,1.38,19.71,0,7,8,0.3750,0.6400,2.1100,N,N,08/2026,Analyst,false,false,true
Management Accountant,13-2011.00,Accountants and Auditors,onet_transferable_skills,skill,2.B.3.g,Operations Monitoring,1.88,22.00,1,5,8,0.2266,1.4309,2.3191,N,,08/2026,Analyst,1.38,19.71,0,7,8,0.3750,0.6400,2.1100,N,N,08/2026,Analyst,false,false,true
Taxation Accountant,13-2011.00,Accountants and Auditors,onet_transferable_skills,skill,2.B.3.g,Operations Monitoring,1.88,22.00,1,5,8,0.2266,1.4309,2.3191,N,,08/2026,Analyst,1.38,19.71,0,7,8,0.3750,0.6400,2.1100,N,N,08/2026,Analyst,false,false,true
Accountant (General),13-2011.00,Accountants and Auditors,onet_transferable_skills,skill,2.B.3.h,Operation and Control,1.00,0.00,1,5,8,0.0000,1.0000,1.0000,N,,08/2026,Analyst,0.00,0.00,0,7,8,0.0000,0.0000,0.0000,N,Y,08/2026,Analyst,false,true,false
Management Accountant,13-2011.00,Accountants and Auditors,onet_transferable_skills,skill,2.B.3.h,Operation and Control,1.00,0.00,1,5,8,0.0000,1.0000,1.0000,N,,08/2026,Analyst,0.00,0.00,0,7,8,0.0000,0.0000,0.0000,N,Y,08/2026,Analyst,false,true,false
Taxation Accountant,13-2011.00,Accountants and Auditors,onet_transferable_skills,skill,2.B.3.h,Operation and Control,1.00,0.00,1,5,8,0.0000,1.0000,1.0000,N,,08/2026,Analyst,0.00,0.00,0,7,8,0.0000,0.0000,0.0000,N,Y,08/2026,Analyst,false,true,false
Accountant (General),13-2011.00,Accountants and Auditors,onet_transferable_skills,skill,2.B.3.j,Equipment Maintenance,1.00,0.00,1,5,8,0.0000,1.0000,1.0000,N,,08/2026,Analyst,0.00,0.00,0,7,8,0.0000,0.0000,0.0000,N,Y,08/2026,Analyst,false,true,false
Management Accountant,13-2011.00,Accountants and Auditors,onet_transferable_skills,skill,2.B.3.j,Equipment Maintenance,1.00,0.00,1,5,8,0.0000,1.0000,1.0000,N,,08/2026,Analyst,0.00,0.00,0,7,8,0.0000,0.0000,0.0000,N,Y,08/2026,Analyst,false,true,false
Taxation Accountant,13-2011.00,Accountants and Auditors,onet_transferable_skills,skill,2.B.3.j,Equipment Maintenance,1.00,0.00,1,5,8,0.0000,1.0000,1.0000,N,,08/2026,Analyst,0.00,0.00,0,7,8,0.0000,0.0000,0.0000,N,Y,08/2026,Analyst,false,true,false
Accountant (General),13-2011.00,Accountants and Auditors,onet_transferable_skills,skill,2.B.3.k,Troubleshooting,1.00,0.00,1,5,8,0.0000,1.0000,1.0000,N,,08/2026,Analyst,0.00,0.00,0,7,8,0.0000,0.0000,0.0000,N,Y,08/2026,Analyst,false,true,false
Management Accountant,13-2011.00,Accountants and Auditors,onet_transferable_skills,skill,2.B.3.k,Troubleshooting,1.00,0.00,1,5,8,0.0000,1.0000,1.0000,N,,08/2026,Analyst,0.00,0.00,0,7,8,0.0000,0.0000,0.0000,N,Y,08/2026,Analyst,false,true,false
Taxation Accountant,13-2011.00,Accountants and Auditors,onet_transferable_skills,skill,2.B.3.k,Troubleshooting,1.00,0.00,1,5,8,0.0000,1.0000,1.0000,N,,08/2026,Analyst,0.00,0.00,0,7,8,0.0000,0.0000,0.0000,N,Y,08/2026,Analyst,false,true,false
Accountant (General),13-2011.00,Accountants and Auditors,onet_transferable_skills,skill,2.B.3.l,Repairing,1.00,0.00,1,5,8,0.0000,1.0000,1.0000,N,,08/2026,Analyst,0.00,0.00,0,7,8,0.0000,0.0000,0.0000,N,Y,08/2026,Analyst,false,true,false
Management Accountant,13-2011.00,Accountants and Auditors,onet_transferable_skills,skill,2.B.3.l,Repairing,1.00,0.00,1,5,8,0.0000,1.0000,1.0000,N,,08/2026,Analyst,0.00,0.00,0,7,8,0.0000,0.0000,0.0000,N,Y,08/2026,Analyst,false,true,false
Taxation Accountant,13-2011.00,Accountants and Auditors,onet_transferable_skills,skill,2.B.3.l,Repairing,1.00,0.00,1,5,8,0.0000,1.0000,1.0000,N,,08/2026,Analyst,0.00,0.00,0,7,8,0.0000,0.0000,0.0000,N,Y,08/2026,Analyst,false,true,false
Accountant (General),13-2011.00,Accountants and Auditors,onet_transferable_skills,skill,2.B.3.m,Quality Control Analysis,1.38,9.50,1,5,8,0.2631,1.0000,1.8906,N,,08/2026,Analyst,0.50,7.14,0,7,8,0.3780,0.0000,1.2408,N,Y,08/2026,Analyst,false,true,false
Management Accountant,13-2011.00,Accountants and Auditors,onet_transferable_skills,skill,2.B.3.m,Quality Control Analysis,1.38,9.50,1,5,8,0.2631,1.0000,1.8906,N,,08/2026,Analyst,0.50,7.14,0,7,8,0.3780,0.0000,1.2408,N,Y,08/2026,Analyst,false,true,false
Taxation Accountant,13-2011.00,Accountants and Auditors,onet_transferable_skills,skill,2.B.3.m,Quality Control Analysis,1.38,9.50,1,5,8,0.2631,1.0000,1.8906,N,,08/2026,Analyst,0.50,7.14,0,7,8,0.3780,0.0000,1.2408,N,Y,08/2026,Analyst,false,true,false
Accountant (General),13-2011.00,Accountants and Auditors,onet_transferable_skills,skill,2.B.4.e,Judgment and Decision Making,3.50,62.50,1,5,8,0.1890,3.1296,3.8704,N,,08/2026,Analyst,3.50,50.00,0,7,8,0.1890,3.1296,3.8704,N,N,08/2026,Analyst,false,false,true
Management Accountant,13-2011.00,Accountants and Auditors,onet_transferable_skills,skill,2.B.4.e,Judgment and Decision Making,3.50,62.50,1,5,8,0.1890,3.1296,3.8704,N,,08/2026,Analyst,3.50,50.00,0,7,8,0.1890,3.1296,3.8704,N,N,08/2026,Analyst,false,false,true
Taxation Accountant,13-2011.00,Accountants and Auditors,onet_transferable_skills,skill,2.B.4.e,Judgment and Decision Making,3.50,62.50,1,5,8,0.1890,3.1296,3.8704,N,,08/2026,Analyst,3.50,50.00,0,7,8,0.1890,3.1296,3.8704,N,N,08/2026,Analyst,false,false,true
Accountant (General),13-2011.00,Accountants and Auditors,onet_transferable_skills,skill,2.B.4.g,Systems Analysis,2.62,40.50,1,5,8,0.2631,2.1094,3.1406,N,,08/2026,Analyst,2.75,39.29,0,7,8,0.3134,2.1358,3.3642,N,N,08/2026,Analyst,false,false,true
Management Accountant,13-2011.00,Accountants and Auditors,onet_transferable_skills,skill,2.B.4.g,Systems Analysis,2.62,40.50,1,5,8,0.2631,2.1094,3.1406,N,,08/2026,Analyst,2.75,39.29,0,7,8,0.3134,2.1358,3.3642,N,N,08/2026,Analyst,false,false,true
Taxation Accountant,13-2011.00,Accountants and Auditors,onet_transferable_skills,skill,2.B.4.g,Systems Analysis,2.62,40.50,1,5,8,0.2631,2.1094,3.1406,N,,08/2026,Analyst,2.75,39.29,0,7,8,0.3134,2.1358,3.3642,N,N,08/2026,Analyst,false,false,true
Accountant (General),13-2011.00,Accountants and Auditors,onet_transferable_skills,skill,2.B.4.h,Systems Evaluation,2.75,43.75,1,5,8,0.2500,2.2600,3.2400,N,,08/2026,Analyst,3.00,42.86,0,7,8,0.2673,2.4762,3.5238,N,N,08/2026,Analyst,false,false,true
Management Accountant,13-2011.00,Accountants and Auditors,onet_transferable_skills,skill,2.B.4.h,Systems Evaluation,2.75,43.75,1,5,8,0.2500,2.2600,3.2400,N,,08/2026,Analyst,3.00,42.86,0,7,8,0.2673,2.4762,3.5238,N,N,08/2026,Analyst,false,false,true
Taxation Accountant,13-2011.00,Accountants and Auditors,onet_transferable_skills,skill,2.B.4.h,Systems Evaluation,2.75,43.75,1,5,8,0.2500,2.2600,3.2400,N,,08/2026,Analyst,3.00,42.86,0,7,8,0.2673,2.4762,3.5238,N,N,08/2026,Analyst,false,false,true
Accountant (General),13-2011.00,Accountants and Auditors,onet_transferable_skills,skill,2.B.5.a,Time Management,3.12,53.00,1,5,8,0.1250,2.8800,3.3700,N,,08/2026,Analyst,3.25,46.43,0,7,8,0.1637,2.9292,3.5708,N,N,08/2026,Analyst,false,false,true
Management Accountant,13-2011.00,Accountants and Auditors,onet_transferable_skills,skill,2.B.5.a,Time Management,3.12,53.00,1,5,8,0.1250,2.8800,3.3700,N,,08/2026,Analyst,3.25,46.43,0,7,8,0.1637,2.9292,3.5708,N,N,08/2026,Analyst,false,false,true
Taxation Accountant,13-2011.00,Accountants and Auditors,onet_transferable_skills,skill,2.B.5.a,Time Management,3.12,53.00,1,5,8,0.1250,2.8800,3.3700,N,,08/2026,Analyst,3.25,46.43,0,7,8,0.1637,2.9292,3.5708,N,N,08/2026,Analyst,false,false,true
Accountant (General),13-2011.00,Accountants and Auditors,onet_transferable_skills,skill,2.B.5.b,Management of Financial Resources,2.88,47.00,1,5,8,0.2950,2.2967,3.4533,N,,08/2026,Analyst,3.00,42.86,0,7,8,0.4629,2.0927,3.9073,N,N,08/2026,Analyst,false,false,true
Management Accountant,13-2011.00,Accountants and Auditors,onet_transferable_skills,skill,2.B.5.b,Management of Financial Resources,2.88,47.00,1,5,8,0.2950,2.2967,3.4533,N,,08/2026,Analyst,3.00,42.86,0,7,8,0.4629,2.0927,3.9073,N,N,08/2026,Analyst,false,false,true
Taxation Accountant,13-2011.00,Accountants and Auditors,onet_transferable_skills,skill,2.B.5.b,Management of Financial Resources,2.88,47.00,1,5,8,0.2950,2.2967,3.4533,N,,08/2026,Analyst,3.00,42.86,0,7,8,0.4629,2.0927,3.9073,N,N,08/2026,Analyst,false,false,true
Accountant (General),13-2011.00,Accountants and Auditors,onet_transferable_skills,skill,2.B.5.c,Management of Material Resources,2.12,28.00,1,5,8,0.1250,1.8800,2.3700,N,,08/2026,Analyst,2.12,30.29,0,7,8,0.2266,1.6809,2.5691,N,N,08/2026,Analyst,false,false,true
Management Accountant,13-2011.00,Accountants and Auditors,onet_transferable_skills,skill,2.B.5.c,Management of Material Resources,2.12,28.00,1,5,8,0.1250,1.8800,2.3700,N,,08/2026,Analyst,2.12,30.29,0,7,8,0.2266,1.6809,2.5691,N,N,08/2026,Analyst,false,false,true
Taxation Accountant,13-2011.00,Accountants and Auditors,onet_transferable_skills,skill,2.B.5.c,Management of Material Resources,2.12,28.00,1,5,8,0.1250,1.8800,2.3700,N,,08/2026,Analyst,2.12,30.29,0,7,8,0.2266,1.6809,2.5691,N,N,08/2026,Analyst,false,false,true
Accountant (General),13-2011.00,Accountants and Auditors,onet_transferable_skills,skill,2.B.5.d,Management of Personnel Resources,2.50,37.50,1,5,8,0.1890,2.1296,2.8704,N,,08/2026,Analyst,2.50,35.71,0,7,8,0.2673,1.9762,3.0238,N,N,08/2026,Analyst,false,false,true
Management Accountant,13-2011.00,Accountants and Auditors,onet_transferable_skills,skill,2.B.5.d,Management of Personnel Resources,2.50,37.50,1,5,8,0.1890,2.1296,2.8704,N,,08/2026,Analyst,2.50,35.71,0,7,8,0.2673,1.9762,3.0238,N,N,08/2026,Analyst,false,false,true
Taxation Accountant,13-2011.00,Accountants and Auditors,onet_transferable_skills,skill,2.B.5.d,Management of Personnel Resources,2.50,37.50,1,5,8,0.1890,2.1296,2.8704,N,,08/2026,Analyst,2.50,35.71,0,7,8,0.2673,1.9762,3.0238,N,N,08/2026,Analyst,false,false,true
ICT Business Analyst,15-1211.00,Computer Systems Analysts,onet_transferable_skills,skill,2.B.1.a,Social Perceptiveness,3.12,53.00,1,5,8,0.1250,2.8800,3.3700,N,,08/2023,Analyst,3.12,44.57,0,7,8,0.1250,2.8800,3.3700,N,N,08/2023,Analyst,false,false,true
ICT Business Analyst,15-1211.00,Computer Systems Analysts,onet_transferable_skills,skill,2.B.1.b,Coordination,3.12,53.00,1,5,8,0.1250,2.8800,3.3700,N,,08/2023,Analyst,3.25,46.43,0,7,8,0.1637,2.9292,3.5708,N,N,08/2023,Analyst,false,false,true
ICT Business Analyst,15-1211.00,Computer Systems Analysts,onet_transferable_skills,skill,2.B.1.c,Persuasion,2.75,43.75,1,5,8,0.1637,2.4292,3.0708,N,,08/2023,Analyst,3.00,42.86,0,7,8,0.0000,3.0000,3.0000,N,N,08/2023,Analyst,false,false,true
ICT Business Analyst,15-1211.00,Computer Systems Analysts,onet_transferable_skills,skill,2.B.1.d,Negotiation,2.50,37.50,1,5,8,0.1890,2.1296,2.8704,N,,08/2023,Analyst,2.50,35.71,0,7,8,0.1890,2.1296,2.8704,N,N,08/2023,Analyst,false,false,true
ICT Business Analyst,15-1211.00,Computer Systems Analysts,onet_transferable_skills,skill,2.B.1.e,Instructing,2.88,47.00,1,5,8,0.1250,2.6300,3.1200,N,,08/2023,Analyst,3.62,51.71,0,7,8,0.1830,3.2664,3.9836,N,N,08/2023,Analyst,false,false,true
ICT Business Analyst,15-1211.00,Computer Systems Analysts,onet_transferable_skills,skill,2.B.1.f,Service Orientation,3.00,50.00,1,5,8,0.1890,2.6296,3.3704,N,,08/2023,Analyst,3.00,42.86,0,7,8,0.1890,2.6296,3.3704,N,N,08/2023,Analyst,false,false,true
ICT Business Analyst,15-1211.00,Computer Systems Analysts,onet_transferable_skills,skill,2.B.2.i,Complex Problem Solving,3.38,59.50,1,5,8,0.2631,2.8594,3.8906,N,,08/2023,Analyst,4.00,57.14,0,7,8,0.1890,3.6296,4.3704,N,N,08/2023,Analyst,false,false,true
ICT Business Analyst,15-1211.00,Computer Systems Analysts,onet_transferable_skills,skill,2.B.3.a,Operations Analysis,3.00,50.00,1,5,8,0.0000,3.0000,3.0000,N,,08/2023,Analyst,3.75,53.57,0,7,8,0.1637,3.4292,4.0708,N,N,08/2023,Analyst,false,false,true
ICT Business Analyst,15-1211.00,Computer Systems Analysts,onet_transferable_skills,skill,2.B.3.b,Technology Design,2.88,47.00,1,5,8,0.1250,2.6300,3.1200,N,,08/2023,Analyst,3.12,44.57,0,7,8,0.1250,2.8800,3.3700,N,N,08/2023,Analyst,false,false,true
ICT Business Analyst,15-1211.00,Computer Systems Analysts,onet_transferable_skills,skill,2.B.3.c,Equipment Selection,2.25,31.25,1,5,8,0.1637,1.9292,2.5708,N,,08/2023,Analyst,2.38,34.00,0,7,8,0.1830,2.0164,2.7336,N,N,08/2023,Analyst,false,false,true
ICT Business Analyst,15-1211.00,Computer Systems Analysts,onet_transferable_skills,skill,2.B.3.d,Installation,1.62,15.50,1,5,8,0.1830,1.2664,1.9836,N,,08/2023,Analyst,0.75,10.71,0,7,8,0.2500,0.2600,1.2400,N,N,08/2023,Analyst,false,false,true
ICT Business Analyst,15-1211.00,Computer Systems Analysts,onet_transferable_skills,skill,2.B.3.e,Programming,3.25,56.25,1,5,8,0.1637,2.9292,3.5708,N,,08/2023,Analyst,4.00,57.14,0,7,8,0.1890,3.6296,4.3704,N,N,08/2023,Analyst,false,false,true
ICT Business Analyst,15-1211.00,Computer Systems Analysts,onet_transferable_skills,skill,2.B.3.g,Operations Monitoring,3.00,50.00,1,5,8,0.0000,3.0000,3.0000,N,,08/2023,Analyst,3.12,44.57,0,7,8,0.1250,2.8800,3.3700,N,N,08/2023,Analyst,false,false,true
ICT Business Analyst,15-1211.00,Computer Systems Analysts,onet_transferable_skills,skill,2.B.3.h,Operation and Control,2.50,37.50,1,5,8,0.2673,1.9762,3.0238,N,,08/2023,Analyst,2.50,35.71,0,7,8,0.2673,1.9762,3.0238,N,N,08/2023,Analyst,false,false,true
ICT Business Analyst,15-1211.00,Computer Systems Analysts,onet_transferable_skills,skill,2.B.3.j,Equipment Maintenance,1.88,22.00,1,5,8,0.2266,1.4309,2.3191,N,,08/2023,Analyst,1.00,14.29,0,7,8,0.2673,0.4762,1.5238,N,N,08/2023,Analyst,false,false,true
ICT Business Analyst,15-1211.00,Computer Systems Analysts,onet_transferable_skills,skill,2.B.3.k,Troubleshooting,3.12,53.00,1,5,8,0.1250,2.8800,3.3700,N,,08/2023,Analyst,3.88,55.43,0,7,8,0.2266,3.4309,4.3191,N,N,08/2023,Analyst,false,false,true
ICT Business Analyst,15-1211.00,Computer Systems Analysts,onet_transferable_skills,skill,2.B.3.l,Repairing,1.88,22.00,1,5,8,0.2266,1.4309,2.3191,N,,08/2023,Analyst,1.25,17.86,0,7,8,0.3134,0.6358,1.8642,N,N,08/2023,Analyst,false,false,true
ICT Business Analyst,15-1211.00,Computer Systems Analysts,onet_transferable_skills,skill,2.B.3.m,Quality Control Analysis,3.00,50.00,1,5,8,0.0000,3.0000,3.0000,N,,08/2023,Analyst,3.50,50.00,0,7,8,0.1890,3.1296,3.8704,N,N,08/2023,Analyst,false,false,true
ICT Business Analyst,15-1211.00,Computer Systems Analysts,onet_transferable_skills,skill,2.B.4.e,Judgment and Decision Making,3.62,65.50,1,5,8,0.2631,3.1094,4.1406,N,,08/2023,Analyst,4.12,58.86,0,7,8,0.1250,3.8800,4.3700,N,N,08/2023,Analyst,false,false,true
ICT Business Analyst,15-1211.00,Computer Systems Analysts,onet_transferable_skills,skill,2.B.4.g,Systems Analysis,3.75,68.75,1,5,8,0.1637,3.4292,4.0708,N,,08/2023,Analyst,4.00,57.14,0,7,8,0.0000,4.0000,4.0000,N,N,08/2023,Analyst,false,false,true
ICT Business Analyst,15-1211.00,Computer Systems Analysts,onet_transferable_skills,skill,2.B.4.h,Systems Evaluation,3.75,68.75,1,5,8,0.1637,3.4292,4.0708,N,,08/2023,Analyst,4.12,58.86,0,7,8,0.1250,3.8800,4.3700,N,N,08/2023,Analyst,false,false,true
ICT Business Analyst,15-1211.00,Computer Systems Analysts,onet_transferable_skills,skill,2.B.5.a,Time Management,3.12,53.00,1,5,8,0.1250,2.8800,3.3700,N,,08/2023,Analyst,3.38,48.29,0,7,8,0.1830,3.0164,3.7336,N,N,08/2023,Analyst,false,false,true
ICT Business Analyst,15-1211.00,Computer Systems Analysts,onet_transferable_skills,skill,2.B.5.b,Management of Financial Resources,2.12,28.00,1,5,8,0.1250,1.8800,2.3700,N,,08/2023,Analyst,2.00,28.57,0,7,8,0.0000,2.0000,2.0000,N,N,08/2023,Analyst,false,false,true
ICT Business Analyst,15-1211.00,Computer Systems Analysts,onet_transferable_skills,skill,2.B.5.c,Management of Material Resources,2.00,25.00,1,5,8,0.1890,1.6296,2.3704,N,,08/2023,Analyst,1.75,25.00,0,7,8,0.3134,1.1358,2.3642,N,N,08/2023,Analyst,false,false,true
ICT Business Analyst,15-1211.00,Computer Systems Analysts,onet_transferable_skills,skill,2.B.5.d,Management of Personnel Resources,2.88,47.00,1,5,8,0.1250,2.6300,3.1200,N,,08/2023,Analyst,3.00,42.86,0,7,8,0.0000,3.0000,3.0000,N,N,08/2023,Analyst,false,false,true
Cyber Security Advice and Assessment Specialist,15-1212.00,Information Security Analysts,onet_transferable_skills,skill,2.B.1.a,Social Perceptiveness,2.75,43.75,1,5,8,0.1637,2.4292,3.0708,N,,08/2018,Analyst,2.75,39.29,0,7,8,0.1637,2.4292,3.0708,N,N,08/2018,Analyst,false,false,true
Cyber Security Analyst,15-1212.00,Information Security Analysts,onet_transferable_skills,skill,2.B.1.a,Social Perceptiveness,2.75,43.75,1,5,8,0.1637,2.4292,3.0708,N,,08/2018,Analyst,2.75,39.29,0,7,8,0.1637,2.4292,3.0708,N,N,08/2018,Analyst,false,false,true
Cyber Security Advice and Assessment Specialist,15-1212.00,Information Security Analysts,onet_transferable_skills,skill,2.B.1.b,Coordination,3.00,50.00,1,5,8,0.0000,3.0000,3.0000,N,,08/2018,Analyst,3.00,42.86,0,7,8,0.0000,3.0000,3.0000,N,N,08/2018,Analyst,false,false,true
Cyber Security Analyst,15-1212.00,Information Security Analysts,onet_transferable_skills,skill,2.B.1.b,Coordination,3.00,50.00,1,5,8,0.0000,3.0000,3.0000,N,,08/2018,Analyst,3.00,42.86,0,7,8,0.0000,3.0000,3.0000,N,N,08/2018,Analyst,false,false,true
Cyber Security Advice and Assessment Specialist,15-1212.00,Information Security Analysts,onet_transferable_skills,skill,2.B.1.c,Persuasion,2.62,40.50,1,5,8,0.1830,2.2664,2.9836,N,,08/2018,Analyst,2.88,41.14,0,7,8,0.1250,2.6300,3.1200,N,N,08/2018,Analyst,false,false,true
Cyber Security Analyst,15-1212.00,Information Security Analysts,onet_transferable_skills,skill,2.B.1.c,Persuasion,2.62,40.50,1,5,8,0.1830,2.2664,2.9836,N,,08/2018,Analyst,2.88,41.14,0,7,8,0.1250,2.6300,3.1200,N,N,08/2018,Analyst,false,false,true
Cyber Security Advice and Assessment Specialist,15-1212.00,Information Security Analysts,onet_transferable_skills,skill,2.B.1.d,Negotiation,2.62,40.50,1,5,8,0.1830,2.2664,2.9836,N,,08/2018,Analyst,2.75,39.29,0,7,8,0.1637,2.4292,3.0708,N,N,08/2018,Analyst,false,false,true
Cyber Security Analyst,15-1212.00,Information Security Analysts,onet_transferable_skills,skill,2.B.1.d,Negotiation,2.62,40.50,1,5,8,0.1830,2.2664,2.9836,N,,08/2018,Analyst,2.75,39.29,0,7,8,0.1637,2.4292,3.0708,N,N,08/2018,Analyst,false,false,true
Cyber Security Advice and Assessment Specialist,15-1212.00,Information Security Analysts,onet_transferable_skills,skill,2.B.1.e,Instructing,2.88,47.00,1,5,8,0.1250,2.6300,3.1200,N,,08/2018,Analyst,3.12,44.57,0,7,8,0.1250,2.8800,3.3700,N,N,08/2018,Analyst,false,false,true
Cyber Security Analyst,15-1212.00,Information Security Analysts,onet_transferable_skills,skill,2.B.1.e,Instructing,2.88,47.00,1,5,8,0.1250,2.6300,3.1200,N,,08/2018,Analyst,3.12,44.57,0,7,8,0.1250,2.8800,3.3700,N,N,08/2018,Analyst,false,false,true
Cyber Security Advice and Assessment Specialist,15-1212.00,Information Security Analysts,onet_transferable_skills,skill,2.B.1.f,Service Orientation,2.88,47.00,1,5,8,0.1250,2.6300,3.1200,N,,08/2018,Analyst,2.75,39.29,0,7,8,0.1637,2.4292,3.0708,N,N,08/2018,Analyst,false,false,true
Cyber Security Analyst,15-1212.00,Information Security Analysts,onet_transferable_skills,skill,2.B.1.f,Service Orientation,2.88,47.00,1,5,8,0.1250,2.6300,3.1200,N,,08/2018,Analyst,2.75,39.29,0,7,8,0.1637,2.4292,3.0708,N,N,08/2018,Analyst,false,false,true
Cyber Security Advice and Assessment Specialist,15-1212.00,Information Security Analysts,onet_transferable_skills,skill,2.B.2.i,Complex Problem Solving,3.75,68.75,1,5,8,0.1637,3.4292,4.0708,N,,08/2018,Analyst,3.62,51.71,0,7,8,0.1830,3.2664,3.9836,N,N,08/2018,Analyst,false,false,true
Cyber Security Analyst,15-1212.00,Information Security Analysts,onet_transferable_skills,skill,2.B.2.i,Complex Problem Solving,3.75,68.75,1,5,8,0.1637,3.4292,4.0708,N,,08/2018,Analyst,3.62,51.71,0,7,8,0.1830,3.2664,3.9836,N,N,08/2018,Analyst,false,false,true
Cyber Security Advice and Assessment Specialist,15-1212.00,Information Security Analysts,onet_transferable_skills,skill,2.B.3.a,Operations Analysis,2.50,37.50,1,5,8,0.2673,1.9762,3.0238,N,,08/2018,Analyst,2.50,35.71,0,7,8,0.3780,1.7592,3.2408,N,N,08/2018,Analyst,false,false,true
Cyber Security Analyst,15-1212.00,Information Security Analysts,onet_transferable_skills,skill,2.B.3.a,Operations Analysis,2.50,37.50,1,5,8,0.2673,1.9762,3.0238,N,,08/2018,Analyst,2.50,35.71,0,7,8,0.3780,1.7592,3.2408,N,N,08/2018,Analyst,false,false,true
Cyber Security Advice and Assessment Specialist,15-1212.00,Information Security Analysts,onet_transferable_skills,skill,2.B.3.b,Technology Design,2.12,28.00,1,5,8,0.1250,1.8800,2.3700,N,,08/2018,Analyst,2.12,30.29,0,7,8,0.1250,1.8800,2.3700,N,N,08/2018,Analyst,false,false,true
Cyber Security Analyst,15-1212.00,Information Security Analysts,onet_transferable_skills,skill,2.B.3.b,Technology Design,2.12,28.00,1,5,8,0.1250,1.8800,2.3700,N,,08/2018,Analyst,2.12,30.29,0,7,8,0.1250,1.8800,2.3700,N,N,08/2018,Analyst,false,false,true
Cyber Security Advice and Assessment Specialist,15-1212.00,Information Security Analysts,onet_transferable_skills,skill,2.B.3.c,Equipment Selection,1.75,18.75,1,5,8,0.2500,1.2600,2.2400,N,,08/2018,Analyst,1.00,14.29,0,7,8,0.3780,0.2592,1.7408,N,N,08/2018,Analyst,false,false,true
Cyber Security Analyst,15-1212.00,Information Security Analysts,onet_transferable_skills,skill,2.B.3.c,Equipment Selection,1.75,18.75,1,5,8,0.2500,1.2600,2.2400,N,,08/2018,Analyst,1.00,14.29,0,7,8,0.3780,0.2592,1.7408,N,N,08/2018,Analyst,false,false,true
Cyber Security Advice and Assessment Specialist,15-1212.00,Information Security Analysts,onet_transferable_skills,skill,2.B.3.d,Installation,1.50,12.50,1,5,8,0.1890,1.1296,1.8704,N,,08/2018,Analyst,0.50,7.14,0,7,8,0.1890,0.1296,0.8704,N,N,08/2018,Analyst,false,false,true
Cyber Security Analyst,15-1212.00,Information Security Analysts,onet_transferable_skills,skill,2.B.3.d,Installation,1.50,12.50,1,5,8,0.1890,1.1296,1.8704,N,,08/2018,Analyst,0.50,7.14,0,7,8,0.1890,0.1296,0.8704,N,N,08/2018,Analyst,false,false,true
Cyber Security Advice and Assessment Specialist,15-1212.00,Information Security Analysts,onet_transferable_skills,skill,2.B.3.e,Programming,2.62,40.50,1,5,8,0.1830,2.2664,2.9836,N,,08/2018,Analyst,2.25,32.14,0,7,8,0.1637,1.9292,2.5708,N,N,08/2018,Analyst,false,false,true
Cyber Security Analyst,15-1212.00,Information Security Analysts,onet_transferable_skills,skill,2.B.3.e,Programming,2.62,40.50,1,5,8,0.1830,2.2664,2.9836,N,,08/2018,Analyst,2.25,32.14,0,7,8,0.1637,1.9292,2.5708,N,N,08/2018,Analyst,false,false,true
Cyber Security Advice and Assessment Specialist,15-1212.00,Information Security Analysts,onet_transferable_skills,skill,2.B.3.g,Operations Monitoring,3.00,50.00,1,5,8,0.0000,3.0000,3.0000,N,,08/2018,Analyst,3.12,44.57,0,7,8,0.1250,2.8800,3.3700,N,N,08/2018,Analyst,false,false,true
Cyber Security Analyst,15-1212.00,Information Security Analysts,onet_transferable_skills,skill,2.B.3.g,Operations Monitoring,3.00,50.00,1,5,8,0.0000,3.0000,3.0000,N,,08/2018,Analyst,3.12,44.57,0,7,8,0.1250,2.8800,3.3700,N,N,08/2018,Analyst,false,false,true
Cyber Security Advice and Assessment Specialist,15-1212.00,Information Security Analysts,onet_transferable_skills,skill,2.B.3.h,Operation and Control,1.75,18.75,1,5,8,0.1637,1.4292,2.0708,N,,08/2018,Analyst,0.88,12.57,0,7,8,0.2266,0.4309,1.3191,N,N,08/2018,Analyst,false,false,true
Cyber Security Analyst,15-1212.00,Information Security Analysts,onet_transferable_skills,skill,2.B.3.h,Operation and Control,1.75,18.75,1,5,8,0.1637,1.4292,2.0708,N,,08/2018,Analyst,0.88,12.57,0,7,8,0.2266,0.4309,1.3191,N,N,08/2018,Analyst,false,false,true
Cyber Security Advice and Assessment Specialist,15-1212.00,Information Security Analysts,onet_transferable_skills,skill,2.B.3.j,Equipment Maintenance,1.62,15.50,1,5,8,0.1830,1.2664,1.9836,N,,08/2018,Analyst,0.88,12.57,0,7,8,0.2950,0.2967,1.4533,N,N,08/2018,Analyst,false,false,true
Cyber Security Analyst,15-1212.00,Information Security Analysts,onet_transferable_skills,skill,2.B.3.j,Equipment Maintenance,1.62,15.50,1,5,8,0.1830,1.2664,1.9836,N,,08/2018,Analyst,0.88,12.57,0,7,8,0.2950,0.2967,1.4533,N,N,08/2018,Analyst,false,false,true
Cyber Security Advice and Assessment Specialist,15-1212.00,Information Security Analysts,onet_transferable_skills,skill,2.B.3.k,Troubleshooting,2.12,28.00,1,5,8,0.1250,1.8800,2.3700,N,,08/2018,Analyst,1.88,26.86,0,7,8,0.2266,1.4309,2.3191,N,N,08/2018,Analyst,false,false,true
Cyber Security Analyst,15-1212.00,Information Security Analysts,onet_transferable_skills,skill,2.B.3.k,Troubleshooting,2.12,28.00,1,5,8,0.1250,1.8800,2.3700,N,,08/2018,Analyst,1.88,26.86,0,7,8,0.2266,1.4309,2.3191,N,N,08/2018,Analyst,false,false,true
Cyber Security Advice and Assessment Specialist,15-1212.00,Information Security Analysts,onet_transferable_skills,skill,2.B.3.l,Repairing,1.62,15.50,1,5,8,0.1830,1.2664,1.9836,N,,08/2018,Analyst,0.75,10.71,0,7,8,0.2500,0.2600,1.2400,N,N,08/2018,Analyst,false,false,true
Cyber Security Analyst,15-1212.00,Information Security Analysts,onet_transferable_skills,skill,2.B.3.l,Repairing,1.62,15.50,1,5,8,0.1830,1.2664,1.9836,N,,08/2018,Analyst,0.75,10.71,0,7,8,0.2500,0.2600,1.2400,N,N,08/2018,Analyst,false,false,true
Cyber Security Advice and Assessment Specialist,15-1212.00,Information Security Analysts,onet_transferable_skills,skill,2.B.3.m,Quality Control Analysis,3.00,50.00,1,5,8,0.0000,3.0000,3.0000,N,,08/2018,Analyst,3.12,44.57,0,7,8,0.1250,2.8800,3.3700,N,N,08/2018,Analyst,false,false,true
Cyber Security Analyst,15-1212.00,Information Security Analysts,onet_transferable_skills,skill,2.B.3.m,Quality Control Analysis,3.00,50.00,1,5,8,0.0000,3.0000,3.0000,N,,08/2018,Analyst,3.12,44.57,0,7,8,0.1250,2.8800,3.3700,N,N,08/2018,Analyst,false,false,true
Cyber Security Advice and Assessment Specialist,15-1212.00,Information Security Analysts,onet_transferable_skills,skill,2.B.4.e,Judgment and Decision Making,3.38,59.50,1,5,8,0.1830,3.0164,3.7336,N,,08/2018,Analyst,3.62,51.71,0,7,8,0.1830,3.2664,3.9836,N,N,08/2018,Analyst,false,false,true
Cyber Security Analyst,15-1212.00,Information Security Analysts,onet_transferable_skills,skill,2.B.4.e,Judgment and Decision Making,3.38,59.50,1,5,8,0.1830,3.0164,3.7336,N,,08/2018,Analyst,3.62,51.71,0,7,8,0.1830,3.2664,3.9836,N,N,08/2018,Analyst,false,false,true
Cyber Security Advice and Assessment Specialist,15-1212.00,Information Security Analysts,onet_transferable_skills,skill,2.B.4.g,Systems Analysis,3.38,59.50,1,5,8,0.1830,3.0164,3.7336,N,,08/2018,Analyst,3.38,48.29,0,7,8,0.1830,3.0164,3.7336,N,N,08/2018,Analyst,false,false,true
Cyber Security Analyst,15-1212.00,Information Security Analysts,onet_transferable_skills,skill,2.B.4.g,Systems Analysis,3.38,59.50,1,5,8,0.1830,3.0164,3.7336,N,,08/2018,Analyst,3.38,48.29,0,7,8,0.1830,3.0164,3.7336,N,N,08/2018,Analyst,false,false,true
Cyber Security Advice and Assessment Specialist,15-1212.00,Information Security Analysts,onet_transferable_skills,skill,2.B.4.h,Systems Evaluation,3.00,50.00,1,5,8,0.1890,2.6296,3.3704,N,,08/2018,Analyst,3.38,48.29,0,7,8,0.1830,3.0164,3.7336,N,N,08/2018,Analyst,false,false,true
Cyber Security Analyst,15-1212.00,Information Security Analysts,onet_transferable_skills,skill,2.B.4.h,Systems Evaluation,3.00,50.00,1,5,8,0.1890,2.6296,3.3704,N,,08/2018,Analyst,3.38,48.29,0,7,8,0.1830,3.0164,3.7336,N,N,08/2018,Analyst,false,false,true
Cyber Security Advice and Assessment Specialist,15-1212.00,Information Security Analysts,onet_transferable_skills,skill,2.B.5.a,Time Management,3.12,53.00,1,5,8,0.1250,2.8800,3.3700,N,,08/2018,Analyst,3.12,44.57,0,7,8,0.1250,2.8800,3.3700,N,N,08/2018,Analyst,false,false,true
Cyber Security Analyst,15-1212.00,Information Security Analysts,onet_transferable_skills,skill,2.B.5.a,Time Management,3.12,53.00,1,5,8,0.1250,2.8800,3.3700,N,,08/2018,Analyst,3.12,44.57,0,7,8,0.1250,2.8800,3.3700,N,N,08/2018,Analyst,false,false,true
Cyber Security Advice and Assessment Specialist,15-1212.00,Information Security Analysts,onet_transferable_skills,skill,2.B.5.b,Management of Financial Resources,1.75,18.75,1,5,8,0.1637,1.4292,2.0708,N,,08/2018,Analyst,1.12,16.00,0,7,8,0.2950,0.5467,1.7033,N,N,08/2018,Analyst,false,false,true
Cyber Security Analyst,15-1212.00,Information Security Analysts,onet_transferable_skills,skill,2.B.5.b,Management of Financial Resources,1.75,18.75,1,5,8,0.1637,1.4292,2.0708,N,,08/2018,Analyst,1.12,16.00,0,7,8,0.2950,0.5467,1.7033,N,N,08/2018,Analyst,false,false,true
Cyber Security Advice and Assessment Specialist,15-1212.00,Information Security Analysts,onet_transferable_skills,skill,2.B.5.c,Management of Material Resources,1.75,18.75,1,5,8,0.1637,1.4292,2.0708,N,,08/2018,Analyst,1.00,14.29,0,7,8,0.2673,0.4762,1.5238,N,N,08/2018,Analyst,false,false,true
Cyber Security Analyst,15-1212.00,Information Security Analysts,onet_transferable_skills,skill,2.B.5.c,Management of Material Resources,1.75,18.75,1,5,8,0.1637,1.4292,2.0708,N,,08/2018,Analyst,1.00,14.29,0,7,8,0.2673,0.4762,1.5238,N,N,08/2018,Analyst,false,false,true
Cyber Security Advice and Assessment Specialist,15-1212.00,Information Security Analysts,onet_transferable_skills,skill,2.B.5.d,Management of Personnel Resources,2.88,47.00,1,5,8,0.1250,2.6300,3.1200,N,,08/2018,Analyst,2.88,41.14,0,7,8,0.1250,2.6300,3.1200,N,N,08/2018,Analyst,false,false,true
Cyber Security Analyst,15-1212.00,Information Security Analysts,onet_transferable_skills,skill,2.B.5.d,Management of Personnel Resources,2.88,47.00,1,5,8,0.1250,2.6300,3.1200,N,,08/2018,Analyst,2.88,41.14,0,7,8,0.1250,2.6300,3.1200,N,N,08/2018,Analyst,false,false,true
Data Architect,15-1243.00,Database Architects,onet_transferable_skills,skill,2.B.1.a,Social Perceptiveness,3.00,50.00,1,5,8,0.0000,3.0000,3.0000,N,,08/2023,Analyst,3.00,42.86,0,7,8,0.0000,3.0000,3.0000,N,N,08/2023,Analyst,false,false,true
Data Architect,15-1243.00,Database Architects,onet_transferable_skills,skill,2.B.1.b,Coordination,3.00,50.00,1,5,8,0.0000,3.0000,3.0000,N,,08/2023,Analyst,3.12,44.57,0,7,8,0.1250,2.8800,3.3700,N,N,08/2023,Analyst,false,false,true
Data Architect,15-1243.00,Database Architects,onet_transferable_skills,skill,2.B.1.c,Persuasion,2.88,47.00,1,5,8,0.1250,2.6300,3.1200,N,,08/2023,Analyst,3.00,42.86,0,7,8,0.0000,3.0000,3.0000,N,N,08/2023,Analyst,false,false,true
Data Architect,15-1243.00,Database Architects,onet_transferable_skills,skill,2.B.1.d,Negotiation,2.62,40.50,1,5,8,0.1830,2.2664,2.9836,N,,08/2023,Analyst,2.88,41.14,0,7,8,0.1250,2.6300,3.1200,N,N,08/2023,Analyst,false,false,true
Data Architect,15-1243.00,Database Architects,onet_transferable_skills,skill,2.B.1.e,Instructing,2.88,47.00,1,5,8,0.1250,2.6300,3.1200,N,,08/2023,Analyst,3.62,51.71,0,7,8,0.1830,3.2664,3.9836,N,N,08/2023,Analyst,false,false,true
Data Architect,15-1243.00,Database Architects,onet_transferable_skills,skill,2.B.1.f,Service Orientation,3.00,50.00,1,5,8,0.0000,3.0000,3.0000,N,,08/2023,Analyst,3.00,42.86,0,7,8,0.0000,3.0000,3.0000,N,N,08/2023,Analyst,false,false,true
Data Architect,15-1243.00,Database Architects,onet_transferable_skills,skill,2.B.2.i,Complex Problem Solving,3.88,72.00,1,5,8,0.1250,3.6300,4.1200,N,,08/2023,Analyst,4.00,57.14,0,7,8,0.0000,4.0000,4.0000,N,N,08/2023,Analyst,false,false,true
Data Architect,15-1243.00,Database Architects,onet_transferable_skills,skill,2.B.3.a,Operations Analysis,3.12,53.00,1,5,8,0.2266,2.6809,3.5691,N,,08/2023,Analyst,3.38,48.29,0,7,8,0.1830,3.0164,3.7336,N,N,08/2023,Analyst,false,false,true
Data Architect,15-1243.00,Database Architects,onet_transferable_skills,skill,2.B.3.b,Technology Design,3.00,50.00,1,5,8,0.1890,2.6296,3.3704,N,,08/2023,Analyst,3.00,42.86,0,7,8,0.1890,2.6296,3.3704,N,N,08/2023,Analyst,false,false,true
Data Architect,15-1243.00,Database Architects,onet_transferable_skills,skill,2.B.3.c,Equipment Selection,1.62,15.50,1,5,8,0.1830,1.2664,1.9836,N,,08/2023,Analyst,0.75,10.71,0,7,8,0.2500,0.2600,1.2400,N,N,08/2023,Analyst,false,false,true
Data Architect,15-1243.00,Database Architects,onet_transferable_skills,skill,2.B.3.d,Installation,1.62,15.50,1,5,8,0.1830,1.2664,1.9836,N,,08/2023,Analyst,0.75,10.71,0,7,8,0.2500,0.2600,1.2400,N,N,08/2023,Analyst,false,false,true
Data Architect,15-1243.00,Database Architects,onet_transferable_skills,skill,2.B.3.e,Programming,3.38,59.50,1,5,8,0.1830,3.0164,3.7336,N,,08/2023,Analyst,4.12,58.86,0,7,8,0.2266,3.6809,4.5691,N,N,08/2023,Analyst,false,false,true
Data Architect,15-1243.00,Database Architects,onet_transferable_skills,skill,2.B.3.g,Operations Monitoring,2.12,28.00,1,5,8,0.1250,1.8800,2.3700,N,,08/2023,Analyst,2.12,30.29,0,7,8,0.1250,1.8800,2.3700,N,N,08/2023,Analyst,false,false,true
Data Architect,15-1243.00,Database Architects,onet_transferable_skills,skill,2.B.3.h,Operation and Control,1.75,18.75,1,5,8,0.1637,1.4292,2.0708,N,,08/2023,Analyst,1.38,19.71,0,7,8,0.3239,0.7402,2.0098,N,N,08/2023,Analyst,false,false,true
Data Architect,15-1243.00,Database Architects,onet_transferable_skills,skill,2.B.3.j,Equipment Maintenance,1.12,3.00,1,5,8,0.1250,1.0000,1.3700,N,,08/2023,Analyst,0.12,1.71,0,7,8,0.1250,0.0000,0.3700,N,Y,08/2023,Analyst,false,true,false
Data Architect,15-1243.00,Database Architects,onet_transferable_skills,skill,2.B.3.k,Troubleshooting,1.88,22.00,1,5,8,0.2266,1.4309,2.3191,N,,08/2023,Analyst,2.12,30.29,0,7,8,0.4795,1.1852,3.0648,N,N,08/2023,Analyst,false,false,true
Data Architect,15-1243.00,Database Architects,onet_transferable_skills,skill,2.B.3.l,Repairing,1.12,3.00,1,5,8,0.1250,1.0000,1.3700,N,,08/2023,Analyst,0.12,1.71,0,7,8,0.1250,0.0000,0.3700,N,Y,08/2023,Analyst,false,true,false
Data Architect,15-1243.00,Database Architects,onet_transferable_skills,skill,2.B.3.m,Quality Control Analysis,2.00,25.00,1,5,8,0.1890,1.6296,2.3704,N,,08/2023,Analyst,1.88,26.86,0,7,8,0.2950,1.2967,2.4533,N,N,08/2023,Analyst,false,false,true
Data Architect,15-1243.00,Database Architects,onet_transferable_skills,skill,2.B.4.e,Judgment and Decision Making,3.88,72.00,1,5,8,0.1250,3.6300,4.1200,N,,08/2023,Analyst,3.88,55.43,0,7,8,0.1250,3.6300,4.1200,N,N,08/2023,Analyst,false,false,true
Data Architect,15-1243.00,Database Architects,onet_transferable_skills,skill,2.B.4.g,Systems Analysis,3.75,68.75,1,5,8,0.1637,3.4292,4.0708,N,,08/2023,Analyst,3.75,53.57,0,7,8,0.1637,3.4292,4.0708,N,N,08/2023,Analyst,false,false,true
Data Architect,15-1243.00,Database Architects,onet_transferable_skills,skill,2.B.4.h,Systems Evaluation,3.25,56.25,1,5,8,0.2500,2.7600,3.7400,N,,08/2023,Analyst,3.75,53.57,0,7,8,0.1637,3.4292,4.0708,N,N,08/2023,Analyst,false,false,true
Data Architect,15-1243.00,Database Architects,onet_transferable_skills,skill,2.B.5.a,Time Management,3.00,50.00,1,5,8,0.0000,3.0000,3.0000,N,,08/2023,Analyst,3.00,42.86,0,7,8,0.0000,3.0000,3.0000,N,N,08/2023,Analyst,false,false,true
Data Architect,15-1243.00,Database Architects,onet_transferable_skills,skill,2.B.5.b,Management of Financial Resources,2.00,25.00,1,5,8,0.0000,2.0000,2.0000,N,,08/2023,Analyst,1.25,17.86,0,7,8,0.1637,0.9292,1.5708,N,N,08/2023,Analyst,false,false,true
Data Architect,15-1243.00,Database Architects,onet_transferable_skills,skill,2.B.5.c,Management of Material Resources,2.00,25.00,1,5,8,0.0000,2.0000,2.0000,N,,08/2023,Analyst,1.25,17.86,0,7,8,0.1637,0.9292,1.5708,N,N,08/2023,Analyst,false,false,true
Data Architect,15-1243.00,Database Architects,onet_transferable_skills,skill,2.B.5.d,Management of Personnel Resources,2.50,37.50,1,5,8,0.1890,2.1296,2.8704,N,,08/2023,Analyst,2.75,39.29,0,7,8,0.1637,2.4292,3.0708,N,N,08/2023,Analyst,false,false,true
Data Engineer,15-1243.01,Data Warehousing Specialists,onet_transferable_skills,skill,2.B.1.a,Social Perceptiveness,3.00,50.00,1,5,8,0.2673,2.4762,3.5238,N,,08/2018,Analyst,3.00,42.86,0,7,8,0.2673,2.4762,3.5238,N,N,08/2018,Analyst,false,false,true
Data Engineer,15-1243.01,Data Warehousing Specialists,onet_transferable_skills,skill,2.B.1.b,Coordination,3.12,53.00,1,5,8,0.2266,2.6809,3.5691,N,,08/2018,Analyst,3.38,48.29,0,7,8,0.1830,3.0164,3.7336,N,N,08/2018,Analyst,false,false,true
Data Engineer,15-1243.01,Data Warehousing Specialists,onet_transferable_skills,skill,2.B.1.c,Persuasion,2.75,43.75,1,5,8,0.1637,2.4292,3.0708,N,,08/2018,Analyst,3.12,44.57,0,7,8,0.2266,2.6809,3.5691,N,N,08/2018,Analyst,false,false,true
Data Engineer,15-1243.01,Data Warehousing Specialists,onet_transferable_skills,skill,2.B.1.d,Negotiation,2.62,40.50,1,5,8,0.1830,2.2664,2.9836,N,,08/2018,Analyst,2.62,37.43,0,7,8,0.1830,2.2664,2.9836,N,N,08/2018,Analyst,false,false,true
Data Engineer,15-1243.01,Data Warehousing Specialists,onet_transferable_skills,skill,2.B.1.e,Instructing,2.62,40.50,1,5,8,0.1830,2.2664,2.9836,N,,08/2018,Analyst,3.38,48.29,0,7,8,0.2631,2.8594,3.8906,N,N,08/2018,Analyst,false,false,true
Data Engineer,15-1243.01,Data Warehousing Specialists,onet_transferable_skills,skill,2.B.1.f,Service Orientation,2.62,40.50,1,5,8,0.2631,2.1094,3.1406,N,,08/2018,Analyst,2.62,37.43,0,7,8,0.3750,1.8900,3.3600,N,N,08/2018,Analyst,false,false,true
Data Engineer,15-1243.01,Data Warehousing Specialists,onet_transferable_skills,skill,2.B.2.i,Complex Problem Solving,3.62,65.50,1,5,8,0.1830,3.2664,3.9836,N,,08/2018,Analyst,3.50,50.00,0,7,8,0.1890,3.1296,3.8704,N,N,08/2018,Analyst,false,false,true
Data Engineer,15-1243.01,Data Warehousing Specialists,onet_transferable_skills,skill,2.B.3.a,Operations Analysis,2.75,43.75,1,5,8,0.3134,2.1358,3.3642,N,,08/2018,Analyst,3.38,48.29,0,7,8,0.4978,2.3994,4.3506,N,N,08/2018,Analyst,false,false,true
Data Engineer,15-1243.01,Data Warehousing Specialists,onet_transferable_skills,skill,2.B.3.b,Technology Design,2.62,40.50,1,5,8,0.3239,1.9902,3.2598,N,,08/2018,Analyst,2.75,39.29,0,7,8,0.5901,1.5934,3.9066,Y,N,08/2018,Analyst,true,false,false
Data Engineer,15-1243.01,Data Warehousing Specialists,onet_transferable_skills,skill,2.B.3.c,Equipment Selection,1.50,12.50,1,5,8,0.3273,1.0000,2.1416,N,,08/2018,Analyst,0.88,12.57,0,7,8,0.5806,0.0000,2.0129,Y,Y,08/2018,Analyst,true,true,false
Data Engineer,15-1243.01,Data Warehousing Specialists,onet_transferable_skills,skill,2.B.3.d,Installation,1.00,0.00,1,5,8,0.0000,1.0000,1.0000,N,,08/2018,Analyst,0.00,0.00,0,7,8,0.0000,0.0000,0.0000,N,Y,08/2018,Analyst,false,true,false
Data Engineer,15-1243.01,Data Warehousing Specialists,onet_transferable_skills,skill,2.B.3.e,Programming,3.75,68.75,1,5,8,0.3134,3.1358,4.3642,N,,08/2018,Analyst,3.75,53.57,0,7,8,0.4532,2.8618,4.6382,N,N,08/2018,Analyst,false,false,true
Data Engineer,15-1243.01,Data Warehousing Specialists,onet_transferable_skills,skill,2.B.3.g,Operations Monitoring,2.50,37.50,1,5,8,0.2673,1.9762,3.0238,N,,08/2018,Analyst,2.25,32.14,0,7,8,0.4532,1.3618,3.1382,N,N,08/2018,Analyst,false,false,true
Data Engineer,15-1243.01,Data Warehousing Specialists,onet_transferable_skills,skill,2.B.3.h,Operation and Control,1.88,22.00,1,5,8,0.2950,1.2967,2.4533,N,,08/2018,Analyst,1.62,23.14,0,7,8,0.5324,0.5814,2.6686,Y,N,08/2018,Analyst,true,false,false
Data Engineer,15-1243.01,Data Warehousing Specialists,onet_transferable_skills,skill,2.B.3.j,Equipment Maintenance,1.12,3.00,1,5,8,0.1250,1.0000,1.3700,N,,08/2018,Analyst,0.25,3.57,0,7,8,0.2500,0.0000,0.7400,N,Y,08/2018,Analyst,false,true,false
Data Engineer,15-1243.01,Data Warehousing Specialists,onet_transferable_skills,skill,2.B.3.k,Troubleshooting,1.62,15.50,1,5,8,0.2631,1.1094,2.1406,N,,08/2018,Analyst,1.00,14.29,0,7,8,0.4226,0.1717,1.8283,N,N,08/2018,Analyst,false,false,true
Data Engineer,15-1243.01,Data Warehousing Specialists,onet_transferable_skills,skill,2.B.3.l,Repairing,1.12,3.00,1,5,8,0.1250,1.0000,1.3700,N,,08/2018,Analyst,0.25,3.57,0,7,8,0.2500,0.0000,0.7400,N,Y,08/2018,Analyst,false,true,false
Data Engineer,15-1243.01,Data Warehousing Specialists,onet_transferable_skills,skill,2.B.3.m,Quality Control Analysis,2.38,34.50,1,5,8,0.3750,1.6400,3.1100,N,,08/2018,Analyst,2.25,32.14,0,7,8,0.5590,1.1543,3.3457,Y,N,08/2018,Analyst,true,false,false
Data Engineer,15-1243.01,Data Warehousing Specialists,onet_transferable_skills,skill,2.B.4.e,Judgment and Decision Making,3.38,59.50,1,5,8,0.1830,3.0164,3.7336,N,,08/2018,Analyst,3.62,51.71,0,7,8,0.1830,3.2664,3.9836,N,N,08/2018,Analyst,false,false,true
Data Engineer,15-1243.01,Data Warehousing Specialists,onet_transferable_skills,skill,2.B.4.g,Systems Analysis,3.50,62.50,1,5,8,0.1890,3.1296,3.8704,N,,08/2018,Analyst,3.50,50.00,0,7,8,0.1890,3.1296,3.8704,N,N,08/2018,Analyst,false,false,true
Data Engineer,15-1243.01,Data Warehousing Specialists,onet_transferable_skills,skill,2.B.4.h,Systems Evaluation,3.25,56.25,1,5,8,0.3134,2.6358,3.8642,N,,08/2018,Analyst,3.50,50.00,0,7,8,0.3780,2.7592,4.2408,N,N,08/2018,Analyst,false,false,true
Data Engineer,15-1243.01,Data Warehousing Specialists,onet_transferable_skills,skill,2.B.5.a,Time Management,2.88,47.00,1,5,8,0.1250,2.6300,3.1200,N,,08/2018,Analyst,2.75,39.29,0,7,8,0.1637,2.4292,3.0708,N,N,08/2018,Analyst,false,false,true
Data Engineer,15-1243.01,Data Warehousing Specialists,onet_transferable_skills,skill,2.B.5.b,Management of Financial Resources,1.75,18.75,1,5,8,0.1637,1.4292,2.0708,N,,08/2018,Analyst,1.38,19.71,0,7,8,0.3750,0.6400,2.1100,N,N,08/2018,Analyst,false,false,true
Data Engineer,15-1243.01,Data Warehousing Specialists,onet_transferable_skills,skill,2.B.5.c,Management of Material Resources,1.88,22.00,1,5,8,0.2266,1.4309,2.3191,N,,08/2018,Analyst,1.62,23.14,0,7,8,0.4199,0.8019,2.4481,N,N,08/2018,Analyst,false,false,true
Data Engineer,15-1243.01,Data Warehousing Specialists,onet_transferable_skills,skill,2.B.5.d,Management of Personnel Resources,2.12,28.00,1,5,8,0.2950,1.5467,2.7033,N,,08/2018,Analyst,2.00,28.57,0,7,8,0.4629,1.0927,2.9073,N,N,08/2018,Analyst,false,false,true
DevOps Engineer,15-1252.00,Software Developers,onet_transferable_skills,skill,2.B.1.a,Social Perceptiveness,2.88,47.00,1,5,8,0.2266,2.4309,3.3191,N,,08/2025,Analyst,3.38,48.29,0,7,8,0.1830,3.0164,3.7336,N,N,08/2025,Analyst,false,false,true
Software Engineer,15-1252.00,Software Developers,onet_transferable_skills,skill,2.B.1.a,Social Perceptiveness,2.88,47.00,1,5,8,0.2266,2.4309,3.3191,N,,08/2025,Analyst,3.38,48.29,0,7,8,0.1830,3.0164,3.7336,N,N,08/2025,Analyst,false,false,true
DevOps Engineer,15-1252.00,Software Developers,onet_transferable_skills,skill,2.B.1.b,Coordination,3.00,50.00,1,5,8,0.1890,2.6296,3.3704,N,,08/2025,Analyst,3.12,44.57,0,7,8,0.2266,2.6809,3.5691,N,N,08/2025,Analyst,false,false,true
Software Engineer,15-1252.00,Software Developers,onet_transferable_skills,skill,2.B.1.b,Coordination,3.00,50.00,1,5,8,0.1890,2.6296,3.3704,N,,08/2025,Analyst,3.12,44.57,0,7,8,0.2266,2.6809,3.5691,N,N,08/2025,Analyst,false,false,true
DevOps Engineer,15-1252.00,Software Developers,onet_transferable_skills,skill,2.B.1.c,Persuasion,2.75,43.75,1,5,8,0.1637,2.4292,3.0708,N,,08/2025,Analyst,3.12,44.57,0,7,8,0.1250,2.8800,3.3700,N,N,08/2025,Analyst,false,false,true
Software Engineer,15-1252.00,Software Developers,onet_transferable_skills,skill,2.B.1.c,Persuasion,2.75,43.75,1,5,8,0.1637,2.4292,3.0708,N,,08/2025,Analyst,3.12,44.57,0,7,8,0.1250,2.8800,3.3700,N,N,08/2025,Analyst,false,false,true
DevOps Engineer,15-1252.00,Software Developers,onet_transferable_skills,skill,2.B.1.d,Negotiation,2.62,40.50,1,5,8,0.1830,2.2664,2.9836,N,,08/2025,Analyst,2.88,41.14,0,7,8,0.1250,2.6300,3.1200,N,N,08/2025,Analyst,false,false,true
Software Engineer,15-1252.00,Software Developers,onet_transferable_skills,skill,2.B.1.d,Negotiation,2.62,40.50,1,5,8,0.1830,2.2664,2.9836,N,,08/2025,Analyst,2.88,41.14,0,7,8,0.1250,2.6300,3.1200,N,N,08/2025,Analyst,false,false,true
DevOps Engineer,15-1252.00,Software Developers,onet_transferable_skills,skill,2.B.1.e,Instructing,2.88,47.00,1,5,8,0.1250,2.6300,3.1200,N,,08/2025,Analyst,3.12,44.57,0,7,8,0.2266,2.6809,3.5691,N,N,08/2025,Analyst,false,false,true
Software Engineer,15-1252.00,Software Developers,onet_transferable_skills,skill,2.B.1.e,Instructing,2.88,47.00,1,5,8,0.1250,2.6300,3.1200,N,,08/2025,Analyst,3.12,44.57,0,7,8,0.2266,2.6809,3.5691,N,N,08/2025,Analyst,false,false,true
DevOps Engineer,15-1252.00,Software Developers,onet_transferable_skills,skill,2.B.1.f,Service Orientation,2.88,47.00,1,5,8,0.1250,2.6300,3.1200,N,,08/2025,Analyst,3.00,42.86,0,7,8,0.0000,3.0000,3.0000,N,N,08/2025,Analyst,false,false,true
Software Engineer,15-1252.00,Software Developers,onet_transferable_skills,skill,2.B.1.f,Service Orientation,2.88,47.00,1,5,8,0.1250,2.6300,3.1200,N,,08/2025,Analyst,3.00,42.86,0,7,8,0.0000,3.0000,3.0000,N,N,08/2025,Analyst,false,false,true
DevOps Engineer,15-1252.00,Software Developers,onet_transferable_skills,skill,2.B.2.i,Complex Problem Solving,3.38,59.50,1,5,8,0.1830,3.0164,3.7336,N,,08/2025,Analyst,3.50,50.00,0,7,8,0.1890,3.1296,3.8704,N,N,08/2025,Analyst,false,false,true
Software Engineer,15-1252.00,Software Developers,onet_transferable_skills,skill,2.B.2.i,Complex Problem Solving,3.38,59.50,1,5,8,0.1830,3.0164,3.7336,N,,08/2025,Analyst,3.50,50.00,0,7,8,0.1890,3.1296,3.8704,N,N,08/2025,Analyst,false,false,true
DevOps Engineer,15-1252.00,Software Developers,onet_transferable_skills,skill,2.B.3.a,Operations Analysis,3.25,56.25,1,5,8,0.4532,2.3618,4.1382,N,,08/2025,Analyst,3.12,44.57,0,7,8,0.5154,2.1148,4.1352,Y,N,08/2025,Analyst,true,false,false
Software Engineer,15-1252.00,Software Developers,onet_transferable_skills,skill,2.B.3.a,Operations Analysis,3.25,56.25,1,5,8,0.4532,2.3618,4.1382,N,,08/2025,Analyst,3.12,44.57,0,7,8,0.5154,2.1148,4.1352,Y,N,08/2025,Analyst,true,false,false
DevOps Engineer,15-1252.00,Software Developers,onet_transferable_skills,skill,2.B.3.b,Technology Design,3.38,59.50,1,5,8,0.3239,2.7402,4.0098,N,,08/2025,Analyst,3.62,51.71,0,7,8,0.4605,2.7224,4.5276,N,N,08/2025,Analyst,false,false,true
Software Engineer,15-1252.00,Software Developers,onet_transferable_skills,skill,2.B.3.b,Technology Design,3.38,59.50,1,5,8,0.3239,2.7402,4.0098,N,,08/2025,Analyst,3.62,51.71,0,7,8,0.4605,2.7224,4.5276,N,N,08/2025,Analyst,false,false,true
DevOps Engineer,15-1252.00,Software Developers,onet_transferable_skills,skill,2.B.3.c,Equipment Selection,2.12,28.00,1,5,8,0.4795,1.1852,3.0648,N,,08/2025,Analyst,1.75,25.00,0,7,8,0.5590,0.6543,2.8457,Y,N,08/2025,Analyst,true,false,false
Software Engineer,15-1252.00,Software Developers,onet_transferable_skills,skill,2.B.3.c,Equipment Selection,2.12,28.00,1,5,8,0.4795,1.1852,3.0648,N,,08/2025,Analyst,1.75,25.00,0,7,8,0.5590,0.6543,2.8457,Y,N,08/2025,Analyst,true,false,false
DevOps Engineer,15-1252.00,Software Developers,onet_transferable_skills,skill,2.B.3.d,Installation,1.88,22.00,1,5,8,0.3504,1.1883,2.5617,N,,08/2025,Analyst,1.00,14.29,0,7,8,0.3780,0.2592,1.7408,N,N,08/2025,Analyst,false,false,true
Software Engineer,15-1252.00,Software Developers,onet_transferable_skills,skill,2.B.3.d,Installation,1.88,22.00,1,5,8,0.3504,1.1883,2.5617,N,,08/2025,Analyst,1.00,14.29,0,7,8,0.3780,0.2592,1.7408,N,N,08/2025,Analyst,false,false,true
DevOps Engineer,15-1252.00,Software Developers,onet_transferable_skills,skill,2.B.3.e,Programming,4.00,75.00,1,5,8,0.3780,3.2592,4.7408,N,,08/2025,Analyst,4.12,58.86,0,7,8,0.5154,3.1148,5.1352,Y,N,08/2025,Analyst,true,false,false
Software Engineer,15-1252.00,Software Developers,onet_transferable_skills,skill,2.B.3.e,Programming,4.00,75.00,1,5,8,0.3780,3.2592,4.7408,N,,08/2025,Analyst,4.12,58.86,0,7,8,0.5154,3.1148,5.1352,Y,N,08/2025,Analyst,true,false,false
DevOps Engineer,15-1252.00,Software Developers,onet_transferable_skills,skill,2.B.3.g,Operations Monitoring,2.75,43.75,1,5,8,0.2500,2.2600,3.2400,N,,08/2025,Analyst,2.38,34.00,0,7,8,0.2631,1.8594,2.8906,N,N,08/2025,Analyst,false,false,true
Software Engineer,15-1252.00,Software Developers,onet_transferable_skills,skill,2.B.3.g,Operations Monitoring,2.75,43.75,1,5,8,0.2500,2.2600,3.2400,N,,08/2025,Analyst,2.38,34.00,0,7,8,0.2631,1.8594,2.8906,N,N,08/2025,Analyst,false,false,true
DevOps Engineer,15-1252.00,Software Developers,onet_transferable_skills,skill,2.B.3.h,Operation and Control,2.00,25.00,1,5,8,0.3273,1.3584,2.6416,N,,08/2025,Analyst,1.75,25.00,0,7,8,0.5590,0.6543,2.8457,Y,N,08/2025,Analyst,true,false,false
Software Engineer,15-1252.00,Software Developers,onet_transferable_skills,skill,2.B.3.h,Operation and Control,2.00,25.00,1,5,8,0.3273,1.3584,2.6416,N,,08/2025,Analyst,1.75,25.00,0,7,8,0.5590,0.6543,2.8457,Y,N,08/2025,Analyst,true,false,false
DevOps Engineer,15-1252.00,Software Developers,onet_transferable_skills,skill,2.B.3.j,Equipment Maintenance,1.25,6.25,1,5,8,0.2500,1.0000,1.7400,N,,08/2025,Analyst,0.25,3.57,0,7,8,0.2500,0.0000,0.7400,N,Y,08/2025,Analyst,false,true,false
Software Engineer,15-1252.00,Software Developers,onet_transferable_skills,skill,2.B.3.j,Equipment Maintenance,1.25,6.25,1,5,8,0.2500,1.0000,1.7400,N,,08/2025,Analyst,0.25,3.57,0,7,8,0.2500,0.0000,0.7400,N,Y,08/2025,Analyst,false,true,false
DevOps Engineer,15-1252.00,Software Developers,onet_transferable_skills,skill,2.B.3.k,Troubleshooting,2.62,40.50,1,5,8,0.2631,2.1094,3.1406,N,,08/2025,Analyst,2.38,34.00,0,7,8,0.4978,1.3994,3.3506,N,N,08/2025,Analyst,false,false,true
Software Engineer,15-1252.00,Software Developers,onet_transferable_skills,skill,2.B.3.k,Troubleshooting,2.62,40.50,1,5,8,0.2631,2.1094,3.1406,N,,08/2025,Analyst,2.38,34.00,0,7,8,0.4978,1.3994,3.3506,N,N,08/2025,Analyst,false,false,true
DevOps Engineer,15-1252.00,Software Developers,onet_transferable_skills,skill,2.B.3.l,Repairing,1.12,3.00,1,5,8,0.1250,1.0000,1.3700,N,,08/2025,Analyst,0.25,3.57,0,7,8,0.2500,0.0000,0.7400,N,Y,08/2025,Analyst,false,true,false
Software Engineer,15-1252.00,Software Developers,onet_transferable_skills,skill,2.B.3.l,Repairing,1.12,3.00,1,5,8,0.1250,1.0000,1.3700,N,,08/2025,Analyst,0.25,3.57,0,7,8,0.2500,0.0000,0.7400,N,Y,08/2025,Analyst,false,true,false
DevOps Engineer,15-1252.00,Software Developers,onet_transferable_skills,skill,2.B.3.m,Quality Control Analysis,2.75,43.75,1,5,8,0.4910,1.7877,3.7123,N,,08/2025,Analyst,2.75,39.29,0,7,8,0.7258,1.3274,4.1726,Y,N,08/2025,Analyst,true,false,false
Software Engineer,15-1252.00,Software Developers,onet_transferable_skills,skill,2.B.3.m,Quality Control Analysis,2.75,43.75,1,5,8,0.4910,1.7877,3.7123,N,,08/2025,Analyst,2.75,39.29,0,7,8,0.7258,1.3274,4.1726,Y,N,08/2025,Analyst,true,false,false
DevOps Engineer,15-1252.00,Software Developers,onet_transferable_skills,skill,2.B.4.e,Judgment and Decision Making,3.62,65.50,1,5,8,0.1830,3.2664,3.9836,N,,08/2025,Analyst,3.75,53.57,0,7,8,0.3134,3.1358,4.3642,N,N,08/2025,Analyst,false,false,true
Software Engineer,15-1252.00,Software Developers,onet_transferable_skills,skill,2.B.4.e,Judgment and Decision Making,3.62,65.50,1,5,8,0.1830,3.2664,3.9836,N,,08/2025,Analyst,3.75,53.57,0,7,8,0.3134,3.1358,4.3642,N,N,08/2025,Analyst,false,false,true
DevOps Engineer,15-1252.00,Software Developers,onet_transferable_skills,skill,2.B.4.g,Systems Analysis,3.50,62.50,1,5,8,0.3273,2.8584,4.1416,N,,08/2025,Analyst,3.88,55.43,0,7,8,0.3504,3.1883,4.5617,N,N,08/2025,Analyst,false,false,true
Software Engineer,15-1252.00,Software Developers,onet_transferable_skills,skill,2.B.4.g,Systems Analysis,3.50,62.50,1,5,8,0.3273,2.8584,4.1416,N,,08/2025,Analyst,3.88,55.43,0,7,8,0.3504,3.1883,4.5617,N,N,08/2025,Analyst,false,false,true
DevOps Engineer,15-1252.00,Software Developers,onet_transferable_skills,skill,2.B.4.h,Systems Evaluation,3.38,59.50,1,5,8,0.3750,2.6400,4.1100,N,,08/2025,Analyst,4.12,58.86,0,7,8,0.4407,3.2613,4.9887,N,N,08/2025,Analyst,false,false,true
Software Engineer,15-1252.00,Software Developers,onet_transferable_skills,skill,2.B.4.h,Systems Evaluation,3.38,59.50,1,5,8,0.3750,2.6400,4.1100,N,,08/2025,Analyst,4.12,58.86,0,7,8,0.4407,3.2613,4.9887,N,N,08/2025,Analyst,false,false,true
DevOps Engineer,15-1252.00,Software Developers,onet_transferable_skills,skill,2.B.5.a,Time Management,3.12,53.00,1,5,8,0.1250,2.8800,3.3700,N,,08/2025,Analyst,3.25,46.43,0,7,8,0.2500,2.7600,3.7400,N,N,08/2025,Analyst,false,false,true
Software Engineer,15-1252.00,Software Developers,onet_transferable_skills,skill,2.B.5.a,Time Management,3.12,53.00,1,5,8,0.1250,2.8800,3.3700,N,,08/2025,Analyst,3.25,46.43,0,7,8,0.2500,2.7600,3.7400,N,N,08/2025,Analyst,false,false,true
DevOps Engineer,15-1252.00,Software Developers,onet_transferable_skills,skill,2.B.5.b,Management of Financial Resources,1.75,18.75,1,5,8,0.2500,1.2600,2.2400,N,,08/2025,Analyst,1.00,14.29,0,7,8,0.3273,0.3584,1.6416,N,N,08/2025,Analyst,false,false,true
Software Engineer,15-1252.00,Software Developers,onet_transferable_skills,skill,2.B.5.b,Management of Financial Resources,1.75,18.75,1,5,8,0.2500,1.2600,2.2400,N,,08/2025,Analyst,1.00,14.29,0,7,8,0.3273,0.3584,1.6416,N,N,08/2025,Analyst,false,false,true
DevOps Engineer,15-1252.00,Software Developers,onet_transferable_skills,skill,2.B.5.c,Management of Material Resources,1.62,15.50,1,5,8,0.1830,1.2664,1.9836,N,,08/2025,Analyst,1.00,14.29,0,7,8,0.3273,0.3584,1.6416,N,N,08/2025,Analyst,false,false,true
Software Engineer,15-1252.00,Software Developers,onet_transferable_skills,skill,2.B.5.c,Management of Material Resources,1.62,15.50,1,5,8,0.1830,1.2664,1.9836,N,,08/2025,Analyst,1.00,14.29,0,7,8,0.3273,0.3584,1.6416,N,N,08/2025,Analyst,false,false,true
DevOps Engineer,15-1252.00,Software Developers,onet_transferable_skills,skill,2.B.5.d,Management of Personnel Resources,2.25,31.25,1,5,8,0.1637,1.9292,2.5708,N,,08/2025,Analyst,2.62,37.43,0,7,8,0.1830,2.2664,2.9836,N,N,08/2025,Analyst,false,false,true
Software Engineer,15-1252.00,Software Developers,onet_transferable_skills,skill,2.B.5.d,Management of Personnel Resources,2.25,31.25,1,5,8,0.1637,1.9292,2.5708,N,,08/2025,Analyst,2.62,37.43,0,7,8,0.1830,2.2664,2.9836,N,N,08/2025,Analyst,false,false,true
UI / UX Designer,15-1255.00,Web and Digital Interface Designers,onet_transferable_skills,skill,2.B.1.a,Social Perceptiveness,2.75,43.75,1,5,8,0.1637,2.4292,3.0708,N,,08/2026,Analyst,3.00,42.86,0,7,8,0.1890,2.6296,3.3704,N,N,08/2026,Analyst,false,false,true
Web Designer,15-1255.00,Web and Digital Interface Designers,onet_transferable_skills,skill,2.B.1.a,Social Perceptiveness,2.75,43.75,1,5,8,0.1637,2.4292,3.0708,N,,08/2026,Analyst,3.00,42.86,0,7,8,0.1890,2.6296,3.3704,N,N,08/2026,Analyst,false,false,true
UI / UX Designer,15-1255.00,Web and Digital Interface Designers,onet_transferable_skills,skill,2.B.1.b,Coordination,2.88,47.00,1,5,8,0.1250,2.6300,3.1200,N,,08/2026,Analyst,2.75,39.29,0,7,8,0.2500,2.2600,3.2400,N,N,08/2026,Analyst,false,false,true
Web Designer,15-1255.00,Web and Digital Interface Designers,onet_transferable_skills,skill,2.B.1.b,Coordination,2.88,47.00,1,5,8,0.1250,2.6300,3.1200,N,,08/2026,Analyst,2.75,39.29,0,7,8,0.2500,2.2600,3.2400,N,N,08/2026,Analyst,false,false,true
UI / UX Designer,15-1255.00,Web and Digital Interface Designers,onet_transferable_skills,skill,2.B.1.c,Persuasion,2.75,43.75,1,5,8,0.1637,2.4292,3.0708,N,,08/2026,Analyst,2.62,37.43,0,7,8,0.1830,2.2664,2.9836,N,N,08/2026,Analyst,false,false,true
Web Designer,15-1255.00,Web and Digital Interface Designers,onet_transferable_skills,skill,2.B.1.c,Persuasion,2.75,43.75,1,5,8,0.1637,2.4292,3.0708,N,,08/2026,Analyst,2.62,37.43,0,7,8,0.1830,2.2664,2.9836,N,N,08/2026,Analyst,false,false,true
UI / UX Designer,15-1255.00,Web and Digital Interface Designers,onet_transferable_skills,skill,2.B.1.d,Negotiation,2.50,37.50,1,5,8,0.1890,2.1296,2.8704,N,,08/2026,Analyst,2.62,37.43,0,7,8,0.1830,2.2664,2.9836,N,N,08/2026,Analyst,false,false,true
Web Designer,15-1255.00,Web and Digital Interface Designers,onet_transferable_skills,skill,2.B.1.d,Negotiation,2.50,37.50,1,5,8,0.1890,2.1296,2.8704,N,,08/2026,Analyst,2.62,37.43,0,7,8,0.1830,2.2664,2.9836,N,N,08/2026,Analyst,false,false,true
UI / UX Designer,15-1255.00,Web and Digital Interface Designers,onet_transferable_skills,skill,2.B.1.e,Instructing,2.62,40.50,1,5,8,0.1830,2.2664,2.9836,N,,08/2026,Analyst,2.50,35.71,0,7,8,0.2673,1.9762,3.0238,N,N,08/2026,Analyst,false,false,true
Web Designer,15-1255.00,Web and Digital Interface Designers,onet_transferable_skills,skill,2.B.1.e,Instructing,2.62,40.50,1,5,8,0.1830,2.2664,2.9836,N,,08/2026,Analyst,2.50,35.71,0,7,8,0.2673,1.9762,3.0238,N,N,08/2026,Analyst,false,false,true
UI / UX Designer,15-1255.00,Web and Digital Interface Designers,onet_transferable_skills,skill,2.B.1.f,Service Orientation,2.88,47.00,1,5,8,0.1250,2.6300,3.1200,N,,08/2026,Analyst,3.00,42.86,0,7,8,0.2673,2.4762,3.5238,N,N,08/2026,Analyst,false,false,true
Web Designer,15-1255.00,Web and Digital Interface Designers,onet_transferable_skills,skill,2.B.1.f,Service Orientation,2.88,47.00,1,5,8,0.1250,2.6300,3.1200,N,,08/2026,Analyst,3.00,42.86,0,7,8,0.2673,2.4762,3.5238,N,N,08/2026,Analyst,false,false,true
UI / UX Designer,15-1255.00,Web and Digital Interface Designers,onet_transferable_skills,skill,2.B.2.i,Complex Problem Solving,3.38,59.50,1,5,8,0.2631,2.8594,3.8906,N,,08/2026,Analyst,3.50,50.00,0,7,8,0.3273,2.8584,4.1416,N,N,08/2026,Analyst,false,false,true
Web Designer,15-1255.00,Web and Digital Interface Designers,onet_transferable_skills,skill,2.B.2.i,Complex Problem Solving,3.38,59.50,1,5,8,0.2631,2.8594,3.8906,N,,08/2026,Analyst,3.50,50.00,0,7,8,0.3273,2.8584,4.1416,N,N,08/2026,Analyst,false,false,true
UI / UX Designer,15-1255.00,Web and Digital Interface Designers,onet_transferable_skills,skill,2.B.3.a,Operations Analysis,3.00,50.00,1,5,8,0.5000,2.0200,3.9800,N,,08/2026,Analyst,2.75,39.29,0,7,8,0.6196,1.5355,3.9645,Y,N,08/2026,Analyst,true,false,false
Web Designer,15-1255.00,Web and Digital Interface Designers,onet_transferable_skills,skill,2.B.3.a,Operations Analysis,3.00,50.00,1,5,8,0.5000,2.0200,3.9800,N,,08/2026,Analyst,2.75,39.29,0,7,8,0.6196,1.5355,3.9645,Y,N,08/2026,Analyst,true,false,false
UI / UX Designer,15-1255.00,Web and Digital Interface Designers,onet_transferable_skills,skill,2.B.3.b,Technology Design,2.62,40.50,1,5,8,0.4605,1.7224,3.5276,N,,08/2026,Analyst,2.38,34.00,0,7,8,0.4978,1.3994,3.3506,N,N,08/2026,Analyst,false,false,true
Web Designer,15-1255.00,Web and Digital Interface Designers,onet_transferable_skills,skill,2.B.3.b,Technology Design,2.62,40.50,1,5,8,0.4605,1.7224,3.5276,N,,08/2026,Analyst,2.38,34.00,0,7,8,0.4978,1.3994,3.3506,N,N,08/2026,Analyst,false,false,true
UI / UX Designer,15-1255.00,Web and Digital Interface Designers,onet_transferable_skills,skill,2.B.3.c,Equipment Selection,1.25,6.25,1,5,8,0.1637,1.0000,1.5708,N,,08/2026,Analyst,1.00,14.29,0,7,8,0.6547,0.0000,2.2831,Y,Y,08/2026,Analyst,true,true,false
Web Designer,15-1255.00,Web and Digital Interface Designers,onet_transferable_skills,skill,2.B.3.c,Equipment Selection,1.25,6.25,1,5,8,0.1637,1.0000,1.5708,N,,08/2026,Analyst,1.00,14.29,0,7,8,0.6547,0.0000,2.2831,Y,Y,08/2026,Analyst,true,true,false
UI / UX Designer,15-1255.00,Web and Digital Interface Designers,onet_transferable_skills,skill,2.B.3.d,Installation,1.00,0.00,1,5,8,0.0000,1.0000,1.0000,N,,08/2026,Analyst,0.00,0.00,0,7,8,0.0000,0.0000,0.0000,N,Y,08/2026,Analyst,false,true,false
Web Designer,15-1255.00,Web and Digital Interface Designers,onet_transferable_skills,skill,2.B.3.d,Installation,1.00,0.00,1,5,8,0.0000,1.0000,1.0000,N,,08/2026,Analyst,0.00,0.00,0,7,8,0.0000,0.0000,0.0000,N,Y,08/2026,Analyst,false,true,false
UI / UX Designer,15-1255.00,Web and Digital Interface Designers,onet_transferable_skills,skill,2.B.3.e,Programming,3.25,56.25,1,5,8,0.4910,2.2877,4.2123,N,,08/2026,Analyst,2.62,37.43,0,7,8,0.5957,1.4573,3.7927,Y,N,08/2026,Analyst,true,false,false
Web Designer,15-1255.00,Web and Digital Interface Designers,onet_transferable_skills,skill,2.B.3.e,Programming,3.25,56.25,1,5,8,0.4910,2.2877,4.2123,N,,08/2026,Analyst,2.62,37.43,0,7,8,0.5957,1.4573,3.7927,Y,N,08/2026,Analyst,true,false,false
UI / UX Designer,15-1255.00,Web and Digital Interface Designers,onet_transferable_skills,skill,2.B.3.g,Operations Monitoring,2.50,37.50,1,5,8,0.2673,1.9762,3.0238,N,,08/2026,Analyst,2.00,28.57,0,7,8,0.3273,1.3584,2.6416,N,N,08/2026,Analyst,false,false,true
Web Designer,15-1255.00,Web and Digital Interface Designers,onet_transferable_skills,skill,2.B.3.g,Operations Monitoring,2.50,37.50,1,5,8,0.2673,1.9762,3.0238,N,,08/2026,Analyst,2.00,28.57,0,7,8,0.3273,1.3584,2.6416,N,N,08/2026,Analyst,false,false,true
UI / UX Designer,15-1255.00,Web and Digital Interface Designers,onet_transferable_skills,skill,2.B.3.h,Operation and Control,1.25,6.25,1,5,8,0.2500,1.0000,1.7400,N,,08/2026,Analyst,0.38,5.43,0,7,8,0.3750,0.0000,1.1100,N,Y,08/2026,Analyst,false,true,false
Web Designer,15-1255.00,Web and Digital Interface Designers,onet_transferable_skills,skill,2.B.3.h,Operation and Control,1.25,6.25,1,5,8,0.2500,1.0000,1.7400,N,,08/2026,Analyst,0.38,5.43,0,7,8,0.3750,0.0000,1.1100,N,Y,08/2026,Analyst,false,true,false
UI / UX Designer,15-1255.00,Web and Digital Interface Designers,onet_transferable_skills,skill,2.B.3.j,Equipment Maintenance,1.25,6.25,1,5,8,0.2500,1.0000,1.7400,N,,08/2026,Analyst,0.38,5.43,0,7,8,0.3750,0.0000,1.1100,N,Y,08/2026,Analyst,false,true,false
Web Designer,15-1255.00,Web and Digital Interface Designers,onet_transferable_skills,skill,2.B.3.j,Equipment Maintenance,1.25,6.25,1,5,8,0.2500,1.0000,1.7400,N,,08/2026,Analyst,0.38,5.43,0,7,8,0.3750,0.0000,1.1100,N,Y,08/2026,Analyst,false,true,false
UI / UX Designer,15-1255.00,Web and Digital Interface Designers,onet_transferable_skills,skill,2.B.3.k,Troubleshooting,2.38,34.50,1,5,8,0.4605,1.4724,3.2776,N,,08/2026,Analyst,2.00,28.57,0,7,8,0.6547,0.7169,3.2831,Y,N,08/2026,Analyst,true,false,false
Web Designer,15-1255.00,Web and Digital Interface Designers,onet_transferable_skills,skill,2.B.3.k,Troubleshooting,2.38,34.50,1,5,8,0.4605,1.4724,3.2776,N,,08/2026,Analyst,2.00,28.57,0,7,8,0.6547,0.7169,3.2831,Y,N,08/2026,Analyst,true,false,false
UI / UX Designer,15-1255.00,Web and Digital Interface Designers,onet_transferable_skills,skill,2.B.3.l,Repairing,1.38,9.50,1,5,8,0.3750,1.0000,2.1100,N,,08/2026,Analyst,0.50,7.14,0,7,8,0.5000,0.0000,1.4800,N,Y,08/2026,Analyst,false,true,false
Web Designer,15-1255.00,Web and Digital Interface Designers,onet_transferable_skills,skill,2.B.3.l,Repairing,1.38,9.50,1,5,8,0.3750,1.0000,2.1100,N,,08/2026,Analyst,0.50,7.14,0,7,8,0.5000,0.0000,1.4800,N,Y,08/2026,Analyst,false,true,false
UI / UX Designer,15-1255.00,Web and Digital Interface Designers,onet_transferable_skills,skill,2.B.3.m,Quality Control Analysis,2.62,40.50,1,5,8,0.3750,1.8900,3.3600,N,,08/2026,Analyst,2.50,35.71,0,7,8,0.5345,1.4523,3.5477,Y,N,08/2026,Analyst,true,false,false
Web Designer,15-1255.00,Web and Digital Interface Designers,onet_transferable_skills,skill,2.B.3.m,Quality Control Analysis,2.62,40.50,1,5,8,0.3750,1.8900,3.3600,N,,08/2026,Analyst,2.50,35.71,0,7,8,0.5345,1.4523,3.5477,Y,N,08/2026,Analyst,true,false,false
UI / UX Designer,15-1255.00,Web and Digital Interface Designers,onet_transferable_skills,skill,2.B.4.e,Judgment and Decision Making,3.50,62.50,1,5,8,0.2673,2.9762,4.0238,N,,08/2026,Analyst,3.38,48.29,0,7,8,0.2631,2.8594,3.8906,N,N,08/2026,Analyst,false,false,true
Web Designer,15-1255.00,Web and Digital Interface Designers,onet_transferable_skills,skill,2.B.4.e,Judgment and Decision Making,3.50,62.50,1,5,8,0.2673,2.9762,4.0238,N,,08/2026,Analyst,3.38,48.29,0,7,8,0.2631,2.8594,3.8906,N,N,08/2026,Analyst,false,false,true
UI / UX Designer,15-1255.00,Web and Digital Interface Designers,onet_transferable_skills,skill,2.B.4.g,Systems Analysis,2.75,43.75,1,5,8,0.2500,2.2600,3.2400,N,,08/2026,Analyst,3.12,44.57,0,7,8,0.3504,2.4383,3.8117,N,N,08/2026,Analyst,false,false,true
Web Designer,15-1255.00,Web and Digital Interface Designers,onet_transferable_skills,skill,2.B.4.g,Systems Analysis,2.75,43.75,1,5,8,0.2500,2.2600,3.2400,N,,08/2026,Analyst,3.12,44.57,0,7,8,0.3504,2.4383,3.8117,N,N,08/2026,Analyst,false,false,true
UI / UX Designer,15-1255.00,Web and Digital Interface Designers,onet_transferable_skills,skill,2.B.4.h,Systems Evaluation,2.88,47.00,1,5,8,0.2950,2.2967,3.4533,N,,08/2026,Analyst,3.38,48.29,0,7,8,0.4199,2.5519,4.1981,N,N,08/2026,Analyst,false,false,true
Web Designer,15-1255.00,Web and Digital Interface Designers,onet_transferable_skills,skill,2.B.4.h,Systems Evaluation,2.88,47.00,1,5,8,0.2950,2.2967,3.4533,N,,08/2026,Analyst,3.38,48.29,0,7,8,0.4199,2.5519,4.1981,N,N,08/2026,Analyst,false,false,true
UI / UX Designer,15-1255.00,Web and Digital Interface Designers,onet_transferable_skills,skill,2.B.5.a,Time Management,3.00,50.00,1,5,8,0.1890,2.6296,3.3704,N,,08/2026,Analyst,3.12,44.57,0,7,8,0.2266,2.6809,3.5691,N,N,08/2026,Analyst,false,false,true
Web Designer,15-1255.00,Web and Digital Interface Designers,onet_transferable_skills,skill,2.B.5.a,Time Management,3.00,50.00,1,5,8,0.1890,2.6296,3.3704,N,,08/2026,Analyst,3.12,44.57,0,7,8,0.2266,2.6809,3.5691,N,N,08/2026,Analyst,false,false,true
UI / UX Designer,15-1255.00,Web and Digital Interface Designers,onet_transferable_skills,skill,2.B.5.b,Management of Financial Resources,2.12,28.00,1,5,8,0.2266,1.6809,2.5691,N,,08/2026,Analyst,1.75,25.00,0,7,8,0.3660,1.0327,2.4673,N,N,08/2026,Analyst,false,false,true
Web Designer,15-1255.00,Web and Digital Interface Designers,onet_transferable_skills,skill,2.B.5.b,Management of Financial Resources,2.12,28.00,1,5,8,0.2266,1.6809,2.5691,N,,08/2026,Analyst,1.75,25.00,0,7,8,0.3660,1.0327,2.4673,N,N,08/2026,Analyst,false,false,true
UI / UX Designer,15-1255.00,Web and Digital Interface Designers,onet_transferable_skills,skill,2.B.5.c,Management of Material Resources,2.12,28.00,1,5,8,0.2266,1.6809,2.5691,N,,08/2026,Analyst,1.75,25.00,0,7,8,0.3660,1.0327,2.4673,N,N,08/2026,Analyst,false,false,true
Web Designer,15-1255.00,Web and Digital Interface Designers,onet_transferable_skills,skill,2.B.5.c,Management of Material Resources,2.12,28.00,1,5,8,0.2266,1.6809,2.5691,N,,08/2026,Analyst,1.75,25.00,0,7,8,0.3660,1.0327,2.4673,N,N,08/2026,Analyst,false,false,true
UI / UX Designer,15-1255.00,Web and Digital Interface Designers,onet_transferable_skills,skill,2.B.5.d,Management of Personnel Resources,2.25,31.25,1,5,8,0.2500,1.7600,2.7400,N,,08/2026,Analyst,2.12,30.29,0,7,8,0.3504,1.4383,2.8117,N,N,08/2026,Analyst,false,false,true
Web Designer,15-1255.00,Web and Digital Interface Designers,onet_transferable_skills,skill,2.B.5.d,Management of Personnel Resources,2.25,31.25,1,5,8,0.2500,1.7600,2.7400,N,,08/2026,Analyst,2.12,30.29,0,7,8,0.3504,1.4383,2.8117,N,N,08/2026,Analyst,false,false,true
Cyber Security Architect,15-1299.05,Information Security Engineers,onet_transferable_skills,skill,2.B.1.a,Social Perceptiveness,3.00,50.00,1,5,8,0.1890,2.6296,3.3704,N,,08/2025,Analyst,3.25,46.43,0,7,8,0.2500,2.7600,3.7400,N,N,08/2025,Analyst,false,false,true
Cyber Security Engineer,15-1299.05,Information Security Engineers,onet_transferable_skills,skill,2.B.1.a,Social Perceptiveness,3.00,50.00,1,5,8,0.1890,2.6296,3.3704,N,,08/2025,Analyst,3.25,46.43,0,7,8,0.2500,2.7600,3.7400,N,N,08/2025,Analyst,false,false,true
Cyber Security Architect,15-1299.05,Information Security Engineers,onet_transferable_skills,skill,2.B.1.b,Coordination,3.00,50.00,1,5,8,0.1890,2.6296,3.3704,N,,08/2025,Analyst,3.25,46.43,0,7,8,0.2500,2.7600,3.7400,N,N,08/2025,Analyst,false,false,true
Cyber Security Engineer,15-1299.05,Information Security Engineers,onet_transferable_skills,skill,2.B.1.b,Coordination,3.00,50.00,1,5,8,0.1890,2.6296,3.3704,N,,08/2025,Analyst,3.25,46.43,0,7,8,0.2500,2.7600,3.7400,N,N,08/2025,Analyst,false,false,true
Cyber Security Architect,15-1299.05,Information Security Engineers,onet_transferable_skills,skill,2.B.1.c,Persuasion,2.88,47.00,1,5,8,0.1250,2.6300,3.1200,N,,08/2025,Analyst,3.25,46.43,0,7,8,0.2500,2.7600,3.7400,N,N,08/2025,Analyst,false,false,true
Cyber Security Engineer,15-1299.05,Information Security Engineers,onet_transferable_skills,skill,2.B.1.c,Persuasion,2.88,47.00,1,5,8,0.1250,2.6300,3.1200,N,,08/2025,Analyst,3.25,46.43,0,7,8,0.2500,2.7600,3.7400,N,N,08/2025,Analyst,false,false,true
Cyber Security Architect,15-1299.05,Information Security Engineers,onet_transferable_skills,skill,2.B.1.d,Negotiation,2.75,43.75,1,5,8,0.1637,2.4292,3.0708,N,,08/2025,Analyst,3.00,42.86,0,7,8,0.1890,2.6296,3.3704,N,N,08/2025,Analyst,false,false,true
Cyber Security Engineer,15-1299.05,Information Security Engineers,onet_transferable_skills,skill,2.B.1.d,Negotiation,2.75,43.75,1,5,8,0.1637,2.4292,3.0708,N,,08/2025,Analyst,3.00,42.86,0,7,8,0.1890,2.6296,3.3704,N,N,08/2025,Analyst,false,false,true
Cyber Security Architect,15-1299.05,Information Security Engineers,onet_transferable_skills,skill,2.B.1.e,Instructing,3.12,53.00,1,5,8,0.1250,2.8800,3.3700,N,,08/2025,Analyst,3.50,50.00,0,7,8,0.1890,3.1296,3.8704,N,N,08/2025,Analyst,false,false,true
Cyber Security Engineer,15-1299.05,Information Security Engineers,onet_transferable_skills,skill,2.B.1.e,Instructing,3.12,53.00,1,5,8,0.1250,2.8800,3.3700,N,,08/2025,Analyst,3.50,50.00,0,7,8,0.1890,3.1296,3.8704,N,N,08/2025,Analyst,false,false,true
Cyber Security Architect,15-1299.05,Information Security Engineers,onet_transferable_skills,skill,2.B.1.f,Service Orientation,2.62,40.50,1,5,8,0.2631,2.1094,3.1406,N,,08/2025,Analyst,2.88,41.14,0,7,8,0.4407,2.0113,3.7387,N,N,08/2025,Analyst,false,false,true
Cyber Security Engineer,15-1299.05,Information Security Engineers,onet_transferable_skills,skill,2.B.1.f,Service Orientation,2.62,40.50,1,5,8,0.2631,2.1094,3.1406,N,,08/2025,Analyst,2.88,41.14,0,7,8,0.4407,2.0113,3.7387,N,N,08/2025,Analyst,false,false,true
Cyber Security Architect,15-1299.05,Information Security Engineers,onet_transferable_skills,skill,2.B.2.i,Complex Problem Solving,3.25,56.25,1,5,8,0.1637,2.9292,3.5708,N,,08/2025,Analyst,3.75,53.57,0,7,8,0.2500,3.2600,4.2400,N,N,08/2025,Analyst,false,false,true
Cyber Security Engineer,15-1299.05,Information Security Engineers,onet_transferable_skills,skill,2.B.2.i,Complex Problem Solving,3.25,56.25,1,5,8,0.1637,2.9292,3.5708,N,,08/2025,Analyst,3.75,53.57,0,7,8,0.2500,3.2600,4.2400,N,N,08/2025,Analyst,false,false,true
Cyber Security Architect,15-1299.05,Information Security Engineers,onet_transferable_skills,skill,2.B.3.a,Operations Analysis,2.00,25.00,1,5,8,0.3780,1.2592,2.7408,N,,08/2025,Analyst,1.88,26.86,0,7,8,0.6105,0.6783,3.0717,Y,N,08/2025,Analyst,true,false,false
Cyber Security Engineer,15-1299.05,Information Security Engineers,onet_transferable_skills,skill,2.B.3.a,Operations Analysis,2.00,25.00,1,5,8,0.3780,1.2592,2.7408,N,,08/2025,Analyst,1.88,26.86,0,7,8,0.6105,0.6783,3.0717,Y,N,08/2025,Analyst,true,false,false
Cyber Security Architect,15-1299.05,Information Security Engineers,onet_transferable_skills,skill,2.B.3.b,Technology Design,2.38,34.50,1,5,8,0.4199,1.5519,3.1981,N,,08/2025,Analyst,2.25,32.14,0,7,8,0.6748,0.9274,3.5726,Y,N,08/2025,Analyst,true,false,false
Cyber Security Engineer,15-1299.05,Information Security Engineers,onet_transferable_skills,skill,2.B.3.b,Technology Design,2.38,34.50,1,5,8,0.4199,1.5519,3.1981,N,,08/2025,Analyst,2.25,32.14,0,7,8,0.6748,0.9274,3.5726,Y,N,08/2025,Analyst,true,false,false
Cyber Security Architect,15-1299.05,Information Security Engineers,onet_transferable_skills,skill,2.B.3.c,Equipment Selection,2.00,25.00,1,5,8,0.4629,1.0927,2.9073,N,,08/2025,Analyst,1.75,25.00,0,7,8,0.7258,0.3274,3.1726,Y,N,08/2025,Analyst,true,false,false
Cyber Security Engineer,15-1299.05,Information Security Engineers,onet_transferable_skills,skill,2.B.3.c,Equipment Selection,2.00,25.00,1,5,8,0.4629,1.0927,2.9073,N,,08/2025,Analyst,1.75,25.00,0,7,8,0.7258,0.3274,3.1726,Y,N,08/2025,Analyst,true,false,false
Cyber Security Architect,15-1299.05,Information Security Engineers,onet_transferable_skills,skill,2.B.3.d,Installation,1.88,22.00,1,5,8,0.4795,1.0000,2.8148,N,,08/2025,Analyst,1.62,23.14,0,7,8,0.6797,0.2927,2.9573,Y,N,08/2025,Analyst,true,false,false
Cyber Security Engineer,15-1299.05,Information Security Engineers,onet_transferable_skills,skill,2.B.3.d,Installation,1.88,22.00,1,5,8,0.4795,1.0000,2.8148,N,,08/2025,Analyst,1.62,23.14,0,7,8,0.6797,0.2927,2.9573,Y,N,08/2025,Analyst,true,false,false
Cyber Security Architect,15-1299.05,Information Security Engineers,onet_transferable_skills,skill,2.B.3.e,Programming,3.12,53.00,1,5,8,0.3981,2.3447,3.9053,N,,08/2025,Analyst,3.38,48.29,0,7,8,0.4199,2.5519,4.1981,N,N,08/2025,Analyst,false,false,true
Cyber Security Engineer,15-1299.05,Information Security Engineers,onet_transferable_skills,skill,2.B.3.e,Programming,3.12,53.00,1,5,8,0.3981,2.3447,3.9053,N,,08/2025,Analyst,3.38,48.29,0,7,8,0.4199,2.5519,4.1981,N,N,08/2025,Analyst,false,false,true
Cyber Security Architect,15-1299.05,Information Security Engineers,onet_transferable_skills,skill,2.B.3.g,Operations Monitoring,3.12,53.00,1,5,8,0.3981,2.3447,3.9053,N,,08/2025,Analyst,3.12,44.57,0,7,8,0.3504,2.4383,3.8117,N,N,08/2025,Analyst,false,false,true
Cyber Security Engineer,15-1299.05,Information Security Engineers,onet_transferable_skills,skill,2.B.3.g,Operations Monitoring,3.12,53.00,1,5,8,0.3981,2.3447,3.9053,N,,08/2025,Analyst,3.12,44.57,0,7,8,0.3504,2.4383,3.8117,N,N,08/2025,Analyst,false,false,true
Cyber Security Architect,15-1299.05,Information Security Engineers,onet_transferable_skills,skill,2.B.3.h,Operation and Control,2.12,28.00,1,5,8,0.4795,1.1852,3.0648,N,,08/2025,Analyst,1.50,21.43,0,7,8,0.5976,0.3287,2.6713,Y,N,08/2025,Analyst,true,false,false
Cyber Security Engineer,15-1299.05,Information Security Engineers,onet_transferable_skills,skill,2.B.3.h,Operation and Control,2.12,28.00,1,5,8,0.4795,1.1852,3.0648,N,,08/2025,Analyst,1.50,21.43,0,7,8,0.5976,0.3287,2.6713,Y,N,08/2025,Analyst,true,false,false
Cyber Security Architect,15-1299.05,Information Security Engineers,onet_transferable_skills,skill,2.B.3.j,Equipment Maintenance,1.50,12.50,1,5,8,0.3780,1.0000,2.2408,N,,08/2025,Analyst,0.75,10.71,0,7,8,0.5261,0.0000,1.7812,Y,Y,08/2025,Analyst,true,true,false
Cyber Security Engineer,15-1299.05,Information Security Engineers,onet_transferable_skills,skill,2.B.3.j,Equipment Maintenance,1.50,12.50,1,5,8,0.3780,1.0000,2.2408,N,,08/2025,Analyst,0.75,10.71,0,7,8,0.5261,0.0000,1.7812,Y,Y,08/2025,Analyst,true,true,false
Cyber Security Architect,15-1299.05,Information Security Engineers,onet_transferable_skills,skill,2.B.3.k,Troubleshooting,2.50,37.50,1,5,8,0.3273,1.8584,3.1416,N,,08/2025,Analyst,2.50,35.71,0,7,8,0.4226,1.6717,3.3283,N,N,08/2025,Analyst,false,false,true
Cyber Security Engineer,15-1299.05,Information Security Engineers,onet_transferable_skills,skill,2.B.3.k,Troubleshooting,2.50,37.50,1,5,8,0.3273,1.8584,3.1416,N,,08/2025,Analyst,2.50,35.71,0,7,8,0.4226,1.6717,3.3283,N,N,08/2025,Analyst,false,false,true
Cyber Security Architect,15-1299.05,Information Security Engineers,onet_transferable_skills,skill,2.B.3.l,Repairing,1.88,22.00,1,5,8,0.4795,1.0000,2.8148,N,,08/2025,Analyst,1.25,17.86,0,7,8,0.6748,0.0000,2.5726,Y,N,08/2025,Analyst,true,false,false
Cyber Security Engineer,15-1299.05,Information Security Engineers,onet_transferable_skills,skill,2.B.3.l,Repairing,1.88,22.00,1,5,8,0.4795,1.0000,2.8148,N,,08/2025,Analyst,1.25,17.86,0,7,8,0.6748,0.0000,2.5726,Y,N,08/2025,Analyst,true,false,false
Cyber Security Architect,15-1299.05,Information Security Engineers,onet_transferable_skills,skill,2.B.3.m,Quality Control Analysis,3.38,59.50,1,5,8,0.4605,2.4724,4.2776,N,,08/2025,Analyst,3.12,44.57,0,7,8,0.5806,1.9871,4.2629,Y,N,08/2025,Analyst,true,false,false
Cyber Security Engineer,15-1299.05,Information Security Engineers,onet_transferable_skills,skill,2.B.3.m,Quality Control Analysis,3.38,59.50,1,5,8,0.4605,2.4724,4.2776,N,,08/2025,Analyst,3.12,44.57,0,7,8,0.5806,1.9871,4.2629,Y,N,08/2025,Analyst,true,false,false
Cyber Security Architect,15-1299.05,Information Security Engineers,onet_transferable_skills,skill,2.B.4.e,Judgment and Decision Making,3.25,56.25,1,5,8,0.2500,2.7600,3.7400,N,,08/2025,Analyst,3.50,50.00,0,7,8,0.2673,2.9762,4.0238,N,N,08/2025,Analyst,false,false,true
Cyber Security Engineer,15-1299.05,Information Security Engineers,onet_transferable_skills,skill,2.B.4.e,Judgment and Decision Making,3.25,56.25,1,5,8,0.2500,2.7600,3.7400,N,,08/2025,Analyst,3.50,50.00,0,7,8,0.2673,2.9762,4.0238,N,N,08/2025,Analyst,false,false,true
Cyber Security Architect,15-1299.05,Information Security Engineers,onet_transferable_skills,skill,2.B.4.g,Systems Analysis,3.38,59.50,1,5,8,0.3239,2.7402,4.0098,N,,08/2025,Analyst,3.62,51.71,0,7,8,0.3750,2.8900,4.3600,N,N,08/2025,Analyst,false,false,true
Cyber Security Engineer,15-1299.05,Information Security Engineers,onet_transferable_skills,skill,2.B.4.g,Systems Analysis,3.38,59.50,1,5,8,0.3239,2.7402,4.0098,N,,08/2025,Analyst,3.62,51.71,0,7,8,0.3750,2.8900,4.3600,N,N,08/2025,Analyst,false,false,true
Cyber Security Architect,15-1299.05,Information Security Engineers,onet_transferable_skills,skill,2.B.4.h,Systems Evaluation,3.38,59.50,1,5,8,0.3239,2.7402,4.0098,N,,08/2025,Analyst,3.75,53.57,0,7,8,0.4910,2.7877,4.7123,N,N,08/2025,Analyst,false,false,true
Cyber Security Engineer,15-1299.05,Information Security Engineers,onet_transferable_skills,skill,2.B.4.h,Systems Evaluation,3.38,59.50,1,5,8,0.3239,2.7402,4.0098,N,,08/2025,Analyst,3.75,53.57,0,7,8,0.4910,2.7877,4.7123,N,N,08/2025,Analyst,false,false,true
Cyber Security Architect,15-1299.05,Information Security Engineers,onet_transferable_skills,skill,2.B.5.a,Time Management,2.88,47.00,1,5,8,0.2266,2.4309,3.3191,N,,08/2025,Analyst,2.75,39.29,0,7,8,0.2500,2.2600,3.2400,N,N,08/2025,Analyst,false,false,true
Cyber Security Engineer,15-1299.05,Information Security Engineers,onet_transferable_skills,skill,2.B.5.a,Time Management,2.88,47.00,1,5,8,0.2266,2.4309,3.3191,N,,08/2025,Analyst,2.75,39.29,0,7,8,0.2500,2.2600,3.2400,N,N,08/2025,Analyst,false,false,true
Cyber Security Architect,15-1299.05,Information Security Engineers,onet_transferable_skills,skill,2.B.5.b,Management of Financial Resources,2.00,25.00,1,5,8,0.2673,1.4762,2.5238,N,,08/2025,Analyst,1.75,25.00,0,7,8,0.4119,0.9427,2.5573,N,N,08/2025,Analyst,false,false,true
Cyber Security Engineer,15-1299.05,Information Security Engineers,onet_transferable_skills,skill,2.B.5.b,Management of Financial Resources,2.00,25.00,1,5,8,0.2673,1.4762,2.5238,N,,08/2025,Analyst,1.75,25.00,0,7,8,0.4119,0.9427,2.5573,N,N,08/2025,Analyst,false,false,true
Cyber Security Architect,15-1299.05,Information Security Engineers,onet_transferable_skills,skill,2.B.5.c,Management of Material Resources,2.00,25.00,1,5,8,0.2673,1.4762,2.5238,N,,08/2025,Analyst,1.75,25.00,0,7,8,0.4119,0.9427,2.5573,N,N,08/2025,Analyst,false,false,true
Cyber Security Engineer,15-1299.05,Information Security Engineers,onet_transferable_skills,skill,2.B.5.c,Management of Material Resources,2.00,25.00,1,5,8,0.2673,1.4762,2.5238,N,,08/2025,Analyst,1.75,25.00,0,7,8,0.4119,0.9427,2.5573,N,N,08/2025,Analyst,false,false,true
Cyber Security Architect,15-1299.05,Information Security Engineers,onet_transferable_skills,skill,2.B.5.d,Management of Personnel Resources,2.62,40.50,1,5,8,0.1830,2.2664,2.9836,N,,08/2025,Analyst,2.62,37.43,0,7,8,0.1830,2.2664,2.9836,N,N,08/2025,Analyst,false,false,true
Cyber Security Engineer,15-1299.05,Information Security Engineers,onet_transferable_skills,skill,2.B.5.d,Management of Personnel Resources,2.62,40.50,1,5,8,0.1830,2.2664,2.9836,N,,08/2025,Analyst,2.62,37.43,0,7,8,0.1830,2.2664,2.9836,N,N,08/2025,Analyst,false,false,true
Cloud Engineer,15-1299.08,Computer Systems Engineers/Architects,onet_transferable_skills,skill,2.B.1.a,Social Perceptiveness,3.00,50.00,1,5,8,0.0000,3.0000,3.0000,N,,08/2024,Analyst,3.00,42.86,0,7,8,0.0000,3.0000,3.0000,N,N,08/2024,Analyst,false,false,true
Cloud Engineer,15-1299.08,Computer Systems Engineers/Architects,onet_transferable_skills,skill,2.B.1.b,Coordination,3.00,50.00,1,5,8,0.0000,3.0000,3.0000,N,,08/2024,Analyst,3.12,44.57,0,7,8,0.1250,2.8800,3.3700,N,N,08/2024,Analyst,false,false,true
Cloud Engineer,15-1299.08,Computer Systems Engineers/Architects,onet_transferable_skills,skill,2.B.1.c,Persuasion,2.88,47.00,1,5,8,0.1250,2.6300,3.1200,N,,08/2024,Analyst,3.00,42.86,0,7,8,0.0000,3.0000,3.0000,N,N,08/2024,Analyst,false,false,true
Cloud Engineer,15-1299.08,Computer Systems Engineers/Architects,onet_transferable_skills,skill,2.B.1.d,Negotiation,2.75,43.75,1,5,8,0.1637,2.4292,3.0708,N,,08/2024,Analyst,3.00,42.86,0,7,8,0.0000,3.0000,3.0000,N,N,08/2024,Analyst,false,false,true
Cloud Engineer,15-1299.08,Computer Systems Engineers/Architects,onet_transferable_skills,skill,2.B.1.e,Instructing,3.00,50.00,1,5,8,0.0000,3.0000,3.0000,N,,08/2024,Analyst,3.12,44.57,0,7,8,0.1250,2.8800,3.3700,N,N,08/2024,Analyst,false,false,true
Cloud Engineer,15-1299.08,Computer Systems Engineers/Architects,onet_transferable_skills,skill,2.B.1.f,Service Orientation,3.00,50.00,1,5,8,0.0000,3.0000,3.0000,N,,08/2024,Analyst,3.00,42.86,0,7,8,0.0000,3.0000,3.0000,N,N,08/2024,Analyst,false,false,true
Cloud Engineer,15-1299.08,Computer Systems Engineers/Architects,onet_transferable_skills,skill,2.B.2.i,Complex Problem Solving,3.75,68.75,1,5,8,0.1637,3.4292,4.0708,N,,08/2024,Analyst,4.00,57.14,0,7,8,0.0000,4.0000,4.0000,N,N,08/2024,Analyst,false,false,true
Cloud Engineer,15-1299.08,Computer Systems Engineers/Architects,onet_transferable_skills,skill,2.B.3.a,Operations Analysis,3.75,68.75,1,5,8,0.1637,3.4292,4.0708,N,,08/2024,Analyst,4.38,62.57,0,7,8,0.1830,4.0164,4.7336,N,N,08/2024,Analyst,false,false,true
Cloud Engineer,15-1299.08,Computer Systems Engineers/Architects,onet_transferable_skills,skill,2.B.3.b,Technology Design,2.50,37.50,1,5,8,0.2673,1.9762,3.0238,N,,08/2024,Analyst,2.75,39.29,0,7,8,0.2500,2.2600,3.2400,N,N,08/2024,Analyst,false,false,true
Cloud Engineer,15-1299.08,Computer Systems Engineers/Architects,onet_transferable_skills,skill,2.B.3.c,Equipment Selection,2.12,28.00,1,5,8,0.2266,1.6809,2.5691,N,,08/2024,Analyst,1.50,21.43,0,7,8,0.3780,0.7592,2.2408,N,N,08/2024,Analyst,false,false,true
Cloud Engineer,15-1299.08,Computer Systems Engineers/Architects,onet_transferable_skills,skill,2.B.3.d,Installation,1.62,15.50,1,5,8,0.1830,1.2664,1.9836,N,,08/2024,Analyst,0.62,8.86,0,7,8,0.1830,0.2664,0.9836,N,N,08/2024,Analyst,false,false,true
Cloud Engineer,15-1299.08,Computer Systems Engineers/Architects,onet_transferable_skills,skill,2.B.3.e,Programming,3.50,62.50,1,5,8,0.1890,3.1296,3.8704,N,,08/2024,Analyst,4.25,60.71,0,7,8,0.1637,3.9292,4.5708,N,N,08/2024,Analyst,false,false,true
Cloud Engineer,15-1299.08,Computer Systems Engineers/Architects,onet_transferable_skills,skill,2.B.3.g,Operations Monitoring,3.00,50.00,1,5,8,0.0000,3.0000,3.0000,N,,08/2024,Analyst,3.00,42.86,0,7,8,0.0000,3.0000,3.0000,N,N,08/2024,Analyst,false,false,true
Cloud Engineer,15-1299.08,Computer Systems Engineers/Architects,onet_transferable_skills,skill,2.B.3.h,Operation and Control,2.00,25.00,1,5,8,0.1890,1.6296,2.3704,N,,08/2024,Analyst,1.38,19.71,0,7,8,0.2631,0.8594,1.8906,N,N,08/2024,Analyst,false,false,true
Cloud Engineer,15-1299.08,Computer Systems Engineers/Architects,onet_transferable_skills,skill,2.B.3.j,Equipment Maintenance,1.88,22.00,1,5,8,0.1250,1.6300,2.1200,N,,08/2024,Analyst,1.12,16.00,0,7,8,0.2266,0.6809,1.5691,N,N,08/2024,Analyst,false,false,true
Cloud Engineer,15-1299.08,Computer Systems Engineers/Architects,onet_transferable_skills,skill,2.B.3.k,Troubleshooting,2.50,37.50,1,5,8,0.1890,2.1296,2.8704,N,,08/2024,Analyst,2.50,35.71,0,7,8,0.1890,2.1296,2.8704,N,N,08/2024,Analyst,false,false,true
Cloud Engineer,15-1299.08,Computer Systems Engineers/Architects,onet_transferable_skills,skill,2.B.3.l,Repairing,1.75,18.75,1,5,8,0.1637,1.4292,2.0708,N,,08/2024,Analyst,1.00,14.29,0,7,8,0.2673,0.4762,1.5238,N,N,08/2024,Analyst,false,false,true
Cloud Engineer,15-1299.08,Computer Systems Engineers/Architects,onet_transferable_skills,skill,2.B.3.m,Quality Control Analysis,3.12,53.00,1,5,8,0.1250,2.8800,3.3700,N,,08/2024,Analyst,3.62,51.71,0,7,8,0.1830,3.2664,3.9836,N,N,08/2024,Analyst,false,false,true
Cloud Engineer,15-1299.08,Computer Systems Engineers/Architects,onet_transferable_skills,skill,2.B.4.e,Judgment and Decision Making,3.38,59.50,1,5,8,0.1830,3.0164,3.7336,N,,08/2024,Analyst,4.00,57.14,0,7,8,0.0000,4.0000,4.0000,N,N,08/2024,Analyst,false,false,true
Cloud Engineer,15-1299.08,Computer Systems Engineers/Architects,onet_transferable_skills,skill,2.B.4.g,Systems Analysis,3.88,72.00,1,5,8,0.1250,3.6300,4.1200,N,,08/2024,Analyst,4.00,57.14,0,7,8,0.0000,4.0000,4.0000,N,N,08/2024,Analyst,false,false,true
Cloud Engineer,15-1299.08,Computer Systems Engineers/Architects,onet_transferable_skills,skill,2.B.4.h,Systems Evaluation,3.88,72.00,1,5,8,0.1250,3.6300,4.1200,N,,08/2024,Analyst,4.12,58.86,0,7,8,0.1250,3.8800,4.3700,N,N,08/2024,Analyst,false,false,true
Cloud Engineer,15-1299.08,Computer Systems Engineers/Architects,onet_transferable_skills,skill,2.B.5.a,Time Management,3.00,50.00,1,5,8,0.0000,3.0000,3.0000,N,,08/2024,Analyst,3.00,42.86,0,7,8,0.0000,3.0000,3.0000,N,N,08/2024,Analyst,false,false,true
Cloud Engineer,15-1299.08,Computer Systems Engineers/Architects,onet_transferable_skills,skill,2.B.5.b,Management of Financial Resources,2.12,28.00,1,5,8,0.1250,1.8800,2.3700,N,,08/2024,Analyst,2.38,34.00,0,7,8,0.1830,2.0164,2.7336,N,N,08/2024,Analyst,false,false,true
Cloud Engineer,15-1299.08,Computer Systems Engineers/Architects,onet_transferable_skills,skill,2.B.5.c,Management of Material Resources,2.00,25.00,1,5,8,0.0000,2.0000,2.0000,N,,08/2024,Analyst,2.12,30.29,0,7,8,0.1250,1.8800,2.3700,N,N,08/2024,Analyst,false,false,true
Cloud Engineer,15-1299.08,Computer Systems Engineers/Architects,onet_transferable_skills,skill,2.B.5.d,Management of Personnel Resources,3.00,50.00,1,5,8,0.0000,3.0000,3.0000,N,,08/2024,Analyst,3.00,42.86,0,7,8,0.0000,3.0000,3.0000,N,N,08/2024,Analyst,false,false,true
Data Scientist,15-2051.00,Data Scientists,onet_transferable_skills,skill,2.B.1.a,Social Perceptiveness,2.88,47.00,1,5,8,0.2266,2.4309,3.3191,N,,08/2026,Analyst,2.88,41.14,0,7,8,0.2950,2.2967,3.4533,N,N,08/2026,Analyst,false,false,true
Data Scientist,15-2051.00,Data Scientists,onet_transferable_skills,skill,2.B.1.b,Coordination,2.88,47.00,1,5,8,0.2266,2.4309,3.3191,N,,08/2026,Analyst,3.00,42.86,0,7,8,0.1890,2.6296,3.3704,N,N,08/2026,Analyst,false,false,true
Data Scientist,15-2051.00,Data Scientists,onet_transferable_skills,skill,2.B.1.c,Persuasion,2.75,43.75,1,5,8,0.1637,2.4292,3.0708,N,,08/2026,Analyst,3.00,42.86,0,7,8,0.1890,2.6296,3.3704,N,N,08/2026,Analyst,false,false,true
Data Scientist,15-2051.00,Data Scientists,onet_transferable_skills,skill,2.B.1.d,Negotiation,2.25,31.25,1,5,8,0.1637,1.9292,2.5708,N,,08/2026,Analyst,2.25,32.14,0,7,8,0.1637,1.9292,2.5708,N,N,08/2026,Analyst,false,false,true
Data Scientist,15-2051.00,Data Scientists,onet_transferable_skills,skill,2.B.1.e,Instructing,2.75,43.75,1,5,8,0.2500,2.2600,3.2400,N,,08/2026,Analyst,3.12,44.57,0,7,8,0.2950,2.5467,3.7033,N,N,08/2026,Analyst,false,false,true
Data Scientist,15-2051.00,Data Scientists,onet_transferable_skills,skill,2.B.1.f,Service Orientation,2.50,37.50,1,5,8,0.1890,2.1296,2.8704,N,,08/2026,Analyst,2.75,39.29,0,7,8,0.1637,2.4292,3.0708,N,N,08/2026,Analyst,false,false,true
Data Scientist,15-2051.00,Data Scientists,onet_transferable_skills,skill,2.B.2.i,Complex Problem Solving,3.75,68.75,1,5,8,0.2500,3.2600,4.2400,N,,08/2026,Analyst,4.12,58.86,0,7,8,0.2266,3.6809,4.5691,N,N,08/2026,Analyst,false,false,true
Data Scientist,15-2051.00,Data Scientists,onet_transferable_skills,skill,2.B.3.a,Operations Analysis,1.50,12.50,1,5,8,0.3273,1.0000,2.1416,N,,08/2026,Analyst,0.75,10.71,0,7,8,0.4910,0.0000,1.7123,N,Y,08/2026,Analyst,false,true,false
Data Scientist,15-2051.00,Data Scientists,onet_transferable_skills,skill,2.B.3.b,Technology Design,1.62,15.50,1,5,8,0.2631,1.1094,2.1406,N,,08/2026,Analyst,1.00,14.29,0,7,8,0.4226,0.1717,1.8283,N,N,08/2026,Analyst,false,false,true
Data Scientist,15-2051.00,Data Scientists,onet_transferable_skills,skill,2.B.3.c,Equipment Selection,1.12,3.00,1,5,8,0.1250,1.0000,1.3700,N,,08/2026,Analyst,0.12,1.71,0,7,8,0.1250,0.0000,0.3700,N,Y,08/2026,Analyst,false,true,false
Data Scientist,15-2051.00,Data Scientists,onet_transferable_skills,skill,2.B.3.d,Installation,1.00,0.00,1,5,8,0.0000,1.0000,1.0000,N,,08/2026,Analyst,0.00,0.00,0,7,8,0.0000,0.0000,0.0000,N,Y,08/2026,Analyst,false,true,false
Data Scientist,15-2051.00,Data Scientists,onet_transferable_skills,skill,2.B.3.e,Programming,3.75,68.75,1,5,8,0.4532,2.8618,4.6382,N,,08/2026,Analyst,3.88,55.43,0,7,8,0.5489,2.7991,4.9509,Y,N,08/2026,Analyst,true,false,false
Data Scientist,15-2051.00,Data Scientists,onet_transferable_skills,skill,2.B.3.g,Operations Monitoring,1.88,22.00,1,5,8,0.2950,1.2967,2.4533,N,,08/2026,Analyst,1.38,19.71,0,7,8,0.4605,0.4724,2.2776,N,N,08/2026,Analyst,false,false,true
Data Scientist,15-2051.00,Data Scientists,onet_transferable_skills,skill,2.B.3.h,Operation and Control,1.25,6.25,1,5,8,0.1637,1.0000,1.5708,N,,08/2026,Analyst,0.38,5.43,0,7,8,0.2631,0.0000,0.8906,N,Y,08/2026,Analyst,false,true,false
Data Scientist,15-2051.00,Data Scientists,onet_transferable_skills,skill,2.B.3.j,Equipment Maintenance,1.00,0.00,1,5,8,0.0000,1.0000,1.0000,N,,08/2026,Analyst,0.00,0.00,0,7,8,0.0000,0.0000,0.0000,N,Y,08/2026,Analyst,false,true,false
Data Scientist,15-2051.00,Data Scientists,onet_transferable_skills,skill,2.B.3.k,Troubleshooting,1.12,3.00,1,5,8,0.1250,1.0000,1.3700,N,,08/2026,Analyst,0.12,1.71,0,7,8,0.1250,0.0000,0.3700,N,Y,08/2026,Analyst,false,true,false
Data Scientist,15-2051.00,Data Scientists,onet_transferable_skills,skill,2.B.3.l,Repairing,1.00,0.00,1,5,8,0.0000,1.0000,1.0000,N,,08/2026,Analyst,0.00,0.00,0,7,8,0.0000,0.0000,0.0000,N,Y,08/2026,Analyst,false,true,false
Data Scientist,15-2051.00,Data Scientists,onet_transferable_skills,skill,2.B.3.m,Quality Control Analysis,1.88,22.00,1,5,8,0.2950,1.2967,2.4533,N,,08/2026,Analyst,1.38,19.71,0,7,8,0.4199,0.5519,2.1981,N,N,08/2026,Analyst,false,false,true
Data Scientist,15-2051.00,Data Scientists,onet_transferable_skills,skill,2.B.4.e,Judgment and Decision Making,3.38,59.50,1,5,8,0.1830,3.0164,3.7336,N,,08/2026,Analyst,4.00,57.14,0,7,8,0.2673,3.4762,4.5238,N,N,08/2026,Analyst,false,false,true
Data Scientist,15-2051.00,Data Scientists,onet_transferable_skills,skill,2.B.4.g,Systems Analysis,2.75,43.75,1,5,8,0.3660,2.0327,3.4673,N,,08/2026,Analyst,2.88,41.14,0,7,8,0.5154,1.8648,3.8852,Y,N,08/2026,Analyst,true,false,false
Data Scientist,15-2051.00,Data Scientists,onet_transferable_skills,skill,2.B.4.h,Systems Evaluation,2.75,43.75,1,5,8,0.3660,2.0327,3.4673,N,,08/2026,Analyst,3.00,42.86,0,7,8,0.5669,1.8888,4.1112,Y,N,08/2026,Analyst,true,false,false
Data Scientist,15-2051.00,Data Scientists,onet_transferable_skills,skill,2.B.5.a,Time Management,3.00,50.00,1,5,8,0.0000,3.0000,3.0000,N,,08/2026,Analyst,2.88,41.14,0,7,8,0.1250,2.6300,3.1200,N,N,08/2026,Analyst,false,false,true
Data Scientist,15-2051.00,Data Scientists,onet_transferable_skills,skill,2.B.5.b,Management of Financial Resources,1.38,9.50,1,5,8,0.1830,1.0164,1.7336,N,,08/2026,Analyst,0.50,7.14,0,7,8,0.2673,0.0000,1.0238,N,N,08/2026,Analyst,false,false,true
Data Scientist,15-2051.00,Data Scientists,onet_transferable_skills,skill,2.B.5.c,Management of Material Resources,1.50,12.50,1,5,8,0.1890,1.1296,1.8704,N,,08/2026,Analyst,0.75,10.71,0,7,8,0.3134,0.1358,1.3642,N,N,08/2026,Analyst,false,false,true
Data Scientist,15-2051.00,Data Scientists,onet_transferable_skills,skill,2.B.5.d,Management of Personnel Resources,2.38,34.50,1,5,8,0.1830,2.0164,2.7336,N,,08/2026,Analyst,2.38,34.00,0,7,8,0.2631,1.8594,2.8906,N,N,08/2026,Analyst,false,false,true
Data Analyst,15-2051.01,Business Intelligence Analysts,onet_transferable_skills,skill,2.B.1.a,Social Perceptiveness,2.88,47.00,1,5,8,0.1250,2.6300,3.1200,N,,08/2024,Analyst,2.88,41.14,0,7,8,0.1250,2.6300,3.1200,N,N,08/2024,Analyst,false,false,true
Data Analyst,15-2051.01,Business Intelligence Analysts,onet_transferable_skills,skill,2.B.1.b,Coordination,3.00,50.00,1,5,8,0.0000,3.0000,3.0000,N,,08/2024,Analyst,3.00,42.86,0,7,8,0.0000,3.0000,3.0000,N,N,08/2024,Analyst,false,false,true
Data Analyst,15-2051.01,Business Intelligence Analysts,onet_transferable_skills,skill,2.B.1.c,Persuasion,2.88,47.00,1,5,8,0.1250,2.6300,3.1200,N,,08/2024,Analyst,3.00,42.86,0,7,8,0.0000,3.0000,3.0000,N,N,08/2024,Analyst,false,false,true
Data Analyst,15-2051.01,Business Intelligence Analysts,onet_transferable_skills,skill,2.B.1.d,Negotiation,2.50,37.50,1,5,8,0.1890,2.1296,2.8704,N,,08/2024,Analyst,2.88,41.14,0,7,8,0.1250,2.6300,3.1200,N,N,08/2024,Analyst,false,false,true
Data Analyst,15-2051.01,Business Intelligence Analysts,onet_transferable_skills,skill,2.B.1.e,Instructing,3.00,50.00,1,5,8,0.0000,3.0000,3.0000,N,,08/2024,Analyst,3.00,42.86,0,7,8,0.0000,3.0000,3.0000,N,N,08/2024,Analyst,false,false,true
Data Analyst,15-2051.01,Business Intelligence Analysts,onet_transferable_skills,skill,2.B.1.f,Service Orientation,2.88,47.00,1,5,8,0.1250,2.6300,3.1200,N,,08/2024,Analyst,2.88,41.14,0,7,8,0.1250,2.6300,3.1200,N,N,08/2024,Analyst,false,false,true
Data Analyst,15-2051.01,Business Intelligence Analysts,onet_transferable_skills,skill,2.B.2.i,Complex Problem Solving,3.38,59.50,1,5,8,0.1830,3.0164,3.7336,N,,08/2024,Analyst,3.75,53.57,0,7,8,0.1637,3.4292,4.0708,N,N,08/2024,Analyst,false,false,true
Data Analyst,15-2051.01,Business Intelligence Analysts,onet_transferable_skills,skill,2.B.3.a,Operations Analysis,1.88,22.00,1,5,8,0.2266,1.4309,2.3191,N,,08/2024,Analyst,1.62,23.14,0,7,8,0.3750,0.8900,2.3600,N,N,08/2024,Analyst,false,false,true
Data Analyst,15-2051.01,Business Intelligence Analysts,onet_transferable_skills,skill,2.B.3.b,Technology Design,1.62,15.50,1,5,8,0.1830,1.2664,1.9836,N,,08/2024,Analyst,0.88,12.57,0,7,8,0.2950,0.2967,1.4533,N,N,08/2024,Analyst,false,false,true
Data Analyst,15-2051.01,Business Intelligence Analysts,onet_transferable_skills,skill,2.B.3.c,Equipment Selection,1.00,0.00,1,5,8,0.0000,1.0000,1.0000,N,,08/2024,Analyst,0.00,0.00,0,7,8,0.0000,0.0000,0.0000,N,Y,08/2024,Analyst,false,true,false
Data Analyst,15-2051.01,Business Intelligence Analysts,onet_transferable_skills,skill,2.B.3.d,Installation,1.00,0.00,1,5,8,0.0000,1.0000,1.0000,N,,08/2024,Analyst,0.00,0.00,0,7,8,0.0000,0.0000,0.0000,N,Y,08/2024,Analyst,false,true,false
Data Analyst,15-2051.01,Business Intelligence Analysts,onet_transferable_skills,skill,2.B.3.e,Programming,2.50,37.50,1,5,8,0.1890,2.1296,2.8704,N,,08/2024,Analyst,2.50,35.71,0,7,8,0.1890,2.1296,2.8704,N,N,08/2024,Analyst,false,false,true
Data Analyst,15-2051.01,Business Intelligence Analysts,onet_transferable_skills,skill,2.B.3.g,Operations Monitoring,1.75,18.75,1,5,8,0.1637,1.4292,2.0708,N,,08/2024,Analyst,1.12,16.00,0,7,8,0.2950,0.5467,1.7033,N,N,08/2024,Analyst,false,false,true
Data Analyst,15-2051.01,Business Intelligence Analysts,onet_transferable_skills,skill,2.B.3.h,Operation and Control,1.38,9.50,1,5,8,0.1830,1.0164,1.7336,N,,08/2024,Analyst,0.38,5.43,0,7,8,0.1830,0.0164,0.7336,N,N,08/2024,Analyst,false,false,true
Data Analyst,15-2051.01,Business Intelligence Analysts,onet_transferable_skills,skill,2.B.3.j,Equipment Maintenance,1.00,0.00,1,5,8,0.0000,1.0000,1.0000,N,,08/2024,Analyst,0.00,0.00,0,7,8,0.0000,0.0000,0.0000,N,Y,08/2024,Analyst,false,true,false
Data Analyst,15-2051.01,Business Intelligence Analysts,onet_transferable_skills,skill,2.B.3.k,Troubleshooting,1.00,0.00,1,5,8,0.0000,1.0000,1.0000,N,,08/2024,Analyst,0.00,0.00,0,7,8,0.0000,0.0000,0.0000,N,Y,08/2024,Analyst,false,true,false
Data Analyst,15-2051.01,Business Intelligence Analysts,onet_transferable_skills,skill,2.B.3.l,Repairing,1.00,0.00,1,5,8,0.0000,1.0000,1.0000,N,,08/2024,Analyst,0.00,0.00,0,7,8,0.0000,0.0000,0.0000,N,Y,08/2024,Analyst,false,true,false
Data Analyst,15-2051.01,Business Intelligence Analysts,onet_transferable_skills,skill,2.B.3.m,Quality Control Analysis,2.00,25.00,1,5,8,0.1890,1.6296,2.3704,N,,08/2024,Analyst,1.50,21.43,0,7,8,0.3273,0.8584,2.1416,N,N,08/2024,Analyst,false,false,true
Data Analyst,15-2051.01,Business Intelligence Analysts,onet_transferable_skills,skill,2.B.4.e,Judgment and Decision Making,3.62,65.50,1,5,8,0.1830,3.2664,3.9836,N,,08/2024,Analyst,4.00,57.14,0,7,8,0.0000,4.0000,4.0000,N,N,08/2024,Analyst,false,false,true
Data Analyst,15-2051.01,Business Intelligence Analysts,onet_transferable_skills,skill,2.B.4.g,Systems Analysis,3.12,53.00,1,5,8,0.1250,2.8800,3.3700,N,,08/2024,Analyst,3.75,53.57,0,7,8,0.1637,3.4292,4.0708,N,N,08/2024,Analyst,false,false,true
Data Analyst,15-2051.01,Business Intelligence Analysts,onet_transferable_skills,skill,2.B.4.h,Systems Evaluation,3.12,53.00,1,5,8,0.1250,2.8800,3.3700,N,,08/2024,Analyst,3.75,53.57,0,7,8,0.1637,3.4292,4.0708,N,N,08/2024,Analyst,false,false,true
Data Analyst,15-2051.01,Business Intelligence Analysts,onet_transferable_skills,skill,2.B.5.a,Time Management,3.12,53.00,1,5,8,0.1250,2.8800,3.3700,N,,08/2024,Analyst,3.00,42.86,0,7,8,0.1890,2.6296,3.3704,N,N,08/2024,Analyst,false,false,true
Data Analyst,15-2051.01,Business Intelligence Analysts,onet_transferable_skills,skill,2.B.5.b,Management of Financial Resources,1.88,22.00,1,5,8,0.1250,1.6300,2.1200,N,,08/2024,Analyst,1.75,25.00,0,7,8,0.2500,1.2600,2.2400,N,N,08/2024,Analyst,false,false,true
Data Analyst,15-2051.01,Business Intelligence Analysts,onet_transferable_skills,skill,2.B.5.c,Management of Material Resources,1.75,18.75,1,5,8,0.1637,1.4292,2.0708,N,,08/2024,Analyst,1.25,17.86,0,7,8,0.3134,0.6358,1.8642,N,N,08/2024,Analyst,false,false,true
Data Analyst,15-2051.01,Business Intelligence Analysts,onet_transferable_skills,skill,2.B.5.d,Management of Personnel Resources,2.12,28.00,1,5,8,0.1250,1.8800,2.3700,N,,08/2024,Analyst,2.00,28.57,0,7,8,0.1890,1.6296,2.3704,N,N,08/2024,Analyst,false,false,true
Civil Engineer,17-2051.00,Civil Engineers,onet_transferable_skills,skill,2.B.1.a,Social Perceptiveness,3.00,50.00,1,5,8,0.0000,3.0000,3.0000,N,,08/2021,Analyst,3.50,50.00,0,7,8,0.1890,3.1296,3.8704,N,N,08/2021,Analyst,false,false,true
Civil Engineer,17-2051.00,Civil Engineers,onet_transferable_skills,skill,2.B.1.b,Coordination,3.12,53.00,1,5,8,0.1250,2.8800,3.3700,N,,08/2021,Analyst,3.75,53.57,0,7,8,0.1637,3.4292,4.0708,N,N,08/2021,Analyst,false,false,true
Civil Engineer,17-2051.00,Civil Engineers,onet_transferable_skills,skill,2.B.1.c,Persuasion,3.00,50.00,1,5,8,0.0000,3.0000,3.0000,N,,08/2021,Analyst,3.25,46.43,0,7,8,0.1637,2.9292,3.5708,N,N,08/2021,Analyst,false,false,true
Civil Engineer,17-2051.00,Civil Engineers,onet_transferable_skills,skill,2.B.1.d,Negotiation,3.00,50.00,1,5,8,0.0000,3.0000,3.0000,N,,08/2021,Analyst,3.00,42.86,0,7,8,0.0000,3.0000,3.0000,N,N,08/2021,Analyst,false,false,true
Civil Engineer,17-2051.00,Civil Engineers,onet_transferable_skills,skill,2.B.1.e,Instructing,3.00,50.00,1,5,8,0.0000,3.0000,3.0000,N,,08/2021,Analyst,3.00,42.86,0,7,8,0.0000,3.0000,3.0000,N,N,08/2021,Analyst,false,false,true
Civil Engineer,17-2051.00,Civil Engineers,onet_transferable_skills,skill,2.B.1.f,Service Orientation,3.00,50.00,1,5,8,0.0000,3.0000,3.0000,N,,08/2021,Analyst,3.00,42.86,0,7,8,0.0000,3.0000,3.0000,N,N,08/2021,Analyst,false,false,true
Civil Engineer,17-2051.00,Civil Engineers,onet_transferable_skills,skill,2.B.2.i,Complex Problem Solving,3.88,72.00,1,5,8,0.1250,3.6300,4.1200,N,,08/2021,Analyst,4.12,58.86,0,7,8,0.1250,3.8800,4.3700,N,N,08/2021,Analyst,false,false,true
Civil Engineer,17-2051.00,Civil Engineers,onet_transferable_skills,skill,2.B.3.a,Operations Analysis,3.62,65.50,1,5,8,0.1830,3.2664,3.9836,N,,08/2021,Analyst,4.50,64.29,0,7,8,0.1890,4.1296,4.8704,N,N,08/2021,Analyst,false,false,true
Civil Engineer,17-2051.00,Civil Engineers,onet_transferable_skills,skill,2.B.3.b,Technology Design,2.25,31.25,1,5,8,0.1637,1.9292,2.5708,N,,08/2021,Analyst,2.50,35.71,0,7,8,0.2673,1.9762,3.0238,N,N,08/2021,Analyst,false,false,true
Civil Engineer,17-2051.00,Civil Engineers,onet_transferable_skills,skill,2.B.3.c,Equipment Selection,1.25,6.25,1,5,8,0.1637,1.0000,1.5708,N,,08/2021,Analyst,0.25,3.57,0,7,8,0.1637,0.0000,0.5708,N,Y,08/2021,Analyst,false,true,false
Civil Engineer,17-2051.00,Civil Engineers,onet_transferable_skills,skill,2.B.3.d,Installation,1.00,0.00,1,5,8,0.0000,1.0000,1.0000,N,,08/2021,Analyst,0.00,0.00,0,7,8,0.0000,0.0000,0.0000,N,Y,08/2021,Analyst,false,true,false
Civil Engineer,17-2051.00,Civil Engineers,onet_transferable_skills,skill,2.B.3.e,Programming,1.88,22.00,1,5,8,0.1250,1.6300,2.1200,N,,08/2021,Analyst,1.88,26.86,0,7,8,0.2950,1.2967,2.4533,N,N,08/2021,Analyst,false,false,true
Civil Engineer,17-2051.00,Civil Engineers,onet_transferable_skills,skill,2.B.3.g,Operations Monitoring,2.12,28.00,1,5,8,0.1250,1.8800,2.3700,N,,08/2021,Analyst,2.12,30.29,0,7,8,0.1250,1.8800,2.3700,N,N,08/2021,Analyst,false,false,true
Civil Engineer,17-2051.00,Civil Engineers,onet_transferable_skills,skill,2.B.3.h,Operation and Control,1.38,9.50,1,5,8,0.1830,1.0164,1.7336,N,,08/2021,Analyst,0.50,7.14,0,7,8,0.2673,0.0000,1.0238,N,N,08/2021,Analyst,false,false,true
Civil Engineer,17-2051.00,Civil Engineers,onet_transferable_skills,skill,2.B.3.j,Equipment Maintenance,1.50,12.50,1,5,8,0.1890,1.1296,1.8704,N,,08/2021,Analyst,0.88,12.57,0,7,8,0.3504,0.1883,1.5617,N,N,08/2021,Analyst,false,false,true
Civil Engineer,17-2051.00,Civil Engineers,onet_transferable_skills,skill,2.B.3.k,Troubleshooting,1.50,12.50,1,5,8,0.1890,1.1296,1.8704,N,,08/2021,Analyst,0.62,8.86,0,7,8,0.2631,0.1094,1.1406,N,N,08/2021,Analyst,false,false,true
Civil Engineer,17-2051.00,Civil Engineers,onet_transferable_skills,skill,2.B.3.l,Repairing,1.62,15.50,1,5,8,0.1830,1.2664,1.9836,N,,08/2021,Analyst,1.62,23.14,0,7,8,0.4978,0.6494,2.6006,N,N,08/2021,Analyst,false,false,true
Civil Engineer,17-2051.00,Civil Engineers,onet_transferable_skills,skill,2.B.3.m,Quality Control Analysis,2.25,31.25,1,5,8,0.1637,1.9292,2.5708,N,,08/2021,Analyst,2.50,35.71,0,7,8,0.1890,2.1296,2.8704,N,N,08/2021,Analyst,false,false,true
Civil Engineer,17-2051.00,Civil Engineers,onet_transferable_skills,skill,2.B.4.e,Judgment and Decision Making,3.38,59.50,1,5,8,0.1830,3.0164,3.7336,N,,08/2021,Analyst,4.00,57.14,0,7,8,0.0000,4.0000,4.0000,N,N,08/2021,Analyst,false,false,true
Civil Engineer,17-2051.00,Civil Engineers,onet_transferable_skills,skill,2.B.4.g,Systems Analysis,3.75,68.75,1,5,8,0.1637,3.4292,4.0708,N,,08/2021,Analyst,4.12,58.86,0,7,8,0.1250,3.8800,4.3700,N,N,08/2021,Analyst,false,false,true
Civil Engineer,17-2051.00,Civil Engineers,onet_transferable_skills,skill,2.B.4.h,Systems Evaluation,3.12,53.00,1,5,8,0.2266,2.6809,3.5691,N,,08/2021,Analyst,4.00,57.14,0,7,8,0.0000,4.0000,4.0000,N,N,08/2021,Analyst,false,false,true
Civil Engineer,17-2051.00,Civil Engineers,onet_transferable_skills,skill,2.B.5.a,Time Management,3.75,68.75,1,5,8,0.1637,3.4292,4.0708,N,,08/2021,Analyst,4.00,57.14,0,7,8,0.0000,4.0000,4.0000,N,N,08/2021,Analyst,false,false,true
Civil Engineer,17-2051.00,Civil Engineers,onet_transferable_skills,skill,2.B.5.b,Management of Financial Resources,2.88,47.00,1,5,8,0.2266,2.4309,3.3191,N,,08/2021,Analyst,3.38,48.29,0,7,8,0.2631,2.8594,3.8906,N,N,08/2021,Analyst,false,false,true
Civil Engineer,17-2051.00,Civil Engineers,onet_transferable_skills,skill,2.B.5.c,Management of Material Resources,2.88,47.00,1,5,8,0.2266,2.4309,3.3191,N,,08/2021,Analyst,3.00,42.86,0,7,8,0.1890,2.6296,3.3704,N,N,08/2021,Analyst,false,false,true
Civil Engineer,17-2051.00,Civil Engineers,onet_transferable_skills,skill,2.B.5.d,Management of Personnel Resources,3.00,50.00,1,5,8,0.0000,3.0000,3.0000,N,,08/2021,Analyst,3.50,50.00,0,7,8,0.1890,3.1296,3.8704,N,N,08/2021,Analyst,false,false,true
Electrical Engineer,17-2071.00,Electrical Engineers,onet_transferable_skills,skill,2.B.1.a,Social Perceptiveness,3.00,50.00,1,5,8,0.0000,3.0000,3.0000,N,,08/2023,Analyst,3.00,42.86,0,7,8,0.0000,3.0000,3.0000,N,N,08/2023,Analyst,false,false,true
Electrical Engineer,17-2071.00,Electrical Engineers,onet_transferable_skills,skill,2.B.1.b,Coordination,3.25,56.25,1,5,8,0.1637,2.9292,3.5708,N,,08/2023,Analyst,3.25,46.43,0,7,8,0.1637,2.9292,3.5708,N,N,08/2023,Analyst,false,false,true
Electrical Engineer,17-2071.00,Electrical Engineers,onet_transferable_skills,skill,2.B.1.c,Persuasion,2.88,47.00,1,5,8,0.1250,2.6300,3.1200,N,,08/2023,Analyst,3.00,42.86,0,7,8,0.1890,2.6296,3.3704,N,N,08/2023,Analyst,false,false,true
Electrical Engineer,17-2071.00,Electrical Engineers,onet_transferable_skills,skill,2.B.1.d,Negotiation,2.75,43.75,1,5,8,0.1637,2.4292,3.0708,N,,08/2023,Analyst,2.88,41.14,0,7,8,0.1250,2.6300,3.1200,N,N,08/2023,Analyst,false,false,true
Electrical Engineer,17-2071.00,Electrical Engineers,onet_transferable_skills,skill,2.B.1.e,Instructing,3.00,50.00,1,5,8,0.0000,3.0000,3.0000,N,,08/2023,Analyst,3.00,42.86,0,7,8,0.0000,3.0000,3.0000,N,N,08/2023,Analyst,false,false,true
Electrical Engineer,17-2071.00,Electrical Engineers,onet_transferable_skills,skill,2.B.1.f,Service Orientation,2.75,43.75,1,5,8,0.1637,2.4292,3.0708,N,,08/2023,Analyst,2.75,39.29,0,7,8,0.1637,2.4292,3.0708,N,N,08/2023,Analyst,false,false,true
Electrical Engineer,17-2071.00,Electrical Engineers,onet_transferable_skills,skill,2.B.2.i,Complex Problem Solving,3.88,72.00,1,5,8,0.2266,3.4309,4.3191,N,,08/2023,Analyst,4.00,57.14,0,7,8,0.1890,3.6296,4.3704,N,N,08/2023,Analyst,false,false,true
Electrical Engineer,17-2071.00,Electrical Engineers,onet_transferable_skills,skill,2.B.3.a,Operations Analysis,3.12,53.00,1,5,8,0.2266,2.6809,3.5691,N,,08/2023,Analyst,3.25,46.43,0,7,8,0.3134,2.6358,3.8642,N,N,08/2023,Analyst,false,false,true
Electrical Engineer,17-2071.00,Electrical Engineers,onet_transferable_skills,skill,2.B.3.b,Technology Design,2.25,31.25,1,5,8,0.2500,1.7600,2.7400,N,,08/2023,Analyst,2.00,28.57,0,7,8,0.3273,1.3584,2.6416,N,N,08/2023,Analyst,false,false,true
Electrical Engineer,17-2071.00,Electrical Engineers,onet_transferable_skills,skill,2.B.3.c,Equipment Selection,2.12,28.00,1,5,8,0.1250,1.8800,2.3700,N,,08/2023,Analyst,2.12,30.29,0,7,8,0.1250,1.8800,2.3700,N,N,08/2023,Analyst,false,false,true
Electrical Engineer,17-2071.00,Electrical Engineers,onet_transferable_skills,skill,2.B.3.d,Installation,1.00,0.00,1,5,8,0.0000,1.0000,1.0000,N,,08/2023,Analyst,0.00,0.00,0,7,8,0.0000,0.0000,0.0000,N,Y,08/2023,Analyst,false,true,false
Electrical Engineer,17-2071.00,Electrical Engineers,onet_transferable_skills,skill,2.B.3.e,Programming,2.12,28.00,1,5,8,0.2950,1.5467,2.7033,N,,08/2023,Analyst,1.38,19.71,0,7,8,0.3750,0.6400,2.1100,N,N,08/2023,Analyst,false,false,true
Electrical Engineer,17-2071.00,Electrical Engineers,onet_transferable_skills,skill,2.B.3.g,Operations Monitoring,2.88,47.00,1,5,8,0.1250,2.6300,3.1200,N,,08/2023,Analyst,3.12,44.57,0,7,8,0.1250,2.8800,3.3700,N,N,08/2023,Analyst,false,false,true
Electrical Engineer,17-2071.00,Electrical Engineers,onet_transferable_skills,skill,2.B.3.h,Operation and Control,1.38,9.50,1,5,8,0.1830,1.0164,1.7336,N,,08/2023,Analyst,0.38,5.43,0,7,8,0.1830,0.0164,0.7336,N,N,08/2023,Analyst,false,false,true
Electrical Engineer,17-2071.00,Electrical Engineers,onet_transferable_skills,skill,2.B.3.j,Equipment Maintenance,2.00,25.00,1,5,8,0.1890,1.6296,2.3704,N,,08/2023,Analyst,1.75,25.00,0,7,8,0.2500,1.2600,2.2400,N,N,08/2023,Analyst,false,false,true
Electrical Engineer,17-2071.00,Electrical Engineers,onet_transferable_skills,skill,2.B.3.k,Troubleshooting,2.75,43.75,1,5,8,0.1637,2.4292,3.0708,N,,08/2023,Analyst,2.75,39.29,0,7,8,0.1637,2.4292,3.0708,N,N,08/2023,Analyst,false,false,true
Electrical Engineer,17-2071.00,Electrical Engineers,onet_transferable_skills,skill,2.B.3.l,Repairing,2.00,25.00,1,5,8,0.0000,2.0000,2.0000,N,,08/2023,Analyst,2.00,28.57,0,7,8,0.0000,2.0000,2.0000,N,N,08/2023,Analyst,false,false,true
Electrical Engineer,17-2071.00,Electrical Engineers,onet_transferable_skills,skill,2.B.3.m,Quality Control Analysis,3.00,50.00,1,5,8,0.1890,2.6296,3.3704,N,,08/2023,Analyst,3.12,44.57,0,7,8,0.2266,2.6809,3.5691,N,N,08/2023,Analyst,false,false,true
Electrical Engineer,17-2071.00,Electrical Engineers,onet_transferable_skills,skill,2.B.4.e,Judgment and Decision Making,3.25,56.25,1,5,8,0.1637,2.9292,3.5708,N,,08/2023,Analyst,3.38,48.29,0,7,8,0.2631,2.8594,3.8906,N,N,08/2023,Analyst,false,false,true
Electrical Engineer,17-2071.00,Electrical Engineers,onet_transferable_skills,skill,2.B.4.g,Systems Analysis,3.25,56.25,1,5,8,0.1637,2.9292,3.5708,N,,08/2023,Analyst,3.38,48.29,0,7,8,0.2631,2.8594,3.8906,N,N,08/2023,Analyst,false,false,true
Electrical Engineer,17-2071.00,Electrical Engineers,onet_transferable_skills,skill,2.B.4.h,Systems Evaluation,3.25,56.25,1,5,8,0.1637,2.9292,3.5708,N,,08/2023,Analyst,3.62,51.71,0,7,8,0.2631,3.1094,4.1406,N,N,08/2023,Analyst,false,false,true
Electrical Engineer,17-2071.00,Electrical Engineers,onet_transferable_skills,skill,2.B.5.a,Time Management,3.00,50.00,1,5,8,0.0000,3.0000,3.0000,N,,08/2023,Analyst,3.12,44.57,0,7,8,0.1250,2.8800,3.3700,N,N,08/2023,Analyst,false,false,true
Electrical Engineer,17-2071.00,Electrical Engineers,onet_transferable_skills,skill,2.B.5.b,Management of Financial Resources,2.38,34.50,1,5,8,0.1830,2.0164,2.7336,N,,08/2023,Analyst,2.62,37.43,0,7,8,0.2631,2.1094,3.1406,N,N,08/2023,Analyst,false,false,true
Electrical Engineer,17-2071.00,Electrical Engineers,onet_transferable_skills,skill,2.B.5.c,Management of Material Resources,2.25,31.25,1,5,8,0.1637,1.9292,2.5708,N,,08/2023,Analyst,2.50,35.71,0,7,8,0.1890,2.1296,2.8704,N,N,08/2023,Analyst,false,false,true
Electrical Engineer,17-2071.00,Electrical Engineers,onet_transferable_skills,skill,2.B.5.d,Management of Personnel Resources,3.00,50.00,1,5,8,0.0000,3.0000,3.0000,N,,08/2023,Analyst,3.00,42.86,0,7,8,0.0000,3.0000,3.0000,N,N,08/2023,Analyst,false,false,true
Industrial Engineer,17-2112.00,Industrial Engineers,onet_transferable_skills,skill,2.B.1.a,Social Perceptiveness,3.00,50.00,1,5,8,0.1890,2.6296,3.3704,N,,08/2020,Analyst,3.00,42.86,0,7,8,0.1890,2.6296,3.3704,N,N,08/2020,Analyst,false,false,true
Industrial Engineer,17-2112.00,Industrial Engineers,onet_transferable_skills,skill,2.B.1.b,Coordination,3.12,53.00,1,5,8,0.1250,2.8800,3.3700,N,,08/2020,Analyst,3.12,44.57,0,7,8,0.1250,2.8800,3.3700,N,N,08/2020,Analyst,false,false,true
Industrial Engineer,17-2112.00,Industrial Engineers,onet_transferable_skills,skill,2.B.1.c,Persuasion,2.62,40.50,1,5,8,0.2631,2.1094,3.1406,N,,08/2020,Analyst,2.62,37.43,0,7,8,0.3750,1.8900,3.3600,N,N,08/2020,Analyst,false,false,true
Industrial Engineer,17-2112.00,Industrial Engineers,onet_transferable_skills,skill,2.B.1.d,Negotiation,2.38,34.50,1,5,8,0.2631,1.8594,2.8906,N,,08/2020,Analyst,2.38,34.00,0,7,8,0.3750,1.6400,3.1100,N,N,08/2020,Analyst,false,false,true
Industrial Engineer,17-2112.00,Industrial Engineers,onet_transferable_skills,skill,2.B.1.e,Instructing,3.00,50.00,1,5,8,0.0000,3.0000,3.0000,N,,08/2020,Analyst,3.00,42.86,0,7,8,0.0000,3.0000,3.0000,N,N,08/2020,Analyst,false,false,true
Industrial Engineer,17-2112.00,Industrial Engineers,onet_transferable_skills,skill,2.B.1.f,Service Orientation,2.75,43.75,1,5,8,0.1637,2.4292,3.0708,N,,08/2020,Analyst,2.75,39.29,0,7,8,0.1637,2.4292,3.0708,N,N,08/2020,Analyst,false,false,true
Industrial Engineer,17-2112.00,Industrial Engineers,onet_transferable_skills,skill,2.B.2.i,Complex Problem Solving,3.88,72.00,1,5,8,0.1250,3.6300,4.1200,N,,08/2020,Analyst,4.12,58.86,0,7,8,0.1250,3.8800,4.3700,N,N,08/2020,Analyst,false,false,true
Industrial Engineer,17-2112.00,Industrial Engineers,onet_transferable_skills,skill,2.B.3.a,Operations Analysis,2.50,37.50,1,5,8,0.1890,2.1296,2.8704,N,,08/2020,Analyst,2.50,35.71,0,7,8,0.3273,1.8584,3.1416,N,N,08/2020,Analyst,false,false,true
Industrial Engineer,17-2112.00,Industrial Engineers,onet_transferable_skills,skill,2.B.3.b,Technology Design,2.12,28.00,1,5,8,0.2266,1.6809,2.5691,N,,08/2020,Analyst,1.88,26.86,0,7,8,0.3504,1.1883,2.5617,N,N,08/2020,Analyst,false,false,true
Industrial Engineer,17-2112.00,Industrial Engineers,onet_transferable_skills,skill,2.B.3.c,Equipment Selection,1.25,6.25,1,5,8,0.1637,1.0000,1.5708,N,,08/2020,Analyst,0.38,5.43,0,7,8,0.2631,0.0000,0.8906,N,Y,08/2020,Analyst,false,true,false
Industrial Engineer,17-2112.00,Industrial Engineers,onet_transferable_skills,skill,2.B.3.d,Installation,1.00,0.00,1,5,8,0.0000,1.0000,1.0000,N,,08/2020,Analyst,0.00,0.00,0,7,8,0.0000,0.0000,0.0000,N,Y,08/2020,Analyst,false,true,false
Industrial Engineer,17-2112.00,Industrial Engineers,onet_transferable_skills,skill,2.B.3.e,Programming,1.88,22.00,1,5,8,0.2950,1.2967,2.4533,N,,08/2020,Analyst,1.12,16.00,0,7,8,0.3981,0.3447,1.9053,N,N,08/2020,Analyst,false,false,true
Industrial Engineer,17-2112.00,Industrial Engineers,onet_transferable_skills,skill,2.B.3.g,Operations Monitoring,2.38,34.50,1,5,8,0.2631,1.8594,2.8906,N,,08/2020,Analyst,2.75,39.29,0,7,8,0.2500,2.2600,3.2400,N,N,08/2020,Analyst,false,false,true
Industrial Engineer,17-2112.00,Industrial Engineers,onet_transferable_skills,skill,2.B.3.h,Operation and Control,2.25,31.25,1,5,8,0.1637,1.9292,2.5708,N,,08/2020,Analyst,2.25,32.14,0,7,8,0.1637,1.9292,2.5708,N,N,08/2020,Analyst,false,false,true
Industrial Engineer,17-2112.00,Industrial Engineers,onet_transferable_skills,skill,2.B.3.j,Equipment Maintenance,1.00,0.00,1,5,8,0.0000,1.0000,1.0000,N,,08/2020,Analyst,0.00,0.00,0,7,8,0.0000,0.0000,0.0000,N,Y,08/2020,Analyst,false,true,false
Industrial Engineer,17-2112.00,Industrial Engineers,onet_transferable_skills,skill,2.B.3.k,Troubleshooting,2.00,25.00,1,5,8,0.1890,1.6296,2.3704,N,,08/2020,Analyst,1.75,25.00,0,7,8,0.3134,1.1358,2.3642,N,N,08/2020,Analyst,false,false,true
Industrial Engineer,17-2112.00,Industrial Engineers,onet_transferable_skills,skill,2.B.3.l,Repairing,1.00,0.00,1,5,8,0.0000,1.0000,1.0000,N,,08/2020,Analyst,0.00,0.00,0,7,8,0.0000,0.0000,0.0000,N,Y,08/2020,Analyst,false,true,false
Industrial Engineer,17-2112.00,Industrial Engineers,onet_transferable_skills,skill,2.B.3.m,Quality Control Analysis,2.25,31.25,1,5,8,0.1637,1.9292,2.5708,N,,08/2020,Analyst,2.38,34.00,0,7,8,0.2631,1.8594,2.8906,N,N,08/2020,Analyst,false,false,true
Industrial Engineer,17-2112.00,Industrial Engineers,onet_transferable_skills,skill,2.B.4.e,Judgment and Decision Making,3.12,53.00,1,5,8,0.1250,2.8800,3.3700,N,,08/2020,Analyst,4.00,57.14,0,7,8,0.1890,3.6296,4.3704,N,N,08/2020,Analyst,false,false,true
Industrial Engineer,17-2112.00,Industrial Engineers,onet_transferable_skills,skill,2.B.4.g,Systems Analysis,3.25,56.25,1,5,8,0.1637,2.9292,3.5708,N,,08/2020,Analyst,3.75,53.57,0,7,8,0.1637,3.4292,4.0708,N,N,08/2020,Analyst,false,false,true
Industrial Engineer,17-2112.00,Industrial Engineers,onet_transferable_skills,skill,2.B.4.h,Systems Evaluation,3.25,56.25,1,5,8,0.1637,2.9292,3.5708,N,,08/2020,Analyst,3.88,55.43,0,7,8,0.2266,3.4309,4.3191,N,N,08/2020,Analyst,false,false,true
Industrial Engineer,17-2112.00,Industrial Engineers,onet_transferable_skills,skill,2.B.5.a,Time Management,3.00,50.00,1,5,8,0.0000,3.0000,3.0000,N,,08/2020,Analyst,3.00,42.86,0,7,8,0.0000,3.0000,3.0000,N,N,08/2020,Analyst,false,false,true
Industrial Engineer,17-2112.00,Industrial Engineers,onet_transferable_skills,skill,2.B.5.b,Management of Financial Resources,2.12,28.00,1,5,8,0.2266,1.6809,2.5691,N,,08/2020,Analyst,2.00,28.57,0,7,8,0.3273,1.3584,2.6416,N,N,08/2020,Analyst,false,false,true
Industrial Engineer,17-2112.00,Industrial Engineers,onet_transferable_skills,skill,2.B.5.c,Management of Material Resources,2.50,37.50,1,5,8,0.1890,2.1296,2.8704,N,,08/2020,Analyst,2.62,37.43,0,7,8,0.1830,2.2664,2.9836,N,N,08/2020,Analyst,false,false,true
Industrial Engineer,17-2112.00,Industrial Engineers,onet_transferable_skills,skill,2.B.5.d,Management of Personnel Resources,2.88,47.00,1,5,8,0.1250,2.6300,3.1200,N,,08/2020,Analyst,2.88,41.14,0,7,8,0.1250,2.6300,3.1200,N,N,08/2020,Analyst,false,false,true
Mechanical Engineer,17-2141.00,Mechanical Engineers,onet_transferable_skills,skill,2.B.1.a,Social Perceptiveness,2.88,47.00,1,5,8,0.1250,2.6300,3.1200,N,,08/2024,Analyst,3.00,42.86,0,7,8,0.0000,3.0000,3.0000,N,N,08/2024,Analyst,false,false,true
Mechanical Engineer,17-2141.00,Mechanical Engineers,onet_transferable_skills,skill,2.B.1.b,Coordination,3.00,50.00,1,5,8,0.0000,3.0000,3.0000,N,,08/2024,Analyst,3.38,48.29,0,7,8,0.1830,3.0164,3.7336,N,N,08/2024,Analyst,false,false,true
Mechanical Engineer,17-2141.00,Mechanical Engineers,onet_transferable_skills,skill,2.B.1.c,Persuasion,2.75,43.75,1,5,8,0.1637,2.4292,3.0708,N,,08/2024,Analyst,3.12,44.57,0,7,8,0.1250,2.8800,3.3700,N,N,08/2024,Analyst,false,false,true
Mechanical Engineer,17-2141.00,Mechanical Engineers,onet_transferable_skills,skill,2.B.1.d,Negotiation,2.62,40.50,1,5,8,0.1830,2.2664,2.9836,N,,08/2024,Analyst,3.12,44.57,0,7,8,0.1250,2.8800,3.3700,N,N,08/2024,Analyst,false,false,true
Mechanical Engineer,17-2141.00,Mechanical Engineers,onet_transferable_skills,skill,2.B.1.e,Instructing,2.88,47.00,1,5,8,0.1250,2.6300,3.1200,N,,08/2024,Analyst,3.50,50.00,0,7,8,0.1890,3.1296,3.8704,N,N,08/2024,Analyst,false,false,true
Mechanical Engineer,17-2141.00,Mechanical Engineers,onet_transferable_skills,skill,2.B.1.f,Service Orientation,2.88,47.00,1,5,8,0.1250,2.6300,3.1200,N,,08/2024,Analyst,2.88,41.14,0,7,8,0.1250,2.6300,3.1200,N,N,08/2024,Analyst,false,false,true
Mechanical Engineer,17-2141.00,Mechanical Engineers,onet_transferable_skills,skill,2.B.2.i,Complex Problem Solving,3.75,68.75,1,5,8,0.1637,3.4292,4.0708,N,,08/2024,Analyst,4.50,64.29,0,7,8,0.1890,4.1296,4.8704,N,N,08/2024,Analyst,false,false,true
Mechanical Engineer,17-2141.00,Mechanical Engineers,onet_transferable_skills,skill,2.B.3.a,Operations Analysis,3.50,62.50,1,5,8,0.2673,2.9762,4.0238,N,,08/2024,Analyst,4.38,62.57,0,7,8,0.2631,3.8594,4.8906,N,N,08/2024,Analyst,false,false,true
Mechanical Engineer,17-2141.00,Mechanical Engineers,onet_transferable_skills,skill,2.B.3.b,Technology Design,3.12,53.00,1,5,8,0.3504,2.4383,3.8117,N,,08/2024,Analyst,3.50,50.00,0,7,8,0.5669,2.3888,4.6112,Y,N,08/2024,Analyst,true,false,false
Mechanical Engineer,17-2141.00,Mechanical Engineers,onet_transferable_skills,skill,2.B.3.c,Equipment Selection,2.25,31.25,1,5,8,0.1637,1.9292,2.5708,N,,08/2024,Analyst,2.50,35.71,0,7,8,0.1890,2.1296,2.8704,N,N,08/2024,Analyst,false,false,true
Mechanical Engineer,17-2141.00,Mechanical Engineers,onet_transferable_skills,skill,2.B.3.d,Installation,2.00,25.00,1,5,8,0.1890,1.6296,2.3704,N,,08/2024,Analyst,2.12,30.29,0,7,8,0.4407,1.2613,2.9887,N,N,08/2024,Analyst,false,false,true
Mechanical Engineer,17-2141.00,Mechanical Engineers,onet_transferable_skills,skill,2.B.3.e,Programming,2.38,34.50,1,5,8,0.2631,1.8594,2.8906,N,,08/2024,Analyst,2.25,32.14,0,7,8,0.3660,1.5327,2.9673,N,N,08/2024,Analyst,false,false,true
Mechanical Engineer,17-2141.00,Mechanical Engineers,onet_transferable_skills,skill,2.B.3.g,Operations Monitoring,3.12,53.00,1,5,8,0.1250,2.8800,3.3700,N,,08/2024,Analyst,3.62,51.71,0,7,8,0.2631,3.1094,4.1406,N,N,08/2024,Analyst,false,false,true
Mechanical Engineer,17-2141.00,Mechanical Engineers,onet_transferable_skills,skill,2.B.3.h,Operation and Control,2.75,43.75,1,5,8,0.1637,2.4292,3.0708,N,,08/2024,Analyst,2.62,37.43,0,7,8,0.2631,2.1094,3.1406,N,N,08/2024,Analyst,false,false,true
Mechanical Engineer,17-2141.00,Mechanical Engineers,onet_transferable_skills,skill,2.B.3.j,Equipment Maintenance,2.12,28.00,1,5,8,0.1250,1.8800,2.3700,N,,08/2024,Analyst,1.88,26.86,0,7,8,0.2266,1.4309,2.3191,N,N,08/2024,Analyst,false,false,true
Mechanical Engineer,17-2141.00,Mechanical Engineers,onet_transferable_skills,skill,2.B.3.k,Troubleshooting,2.88,47.00,1,5,8,0.1250,2.6300,3.1200,N,,08/2024,Analyst,3.25,46.43,0,7,8,0.2500,2.7600,3.7400,N,N,08/2024,Analyst,false,false,true
Mechanical Engineer,17-2141.00,Mechanical Engineers,onet_transferable_skills,skill,2.B.3.l,Repairing,1.88,22.00,1,5,8,0.1250,1.6300,2.1200,N,,08/2024,Analyst,1.75,25.00,0,7,8,0.3134,1.1358,2.3642,N,N,08/2024,Analyst,false,false,true
Mechanical Engineer,17-2141.00,Mechanical Engineers,onet_transferable_skills,skill,2.B.3.m,Quality Control Analysis,3.12,53.00,1,5,8,0.2266,2.6809,3.5691,N,,08/2024,Analyst,4.00,57.14,0,7,8,0.1890,3.6296,4.3704,N,N,08/2024,Analyst,false,false,true
Mechanical Engineer,17-2141.00,Mechanical Engineers,onet_transferable_skills,skill,2.B.4.e,Judgment and Decision Making,3.75,68.75,1,5,8,0.1637,3.4292,4.0708,N,,08/2024,Analyst,4.12,58.86,0,7,8,0.1250,3.8800,4.3700,N,N,08/2024,Analyst,false,false,true
Mechanical Engineer,17-2141.00,Mechanical Engineers,onet_transferable_skills,skill,2.B.4.g,Systems Analysis,3.38,59.50,1,5,8,0.1830,3.0164,3.7336,N,,08/2024,Analyst,3.88,55.43,0,7,8,0.2266,3.4309,4.3191,N,N,08/2024,Analyst,false,false,true
Mechanical Engineer,17-2141.00,Mechanical Engineers,onet_transferable_skills,skill,2.B.4.h,Systems Evaluation,3.38,59.50,1,5,8,0.1830,3.0164,3.7336,N,,08/2024,Analyst,3.88,55.43,0,7,8,0.2266,3.4309,4.3191,N,N,08/2024,Analyst,false,false,true
Mechanical Engineer,17-2141.00,Mechanical Engineers,onet_transferable_skills,skill,2.B.5.a,Time Management,3.00,50.00,1,5,8,0.0000,3.0000,3.0000,N,,08/2024,Analyst,3.38,48.29,0,7,8,0.1830,3.0164,3.7336,N,N,08/2024,Analyst,false,false,true
Mechanical Engineer,17-2141.00,Mechanical Engineers,onet_transferable_skills,skill,2.B.5.b,Management of Financial Resources,2.50,37.50,1,5,8,0.1890,2.1296,2.8704,N,,08/2024,Analyst,2.62,37.43,0,7,8,0.2631,2.1094,3.1406,N,N,08/2024,Analyst,false,false,true
Mechanical Engineer,17-2141.00,Mechanical Engineers,onet_transferable_skills,skill,2.B.5.c,Management of Material Resources,2.38,34.50,1,5,8,0.1830,2.0164,2.7336,N,,08/2024,Analyst,2.75,39.29,0,7,8,0.2500,2.2600,3.2400,N,N,08/2024,Analyst,false,false,true
Mechanical Engineer,17-2141.00,Mechanical Engineers,onet_transferable_skills,skill,2.B.5.d,Management of Personnel Resources,2.88,47.00,1,5,8,0.1250,2.6300,3.1200,N,,08/2024,Analyst,3.12,44.57,0,7,8,0.1250,2.8800,3.3700,N,N,08/2024,Analyst,false,false,true
Multimedia Designer,27-1014.00,Special Effects Artists and Animators,onet_transferable_skills,skill,2.B.1.a,Social Perceptiveness,2.88,47.00,1,5,8,0.1250,2.6300,3.1200,N,,08/2019,Analyst,2.88,41.14,0,7,8,0.1250,2.6300,3.1200,N,N,08/2019,Analyst,false,false,true
Multimedia Designer,27-1014.00,Special Effects Artists and Animators,onet_transferable_skills,skill,2.B.1.b,Coordination,2.88,47.00,1,5,8,0.1250,2.6300,3.1200,N,,08/2019,Analyst,3.62,51.71,0,7,8,0.1830,3.2664,3.9836,N,N,08/2019,Analyst,false,false,true
Multimedia Designer,27-1014.00,Special Effects Artists and Animators,onet_transferable_skills,skill,2.B.1.c,Persuasion,2.88,47.00,1,5,8,0.1250,2.6300,3.1200,N,,08/2019,Analyst,3.00,42.86,0,7,8,0.0000,3.0000,3.0000,N,N,08/2019,Analyst,false,false,true
Multimedia Designer,27-1014.00,Special Effects Artists and Animators,onet_transferable_skills,skill,2.B.1.d,Negotiation,2.62,40.50,1,5,8,0.1830,2.2664,2.9836,N,,08/2019,Analyst,3.00,42.86,0,7,8,0.0000,3.0000,3.0000,N,N,08/2019,Analyst,false,false,true
Multimedia Designer,27-1014.00,Special Effects Artists and Animators,onet_transferable_skills,skill,2.B.1.e,Instructing,2.75,43.75,1,5,8,0.1637,2.4292,3.0708,N,,08/2019,Analyst,3.00,42.86,0,7,8,0.0000,3.0000,3.0000,N,N,08/2019,Analyst,false,false,true
Multimedia Designer,27-1014.00,Special Effects Artists and Animators,onet_transferable_skills,skill,2.B.1.f,Service Orientation,2.75,43.75,1,5,8,0.1637,2.4292,3.0708,N,,08/2019,Analyst,2.88,41.14,0,7,8,0.1250,2.6300,3.1200,N,N,08/2019,Analyst,false,false,true
Multimedia Designer,27-1014.00,Special Effects Artists and Animators,onet_transferable_skills,skill,2.B.2.i,Complex Problem Solving,3.00,50.00,1,5,8,0.1890,2.6296,3.3704,N,,08/2019,Analyst,3.25,46.43,0,7,8,0.1637,2.9292,3.5708,N,N,08/2019,Analyst,false,false,true
Multimedia Designer,27-1014.00,Special Effects Artists and Animators,onet_transferable_skills,skill,2.B.3.a,Operations Analysis,2.12,28.00,1,5,8,0.2266,1.6809,2.5691,N,,08/2019,Analyst,1.75,25.00,0,7,8,0.5261,0.7188,2.7812,Y,N,08/2019,Analyst,true,false,false
Multimedia Designer,27-1014.00,Special Effects Artists and Animators,onet_transferable_skills,skill,2.B.3.b,Technology Design,1.88,22.00,1,5,8,0.1250,1.6300,2.1200,N,,08/2019,Analyst,1.75,25.00,0,7,8,0.3134,1.1358,2.3642,N,N,08/2019,Analyst,false,false,true
Multimedia Designer,27-1014.00,Special Effects Artists and Animators,onet_transferable_skills,skill,2.B.3.c,Equipment Selection,1.88,22.00,1,5,8,0.2266,1.4309,2.3191,N,,08/2019,Analyst,1.12,16.00,0,7,8,0.3504,0.4383,1.8117,N,N,08/2019,Analyst,false,false,true
Multimedia Designer,27-1014.00,Special Effects Artists and Animators,onet_transferable_skills,skill,2.B.3.d,Installation,1.00,0.00,1,5,8,0.0000,1.0000,1.0000,N,,08/2019,Analyst,0.00,0.00,0,7,8,0.0000,0.0000,0.0000,N,Y,08/2019,Analyst,false,true,false
Multimedia Designer,27-1014.00,Special Effects Artists and Animators,onet_transferable_skills,skill,2.B.3.e,Programming,2.12,28.00,1,5,8,0.2266,1.6809,2.5691,N,,08/2019,Analyst,1.62,23.14,0,7,8,0.3239,0.9902,2.2598,N,N,08/2019,Analyst,false,false,true
Multimedia Designer,27-1014.00,Special Effects Artists and Animators,onet_transferable_skills,skill,2.B.3.g,Operations Monitoring,2.00,25.00,1,5,8,0.0000,2.0000,2.0000,N,,08/2019,Analyst,1.88,26.86,0,7,8,0.1250,1.6300,2.1200,N,N,08/2019,Analyst,false,false,true
Multimedia Designer,27-1014.00,Special Effects Artists and Animators,onet_transferable_skills,skill,2.B.3.h,Operation and Control,2.25,31.25,1,5,8,0.1637,1.9292,2.5708,N,,08/2019,Analyst,2.00,28.57,0,7,8,0.1890,1.6296,2.3704,N,N,08/2019,Analyst,false,false,true
Multimedia Designer,27-1014.00,Special Effects Artists and Animators,onet_transferable_skills,skill,2.B.3.j,Equipment Maintenance,1.00,0.00,1,5,8,0.0000,1.0000,1.0000,N,,08/2019,Analyst,0.00,0.00,0,7,8,0.0000,0.0000,0.0000,N,Y,08/2019,Analyst,false,true,false
Multimedia Designer,27-1014.00,Special Effects Artists and Animators,onet_transferable_skills,skill,2.B.3.k,Troubleshooting,1.12,3.00,1,5,8,0.1250,1.0000,1.3700,N,,08/2019,Analyst,0.12,1.71,0,7,8,0.1250,0.0000,0.3700,N,Y,08/2019,Analyst,false,true,false
Multimedia Designer,27-1014.00,Special Effects Artists and Animators,onet_transferable_skills,skill,2.B.3.l,Repairing,1.00,0.00,1,5,8,0.0000,1.0000,1.0000,N,,08/2019,Analyst,0.00,0.00,0,7,8,0.0000,0.0000,0.0000,N,Y,08/2019,Analyst,false,true,false
Multimedia Designer,27-1014.00,Special Effects Artists and Animators,onet_transferable_skills,skill,2.B.3.m,Quality Control Analysis,1.75,18.75,1,5,8,0.1637,1.4292,2.0708,N,,08/2019,Analyst,0.88,12.57,0,7,8,0.2266,0.4309,1.3191,N,N,08/2019,Analyst,false,false,true
Multimedia Designer,27-1014.00,Special Effects Artists and Animators,onet_transferable_skills,skill,2.B.4.e,Judgment and Decision Making,3.12,53.00,1,5,8,0.1250,2.8800,3.3700,N,,08/2019,Analyst,3.12,44.57,0,7,8,0.1250,2.8800,3.3700,N,N,08/2019,Analyst,false,false,true
Multimedia Designer,27-1014.00,Special Effects Artists and Animators,onet_transferable_skills,skill,2.B.4.g,Systems Analysis,2.88,47.00,1,5,8,0.1250,2.6300,3.1200,N,,08/2019,Analyst,3.00,42.86,0,7,8,0.0000,3.0000,3.0000,N,N,08/2019,Analyst,false,false,true
Multimedia Designer,27-1014.00,Special Effects Artists and Animators,onet_transferable_skills,skill,2.B.4.h,Systems Evaluation,2.75,43.75,1,5,8,0.1637,2.4292,3.0708,N,,08/2019,Analyst,2.75,39.29,0,7,8,0.1637,2.4292,3.0708,N,N,08/2019,Analyst,false,false,true
Multimedia Designer,27-1014.00,Special Effects Artists and Animators,onet_transferable_skills,skill,2.B.5.a,Time Management,3.00,50.00,1,5,8,0.0000,3.0000,3.0000,N,,08/2019,Analyst,3.00,42.86,0,7,8,0.0000,3.0000,3.0000,N,N,08/2019,Analyst,false,false,true
Multimedia Designer,27-1014.00,Special Effects Artists and Animators,onet_transferable_skills,skill,2.B.5.b,Management of Financial Resources,1.88,22.00,1,5,8,0.1250,1.6300,2.1200,N,,08/2019,Analyst,1.88,26.86,0,7,8,0.3504,1.1883,2.5617,N,N,08/2019,Analyst,false,false,true
Multimedia Designer,27-1014.00,Special Effects Artists and Animators,onet_transferable_skills,skill,2.B.5.c,Management of Material Resources,1.88,22.00,1,5,8,0.1250,1.6300,2.1200,N,,08/2019,Analyst,1.88,26.86,0,7,8,0.2950,1.2967,2.4533,N,N,08/2019,Analyst,false,false,true
Multimedia Designer,27-1014.00,Special Effects Artists and Animators,onet_transferable_skills,skill,2.B.5.d,Management of Personnel Resources,2.38,34.50,1,5,8,0.1830,2.0164,2.7336,N,,08/2019,Analyst,2.50,35.71,0,7,8,0.1890,2.1296,2.8704,N,N,08/2019,Analyst,false,false,true
Graphic Designer,27-1024.00,Graphic Designers,onet_transferable_skills,skill,2.B.1.a,Social Perceptiveness,3.12,53.00,1,5,8,0.1250,2.8800,3.3700,N,,08/2023,Analyst,3.00,42.86,0,7,8,0.0000,3.0000,3.0000,N,N,08/2023,Analyst,false,false,true
Graphic Designer,27-1024.00,Graphic Designers,onet_transferable_skills,skill,2.B.1.b,Coordination,3.12,53.00,1,5,8,0.1250,2.8800,3.3700,N,,08/2023,Analyst,3.12,44.57,0,7,8,0.1250,2.8800,3.3700,N,N,08/2023,Analyst,false,false,true
Graphic Designer,27-1024.00,Graphic Designers,onet_transferable_skills,skill,2.B.1.c,Persuasion,3.00,50.00,1,5,8,0.0000,3.0000,3.0000,N,,08/2023,Analyst,3.12,44.57,0,7,8,0.1250,2.8800,3.3700,N,N,08/2023,Analyst,false,false,true
Graphic Designer,27-1024.00,Graphic Designers,onet_transferable_skills,skill,2.B.1.d,Negotiation,3.00,50.00,1,5,8,0.1890,2.6296,3.3704,N,,08/2023,Analyst,3.12,44.57,0,7,8,0.1250,2.8800,3.3700,N,N,08/2023,Analyst,false,false,true
Graphic Designer,27-1024.00,Graphic Designers,onet_transferable_skills,skill,2.B.1.e,Instructing,2.75,43.75,1,5,8,0.1637,2.4292,3.0708,N,,08/2023,Analyst,3.00,42.86,0,7,8,0.1890,2.6296,3.3704,N,N,08/2023,Analyst,false,false,true
Graphic Designer,27-1024.00,Graphic Designers,onet_transferable_skills,skill,2.B.1.f,Service Orientation,3.00,50.00,1,5,8,0.1890,2.6296,3.3704,N,,08/2023,Analyst,3.00,42.86,0,7,8,0.1890,2.6296,3.3704,N,N,08/2023,Analyst,false,false,true
Graphic Designer,27-1024.00,Graphic Designers,onet_transferable_skills,skill,2.B.2.i,Complex Problem Solving,3.12,53.00,1,5,8,0.1250,2.8800,3.3700,N,,08/2023,Analyst,3.12,44.57,0,7,8,0.1250,2.8800,3.3700,N,N,08/2023,Analyst,false,false,true
Graphic Designer,27-1024.00,Graphic Designers,onet_transferable_skills,skill,2.B.3.a,Operations Analysis,2.75,43.75,1,5,8,0.1637,2.4292,3.0708,N,,08/2023,Analyst,2.75,39.29,0,7,8,0.1637,2.4292,3.0708,N,N,08/2023,Analyst,false,false,true
Graphic Designer,27-1024.00,Graphic Designers,onet_transferable_skills,skill,2.B.3.b,Technology Design,2.25,31.25,1,5,8,0.2500,1.7600,2.7400,N,,08/2023,Analyst,1.88,26.86,0,7,8,0.2266,1.4309,2.3191,N,N,08/2023,Analyst,false,false,true
Graphic Designer,27-1024.00,Graphic Designers,onet_transferable_skills,skill,2.B.3.c,Equipment Selection,1.12,3.00,1,5,8,0.1250,1.0000,1.3700,N,,08/2023,Analyst,0.12,1.71,0,7,8,0.1250,0.0000,0.3700,N,Y,08/2023,Analyst,false,true,false
Graphic Designer,27-1024.00,Graphic Designers,onet_transferable_skills,skill,2.B.3.d,Installation,1.00,0.00,1,5,8,0.0000,1.0000,1.0000,N,,08/2023,Analyst,0.00,0.00,0,7,8,0.0000,0.0000,0.0000,N,Y,08/2023,Analyst,false,true,false
Graphic Designer,27-1024.00,Graphic Designers,onet_transferable_skills,skill,2.B.3.e,Programming,2.12,28.00,1,5,8,0.1250,1.8800,2.3700,N,,08/2023,Analyst,1.38,19.71,0,7,8,0.1830,1.0164,1.7336,N,N,08/2023,Analyst,false,false,true
Graphic Designer,27-1024.00,Graphic Designers,onet_transferable_skills,skill,2.B.3.g,Operations Monitoring,2.00,25.00,1,5,8,0.0000,2.0000,2.0000,N,,08/2023,Analyst,1.75,25.00,0,7,8,0.1637,1.4292,2.0708,N,N,08/2023,Analyst,false,false,true
Graphic Designer,27-1024.00,Graphic Designers,onet_transferable_skills,skill,2.B.3.h,Operation and Control,1.12,3.00,1,5,8,0.1250,1.0000,1.3700,N,,08/2023,Analyst,0.12,1.71,0,7,8,0.1250,0.0000,0.3700,N,Y,08/2023,Analyst,false,true,false
Graphic Designer,27-1024.00,Graphic Designers,onet_transferable_skills,skill,2.B.3.j,Equipment Maintenance,1.00,0.00,1,5,8,0.0000,1.0000,1.0000,N,,08/2023,Analyst,0.00,0.00,0,7,8,0.0000,0.0000,0.0000,N,Y,08/2023,Analyst,false,true,false
Graphic Designer,27-1024.00,Graphic Designers,onet_transferable_skills,skill,2.B.3.k,Troubleshooting,1.00,0.00,1,5,8,0.0000,1.0000,1.0000,N,,08/2023,Analyst,0.00,0.00,0,7,8,0.0000,0.0000,0.0000,N,Y,08/2023,Analyst,false,true,false
Graphic Designer,27-1024.00,Graphic Designers,onet_transferable_skills,skill,2.B.3.l,Repairing,1.00,0.00,1,5,8,0.0000,1.0000,1.0000,N,,08/2023,Analyst,0.00,0.00,0,7,8,0.0000,0.0000,0.0000,N,Y,08/2023,Analyst,false,true,false
Graphic Designer,27-1024.00,Graphic Designers,onet_transferable_skills,skill,2.B.3.m,Quality Control Analysis,1.88,22.00,1,5,8,0.2266,1.4309,2.3191,N,,08/2023,Analyst,1.12,16.00,0,7,8,0.3504,0.4383,1.8117,N,N,08/2023,Analyst,false,false,true
Graphic Designer,27-1024.00,Graphic Designers,onet_transferable_skills,skill,2.B.4.e,Judgment and Decision Making,3.12,53.00,1,5,8,0.1250,2.8800,3.3700,N,,08/2023,Analyst,3.00,42.86,0,7,8,0.0000,3.0000,3.0000,N,N,08/2023,Analyst,false,false,true
Graphic Designer,27-1024.00,Graphic Designers,onet_transferable_skills,skill,2.B.4.g,Systems Analysis,2.88,47.00,1,5,8,0.2266,2.4309,3.3191,N,,08/2023,Analyst,2.75,39.29,0,7,8,0.1637,2.4292,3.0708,N,N,08/2023,Analyst,false,false,true
Graphic Designer,27-1024.00,Graphic Designers,onet_transferable_skills,skill,2.B.4.h,Systems Evaluation,2.62,40.50,1,5,8,0.1830,2.2664,2.9836,N,,08/2023,Analyst,2.75,39.29,0,7,8,0.1637,2.4292,3.0708,N,N,08/2023,Analyst,false,false,true
Graphic Designer,27-1024.00,Graphic Designers,onet_transferable_skills,skill,2.B.5.a,Time Management,3.12,53.00,1,5,8,0.1250,2.8800,3.3700,N,,08/2023,Analyst,3.00,42.86,0,7,8,0.0000,3.0000,3.0000,N,N,08/2023,Analyst,false,false,true
Graphic Designer,27-1024.00,Graphic Designers,onet_transferable_skills,skill,2.B.5.b,Management of Financial Resources,1.88,22.00,1,5,8,0.1250,1.6300,2.1200,N,,08/2023,Analyst,1.12,16.00,0,7,8,0.2266,0.6809,1.5691,N,N,08/2023,Analyst,false,false,true
Graphic Designer,27-1024.00,Graphic Designers,onet_transferable_skills,skill,2.B.5.c,Management of Material Resources,2.00,25.00,1,5,8,0.0000,2.0000,2.0000,N,,08/2023,Analyst,1.12,16.00,0,7,8,0.1250,0.8800,1.3700,N,N,08/2023,Analyst,false,false,true
Graphic Designer,27-1024.00,Graphic Designers,onet_transferable_skills,skill,2.B.5.d,Management of Personnel Resources,2.25,31.25,1,5,8,0.1637,1.9292,2.5708,N,,08/2023,Analyst,2.50,35.71,0,7,8,0.2673,1.9762,3.0238,N,N,08/2023,Analyst,false,false,true
Occupational Therapist,29-1122.00,Occupational Therapists,onet_transferable_skills,skill,2.B.1.a,Social Perceptiveness,4.00,75.00,1,5,8,0.0000,4.0000,4.0000,N,,08/2021,Analyst,4.00,57.14,0,7,8,0.0000,4.0000,4.0000,N,N,08/2021,Analyst,false,false,true
Occupational Therapist,29-1122.00,Occupational Therapists,onet_transferable_skills,skill,2.B.1.b,Coordination,3.75,68.75,1,5,8,0.1637,3.4292,4.0708,N,,08/2021,Analyst,3.88,55.43,0,7,8,0.1250,3.6300,4.1200,N,N,08/2021,Analyst,false,false,true
Occupational Therapist,29-1122.00,Occupational Therapists,onet_transferable_skills,skill,2.B.1.c,Persuasion,3.00,50.00,1,5,8,0.0000,3.0000,3.0000,N,,08/2021,Analyst,3.12,44.57,0,7,8,0.1250,2.8800,3.3700,N,N,08/2021,Analyst,false,false,true
Occupational Therapist,29-1122.00,Occupational Therapists,onet_transferable_skills,skill,2.B.1.d,Negotiation,3.00,50.00,1,5,8,0.1890,2.6296,3.3704,N,,08/2021,Analyst,2.88,41.14,0,7,8,0.1250,2.6300,3.1200,N,N,08/2021,Analyst,false,false,true
Occupational Therapist,29-1122.00,Occupational Therapists,onet_transferable_skills,skill,2.B.1.e,Instructing,4.00,75.00,1,5,8,0.0000,4.0000,4.0000,N,,08/2021,Analyst,4.00,57.14,0,7,8,0.0000,4.0000,4.0000,N,N,08/2021,Analyst,false,false,true
Occupational Therapist,29-1122.00,Occupational Therapists,onet_transferable_skills,skill,2.B.1.f,Service Orientation,4.12,78.00,1,5,8,0.1250,3.8800,4.3700,N,,08/2021,Analyst,4.00,57.14,0,7,8,0.0000,4.0000,4.0000,N,N,08/2021,Analyst,false,false,true
Occupational Therapist,29-1122.00,Occupational Therapists,onet_transferable_skills,skill,2.B.2.i,Complex Problem Solving,3.25,56.25,1,5,8,0.1637,2.9292,3.5708,N,,08/2021,Analyst,3.75,53.57,0,7,8,0.1637,3.4292,4.0708,N,N,08/2021,Analyst,false,false,true
Occupational Therapist,29-1122.00,Occupational Therapists,onet_transferable_skills,skill,2.B.3.a,Operations Analysis,3.12,53.00,1,5,8,0.1250,2.8800,3.3700,N,,08/2021,Analyst,3.00,42.86,0,7,8,0.0000,3.0000,3.0000,N,N,08/2021,Analyst,false,false,true
Occupational Therapist,29-1122.00,Occupational Therapists,onet_transferable_skills,skill,2.B.3.b,Technology Design,1.88,22.00,1,5,8,0.1250,1.6300,2.1200,N,,08/2021,Analyst,1.38,19.71,0,7,8,0.2631,0.8594,1.8906,N,N,08/2021,Analyst,false,false,true
Occupational Therapist,29-1122.00,Occupational Therapists,onet_transferable_skills,skill,2.B.3.c,Equipment Selection,1.25,6.25,1,5,8,0.2500,1.0000,1.7400,N,,08/2021,Analyst,0.25,3.57,0,7,8,0.2500,0.0000,0.7400,N,Y,08/2021,Analyst,false,true,false
Occupational Therapist,29-1122.00,Occupational Therapists,onet_transferable_skills,skill,2.B.3.d,Installation,1.00,0.00,1,5,8,0.0000,1.0000,1.0000,N,,08/2021,Analyst,0.00,0.00,0,7,8,0.0000,0.0000,0.0000,N,Y,08/2021,Analyst,false,true,false
Occupational Therapist,29-1122.00,Occupational Therapists,onet_transferable_skills,skill,2.B.3.e,Programming,1.75,18.75,1,5,8,0.1637,1.4292,2.0708,N,,08/2021,Analyst,1.00,14.29,0,7,8,0.2673,0.4762,1.5238,N,N,08/2021,Analyst,false,false,true
Occupational Therapist,29-1122.00,Occupational Therapists,onet_transferable_skills,skill,2.B.3.g,Operations Monitoring,2.12,28.00,1,5,8,0.1250,1.8800,2.3700,N,,08/2021,Analyst,2.12,30.29,0,7,8,0.1250,1.8800,2.3700,N,N,08/2021,Analyst,false,false,true
Occupational Therapist,29-1122.00,Occupational Therapists,onet_transferable_skills,skill,2.B.3.h,Operation and Control,1.62,15.50,1,5,8,0.1830,1.2664,1.9836,N,,08/2021,Analyst,1.00,14.29,0,7,8,0.3273,0.3584,1.6416,N,N,08/2021,Analyst,false,false,true
Occupational Therapist,29-1122.00,Occupational Therapists,onet_transferable_skills,skill,2.B.3.j,Equipment Maintenance,1.00,0.00,1,5,8,0.0000,1.0000,1.0000,N,,08/2021,Analyst,0.00,0.00,0,7,8,0.0000,0.0000,0.0000,N,Y,08/2021,Analyst,false,true,false
Occupational Therapist,29-1122.00,Occupational Therapists,onet_transferable_skills,skill,2.B.3.k,Troubleshooting,1.88,22.00,1,5,8,0.1250,1.6300,2.1200,N,,08/2021,Analyst,1.00,14.29,0,7,8,0.1890,0.6296,1.3704,N,N,08/2021,Analyst,false,false,true
Occupational Therapist,29-1122.00,Occupational Therapists,onet_transferable_skills,skill,2.B.3.l,Repairing,1.00,0.00,1,5,8,0.0000,1.0000,1.0000,N,,08/2021,Analyst,0.00,0.00,0,7,8,0.0000,0.0000,0.0000,N,Y,08/2021,Analyst,false,true,false
Occupational Therapist,29-1122.00,Occupational Therapists,onet_transferable_skills,skill,2.B.3.m,Quality Control Analysis,2.12,28.00,1,5,8,0.1250,1.8800,2.3700,N,,08/2021,Analyst,1.75,25.00,0,7,8,0.1637,1.4292,2.0708,N,N,08/2021,Analyst,false,false,true
Occupational Therapist,29-1122.00,Occupational Therapists,onet_transferable_skills,skill,2.B.4.e,Judgment and Decision Making,4.00,75.00,1,5,8,0.0000,4.0000,4.0000,N,,08/2021,Analyst,3.88,55.43,0,7,8,0.1250,3.6300,4.1200,N,N,08/2021,Analyst,false,false,true
Occupational Therapist,29-1122.00,Occupational Therapists,onet_transferable_skills,skill,2.B.4.g,Systems Analysis,3.12,53.00,1,5,8,0.1250,2.8800,3.3700,N,,08/2021,Analyst,3.12,44.57,0,7,8,0.1250,2.8800,3.3700,N,N,08/2021,Analyst,false,false,true
Occupational Therapist,29-1122.00,Occupational Therapists,onet_transferable_skills,skill,2.B.4.h,Systems Evaluation,3.12,53.00,1,5,8,0.1250,2.8800,3.3700,N,,08/2021,Analyst,3.12,44.57,0,7,8,0.1250,2.8800,3.3700,N,N,08/2021,Analyst,false,false,true
Occupational Therapist,29-1122.00,Occupational Therapists,onet_transferable_skills,skill,2.B.5.a,Time Management,3.75,68.75,1,5,8,0.1637,3.4292,4.0708,N,,08/2021,Analyst,3.88,55.43,0,7,8,0.1250,3.6300,4.1200,N,N,08/2021,Analyst,false,false,true
Occupational Therapist,29-1122.00,Occupational Therapists,onet_transferable_skills,skill,2.B.5.b,Management of Financial Resources,2.25,31.25,1,5,8,0.2500,1.7600,2.7400,N,,08/2021,Analyst,1.62,23.14,0,7,8,0.1830,1.2664,1.9836,N,N,08/2021,Analyst,false,false,true
Occupational Therapist,29-1122.00,Occupational Therapists,onet_transferable_skills,skill,2.B.5.c,Management of Material Resources,2.12,28.00,1,5,8,0.1250,1.8800,2.3700,N,,08/2021,Analyst,2.00,28.57,0,7,8,0.0000,2.0000,2.0000,N,N,08/2021,Analyst,false,false,true
Occupational Therapist,29-1122.00,Occupational Therapists,onet_transferable_skills,skill,2.B.5.d,Management of Personnel Resources,3.00,50.00,1,5,8,0.0000,3.0000,3.0000,N,,08/2021,Analyst,3.00,42.86,0,7,8,0.0000,3.0000,3.0000,N,N,08/2021,Analyst,false,false,true
Physiotherapist,29-1123.00,Physical Therapists,onet_transferable_skills,skill,2.B.1.a,Social Perceptiveness,4.00,75.00,1,5,8,0.0000,4.0000,4.0000,N,,08/2020,Analyst,4.00,57.14,0,7,8,0.0000,4.0000,4.0000,N,N,08/2020,Analyst,false,false,true
Physiotherapist,29-1123.00,Physical Therapists,onet_transferable_skills,skill,2.B.1.b,Coordination,3.25,56.25,1,5,8,0.1637,2.9292,3.5708,N,,08/2020,Analyst,3.75,53.57,0,7,8,0.1637,3.4292,4.0708,N,N,08/2020,Analyst,false,false,true
Physiotherapist,29-1123.00,Physical Therapists,onet_transferable_skills,skill,2.B.1.c,Persuasion,3.00,50.00,1,5,8,0.0000,3.0000,3.0000,N,,08/2020,Analyst,3.12,44.57,0,7,8,0.1250,2.8800,3.3700,N,N,08/2020,Analyst,false,false,true
Physiotherapist,29-1123.00,Physical Therapists,onet_transferable_skills,skill,2.B.1.d,Negotiation,3.00,50.00,1,5,8,0.0000,3.0000,3.0000,N,,08/2020,Analyst,3.00,42.86,0,7,8,0.1890,2.6296,3.3704,N,N,08/2020,Analyst,false,false,true
Physiotherapist,29-1123.00,Physical Therapists,onet_transferable_skills,skill,2.B.1.e,Instructing,3.38,59.50,1,5,8,0.1830,3.0164,3.7336,N,,08/2020,Analyst,3.62,51.71,0,7,8,0.1830,3.2664,3.9836,N,N,08/2020,Analyst,false,false,true
Physiotherapist,29-1123.00,Physical Therapists,onet_transferable_skills,skill,2.B.1.f,Service Orientation,4.00,75.00,1,5,8,0.0000,4.0000,4.0000,N,,08/2020,Analyst,4.00,57.14,0,7,8,0.0000,4.0000,4.0000,N,N,08/2020,Analyst,false,false,true
Physiotherapist,29-1123.00,Physical Therapists,onet_transferable_skills,skill,2.B.2.i,Complex Problem Solving,3.38,59.50,1,5,8,0.1830,3.0164,3.7336,N,,08/2020,Analyst,3.38,48.29,0,7,8,0.1830,3.0164,3.7336,N,N,08/2020,Analyst,false,false,true
Physiotherapist,29-1123.00,Physical Therapists,onet_transferable_skills,skill,2.B.3.a,Operations Analysis,2.75,43.75,1,5,8,0.1637,2.4292,3.0708,N,,08/2020,Analyst,2.75,39.29,0,7,8,0.1637,2.4292,3.0708,N,N,08/2020,Analyst,false,false,true
Physiotherapist,29-1123.00,Physical Therapists,onet_transferable_skills,skill,2.B.3.b,Technology Design,1.88,22.00,1,5,8,0.1250,1.6300,2.1200,N,,08/2020,Analyst,1.62,23.14,0,7,8,0.2631,1.1094,2.1406,N,N,08/2020,Analyst,false,false,true
Physiotherapist,29-1123.00,Physical Therapists,onet_transferable_skills,skill,2.B.3.c,Equipment Selection,1.75,18.75,1,5,8,0.1637,1.4292,2.0708,N,,08/2020,Analyst,0.88,12.57,0,7,8,0.2266,0.4309,1.3191,N,N,08/2020,Analyst,false,false,true
Physiotherapist,29-1123.00,Physical Therapists,onet_transferable_skills,skill,2.B.3.d,Installation,1.12,3.00,1,5,8,0.1250,1.0000,1.3700,N,,08/2020,Analyst,0.25,3.57,0,7,8,0.2500,0.0000,0.7400,N,Y,08/2020,Analyst,false,true,false
Physiotherapist,29-1123.00,Physical Therapists,onet_transferable_skills,skill,2.B.3.e,Programming,1.62,15.50,1,5,8,0.1830,1.2664,1.9836,N,,08/2020,Analyst,0.88,12.57,0,7,8,0.2950,0.2967,1.4533,N,N,08/2020,Analyst,false,false,true
Physiotherapist,29-1123.00,Physical Therapists,onet_transferable_skills,skill,2.B.3.g,Operations Monitoring,2.25,31.25,1,5,8,0.1637,1.9292,2.5708,N,,08/2020,Analyst,2.12,30.29,0,7,8,0.1250,1.8800,2.3700,N,N,08/2020,Analyst,false,false,true
Physiotherapist,29-1123.00,Physical Therapists,onet_transferable_skills,skill,2.B.3.h,Operation and Control,2.00,25.00,1,5,8,0.0000,2.0000,2.0000,N,,08/2020,Analyst,1.75,25.00,0,7,8,0.1637,1.4292,2.0708,N,N,08/2020,Analyst,false,false,true
Physiotherapist,29-1123.00,Physical Therapists,onet_transferable_skills,skill,2.B.3.j,Equipment Maintenance,1.38,9.50,1,5,8,0.1830,1.0164,1.7336,N,,08/2020,Analyst,0.62,8.86,0,7,8,0.3239,0.0000,1.2598,N,N,08/2020,Analyst,false,false,true
Physiotherapist,29-1123.00,Physical Therapists,onet_transferable_skills,skill,2.B.3.k,Troubleshooting,2.00,25.00,1,5,8,0.0000,2.0000,2.0000,N,,08/2020,Analyst,1.75,25.00,0,7,8,0.1637,1.4292,2.0708,N,N,08/2020,Analyst,false,false,true
Physiotherapist,29-1123.00,Physical Therapists,onet_transferable_skills,skill,2.B.3.l,Repairing,1.38,9.50,1,5,8,0.1830,1.0164,1.7336,N,,08/2020,Analyst,0.62,8.86,0,7,8,0.3239,0.0000,1.2598,N,N,08/2020,Analyst,false,false,true
Physiotherapist,29-1123.00,Physical Therapists,onet_transferable_skills,skill,2.B.3.m,Quality Control Analysis,2.00,25.00,1,5,8,0.0000,2.0000,2.0000,N,,08/2020,Analyst,1.88,26.86,0,7,8,0.1250,1.6300,2.1200,N,N,08/2020,Analyst,false,false,true
Physiotherapist,29-1123.00,Physical Therapists,onet_transferable_skills,skill,2.B.4.e,Judgment and Decision Making,3.75,68.75,1,5,8,0.1637,3.4292,4.0708,N,,08/2020,Analyst,3.88,55.43,0,7,8,0.1250,3.6300,4.1200,N,N,08/2020,Analyst,false,false,true
Physiotherapist,29-1123.00,Physical Therapists,onet_transferable_skills,skill,2.B.4.g,Systems Analysis,3.12,53.00,1,5,8,0.1250,2.8800,3.3700,N,,08/2020,Analyst,3.12,44.57,0,7,8,0.1250,2.8800,3.3700,N,N,08/2020,Analyst,false,false,true
Physiotherapist,29-1123.00,Physical Therapists,onet_transferable_skills,skill,2.B.4.h,Systems Evaluation,3.12,53.00,1,5,8,0.1250,2.8800,3.3700,N,,08/2020,Analyst,3.00,42.86,0,7,8,0.0000,3.0000,3.0000,N,N,08/2020,Analyst,false,false,true
Physiotherapist,29-1123.00,Physical Therapists,onet_transferable_skills,skill,2.B.5.a,Time Management,3.62,65.50,1,5,8,0.1830,3.2664,3.9836,N,,08/2020,Analyst,3.75,53.57,0,7,8,0.1637,3.4292,4.0708,N,N,08/2020,Analyst,false,false,true
Physiotherapist,29-1123.00,Physical Therapists,onet_transferable_skills,skill,2.B.5.b,Management of Financial Resources,2.00,25.00,1,5,8,0.0000,2.0000,2.0000,N,,08/2020,Analyst,1.12,16.00,0,7,8,0.1250,0.8800,1.3700,N,N,08/2020,Analyst,false,false,true
Physiotherapist,29-1123.00,Physical Therapists,onet_transferable_skills,skill,2.B.5.c,Management of Material Resources,2.00,25.00,1,5,8,0.0000,2.0000,2.0000,N,,08/2020,Analyst,1.50,21.43,0,7,8,0.1890,1.1296,1.8704,N,N,08/2020,Analyst,false,false,true
Physiotherapist,29-1123.00,Physical Therapists,onet_transferable_skills,skill,2.B.5.d,Management of Personnel Resources,2.88,47.00,1,5,8,0.1250,2.6300,3.1200,N,,08/2020,Analyst,3.12,44.57,0,7,8,0.1250,2.8800,3.3700,N,N,08/2020,Analyst,false,false,true
Registered Nurse (Acute Care),29-1141.01,Acute Care Nurses,onet_transferable_skills,skill,2.B.1.a,Social Perceptiveness,4.00,75.00,1,5,8,0.0000,4.0000,4.0000,N,,08/2025,Analyst,4.75,67.86,0,7,8,0.1637,4.4292,5.0708,N,N,08/2025,Analyst,false,false,true
Registered Nurse (Acute Care),29-1141.01,Acute Care Nurses,onet_transferable_skills,skill,2.B.1.b,Coordination,4.00,75.00,1,5,8,0.0000,4.0000,4.0000,N,,08/2025,Analyst,3.88,55.43,0,7,8,0.1250,3.6300,4.1200,N,N,08/2025,Analyst,false,false,true
Registered Nurse (Acute Care),29-1141.01,Acute Care Nurses,onet_transferable_skills,skill,2.B.1.c,Persuasion,3.12,53.00,1,5,8,0.1250,2.8800,3.3700,N,,08/2025,Analyst,3.25,46.43,0,7,8,0.1637,2.9292,3.5708,N,N,08/2025,Analyst,false,false,true
Registered Nurse (Acute Care),29-1141.01,Acute Care Nurses,onet_transferable_skills,skill,2.B.1.d,Negotiation,3.00,50.00,1,5,8,0.0000,3.0000,3.0000,N,,08/2025,Analyst,3.00,42.86,0,7,8,0.0000,3.0000,3.0000,N,N,08/2025,Analyst,false,false,true
Registered Nurse (Acute Care),29-1141.01,Acute Care Nurses,onet_transferable_skills,skill,2.B.1.e,Instructing,3.50,62.50,1,5,8,0.1890,3.1296,3.8704,N,,08/2025,Analyst,4.12,58.86,0,7,8,0.1250,3.8800,4.3700,N,N,08/2025,Analyst,false,false,true
Registered Nurse (Acute Care),29-1141.01,Acute Care Nurses,onet_transferable_skills,skill,2.B.1.f,Service Orientation,4.12,78.00,1,5,8,0.1250,3.8800,4.3700,N,,08/2025,Analyst,4.25,60.71,0,7,8,0.1637,3.9292,4.5708,N,N,08/2025,Analyst,false,false,true
Registered Nurse (Acute Care),29-1141.01,Acute Care Nurses,onet_transferable_skills,skill,2.B.2.i,Complex Problem Solving,4.00,75.00,1,5,8,0.0000,4.0000,4.0000,N,,08/2025,Analyst,3.50,50.00,0,7,8,0.1890,3.1296,3.8704,N,N,08/2025,Analyst,false,false,true
Registered Nurse (Acute Care),29-1141.01,Acute Care Nurses,onet_transferable_skills,skill,2.B.3.a,Operations Analysis,2.12,28.00,1,5,8,0.1250,1.8800,2.3700,N,,08/2025,Analyst,2.25,32.14,0,7,8,0.1637,1.9292,2.5708,N,N,08/2025,Analyst,false,false,true
Registered Nurse (Acute Care),29-1141.01,Acute Care Nurses,onet_transferable_skills,skill,2.B.3.b,Technology Design,1.88,22.00,1,5,8,0.1250,1.6300,2.1200,N,,08/2025,Analyst,1.38,19.71,0,7,8,0.2631,0.8594,1.8906,N,N,08/2025,Analyst,false,false,true
Registered Nurse (Acute Care),29-1141.01,Acute Care Nurses,onet_transferable_skills,skill,2.B.3.c,Equipment Selection,2.12,28.00,1,5,8,0.1250,1.8800,2.3700,N,,08/2025,Analyst,1.25,17.86,0,7,8,0.1637,0.9292,1.5708,N,N,08/2025,Analyst,false,false,true
Registered Nurse (Acute Care),29-1141.01,Acute Care Nurses,onet_transferable_skills,skill,2.B.3.d,Installation,1.00,0.00,1,5,8,0.0000,1.0000,1.0000,N,,08/2025,Analyst,0.00,0.00,0,7,8,0.0000,0.0000,0.0000,N,Y,08/2025,Analyst,false,true,false
Registered Nurse (Acute Care),29-1141.01,Acute Care Nurses,onet_transferable_skills,skill,2.B.3.e,Programming,1.38,9.50,1,5,8,0.1830,1.0164,1.7336,N,,08/2025,Analyst,0.50,7.14,0,7,8,0.2673,0.0000,1.0238,N,N,08/2025,Analyst,false,false,true
Registered Nurse (Acute Care),29-1141.01,Acute Care Nurses,onet_transferable_skills,skill,2.B.3.g,Operations Monitoring,3.00,50.00,1,5,8,0.0000,3.0000,3.0000,N,,08/2025,Analyst,3.12,44.57,0,7,8,0.1250,2.8800,3.3700,N,N,08/2025,Analyst,false,false,true
Registered Nurse (Acute Care),29-1141.01,Acute Care Nurses,onet_transferable_skills,skill,2.B.3.h,Operation and Control,2.75,43.75,1,5,8,0.1637,2.4292,3.0708,N,,08/2025,Analyst,2.88,41.14,0,7,8,0.1250,2.6300,3.1200,N,N,08/2025,Analyst,false,false,true
Registered Nurse (Acute Care),29-1141.01,Acute Care Nurses,onet_transferable_skills,skill,2.B.3.j,Equipment Maintenance,1.00,0.00,1,5,8,0.0000,1.0000,1.0000,N,,08/2025,Analyst,0.00,0.00,0,7,8,0.0000,0.0000,0.0000,N,Y,08/2025,Analyst,false,true,false
Registered Nurse (Acute Care),29-1141.01,Acute Care Nurses,onet_transferable_skills,skill,2.B.3.k,Troubleshooting,2.12,28.00,1,5,8,0.1250,1.8800,2.3700,N,,08/2025,Analyst,1.62,23.14,0,7,8,0.2631,1.1094,2.1406,N,N,08/2025,Analyst,false,false,true
Registered Nurse (Acute Care),29-1141.01,Acute Care Nurses,onet_transferable_skills,skill,2.B.3.l,Repairing,1.00,0.00,1,5,8,0.0000,1.0000,1.0000,N,,08/2025,Analyst,0.00,0.00,0,7,8,0.0000,0.0000,0.0000,N,Y,08/2025,Analyst,false,true,false
Registered Nurse (Acute Care),29-1141.01,Acute Care Nurses,onet_transferable_skills,skill,2.B.3.m,Quality Control Analysis,2.50,37.50,1,5,8,0.1890,2.1296,2.8704,N,,08/2025,Analyst,2.62,37.43,0,7,8,0.1830,2.2664,2.9836,N,N,08/2025,Analyst,false,false,true
Registered Nurse (Acute Care),29-1141.01,Acute Care Nurses,onet_transferable_skills,skill,2.B.4.e,Judgment and Decision Making,4.00,75.00,1,5,8,0.0000,4.0000,4.0000,N,,08/2025,Analyst,3.88,55.43,0,7,8,0.1250,3.6300,4.1200,N,N,08/2025,Analyst,false,false,true
Registered Nurse (Acute Care),29-1141.01,Acute Care Nurses,onet_transferable_skills,skill,2.B.4.g,Systems Analysis,3.00,50.00,1,5,8,0.0000,3.0000,3.0000,N,,08/2025,Analyst,3.00,42.86,0,7,8,0.0000,3.0000,3.0000,N,N,08/2025,Analyst,false,false,true
Registered Nurse (Acute Care),29-1141.01,Acute Care Nurses,onet_transferable_skills,skill,2.B.4.h,Systems Evaluation,3.12,53.00,1,5,8,0.1250,2.8800,3.3700,N,,08/2025,Analyst,3.38,48.29,0,7,8,0.1830,3.0164,3.7336,N,N,08/2025,Analyst,false,false,true
Registered Nurse (Acute Care),29-1141.01,Acute Care Nurses,onet_transferable_skills,skill,2.B.5.a,Time Management,3.50,62.50,1,5,8,0.1890,3.1296,3.8704,N,,08/2025,Analyst,3.38,48.29,0,7,8,0.1830,3.0164,3.7336,N,N,08/2025,Analyst,false,false,true
Registered Nurse (Acute Care),29-1141.01,Acute Care Nurses,onet_transferable_skills,skill,2.B.5.b,Management of Financial Resources,2.00,25.00,1,5,8,0.1890,1.6296,2.3704,N,,08/2025,Analyst,1.50,21.43,0,7,8,0.2673,0.9762,2.0238,N,N,08/2025,Analyst,false,false,true
Registered Nurse (Acute Care),29-1141.01,Acute Care Nurses,onet_transferable_skills,skill,2.B.5.c,Management of Material Resources,2.12,28.00,1,5,8,0.1250,1.8800,2.3700,N,,08/2025,Analyst,1.75,25.00,0,7,8,0.1637,1.4292,2.0708,N,N,08/2025,Analyst,false,false,true
Registered Nurse (Acute Care),29-1141.01,Acute Care Nurses,onet_transferable_skills,skill,2.B.5.d,Management of Personnel Resources,3.12,53.00,1,5,8,0.1250,2.8800,3.3700,N,,08/2025,Analyst,3.00,42.86,0,7,8,0.0000,3.0000,3.0000,N,N,08/2025,Analyst,false,false,true
Human Resources Adviser,13-1071.00,Human Resources Specialists,onet_knowledge,knowledge,2.C.1.a,Administration and Management,3.83,70.75,1,5,41,0.1560,3.5172,4.1479,N,,08/2019,Incumbent,3.91,55.86,0,7,41,0.1326,3.6387,4.1748,N,N,08/2019,Incumbent,false,false,true
Recruitment Consultant,13-1071.00,Human Resources Specialists,onet_knowledge,knowledge,2.C.1.a,Administration and Management,3.83,70.75,1,5,41,0.1560,3.5172,4.1479,N,,08/2019,Incumbent,3.91,55.86,0,7,41,0.1326,3.6387,4.1748,N,N,08/2019,Incumbent,false,false,true
Human Resources Adviser,13-1071.00,Human Resources Specialists,onet_knowledge,knowledge,2.C.1.b,Administrative,3.94,73.50,1,5,41,0.1808,3.5782,4.3089,N,,08/2019,Incumbent,5.27,75.29,0,7,41,0.2809,4.7046,5.8402,N,N,08/2019,Incumbent,false,false,true
Recruitment Consultant,13-1071.00,Human Resources Specialists,onet_knowledge,knowledge,2.C.1.b,Administrative,3.94,73.50,1,5,41,0.1808,3.5782,4.3089,N,,08/2019,Incumbent,5.27,75.29,0,7,41,0.2809,4.7046,5.8402,N,N,08/2019,Incumbent,false,false,true
Human Resources Adviser,13-1071.00,Human Resources Specialists,onet_knowledge,knowledge,2.C.1.c,Economics and Accounting,1.81,20.25,1,5,41,0.2831,1.2428,2.3871,N,,08/2019,Incumbent,1.20,17.14,0,7,41,0.4152,0.3585,2.0369,N,N,08/2019,Incumbent,false,false,true
Recruitment Consultant,13-1071.00,Human Resources Specialists,onet_knowledge,knowledge,2.C.1.c,Economics and Accounting,1.81,20.25,1,5,41,0.2831,1.2428,2.3871,N,,08/2019,Incumbent,1.20,17.14,0,7,41,0.4152,0.3585,2.0369,N,N,08/2019,Incumbent,false,false,true
Human Resources Adviser,13-1071.00,Human Resources Specialists,onet_knowledge,knowledge,2.C.1.d,Sales and Marketing,1.62,15.50,1,5,40,0.2469,1.1159,2.1147,N,,08/2019,Incumbent,1.08,15.43,0,7,40,0.4396,0.1900,1.9682,N,N,08/2019,Incumbent,false,false,true
Recruitment Consultant,13-1071.00,Human Resources Specialists,onet_knowledge,knowledge,2.C.1.d,Sales and Marketing,1.62,15.50,1,5,40,0.2469,1.1159,2.1147,N,,08/2019,Incumbent,1.08,15.43,0,7,40,0.4396,0.1900,1.9682,N,N,08/2019,Incumbent,false,false,true
Human Resources Adviser,13-1071.00,Human Resources Specialists,onet_knowledge,knowledge,2.C.1.e,Customer and Personal Service,3.49,62.25,1,5,40,0.7308,2.0132,4.9696,N,,08/2019,Incumbent,3.72,53.14,0,7,41,0.9772,1.7446,5.6946,N,N,08/2019,Incumbent,false,false,true
Recruitment Consultant,13-1071.00,Human Resources Specialists,onet_knowledge,knowledge,2.C.1.e,Customer and Personal Service,3.49,62.25,1,5,40,0.7308,2.0132,4.9696,N,,08/2019,Incumbent,3.72,53.14,0,7,41,0.9772,1.7446,5.6946,N,N,08/2019,Incumbent,false,false,true
Human Resources Adviser,13-1071.00,Human Resources Specialists,onet_knowledge,knowledge,2.C.1.f,Personnel and Human Resources,4.62,90.50,1,5,39,0.2125,4.1901,5.0000,N,,08/2019,Incumbent,5.67,81.00,0,7,41,0.4455,4.7699,6.5705,N,N,08/2019,Incumbent,false,false,true
Recruitment Consultant,13-1071.00,Human Resources Specialists,onet_knowledge,knowledge,2.C.1.f,Personnel and Human Resources,4.62,90.50,1,5,39,0.2125,4.1901,5.0000,N,,08/2019,Incumbent,5.67,81.00,0,7,41,0.4455,4.7699,6.5705,N,N,08/2019,Incumbent,false,false,true
Human Resources Adviser,13-1071.00,Human Resources Specialists,onet_knowledge,knowledge,2.C.2.a,Production and Processing,1.39,9.75,1,5,40,0.1721,1.0419,1.7380,N,,08/2019,Incumbent,0.72,10.29,0,7,41,0.3110,0.0952,1.3523,N,Y,08/2019,Incumbent,false,true,false
Recruitment Consultant,13-1071.00,Human Resources Specialists,onet_knowledge,knowledge,2.C.2.a,Production and Processing,1.39,9.75,1,5,40,0.1721,1.0419,1.7380,N,,08/2019,Incumbent,0.72,10.29,0,7,41,0.3110,0.0952,1.3523,N,Y,08/2019,Incumbent,false,true,false
Human Resources Adviser,13-1071.00,Human Resources Specialists,onet_knowledge,knowledge,2.C.2.b,Food Production,1.08,2.00,1,5,41,0.0838,1.0000,1.2515,N,,08/2019,Incumbent,0.11,1.57,0,7,41,0.1118,0.0000,0.3353,Y,Y,08/2019,Incumbent,true,true,false
Recruitment Consultant,13-1071.00,Human Resources Specialists,onet_knowledge,knowledge,2.C.2.b,Food Production,1.08,2.00,1,5,41,0.0838,1.0000,1.2515,N,,08/2019,Incumbent,0.11,1.57,0,7,41,0.1118,0.0000,0.3353,Y,Y,08/2019,Incumbent,true,true,false
Human Resources Adviser,13-1071.00,Human Resources Specialists,onet_knowledge,knowledge,2.C.3.a,Computers and Electronics,2.67,41.75,1,5,41,0.4624,1.7308,3.5999,N,,08/2019,Incumbent,2.80,40.00,0,7,41,0.7704,1.2463,4.3604,N,N,08/2019,Incumbent,false,false,true
Recruitment Consultant,13-1071.00,Human Resources Specialists,onet_knowledge,knowledge,2.C.3.a,Computers and Electronics,2.67,41.75,1,5,41,0.4624,1.7308,3.5999,N,,08/2019,Incumbent,2.80,40.00,0,7,41,0.7704,1.2463,4.3604,N,N,08/2019,Incumbent,false,false,true
Human Resources Adviser,13-1071.00,Human Resources Specialists,onet_knowledge,knowledge,2.C.3.b,Engineering and Technology,1.23,5.75,1,5,40,0.1282,1.0000,1.4905,N,,08/2019,Incumbent,0.45,6.43,0,7,40,0.2520,0.0000,0.9647,Y,Y,08/2019,Incumbent,true,true,false
Recruitment Consultant,13-1071.00,Human Resources Specialists,onet_knowledge,knowledge,2.C.3.b,Engineering and Technology,1.23,5.75,1,5,40,0.1282,1.0000,1.4905,N,,08/2019,Incumbent,0.45,6.43,0,7,40,0.2520,0.0000,0.9647,Y,Y,08/2019,Incumbent,true,true,false
Human Resources Adviser,13-1071.00,Human Resources Specialists,onet_knowledge,knowledge,2.C.3.c,Design,1.22,5.50,1,5,41,0.1148,1.0000,1.4493,N,,08/2019,Incumbent,0.36,5.14,0,7,41,0.1968,0.0000,0.7594,Y,Y,08/2019,Incumbent,true,true,false
Recruitment Consultant,13-1071.00,Human Resources Specialists,onet_knowledge,knowledge,2.C.3.c,Design,1.22,5.50,1,5,41,0.1148,1.0000,1.4493,N,,08/2019,Incumbent,0.36,5.14,0,7,41,0.1968,0.0000,0.7594,Y,Y,08/2019,Incumbent,true,true,false
Human Resources Adviser,13-1071.00,Human Resources Specialists,onet_knowledge,knowledge,2.C.3.d,Building and Construction,1.10,2.50,1,5,41,0.0437,1.0107,1.1873,N,,08/2019,Incumbent,0.10,1.43,0,7,41,0.0519,0.0000,0.2085,N,Y,08/2019,Incumbent,false,true,false
Recruitment Consultant,13-1071.00,Human Resources Specialists,onet_knowledge,knowledge,2.C.3.d,Building and Construction,1.10,2.50,1,5,41,0.0437,1.0107,1.1873,N,,08/2019,Incumbent,0.10,1.43,0,7,41,0.0519,0.0000,0.2085,N,Y,08/2019,Incumbent,false,true,false
Human Resources Adviser,13-1071.00,Human Resources Specialists,onet_knowledge,knowledge,2.C.3.e,Mechanical,1.08,2.00,1,5,40,0.0446,1.0000,1.1706,N,,08/2019,Incumbent,0.11,1.57,0,7,40,0.0526,0.0047,0.2174,N,Y,08/2019,Incumbent,false,true,false
Recruitment Consultant,13-1071.00,Human Resources Specialists,onet_knowledge,knowledge,2.C.3.e,Mechanical,1.08,2.00,1,5,40,0.0446,1.0000,1.1706,N,,08/2019,Incumbent,0.11,1.57,0,7,40,0.0526,0.0047,0.2174,N,Y,08/2019,Incumbent,false,true,false
Human Resources Adviser,13-1071.00,Human Resources Specialists,onet_knowledge,knowledge,2.C.4.a,Mathematics,2.33,33.25,1,5,39,0.4046,1.5090,3.1473,N,,08/2019,Incumbent,2.53,36.14,0,7,41,0.7027,1.1092,3.9496,N,N,08/2019,Incumbent,false,false,true
Recruitment Consultant,13-1071.00,Human Resources Specialists,onet_knowledge,knowledge,2.C.4.a,Mathematics,2.33,33.25,1,5,39,0.4046,1.5090,3.1473,N,,08/2019,Incumbent,2.53,36.14,0,7,41,0.7027,1.1092,3.9496,N,N,08/2019,Incumbent,false,false,true
Human Resources Adviser,13-1071.00,Human Resources Specialists,onet_knowledge,knowledge,2.C.4.b,Physics,1.04,1.00,1,5,41,0.0295,1.0000,1.0964,N,,08/2019,Incumbent,0.05,0.71,0,7,41,0.0442,0.0000,0.1441,Y,Y,08/2019,Incumbent,true,true,false
Recruitment Consultant,13-1071.00,Human Resources Specialists,onet_knowledge,knowledge,2.C.4.b,Physics,1.04,1.00,1,5,41,0.0295,1.0000,1.0964,N,,08/2019,Incumbent,0.05,0.71,0,7,41,0.0442,0.0000,0.1441,Y,Y,08/2019,Incumbent,true,true,false
Human Resources Adviser,13-1071.00,Human Resources Specialists,onet_knowledge,knowledge,2.C.4.c,Chemistry,1.09,2.25,1,5,41,0.0638,1.0000,1.2177,N,,08/2019,Incumbent,0.19,2.71,0,7,41,0.1401,0.0000,0.4737,Y,Y,08/2019,Incumbent,true,true,false
Recruitment Consultant,13-1071.00,Human Resources Specialists,onet_knowledge,knowledge,2.C.4.c,Chemistry,1.09,2.25,1,5,41,0.0638,1.0000,1.2177,N,,08/2019,Incumbent,0.19,2.71,0,7,41,0.1401,0.0000,0.4737,Y,Y,08/2019,Incumbent,true,true,false
Human Resources Adviser,13-1071.00,Human Resources Specialists,onet_knowledge,knowledge,2.C.4.d,Biology,1.05,1.25,1,5,41,0.0550,1.0000,1.1637,N,,08/2019,Incumbent,0.09,1.29,0,7,41,0.0962,0.0000,0.2865,Y,Y,08/2019,Incumbent,true,true,false
Recruitment Consultant,13-1071.00,Human Resources Specialists,onet_knowledge,knowledge,2.C.4.d,Biology,1.05,1.25,1,5,41,0.0550,1.0000,1.1637,N,,08/2019,Incumbent,0.09,1.29,0,7,41,0.0962,0.0000,0.2865,Y,Y,08/2019,Incumbent,true,true,false
Human Resources Adviser,13-1071.00,Human Resources Specialists,onet_knowledge,knowledge,2.C.4.e,Psychology,2.19,29.75,1,5,41,0.1293,1.9251,2.4476,N,,08/2019,Incumbent,2.63,37.57,0,7,41,0.4175,1.7854,3.4732,N,N,08/2019,Incumbent,false,false,true
Recruitment Consultant,13-1071.00,Human Resources Specialists,onet_knowledge,knowledge,2.C.4.e,Psychology,2.19,29.75,1,5,41,0.1293,1.9251,2.4476,N,,08/2019,Incumbent,2.63,37.57,0,7,41,0.4175,1.7854,3.4732,N,N,08/2019,Incumbent,false,false,true
Human Resources Adviser,13-1071.00,Human Resources Specialists,onet_knowledge,knowledge,2.C.4.f,Sociology and Anthropology,1.64,16.00,1,5,41,0.2135,1.2110,2.0738,N,,08/2019,Incumbent,1.08,15.43,0,7,40,0.3774,0.3210,1.8477,N,N,08/2019,Incumbent,false,false,true
Recruitment Consultant,13-1071.00,Human Resources Specialists,onet_knowledge,knowledge,2.C.4.f,Sociology and Anthropology,1.64,16.00,1,5,41,0.2135,1.2110,2.0738,N,,08/2019,Incumbent,1.08,15.43,0,7,40,0.3774,0.3210,1.8477,N,N,08/2019,Incumbent,false,false,true
Human Resources Adviser,13-1071.00,Human Resources Specialists,onet_knowledge,knowledge,2.C.4.g,Geography,1.25,6.25,1,5,41,0.1052,1.0379,1.4632,N,,08/2019,Incumbent,0.57,8.14,0,7,41,0.2269,0.1134,1.0305,N,Y,08/2019,Incumbent,false,true,false
Recruitment Consultant,13-1071.00,Human Resources Specialists,onet_knowledge,knowledge,2.C.4.g,Geography,1.25,6.25,1,5,41,0.1052,1.0379,1.4632,N,,08/2019,Incumbent,0.57,8.14,0,7,41,0.2269,0.1134,1.0305,N,Y,08/2019,Incumbent,false,true,false
Human Resources Adviser,13-1071.00,Human Resources Specialists,onet_knowledge,knowledge,2.C.5.a,Medicine and Dentistry,1.13,3.25,1,5,41,0.0583,1.0143,1.2500,N,,08/2019,Incumbent,0.22,3.14,0,7,41,0.1014,0.0170,0.4268,N,Y,08/2019,Incumbent,false,true,false
Recruitment Consultant,13-1071.00,Human Resources Specialists,onet_knowledge,knowledge,2.C.5.a,Medicine and Dentistry,1.13,3.25,1,5,41,0.0583,1.0143,1.2500,N,,08/2019,Incumbent,0.22,3.14,0,7,41,0.1014,0.0170,0.4268,N,Y,08/2019,Incumbent,false,true,false
Human Resources Adviser,13-1071.00,Human Resources Specialists,onet_knowledge,knowledge,2.C.5.b,Therapy and Counseling,1.68,17.00,1,5,41,0.1225,1.4347,1.9300,N,,08/2019,Incumbent,1.89,27.00,0,7,41,0.5807,0.7213,3.0684,N,N,08/2019,Incumbent,false,false,true
Recruitment Consultant,13-1071.00,Human Resources Specialists,onet_knowledge,knowledge,2.C.5.b,Therapy and Counseling,1.68,17.00,1,5,41,0.1225,1.4347,1.9300,N,,08/2019,Incumbent,1.89,27.00,0,7,41,0.5807,0.7213,3.0684,N,N,08/2019,Incumbent,false,false,true
Human Resources Adviser,13-1071.00,Human Resources Specialists,onet_knowledge,knowledge,2.C.6,Education and Training,3.07,51.75,1,5,41,0.3171,2.4295,3.7112,N,,08/2019,Incumbent,4.02,57.43,0,7,41,0.6095,2.7831,5.2470,N,N,08/2019,Incumbent,false,false,true
Recruitment Consultant,13-1071.00,Human Resources Specialists,onet_knowledge,knowledge,2.C.6,Education and Training,3.07,51.75,1,5,41,0.3171,2.4295,3.7112,N,,08/2019,Incumbent,4.02,57.43,0,7,41,0.6095,2.7831,5.2470,N,N,08/2019,Incumbent,false,false,true
Human Resources Adviser,13-1071.00,Human Resources Specialists,onet_knowledge,knowledge,2.C.7.a,English Language,3.81,70.25,1,5,41,0.2670,3.2752,4.3544,N,,08/2019,Incumbent,3.62,51.71,0,7,41,0.1980,3.2174,4.0178,N,N,08/2019,Incumbent,false,false,true
Recruitment Consultant,13-1071.00,Human Resources Specialists,onet_knowledge,knowledge,2.C.7.a,English Language,3.81,70.25,1,5,41,0.2670,3.2752,4.3544,N,,08/2019,Incumbent,3.62,51.71,0,7,41,0.1980,3.2174,4.0178,N,N,08/2019,Incumbent,false,false,true
Human Resources Adviser,13-1071.00,Human Resources Specialists,onet_knowledge,knowledge,2.C.7.b,Foreign Language,1.35,8.75,1,5,40,0.1788,1.0000,1.7074,N,,08/2019,Incumbent,0.45,6.43,0,7,40,0.2331,0.0000,0.9221,Y,Y,08/2019,Incumbent,true,true,false
Recruitment Consultant,13-1071.00,Human Resources Specialists,onet_knowledge,knowledge,2.C.7.b,Foreign Language,1.35,8.75,1,5,40,0.1788,1.0000,1.7074,N,,08/2019,Incumbent,0.45,6.43,0,7,40,0.2331,0.0000,0.9221,Y,Y,08/2019,Incumbent,true,true,false
Human Resources Adviser,13-1071.00,Human Resources Specialists,onet_knowledge,knowledge,2.C.7.c,Fine Arts,1.02,0.50,1,5,40,0.0172,1.0000,1.0540,N,,08/2019,Incumbent,0.02,0.29,0,7,40,0.0183,0.0000,0.0591,Y,Y,08/2019,Incumbent,true,true,false
Recruitment Consultant,13-1071.00,Human Resources Specialists,onet_knowledge,knowledge,2.C.7.c,Fine Arts,1.02,0.50,1,5,40,0.0172,1.0000,1.0540,N,,08/2019,Incumbent,0.02,0.29,0,7,40,0.0183,0.0000,0.0591,Y,Y,08/2019,Incumbent,true,true,false
Human Resources Adviser,13-1071.00,Human Resources Specialists,onet_knowledge,knowledge,2.C.7.d,History and Archeology,1.07,1.75,1,5,40,0.0447,1.0000,1.1653,N,,08/2019,Incumbent,0.20,2.86,0,7,40,0.1267,0.0000,0.4603,Y,Y,08/2019,Incumbent,true,true,false
Recruitment Consultant,13-1071.00,Human Resources Specialists,onet_knowledge,knowledge,2.C.7.d,History and Archeology,1.07,1.75,1,5,40,0.0447,1.0000,1.1653,N,,08/2019,Incumbent,0.20,2.86,0,7,40,0.1267,0.0000,0.4603,Y,Y,08/2019,Incumbent,true,true,false
Human Resources Adviser,13-1071.00,Human Resources Specialists,onet_knowledge,knowledge,2.C.7.e,Philosophy and Theology,1.53,13.25,1,5,40,0.1513,1.2193,1.8315,N,,08/2019,Incumbent,1.90,27.14,0,7,40,0.6266,0.6287,3.1634,N,N,08/2019,Incumbent,false,false,true
Recruitment Consultant,13-1071.00,Human Resources Specialists,onet_knowledge,knowledge,2.C.7.e,Philosophy and Theology,1.53,13.25,1,5,40,0.1513,1.2193,1.8315,N,,08/2019,Incumbent,1.90,27.14,0,7,40,0.6266,0.6287,3.1634,N,N,08/2019,Incumbent,false,false,true
Human Resources Adviser,13-1071.00,Human Resources Specialists,onet_knowledge,knowledge,2.C.8.a,Public Safety and Security,2.19,29.75,1,5,39,0.2235,1.7391,2.6441,N,,08/2019,Incumbent,1.79,25.57,0,7,38,0.3470,1.0849,2.4910,N,N,08/2019,Incumbent,false,false,true
Recruitment Consultant,13-1071.00,Human Resources Specialists,onet_knowledge,knowledge,2.C.8.a,Public Safety and Security,2.19,29.75,1,5,39,0.2235,1.7391,2.6441,N,,08/2019,Incumbent,1.79,25.57,0,7,38,0.3470,1.0849,2.4910,N,N,08/2019,Incumbent,false,false,true
Human Resources Adviser,13-1071.00,Human Resources Specialists,onet_knowledge,knowledge,2.C.8.b,Law and Government,3.30,57.50,1,5,40,0.2962,2.6990,3.8974,N,,08/2019,Incumbent,2.96,42.29,0,7,40,0.2259,2.5060,3.4198,N,N,08/2019,Incumbent,false,false,true
Recruitment Consultant,13-1071.00,Human Resources Specialists,onet_knowledge,knowledge,2.C.8.b,Law and Government,3.30,57.50,1,5,40,0.2962,2.6990,3.8974,N,,08/2019,Incumbent,2.96,42.29,0,7,40,0.2259,2.5060,3.4198,N,N,08/2019,Incumbent,false,false,true
Human Resources Adviser,13-1071.00,Human Resources Specialists,onet_knowledge,knowledge,2.C.9.a,Telecommunications,1.98,24.50,1,5,39,0.2226,1.5330,2.4342,N,,08/2019,Incumbent,0.97,13.86,0,7,40,0.2341,0.4981,1.4452,N,N,08/2019,Incumbent,false,false,true
Recruitment Consultant,13-1071.00,Human Resources Specialists,onet_knowledge,knowledge,2.C.9.a,Telecommunications,1.98,24.50,1,5,39,0.2226,1.5330,2.4342,N,,08/2019,Incumbent,0.97,13.86,0,7,40,0.2341,0.4981,1.4452,N,N,08/2019,Incumbent,false,false,true
Human Resources Adviser,13-1071.00,Human Resources Specialists,onet_knowledge,knowledge,2.C.9.b,Communications and Media,2.54,38.50,1,5,39,0.2745,1.9819,3.0934,N,,08/2019,Incumbent,2.55,36.43,0,7,40,0.4058,1.7261,3.3676,N,N,08/2019,Incumbent,false,false,true
Recruitment Consultant,13-1071.00,Human Resources Specialists,onet_knowledge,knowledge,2.C.9.b,Communications and Media,2.54,38.50,1,5,39,0.2745,1.9819,3.0934,N,,08/2019,Incumbent,2.55,36.43,0,7,40,0.4058,1.7261,3.3676,N,N,08/2019,Incumbent,false,false,true
Human Resources Adviser,13-1071.00,Human Resources Specialists,onet_knowledge,knowledge,2.C.10,Transportation,1.35,8.75,1,5,41,0.1434,1.0591,1.6389,N,,08/2019,Incumbent,0.64,9.14,0,7,41,0.2686,0.0985,1.1843,N,Y,08/2019,Incumbent,false,true,false
Recruitment Consultant,13-1071.00,Human Resources Specialists,onet_knowledge,knowledge,2.C.10,Transportation,1.35,8.75,1,5,41,0.1434,1.0591,1.6389,N,,08/2019,Incumbent,0.64,9.14,0,7,41,0.2686,0.0985,1.1843,N,Y,08/2019,Incumbent,false,true,false
Workplace Relations Adviser,13-1075.00,Labor Relations Specialists,onet_knowledge,knowledge,2.C.1.a,Administration and Management,3.14,53.50,1,5,21,,,,,,08/2023,Occupational Expert,3.81,54.43,0,7,21,,,,,N,08/2023,Occupational Expert,,false,true
Workplace Relations Adviser,13-1075.00,Labor Relations Specialists,onet_knowledge,knowledge,2.C.1.b,Administrative,2.52,38.00,1,5,21,,,,,,08/2023,Occupational Expert,3.50,50.00,0,7,20,,,,,N,08/2023,Occupational Expert,,false,true
Workplace Relations Adviser,13-1075.00,Labor Relations Specialists,onet_knowledge,knowledge,2.C.1.c,Economics and Accounting,2.52,38.00,1,5,21,,,,,,08/2023,Occupational Expert,2.62,37.43,0,7,21,,,,,N,08/2023,Occupational Expert,,false,true
Workplace Relations Adviser,13-1075.00,Labor Relations Specialists,onet_knowledge,knowledge,2.C.1.d,Sales and Marketing,1.52,13.00,1,5,21,,,,,,08/2023,Occupational Expert,1.29,18.43,0,7,21,,,,,N,08/2023,Occupational Expert,,false,true
Workplace Relations Adviser,13-1075.00,Labor Relations Specialists,onet_knowledge,knowledge,2.C.1.e,Customer and Personal Service,2.70,42.50,1,5,20,,,,,,08/2023,Occupational Expert,3.70,52.86,0,7,20,,,,,N,08/2023,Occupational Expert,,false,true
Workplace Relations Adviser,13-1075.00,Labor Relations Specialists,onet_knowledge,knowledge,2.C.1.f,Personnel and Human Resources,4.05,76.25,1,5,19,,,,,,08/2023,Occupational Expert,4.90,70.00,0,7,20,,,,,N,08/2023,Occupational Expert,,false,true
Workplace Relations Adviser,13-1075.00,Labor Relations Specialists,onet_knowledge,knowledge,2.C.2.a,Production and Processing,1.86,21.50,1,5,21,,,,,,08/2023,Occupational Expert,1.90,27.14,0,7,21,,,,,N,08/2023,Occupational Expert,,false,true
Workplace Relations Adviser,13-1075.00,Labor Relations Specialists,onet_knowledge,knowledge,2.C.2.b,Food Production,1.19,4.75,1,5,21,,,,,,08/2023,Occupational Expert,0.43,6.14,0,7,21,,,,,Y,08/2023,Occupational Expert,,true,false
Workplace Relations Adviser,13-1075.00,Labor Relations Specialists,onet_knowledge,knowledge,2.C.3.a,Computers and Electronics,2.67,41.75,1,5,21,,,,,,08/2023,Occupational Expert,3.33,47.57,0,7,21,,,,,N,08/2023,Occupational Expert,,false,true
Workplace Relations Adviser,13-1075.00,Labor Relations Specialists,onet_knowledge,knowledge,2.C.3.b,Engineering and Technology,1.38,9.50,1,5,21,,,,,,08/2023,Occupational Expert,0.76,10.86,0,7,21,,,,,Y,08/2023,Occupational Expert,,true,false
Workplace Relations Adviser,13-1075.00,Labor Relations Specialists,onet_knowledge,knowledge,2.C.3.c,Design,1.38,9.50,1,5,21,,,,,,08/2023,Occupational Expert,0.81,11.57,0,7,21,,,,,Y,08/2023,Occupational Expert,,true,false
Workplace Relations Adviser,13-1075.00,Labor Relations Specialists,onet_knowledge,knowledge,2.C.3.d,Building and Construction,1.57,14.25,1,5,21,,,,,,08/2023,Occupational Expert,0.90,12.86,0,7,21,,,,,Y,08/2023,Occupational Expert,,true,false
Workplace Relations Adviser,13-1075.00,Labor Relations Specialists,onet_knowledge,knowledge,2.C.3.e,Mechanical,1.45,11.25,1,5,20,,,,,,08/2023,Occupational Expert,0.75,10.71,0,7,20,,,,,Y,08/2023,Occupational Expert,,true,false
Workplace Relations Adviser,13-1075.00,Labor Relations Specialists,onet_knowledge,knowledge,2.C.4.a,Mathematics,2.63,40.75,1,5,19,,,,,,08/2023,Occupational Expert,3.45,49.29,0,7,20,,,,,N,08/2023,Occupational Expert,,false,true
Workplace Relations Adviser,13-1075.00,Labor Relations Specialists,onet_knowledge,knowledge,2.C.4.b,Physics,1.15,3.75,1,5,20,,,,,,08/2023,Occupational Expert,0.30,4.29,0,7,20,,,,,Y,08/2023,Occupational Expert,,true,false
Workplace Relations Adviser,13-1075.00,Labor Relations Specialists,onet_knowledge,knowledge,2.C.4.c,Chemistry,1.25,6.25,1,5,20,,,,,,08/2023,Occupational Expert,0.45,6.43,0,7,20,,,,,Y,08/2023,Occupational Expert,,true,false
Workplace Relations Adviser,13-1075.00,Labor Relations Specialists,onet_knowledge,knowledge,2.C.4.d,Biology,1.11,2.75,1,5,19,,,,,,08/2023,Occupational Expert,0.21,3.00,0,7,19,,,,,Y,08/2023,Occupational Expert,,true,false
Workplace Relations Adviser,13-1075.00,Labor Relations Specialists,onet_knowledge,knowledge,2.C.4.e,Psychology,2.35,33.75,1,5,20,,,,,,08/2023,Occupational Expert,3.15,45.00,0,7,20,,,,,N,08/2023,Occupational Expert,,false,true
Workplace Relations Adviser,13-1075.00,Labor Relations Specialists,onet_knowledge,knowledge,2.C.4.f,Sociology and Anthropology,2.45,36.25,1,5,20,,,,,,08/2023,Occupational Expert,3.00,42.86,0,7,20,,,,,N,08/2023,Occupational Expert,,false,true
Workplace Relations Adviser,13-1075.00,Labor Relations Specialists,onet_knowledge,knowledge,2.C.4.g,Geography,1.50,12.50,1,5,20,,,,,,08/2023,Occupational Expert,1.10,15.71,0,7,20,,,,,N,08/2023,Occupational Expert,,false,true
Workplace Relations Adviser,13-1075.00,Labor Relations Specialists,onet_knowledge,knowledge,2.C.5.a,Medicine and Dentistry,1.35,8.75,1,5,20,,,,,,08/2023,Occupational Expert,0.60,8.57,0,7,20,,,,,Y,08/2023,Occupational Expert,,true,false
Workplace Relations Adviser,13-1075.00,Labor Relations Specialists,onet_knowledge,knowledge,2.C.5.b,Therapy and Counseling,1.95,23.75,1,5,20,,,,,,08/2023,Occupational Expert,2.35,33.57,0,7,20,,,,,N,08/2023,Occupational Expert,,false,true
Workplace Relations Adviser,13-1075.00,Labor Relations Specialists,onet_knowledge,knowledge,2.C.6,Education and Training,2.85,46.25,1,5,20,,,,,,08/2023,Occupational Expert,3.95,56.43,0,7,21,,,,,N,08/2023,Occupational Expert,,false,true
Workplace Relations Adviser,13-1075.00,Labor Relations Specialists,onet_knowledge,knowledge,2.C.7.a,English Language,3.68,67.00,1,5,19,,,,,,08/2023,Occupational Expert,4.30,61.43,0,7,20,,,,,N,08/2023,Occupational Expert,,false,true
Workplace Relations Adviser,13-1075.00,Labor Relations Specialists,onet_knowledge,knowledge,2.C.7.b,Foreign Language,1.76,19.00,1,5,21,,,,,,08/2023,Occupational Expert,1.52,21.71,0,7,21,,,,,N,08/2023,Occupational Expert,,false,true
Workplace Relations Adviser,13-1075.00,Labor Relations Specialists,onet_knowledge,knowledge,2.C.7.c,Fine Arts,1.24,6.00,1,5,21,,,,,,08/2023,Occupational Expert,0.43,6.14,0,7,21,,,,,Y,08/2023,Occupational Expert,,true,false
Workplace Relations Adviser,13-1075.00,Labor Relations Specialists,onet_knowledge,knowledge,2.C.7.d,History and Archeology,1.80,20.00,1,5,20,,,,,,08/2023,Occupational Expert,1.70,24.29,0,7,20,,,,,N,08/2023,Occupational Expert,,false,true
Workplace Relations Adviser,13-1075.00,Labor Relations Specialists,onet_knowledge,knowledge,2.C.7.e,Philosophy and Theology,1.81,20.25,1,5,21,,,,,,08/2023,Occupational Expert,1.48,21.14,0,7,21,,,,,N,08/2023,Occupational Expert,,false,true
Workplace Relations Adviser,13-1075.00,Labor Relations Specialists,onet_knowledge,knowledge,2.C.8.a,Public Safety and Security,2.58,39.50,1,5,19,,,,,,08/2023,Occupational Expert,2.90,41.43,0,7,20,,,,,N,08/2023,Occupational Expert,,false,true
Workplace Relations Adviser,13-1075.00,Labor Relations Specialists,onet_knowledge,knowledge,2.C.8.b,Law and Government,3.61,65.25,1,5,18,,,,,,08/2023,Occupational Expert,4.11,58.71,0,7,19,,,,,N,08/2023,Occupational Expert,,false,true
Workplace Relations Adviser,13-1075.00,Labor Relations Specialists,onet_knowledge,knowledge,2.C.9.a,Telecommunications,1.90,22.50,1,5,20,,,,,,08/2023,Occupational Expert,1.60,22.86,0,7,20,,,,,N,08/2023,Occupational Expert,,false,true
Workplace Relations Adviser,13-1075.00,Labor Relations Specialists,onet_knowledge,knowledge,2.C.9.b,Communications and Media,2.40,35.00,1,5,20,,,,,,08/2023,Occupational Expert,2.45,35.00,0,7,20,,,,,N,08/2023,Occupational Expert,,false,true
Workplace Relations Adviser,13-1075.00,Labor Relations Specialists,onet_knowledge,knowledge,2.C.10,Transportation,1.80,20.00,1,5,20,,,,,,08/2023,Occupational Expert,1.50,21.43,0,7,20,,,,,N,08/2023,Occupational Expert,,false,true
Supply Chain Analyst,13-1081.02,Logistics Analysts,onet_knowledge,knowledge,2.C.1.a,Administration and Management,3.50,62.50,1,5,22,,,,,,08/2020,Occupational Expert,4.14,59.14,0,7,22,,,,,N,08/2020,Occupational Expert,,false,true
Supply Chain Analyst,13-1081.02,Logistics Analysts,onet_knowledge,knowledge,2.C.1.b,Administrative,3.05,51.25,1,5,22,,,,,,08/2020,Occupational Expert,4.36,62.29,0,7,22,,,,,N,08/2020,Occupational Expert,,false,true
Supply Chain Analyst,13-1081.02,Logistics Analysts,onet_knowledge,knowledge,2.C.1.c,Economics and Accounting,2.50,37.50,1,5,22,,,,,,08/2020,Occupational Expert,2.68,38.29,0,7,22,,,,,N,08/2020,Occupational Expert,,false,true
Supply Chain Analyst,13-1081.02,Logistics Analysts,onet_knowledge,knowledge,2.C.1.d,Sales and Marketing,1.77,19.25,1,5,22,,,,,,08/2020,Occupational Expert,1.59,22.71,0,7,22,,,,,N,08/2020,Occupational Expert,,false,true
Supply Chain Analyst,13-1081.02,Logistics Analysts,onet_knowledge,knowledge,2.C.1.e,Customer and Personal Service,3.45,61.25,1,5,22,,,,,,08/2020,Occupational Expert,4.27,61.00,0,7,22,,,,,N,08/2020,Occupational Expert,,false,true
Supply Chain Analyst,13-1081.02,Logistics Analysts,onet_knowledge,knowledge,2.C.1.f,Personnel and Human Resources,2.18,29.50,1,5,22,,,,,,08/2020,Occupational Expert,2.68,38.29,0,7,22,,,,,N,08/2020,Occupational Expert,,false,true
Supply Chain Analyst,13-1081.02,Logistics Analysts,onet_knowledge,knowledge,2.C.2.a,Production and Processing,3.05,51.25,1,5,22,,,,,,08/2020,Occupational Expert,3.68,52.57,0,7,22,,,,,N,08/2020,Occupational Expert,,false,true
Supply Chain Analyst,13-1081.02,Logistics Analysts,onet_knowledge,knowledge,2.C.2.b,Food Production,1.41,10.25,1,5,22,,,,,,08/2020,Occupational Expert,0.77,11.00,0,7,22,,,,,Y,08/2020,Occupational Expert,,true,false
Supply Chain Analyst,13-1081.02,Logistics Analysts,onet_knowledge,knowledge,2.C.3.a,Computers and Electronics,3.86,71.50,1,5,22,,,,,,08/2020,Occupational Expert,4.77,68.14,0,7,22,,,,,N,08/2020,Occupational Expert,,false,true
Supply Chain Analyst,13-1081.02,Logistics Analysts,onet_knowledge,knowledge,2.C.3.b,Engineering and Technology,2.41,35.25,1,5,22,,,,,,08/2020,Occupational Expert,2.82,40.29,0,7,22,,,,,N,08/2020,Occupational Expert,,false,true
Supply Chain Analyst,13-1081.02,Logistics Analysts,onet_knowledge,knowledge,2.C.3.c,Design,1.86,21.50,1,5,22,,,,,,08/2020,Occupational Expert,1.82,26.00,0,7,22,,,,,N,08/2020,Occupational Expert,,false,true
Supply Chain Analyst,13-1081.02,Logistics Analysts,onet_knowledge,knowledge,2.C.3.d,Building and Construction,1.45,11.25,1,5,22,,,,,,08/2020,Occupational Expert,0.95,13.57,0,7,22,,,,,N,08/2020,Occupational Expert,,false,true
Supply Chain Analyst,13-1081.02,Logistics Analysts,onet_knowledge,knowledge,2.C.3.e,Mechanical,1.95,23.75,1,5,22,,,,,,08/2020,Occupational Expert,1.77,25.29,0,7,22,,,,,N,08/2020,Occupational Expert,,false,true
Supply Chain Analyst,13-1081.02,Logistics Analysts,onet_knowledge,knowledge,2.C.4.a,Mathematics,3.62,65.50,1,5,21,,,,,,08/2020,Occupational Expert,4.95,70.71,0,7,21,,,,,N,08/2020,Occupational Expert,,false,true
Supply Chain Analyst,13-1081.02,Logistics Analysts,onet_knowledge,knowledge,2.C.4.b,Physics,1.73,18.25,1,5,22,,,,,,08/2020,Occupational Expert,1.27,18.14,0,7,22,,,,,N,08/2020,Occupational Expert,,false,true
Supply Chain Analyst,13-1081.02,Logistics Analysts,onet_knowledge,knowledge,2.C.4.c,Chemistry,1.45,11.25,1,5,22,,,,,,08/2020,Occupational Expert,0.91,13.00,0,7,22,,,,,N,08/2020,Occupational Expert,,false,true
Supply Chain Analyst,13-1081.02,Logistics Analysts,onet_knowledge,knowledge,2.C.4.d,Biology,1.32,8.00,1,5,22,,,,,,08/2020,Occupational Expert,0.73,10.43,0,7,22,,,,,N,08/2020,Occupational Expert,,false,true
Supply Chain Analyst,13-1081.02,Logistics Analysts,onet_knowledge,knowledge,2.C.4.e,Psychology,1.82,20.50,1,5,22,,,,,,08/2020,Occupational Expert,1.77,25.29,0,7,22,,,,,N,08/2020,Occupational Expert,,false,true
Supply Chain Analyst,13-1081.02,Logistics Analysts,onet_knowledge,knowledge,2.C.4.f,Sociology and Anthropology,1.59,14.75,1,5,22,,,,,,08/2020,Occupational Expert,1.59,22.71,0,7,22,,,,,N,08/2020,Occupational Expert,,false,true
Supply Chain Analyst,13-1081.02,Logistics Analysts,onet_knowledge,knowledge,2.C.4.g,Geography,3.05,51.25,1,5,21,,,,,,08/2020,Occupational Expert,3.64,52.00,0,7,22,,,,,N,08/2020,Occupational Expert,,false,true
Supply Chain Analyst,13-1081.02,Logistics Analysts,onet_knowledge,knowledge,2.C.5.a,Medicine and Dentistry,1.23,5.75,1,5,22,,,,,,08/2020,Occupational Expert,0.32,4.57,0,7,22,,,,,Y,08/2020,Occupational Expert,,true,false
Supply Chain Analyst,13-1081.02,Logistics Analysts,onet_knowledge,knowledge,2.C.5.b,Therapy and Counseling,1.41,10.25,1,5,22,,,,,,08/2020,Occupational Expert,0.86,12.29,0,7,22,,,,,N,08/2020,Occupational Expert,,false,true
Supply Chain Analyst,13-1081.02,Logistics Analysts,onet_knowledge,knowledge,2.C.6,Education and Training,3.14,53.50,1,5,22,,,,,,08/2020,Occupational Expert,4.05,57.86,0,7,22,,,,,N,08/2020,Occupational Expert,,false,true
Supply Chain Analyst,13-1081.02,Logistics Analysts,onet_knowledge,knowledge,2.C.7.a,English Language,4.18,79.50,1,5,22,,,,,,08/2020,Occupational Expert,4.27,61.00,0,7,22,,,,,N,08/2020,Occupational Expert,,false,true
Supply Chain Analyst,13-1081.02,Logistics Analysts,onet_knowledge,knowledge,2.C.7.b,Foreign Language,1.95,23.75,1,5,22,,,,,,08/2020,Occupational Expert,1.82,26.00,0,7,22,,,,,N,08/2020,Occupational Expert,,false,true
Supply Chain Analyst,13-1081.02,Logistics Analysts,onet_knowledge,knowledge,2.C.7.c,Fine Arts,1.09,2.25,1,5,22,,,,,,08/2020,Occupational Expert,0.23,3.29,0,7,22,,,,,Y,08/2020,Occupational Expert,,true,false
Supply Chain Analyst,13-1081.02,Logistics Analysts,onet_knowledge,knowledge,2.C.7.d,History and Archeology,1.41,10.25,1,5,22,,,,,,08/2020,Occupational Expert,0.95,13.57,0,7,22,,,,,N,08/2020,Occupational Expert,,false,true
Supply Chain Analyst,13-1081.02,Logistics Analysts,onet_knowledge,knowledge,2.C.7.e,Philosophy and Theology,1.45,11.25,1,5,22,,,,,,08/2020,Occupational Expert,1.23,17.57,0,7,22,,,,,N,08/2020,Occupational Expert,,false,true
Supply Chain Analyst,13-1081.02,Logistics Analysts,onet_knowledge,knowledge,2.C.8.a,Public Safety and Security,2.77,44.25,1,5,22,,,,,,08/2020,Occupational Expert,2.95,42.14,0,7,22,,,,,N,08/2020,Occupational Expert,,false,true
Supply Chain Analyst,13-1081.02,Logistics Analysts,onet_knowledge,knowledge,2.C.8.b,Law and Government,3.00,50.00,1,5,22,,,,,,08/2020,Occupational Expert,3.18,45.43,0,7,22,,,,,N,08/2020,Occupational Expert,,false,true
Supply Chain Analyst,13-1081.02,Logistics Analysts,onet_knowledge,knowledge,2.C.9.a,Telecommunications,2.77,44.25,1,5,22,,,,,,08/2020,Occupational Expert,2.14,30.57,0,7,22,,,,,N,08/2020,Occupational Expert,,false,true
Supply Chain Analyst,13-1081.02,Logistics Analysts,onet_knowledge,knowledge,2.C.9.b,Communications and Media,2.77,44.25,1,5,22,,,,,,08/2020,Occupational Expert,2.77,39.57,0,7,22,,,,,N,08/2020,Occupational Expert,,false,true
Supply Chain Analyst,13-1081.02,Logistics Analysts,onet_knowledge,knowledge,2.C.10,Transportation,3.82,70.50,1,5,22,,,,,,08/2020,Occupational Expert,3.73,53.29,0,7,22,,,,,N,08/2020,Occupational Expert,,false,true
Management Consultant,13-1111.00,Management Analysts,onet_knowledge,knowledge,2.C.1.a,Administration and Management,4.38,84.50,1,5,21,,,,,,08/2022,Occupational Expert,4.90,70.00,0,7,21,,,,,N,08/2022,Occupational Expert,,false,true
Management Consultant,13-1111.00,Management Analysts,onet_knowledge,knowledge,2.C.1.b,Administrative,2.81,45.25,1,5,21,,,,,,08/2022,Occupational Expert,4.29,61.29,0,7,21,,,,,N,08/2022,Occupational Expert,,false,true
Management Consultant,13-1111.00,Management Analysts,onet_knowledge,knowledge,2.C.1.c,Economics and Accounting,3.48,62.00,1,5,21,,,,,,08/2022,Occupational Expert,4.05,57.86,0,7,21,,,,,N,08/2022,Occupational Expert,,false,true
Management Consultant,13-1111.00,Management Analysts,onet_knowledge,knowledge,2.C.1.d,Sales and Marketing,3.30,57.50,1,5,20,,,,,,08/2022,Occupational Expert,4.45,63.57,0,7,20,,,,,N,08/2022,Occupational Expert,,false,true
Management Consultant,13-1111.00,Management Analysts,onet_knowledge,knowledge,2.C.1.e,Customer and Personal Service,4.00,75.00,1,5,21,,,,,,08/2022,Occupational Expert,5.29,75.57,0,7,21,,,,,N,08/2022,Occupational Expert,,false,true
Management Consultant,13-1111.00,Management Analysts,onet_knowledge,knowledge,2.C.1.f,Personnel and Human Resources,3.33,58.25,1,5,21,,,,,,08/2022,Occupational Expert,4.38,62.57,0,7,21,,,,,N,08/2022,Occupational Expert,,false,true
Management Consultant,13-1111.00,Management Analysts,onet_knowledge,knowledge,2.C.2.a,Production and Processing,2.90,47.50,1,5,21,,,,,,08/2022,Occupational Expert,3.71,53.00,0,7,21,,,,,N,08/2022,Occupational Expert,,false,true
Management Consultant,13-1111.00,Management Analysts,onet_knowledge,knowledge,2.C.2.b,Food Production,1.40,10.00,1,5,20,,,,,,08/2022,Occupational Expert,0.80,11.43,0,7,20,,,,,Y,08/2022,Occupational Expert,,true,false
Management Consultant,13-1111.00,Management Analysts,onet_knowledge,knowledge,2.C.3.a,Computers and Electronics,3.50,62.50,1,5,20,,,,,,08/2022,Occupational Expert,4.24,60.57,0,7,21,,,,,N,08/2022,Occupational Expert,,false,true
Management Consultant,13-1111.00,Management Analysts,onet_knowledge,knowledge,2.C.3.b,Engineering and Technology,2.10,27.50,1,5,21,,,,,,08/2022,Occupational Expert,2.19,31.29,0,7,21,,,,,N,08/2022,Occupational Expert,,false,true
Management Consultant,13-1111.00,Management Analysts,onet_knowledge,knowledge,2.C.3.c,Design,2.45,36.25,1,5,20,,,,,,08/2022,Occupational Expert,2.70,38.57,0,7,20,,,,,N,08/2022,Occupational Expert,,false,true
Management Consultant,13-1111.00,Management Analysts,onet_knowledge,knowledge,2.C.3.d,Building and Construction,1.71,17.75,1,5,21,,,,,,08/2022,Occupational Expert,1.48,21.14,0,7,21,,,,,N,08/2022,Occupational Expert,,false,true
Management Consultant,13-1111.00,Management Analysts,onet_knowledge,knowledge,2.C.3.e,Mechanical,1.60,15.00,1,5,20,,,,,,08/2022,Occupational Expert,1.60,22.86,0,7,20,,,,,N,08/2022,Occupational Expert,,false,true
Management Consultant,13-1111.00,Management Analysts,onet_knowledge,knowledge,2.C.4.a,Mathematics,3.62,65.50,1,5,21,,,,,,08/2022,Occupational Expert,4.57,65.29,0,7,21,,,,,N,08/2022,Occupational Expert,,false,true
Management Consultant,13-1111.00,Management Analysts,onet_knowledge,knowledge,2.C.4.b,Physics,1.43,10.75,1,5,21,,,,,,08/2022,Occupational Expert,1.00,14.29,0,7,21,,,,,Y,08/2022,Occupational Expert,,true,false
Management Consultant,13-1111.00,Management Analysts,onet_knowledge,knowledge,2.C.4.c,Chemistry,1.48,12.00,1,5,21,,,,,,08/2022,Occupational Expert,1.29,18.43,0,7,21,,,,,N,08/2022,Occupational Expert,,false,true
Management Consultant,13-1111.00,Management Analysts,onet_knowledge,knowledge,2.C.4.d,Biology,1.38,9.50,1,5,21,,,,,,08/2022,Occupational Expert,0.81,11.57,0,7,21,,,,,Y,08/2022,Occupational Expert,,true,false
Management Consultant,13-1111.00,Management Analysts,onet_knowledge,knowledge,2.C.4.e,Psychology,3.10,52.50,1,5,21,,,,,,08/2022,Occupational Expert,3.62,51.71,0,7,21,,,,,N,08/2022,Occupational Expert,,false,true
Management Consultant,13-1111.00,Management Analysts,onet_knowledge,knowledge,2.C.4.f,Sociology and Anthropology,3.00,50.00,1,5,21,,,,,,08/2022,Occupational Expert,3.90,55.71,0,7,21,,,,,N,08/2022,Occupational Expert,,false,true
Management Consultant,13-1111.00,Management Analysts,onet_knowledge,knowledge,2.C.4.g,Geography,2.40,35.00,1,5,20,,,,,,08/2022,Occupational Expert,2.71,38.71,0,7,21,,,,,N,08/2022,Occupational Expert,,false,true
Management Consultant,13-1111.00,Management Analysts,onet_knowledge,knowledge,2.C.5.a,Medicine and Dentistry,1.38,9.50,1,5,21,,,,,,08/2022,Occupational Expert,0.71,10.14,0,7,21,,,,,Y,08/2022,Occupational Expert,,true,false
Management Consultant,13-1111.00,Management Analysts,onet_knowledge,knowledge,2.C.5.b,Therapy and Counseling,2.14,28.50,1,5,21,,,,,,08/2022,Occupational Expert,2.29,32.71,0,7,21,,,,,N,08/2022,Occupational Expert,,false,true
Management Consultant,13-1111.00,Management Analysts,onet_knowledge,knowledge,2.C.6,Education and Training,3.60,65.00,1,5,20,,,,,,08/2022,Occupational Expert,5.25,75.00,0,7,20,,,,,N,08/2022,Occupational Expert,,false,true
Management Consultant,13-1111.00,Management Analysts,onet_knowledge,knowledge,2.C.7.a,English Language,4.71,92.75,1,5,21,,,,,,08/2022,Occupational Expert,5.33,76.14,0,7,21,,,,,N,08/2022,Occupational Expert,,false,true
Management Consultant,13-1111.00,Management Analysts,onet_knowledge,knowledge,2.C.7.b,Foreign Language,2.00,25.00,1,5,21,,,,,,08/2022,Occupational Expert,2.24,32.00,0,7,21,,,,,N,08/2022,Occupational Expert,,false,true
Management Consultant,13-1111.00,Management Analysts,onet_knowledge,knowledge,2.C.7.c,Fine Arts,1.38,9.50,1,5,21,,,,,,08/2022,Occupational Expert,0.95,13.57,0,7,21,,,,,N,08/2022,Occupational Expert,,false,true
Management Consultant,13-1111.00,Management Analysts,onet_knowledge,knowledge,2.C.7.d,History and Archeology,1.95,23.75,1,5,20,,,,,,08/2022,Occupational Expert,1.90,27.14,0,7,20,,,,,N,08/2022,Occupational Expert,,false,true
Management Consultant,13-1111.00,Management Analysts,onet_knowledge,knowledge,2.C.7.e,Philosophy and Theology,2.00,25.00,1,5,21,,,,,,08/2022,Occupational Expert,2.33,33.29,0,7,21,,,,,N,08/2022,Occupational Expert,,false,true
Management Consultant,13-1111.00,Management Analysts,onet_knowledge,knowledge,2.C.8.a,Public Safety and Security,2.65,41.25,1,5,20,,,,,,08/2022,Occupational Expert,3.10,44.29,0,7,21,,,,,N,08/2022,Occupational Expert,,false,true
Management Consultant,13-1111.00,Management Analysts,onet_knowledge,knowledge,2.C.8.b,Law and Government,3.33,58.25,1,5,21,,,,,,08/2022,Occupational Expert,3.48,49.71,0,7,21,,,,,N,08/2022,Occupational Expert,,false,true
Management Consultant,13-1111.00,Management Analysts,onet_knowledge,knowledge,2.C.9.a,Telecommunications,2.38,34.50,1,5,21,,,,,,08/2022,Occupational Expert,1.90,27.14,0,7,21,,,,,N,08/2022,Occupational Expert,,false,true
Management Consultant,13-1111.00,Management Analysts,onet_knowledge,knowledge,2.C.9.b,Communications and Media,3.05,51.25,1,5,20,,,,,,08/2022,Occupational Expert,3.71,53.00,0,7,21,,,,,N,08/2022,Occupational Expert,,false,true
Management Consultant,13-1111.00,Management Analysts,onet_knowledge,knowledge,2.C.10,Transportation,2.24,31.00,1,5,21,,,,,,08/2022,Occupational Expert,1.90,27.14,0,7,21,,,,,N,08/2022,Occupational Expert,,false,true
Content Creator (Marketing),13-1161.00,Market Research Analysts and Marketing Specialists,onet_knowledge,knowledge,2.C.1.a,Administration and Management,3.40,60.00,1,5,20,,,,,,08/2026,Occupational Expert,3.95,56.43,0,7,20,,,,,N,08/2026,Occupational Expert,,false,true
Market Research Analyst,13-1161.00,Market Research Analysts and Marketing Specialists,onet_knowledge,knowledge,2.C.1.a,Administration and Management,3.40,60.00,1,5,20,,,,,,08/2026,Occupational Expert,3.95,56.43,0,7,20,,,,,N,08/2026,Occupational Expert,,false,true
Marketing Specialist,13-1161.00,Market Research Analysts and Marketing Specialists,onet_knowledge,knowledge,2.C.1.a,Administration and Management,3.40,60.00,1,5,20,,,,,,08/2026,Occupational Expert,3.95,56.43,0,7,20,,,,,N,08/2026,Occupational Expert,,false,true
Content Creator (Marketing),13-1161.00,Market Research Analysts and Marketing Specialists,onet_knowledge,knowledge,2.C.1.b,Administrative,2.95,48.75,1,5,20,,,,,,08/2026,Occupational Expert,4.50,64.29,0,7,20,,,,,N,08/2026,Occupational Expert,,false,true
Market Research Analyst,13-1161.00,Market Research Analysts and Marketing Specialists,onet_knowledge,knowledge,2.C.1.b,Administrative,2.95,48.75,1,5,20,,,,,,08/2026,Occupational Expert,4.50,64.29,0,7,20,,,,,N,08/2026,Occupational Expert,,false,true
Marketing Specialist,13-1161.00,Market Research Analysts and Marketing Specialists,onet_knowledge,knowledge,2.C.1.b,Administrative,2.95,48.75,1,5,20,,,,,,08/2026,Occupational Expert,4.50,64.29,0,7,20,,,,,N,08/2026,Occupational Expert,,false,true
Content Creator (Marketing),13-1161.00,Market Research Analysts and Marketing Specialists,onet_knowledge,knowledge,2.C.1.c,Economics and Accounting,2.47,36.75,1,5,19,,,,,,08/2026,Occupational Expert,2.80,40.00,0,7,20,,,,,N,08/2026,Occupational Expert,,false,true
Market Research Analyst,13-1161.00,Market Research Analysts and Marketing Specialists,onet_knowledge,knowledge,2.C.1.c,Economics and Accounting,2.47,36.75,1,5,19,,,,,,08/2026,Occupational Expert,2.80,40.00,0,7,20,,,,,N,08/2026,Occupational Expert,,false,true
Marketing Specialist,13-1161.00,Market Research Analysts and Marketing Specialists,onet_knowledge,knowledge,2.C.1.c,Economics and Accounting,2.47,36.75,1,5,19,,,,,,08/2026,Occupational Expert,2.80,40.00,0,7,20,,,,,N,08/2026,Occupational Expert,,false,true
Content Creator (Marketing),13-1161.00,Market Research Analysts and Marketing Specialists,onet_knowledge,knowledge,2.C.1.d,Sales and Marketing,3.65,66.25,1,5,20,,,,,,08/2026,Occupational Expert,5.00,71.43,0,7,20,,,,,N,08/2026,Occupational Expert,,false,true
Market Research Analyst,13-1161.00,Market Research Analysts and Marketing Specialists,onet_knowledge,knowledge,2.C.1.d,Sales and Marketing,3.65,66.25,1,5,20,,,,,,08/2026,Occupational Expert,5.00,71.43,0,7,20,,,,,N,08/2026,Occupational Expert,,false,true
Marketing Specialist,13-1161.00,Market Research Analysts and Marketing Specialists,onet_knowledge,knowledge,2.C.1.d,Sales and Marketing,3.65,66.25,1,5,20,,,,,,08/2026,Occupational Expert,5.00,71.43,0,7,20,,,,,N,08/2026,Occupational Expert,,false,true
Content Creator (Marketing),13-1161.00,Market Research Analysts and Marketing Specialists,onet_knowledge,knowledge,2.C.1.e,Customer and Personal Service,3.40,60.00,1,5,20,,,,,,08/2026,Occupational Expert,4.35,62.14,0,7,20,,,,,N,08/2026,Occupational Expert,,false,true
Market Research Analyst,13-1161.00,Market Research Analysts and Marketing Specialists,onet_knowledge,knowledge,2.C.1.e,Customer and Personal Service,3.40,60.00,1,5,20,,,,,,08/2026,Occupational Expert,4.35,62.14,0,7,20,,,,,N,08/2026,Occupational Expert,,false,true
Marketing Specialist,13-1161.00,Market Research Analysts and Marketing Specialists,onet_knowledge,knowledge,2.C.1.e,Customer and Personal Service,3.40,60.00,1,5,20,,,,,,08/2026,Occupational Expert,4.35,62.14,0,7,20,,,,,N,08/2026,Occupational Expert,,false,true
Content Creator (Marketing),13-1161.00,Market Research Analysts and Marketing Specialists,onet_knowledge,knowledge,2.C.1.f,Personnel and Human Resources,1.75,18.75,1,5,20,,,,,,08/2026,Occupational Expert,1.60,22.86,0,7,20,,,,,N,08/2026,Occupational Expert,,false,true
Market Research Analyst,13-1161.00,Market Research Analysts and Marketing Specialists,onet_knowledge,knowledge,2.C.1.f,Personnel and Human Resources,1.75,18.75,1,5,20,,,,,,08/2026,Occupational Expert,1.60,22.86,0,7,20,,,,,N,08/2026,Occupational Expert,,false,true
Marketing Specialist,13-1161.00,Market Research Analysts and Marketing Specialists,onet_knowledge,knowledge,2.C.1.f,Personnel and Human Resources,1.75,18.75,1,5,20,,,,,,08/2026,Occupational Expert,1.60,22.86,0,7,20,,,,,N,08/2026,Occupational Expert,,false,true
Content Creator (Marketing),13-1161.00,Market Research Analysts and Marketing Specialists,onet_knowledge,knowledge,2.C.2.a,Production and Processing,1.85,21.25,1,5,20,,,,,,08/2026,Occupational Expert,1.40,20.00,0,7,20,,,,,N,08/2026,Occupational Expert,,false,true
Market Research Analyst,13-1161.00,Market Research Analysts and Marketing Specialists,onet_knowledge,knowledge,2.C.2.a,Production and Processing,1.85,21.25,1,5,20,,,,,,08/2026,Occupational Expert,1.40,20.00,0,7,20,,,,,N,08/2026,Occupational Expert,,false,true
Marketing Specialist,13-1161.00,Market Research Analysts and Marketing Specialists,onet_knowledge,knowledge,2.C.2.a,Production and Processing,1.85,21.25,1,5,20,,,,,,08/2026,Occupational Expert,1.40,20.00,0,7,20,,,,,N,08/2026,Occupational Expert,,false,true
Content Creator (Marketing),13-1161.00,Market Research Analysts and Marketing Specialists,onet_knowledge,knowledge,2.C.2.b,Food Production,1.21,5.25,1,5,19,,,,,,08/2026,Occupational Expert,0.53,7.57,0,7,19,,,,,Y,08/2026,Occupational Expert,,true,false
Market Research Analyst,13-1161.00,Market Research Analysts and Marketing Specialists,onet_knowledge,knowledge,2.C.2.b,Food Production,1.21,5.25,1,5,19,,,,,,08/2026,Occupational Expert,0.53,7.57,0,7,19,,,,,Y,08/2026,Occupational Expert,,true,false
Marketing Specialist,13-1161.00,Market Research Analysts and Marketing Specialists,onet_knowledge,knowledge,2.C.2.b,Food Production,1.21,5.25,1,5,19,,,,,,08/2026,Occupational Expert,0.53,7.57,0,7,19,,,,,Y,08/2026,Occupational Expert,,true,false
Content Creator (Marketing),13-1161.00,Market Research Analysts and Marketing Specialists,onet_knowledge,knowledge,2.C.3.a,Computers and Electronics,2.84,46.00,1,5,19,,,,,,08/2026,Occupational Expert,3.50,50.00,0,7,20,,,,,N,08/2026,Occupational Expert,,false,true
Market Research Analyst,13-1161.00,Market Research Analysts and Marketing Specialists,onet_knowledge,knowledge,2.C.3.a,Computers and Electronics,2.84,46.00,1,5,19,,,,,,08/2026,Occupational Expert,3.50,50.00,0,7,20,,,,,N,08/2026,Occupational Expert,,false,true
Marketing Specialist,13-1161.00,Market Research Analysts and Marketing Specialists,onet_knowledge,knowledge,2.C.3.a,Computers and Electronics,2.84,46.00,1,5,19,,,,,,08/2026,Occupational Expert,3.50,50.00,0,7,20,,,,,N,08/2026,Occupational Expert,,false,true
Content Creator (Marketing),13-1161.00,Market Research Analysts and Marketing Specialists,onet_knowledge,knowledge,2.C.3.b,Engineering and Technology,1.53,13.25,1,5,19,,,,,,08/2026,Occupational Expert,1.00,14.29,0,7,19,,,,,N,08/2026,Occupational Expert,,false,true
Market Research Analyst,13-1161.00,Market Research Analysts and Marketing Specialists,onet_knowledge,knowledge,2.C.3.b,Engineering and Technology,1.53,13.25,1,5,19,,,,,,08/2026,Occupational Expert,1.00,14.29,0,7,19,,,,,N,08/2026,Occupational Expert,,false,true
Marketing Specialist,13-1161.00,Market Research Analysts and Marketing Specialists,onet_knowledge,knowledge,2.C.3.b,Engineering and Technology,1.53,13.25,1,5,19,,,,,,08/2026,Occupational Expert,1.00,14.29,0,7,19,,,,,N,08/2026,Occupational Expert,,false,true
Content Creator (Marketing),13-1161.00,Market Research Analysts and Marketing Specialists,onet_knowledge,knowledge,2.C.3.c,Design,1.80,20.00,1,5,20,,,,,,08/2026,Occupational Expert,1.74,24.86,0,7,19,,,,,N,08/2026,Occupational Expert,,false,true
Market Research Analyst,13-1161.00,Market Research Analysts and Marketing Specialists,onet_knowledge,knowledge,2.C.3.c,Design,1.80,20.00,1,5,20,,,,,,08/2026,Occupational Expert,1.74,24.86,0,7,19,,,,,N,08/2026,Occupational Expert,,false,true
Marketing Specialist,13-1161.00,Market Research Analysts and Marketing Specialists,onet_knowledge,knowledge,2.C.3.c,Design,1.80,20.00,1,5,20,,,,,,08/2026,Occupational Expert,1.74,24.86,0,7,19,,,,,N,08/2026,Occupational Expert,,false,true
Content Creator (Marketing),13-1161.00,Market Research Analysts and Marketing Specialists,onet_knowledge,knowledge,2.C.3.d,Building and Construction,1.15,3.75,1,5,20,,,,,,08/2026,Occupational Expert,0.05,0.71,0,7,19,,,,,Y,08/2026,Occupational Expert,,true,false
Market Research Analyst,13-1161.00,Market Research Analysts and Marketing Specialists,onet_knowledge,knowledge,2.C.3.d,Building and Construction,1.15,3.75,1,5,20,,,,,,08/2026,Occupational Expert,0.05,0.71,0,7,19,,,,,Y,08/2026,Occupational Expert,,true,false
Marketing Specialist,13-1161.00,Market Research Analysts and Marketing Specialists,onet_knowledge,knowledge,2.C.3.d,Building and Construction,1.15,3.75,1,5,20,,,,,,08/2026,Occupational Expert,0.05,0.71,0,7,19,,,,,Y,08/2026,Occupational Expert,,true,false
Content Creator (Marketing),13-1161.00,Market Research Analysts and Marketing Specialists,onet_knowledge,knowledge,2.C.3.e,Mechanical,1.05,1.25,1,5,19,,,,,,08/2026,Occupational Expert,0.11,1.57,0,7,19,,,,,Y,08/2026,Occupational Expert,,true,false
Market Research Analyst,13-1161.00,Market Research Analysts and Marketing Specialists,onet_knowledge,knowledge,2.C.3.e,Mechanical,1.05,1.25,1,5,19,,,,,,08/2026,Occupational Expert,0.11,1.57,0,7,19,,,,,Y,08/2026,Occupational Expert,,true,false
Marketing Specialist,13-1161.00,Market Research Analysts and Marketing Specialists,onet_knowledge,knowledge,2.C.3.e,Mechanical,1.05,1.25,1,5,19,,,,,,08/2026,Occupational Expert,0.11,1.57,0,7,19,,,,,Y,08/2026,Occupational Expert,,true,false
Content Creator (Marketing),13-1161.00,Market Research Analysts and Marketing Specialists,onet_knowledge,knowledge,2.C.4.a,Mathematics,2.95,48.75,1,5,19,,,,,,08/2026,Occupational Expert,3.79,54.14,0,7,19,,,,,N,08/2026,Occupational Expert,,false,true
Market Research Analyst,13-1161.00,Market Research Analysts and Marketing Specialists,onet_knowledge,knowledge,2.C.4.a,Mathematics,2.95,48.75,1,5,19,,,,,,08/2026,Occupational Expert,3.79,54.14,0,7,19,,,,,N,08/2026,Occupational Expert,,false,true
Marketing Specialist,13-1161.00,Market Research Analysts and Marketing Specialists,onet_knowledge,knowledge,2.C.4.a,Mathematics,2.95,48.75,1,5,19,,,,,,08/2026,Occupational Expert,3.79,54.14,0,7,19,,,,,N,08/2026,Occupational Expert,,false,true
Content Creator (Marketing),13-1161.00,Market Research Analysts and Marketing Specialists,onet_knowledge,knowledge,2.C.4.b,Physics,1.00,0.00,1,5,19,,,,,,08/2026,Occupational Expert,0.00,0.00,0,7,19,,,,,Y,08/2026,Occupational Expert,,true,false
Market Research Analyst,13-1161.00,Market Research Analysts and Marketing Specialists,onet_knowledge,knowledge,2.C.4.b,Physics,1.00,0.00,1,5,19,,,,,,08/2026,Occupational Expert,0.00,0.00,0,7,19,,,,,Y,08/2026,Occupational Expert,,true,false
Marketing Specialist,13-1161.00,Market Research Analysts and Marketing Specialists,onet_knowledge,knowledge,2.C.4.b,Physics,1.00,0.00,1,5,19,,,,,,08/2026,Occupational Expert,0.00,0.00,0,7,19,,,,,Y,08/2026,Occupational Expert,,true,false
Content Creator (Marketing),13-1161.00,Market Research Analysts and Marketing Specialists,onet_knowledge,knowledge,2.C.4.c,Chemistry,1.10,2.50,1,5,20,,,,,,08/2026,Occupational Expert,0.11,1.57,0,7,19,,,,,Y,08/2026,Occupational Expert,,true,false
Market Research Analyst,13-1161.00,Market Research Analysts and Marketing Specialists,onet_knowledge,knowledge,2.C.4.c,Chemistry,1.10,2.50,1,5,20,,,,,,08/2026,Occupational Expert,0.11,1.57,0,7,19,,,,,Y,08/2026,Occupational Expert,,true,false
Marketing Specialist,13-1161.00,Market Research Analysts and Marketing Specialists,onet_knowledge,knowledge,2.C.4.c,Chemistry,1.10,2.50,1,5,20,,,,,,08/2026,Occupational Expert,0.11,1.57,0,7,19,,,,,Y,08/2026,Occupational Expert,,true,false
Content Creator (Marketing),13-1161.00,Market Research Analysts and Marketing Specialists,onet_knowledge,knowledge,2.C.4.d,Biology,1.06,1.50,1,5,18,,,,,,08/2026,Occupational Expert,0.16,2.29,0,7,19,,,,,Y,08/2026,Occupational Expert,,true,false
Market Research Analyst,13-1161.00,Market Research Analysts and Marketing Specialists,onet_knowledge,knowledge,2.C.4.d,Biology,1.06,1.50,1,5,18,,,,,,08/2026,Occupational Expert,0.16,2.29,0,7,19,,,,,Y,08/2026,Occupational Expert,,true,false
Marketing Specialist,13-1161.00,Market Research Analysts and Marketing Specialists,onet_knowledge,knowledge,2.C.4.d,Biology,1.06,1.50,1,5,18,,,,,,08/2026,Occupational Expert,0.16,2.29,0,7,19,,,,,Y,08/2026,Occupational Expert,,true,false
Content Creator (Marketing),13-1161.00,Market Research Analysts and Marketing Specialists,onet_knowledge,knowledge,2.C.4.e,Psychology,2.50,37.50,1,5,20,,,,,,08/2026,Occupational Expert,2.80,40.00,0,7,20,,,,,N,08/2026,Occupational Expert,,false,true
Market Research Analyst,13-1161.00,Market Research Analysts and Marketing Specialists,onet_knowledge,knowledge,2.C.4.e,Psychology,2.50,37.50,1,5,20,,,,,,08/2026,Occupational Expert,2.80,40.00,0,7,20,,,,,N,08/2026,Occupational Expert,,false,true
Marketing Specialist,13-1161.00,Market Research Analysts and Marketing Specialists,onet_knowledge,knowledge,2.C.4.e,Psychology,2.50,37.50,1,5,20,,,,,,08/2026,Occupational Expert,2.80,40.00,0,7,20,,,,,N,08/2026,Occupational Expert,,false,true
Content Creator (Marketing),13-1161.00,Market Research Analysts and Marketing Specialists,onet_knowledge,knowledge,2.C.4.f,Sociology and Anthropology,2.53,38.25,1,5,19,,,,,,08/2026,Occupational Expert,3.16,45.14,0,7,19,,,,,N,08/2026,Occupational Expert,,false,true
Market Research Analyst,13-1161.00,Market Research Analysts and Marketing Specialists,onet_knowledge,knowledge,2.C.4.f,Sociology and Anthropology,2.53,38.25,1,5,19,,,,,,08/2026,Occupational Expert,3.16,45.14,0,7,19,,,,,N,08/2026,Occupational Expert,,false,true
Marketing Specialist,13-1161.00,Market Research Analysts and Marketing Specialists,onet_knowledge,knowledge,2.C.4.f,Sociology and Anthropology,2.53,38.25,1,5,19,,,,,,08/2026,Occupational Expert,3.16,45.14,0,7,19,,,,,N,08/2026,Occupational Expert,,false,true
Content Creator (Marketing),13-1161.00,Market Research Analysts and Marketing Specialists,onet_knowledge,knowledge,2.C.4.g,Geography,2.00,25.00,1,5,19,,,,,,08/2026,Occupational Expert,2.21,31.57,0,7,19,,,,,N,08/2026,Occupational Expert,,false,true
Market Research Analyst,13-1161.00,Market Research Analysts and Marketing Specialists,onet_knowledge,knowledge,2.C.4.g,Geography,2.00,25.00,1,5,19,,,,,,08/2026,Occupational Expert,2.21,31.57,0,7,19,,,,,N,08/2026,Occupational Expert,,false,true
Marketing Specialist,13-1161.00,Market Research Analysts and Marketing Specialists,onet_knowledge,knowledge,2.C.4.g,Geography,2.00,25.00,1,5,19,,,,,,08/2026,Occupational Expert,2.21,31.57,0,7,19,,,,,N,08/2026,Occupational Expert,,false,true
Content Creator (Marketing),13-1161.00,Market Research Analysts and Marketing Specialists,onet_knowledge,knowledge,2.C.5.a,Medicine and Dentistry,1.26,6.50,1,5,19,,,,,,08/2026,Occupational Expert,0.26,3.71,0,7,19,,,,,Y,08/2026,Occupational Expert,,true,false
Market Research Analyst,13-1161.00,Market Research Analysts and Marketing Specialists,onet_knowledge,knowledge,2.C.5.a,Medicine and Dentistry,1.26,6.50,1,5,19,,,,,,08/2026,Occupational Expert,0.26,3.71,0,7,19,,,,,Y,08/2026,Occupational Expert,,true,false
Marketing Specialist,13-1161.00,Market Research Analysts and Marketing Specialists,onet_knowledge,knowledge,2.C.5.a,Medicine and Dentistry,1.26,6.50,1,5,19,,,,,,08/2026,Occupational Expert,0.26,3.71,0,7,19,,,,,Y,08/2026,Occupational Expert,,true,false
Content Creator (Marketing),13-1161.00,Market Research Analysts and Marketing Specialists,onet_knowledge,knowledge,2.C.5.b,Therapy and Counseling,1.15,3.75,1,5,20,,,,,,08/2026,Occupational Expert,0.16,2.29,0,7,19,,,,,Y,08/2026,Occupational Expert,,true,false
Market Research Analyst,13-1161.00,Market Research Analysts and Marketing Specialists,onet_knowledge,knowledge,2.C.5.b,Therapy and Counseling,1.15,3.75,1,5,20,,,,,,08/2026,Occupational Expert,0.16,2.29,0,7,19,,,,,Y,08/2026,Occupational Expert,,true,false
Marketing Specialist,13-1161.00,Market Research Analysts and Marketing Specialists,onet_knowledge,knowledge,2.C.5.b,Therapy and Counseling,1.15,3.75,1,5,20,,,,,,08/2026,Occupational Expert,0.16,2.29,0,7,19,,,,,Y,08/2026,Occupational Expert,,true,false
Content Creator (Marketing),13-1161.00,Market Research Analysts and Marketing Specialists,onet_knowledge,knowledge,2.C.6,Education and Training,2.11,27.75,1,5,19,,,,,,08/2026,Occupational Expert,2.85,40.71,0,7,20,,,,,N,08/2026,Occupational Expert,,false,true
Market Research Analyst,13-1161.00,Market Research Analysts and Marketing Specialists,onet_knowledge,knowledge,2.C.6,Education and Training,2.11,27.75,1,5,19,,,,,,08/2026,Occupational Expert,2.85,40.71,0,7,20,,,,,N,08/2026,Occupational Expert,,false,true
Marketing Specialist,13-1161.00,Market Research Analysts and Marketing Specialists,onet_knowledge,knowledge,2.C.6,Education and Training,2.11,27.75,1,5,19,,,,,,08/2026,Occupational Expert,2.85,40.71,0,7,20,,,,,N,08/2026,Occupational Expert,,false,true
Content Creator (Marketing),13-1161.00,Market Research Analysts and Marketing Specialists,onet_knowledge,knowledge,2.C.7.a,English Language,4.21,80.25,1,5,19,,,,,,08/2026,Occupational Expert,5.00,71.43,0,7,19,,,,,N,08/2026,Occupational Expert,,false,true
Market Research Analyst,13-1161.00,Market Research Analysts and Marketing Specialists,onet_knowledge,knowledge,2.C.7.a,English Language,4.21,80.25,1,5,19,,,,,,08/2026,Occupational Expert,5.00,71.43,0,7,19,,,,,N,08/2026,Occupational Expert,,false,true
Marketing Specialist,13-1161.00,Market Research Analysts and Marketing Specialists,onet_knowledge,knowledge,2.C.7.a,English Language,4.21,80.25,1,5,19,,,,,,08/2026,Occupational Expert,5.00,71.43,0,7,19,,,,,N,08/2026,Occupational Expert,,false,true
Content Creator (Marketing),13-1161.00,Market Research Analysts and Marketing Specialists,onet_knowledge,knowledge,2.C.7.b,Foreign Language,1.74,18.50,1,5,19,,,,,,08/2026,Occupational Expert,1.58,22.57,0,7,19,,,,,N,08/2026,Occupational Expert,,false,true
Market Research Analyst,13-1161.00,Market Research Analysts and Marketing Specialists,onet_knowledge,knowledge,2.C.7.b,Foreign Language,1.74,18.50,1,5,19,,,,,,08/2026,Occupational Expert,1.58,22.57,0,7,19,,,,,N,08/2026,Occupational Expert,,false,true
Marketing Specialist,13-1161.00,Market Research Analysts and Marketing Specialists,onet_knowledge,knowledge,2.C.7.b,Foreign Language,1.74,18.50,1,5,19,,,,,,08/2026,Occupational Expert,1.58,22.57,0,7,19,,,,,N,08/2026,Occupational Expert,,false,true
Content Creator (Marketing),13-1161.00,Market Research Analysts and Marketing Specialists,onet_knowledge,knowledge,2.C.7.c,Fine Arts,1.16,4.00,1,5,19,,,,,,08/2026,Occupational Expert,0.32,4.57,0,7,19,,,,,Y,08/2026,Occupational Expert,,true,false
Market Research Analyst,13-1161.00,Market Research Analysts and Marketing Specialists,onet_knowledge,knowledge,2.C.7.c,Fine Arts,1.16,4.00,1,5,19,,,,,,08/2026,Occupational Expert,0.32,4.57,0,7,19,,,,,Y,08/2026,Occupational Expert,,true,false
Marketing Specialist,13-1161.00,Market Research Analysts and Marketing Specialists,onet_knowledge,knowledge,2.C.7.c,Fine Arts,1.16,4.00,1,5,19,,,,,,08/2026,Occupational Expert,0.32,4.57,0,7,19,,,,,Y,08/2026,Occupational Expert,,true,false
Content Creator (Marketing),13-1161.00,Market Research Analysts and Marketing Specialists,onet_knowledge,knowledge,2.C.7.d,History and Archeology,1.55,13.75,1,5,20,,,,,,08/2026,Occupational Expert,0.89,12.71,0,7,19,,,,,N,08/2026,Occupational Expert,,false,true
Market Research Analyst,13-1161.00,Market Research Analysts and Marketing Specialists,onet_knowledge,knowledge,2.C.7.d,History and Archeology,1.55,13.75,1,5,20,,,,,,08/2026,Occupational Expert,0.89,12.71,0,7,19,,,,,N,08/2026,Occupational Expert,,false,true
Marketing Specialist,13-1161.00,Market Research Analysts and Marketing Specialists,onet_knowledge,knowledge,2.C.7.d,History and Archeology,1.55,13.75,1,5,20,,,,,,08/2026,Occupational Expert,0.89,12.71,0,7,19,,,,,N,08/2026,Occupational Expert,,false,true
Content Creator (Marketing),13-1161.00,Market Research Analysts and Marketing Specialists,onet_knowledge,knowledge,2.C.7.e,Philosophy and Theology,1.61,15.25,1,5,18,,,,,,08/2026,Occupational Expert,1.44,20.57,0,7,18,,,,,N,08/2026,Occupational Expert,,false,true
Market Research Analyst,13-1161.00,Market Research Analysts and Marketing Specialists,onet_knowledge,knowledge,2.C.7.e,Philosophy and Theology,1.61,15.25,1,5,18,,,,,,08/2026,Occupational Expert,1.44,20.57,0,7,18,,,,,N,08/2026,Occupational Expert,,false,true
Marketing Specialist,13-1161.00,Market Research Analysts and Marketing Specialists,onet_knowledge,knowledge,2.C.7.e,Philosophy and Theology,1.61,15.25,1,5,18,,,,,,08/2026,Occupational Expert,1.44,20.57,0,7,18,,,,,N,08/2026,Occupational Expert,,false,true
Content Creator (Marketing),13-1161.00,Market Research Analysts and Marketing Specialists,onet_knowledge,knowledge,2.C.8.a,Public Safety and Security,1.42,10.50,1,5,19,,,,,,08/2026,Occupational Expert,0.53,7.57,0,7,19,,,,,N,08/2026,Occupational Expert,,false,true
Market Research Analyst,13-1161.00,Market Research Analysts and Marketing Specialists,onet_knowledge,knowledge,2.C.8.a,Public Safety and Security,1.42,10.50,1,5,19,,,,,,08/2026,Occupational Expert,0.53,7.57,0,7,19,,,,,N,08/2026,Occupational Expert,,false,true
Marketing Specialist,13-1161.00,Market Research Analysts and Marketing Specialists,onet_knowledge,knowledge,2.C.8.a,Public Safety and Security,1.42,10.50,1,5,19,,,,,,08/2026,Occupational Expert,0.53,7.57,0,7,19,,,,,N,08/2026,Occupational Expert,,false,true
Content Creator (Marketing),13-1161.00,Market Research Analysts and Marketing Specialists,onet_knowledge,knowledge,2.C.8.b,Law and Government,1.84,21.00,1,5,19,,,,,,08/2026,Occupational Expert,1.89,27.00,0,7,19,,,,,N,08/2026,Occupational Expert,,false,true
Market Research Analyst,13-1161.00,Market Research Analysts and Marketing Specialists,onet_knowledge,knowledge,2.C.8.b,Law and Government,1.84,21.00,1,5,19,,,,,,08/2026,Occupational Expert,1.89,27.00,0,7,19,,,,,N,08/2026,Occupational Expert,,false,true
Marketing Specialist,13-1161.00,Market Research Analysts and Marketing Specialists,onet_knowledge,knowledge,2.C.8.b,Law and Government,1.84,21.00,1,5,19,,,,,,08/2026,Occupational Expert,1.89,27.00,0,7,19,,,,,N,08/2026,Occupational Expert,,false,true
Content Creator (Marketing),13-1161.00,Market Research Analysts and Marketing Specialists,onet_knowledge,knowledge,2.C.9.a,Telecommunications,1.79,19.75,1,5,19,,,,,,08/2026,Occupational Expert,0.89,12.71,0,7,19,,,,,N,08/2026,Occupational Expert,,false,true
Market Research Analyst,13-1161.00,Market Research Analysts and Marketing Specialists,onet_knowledge,knowledge,2.C.9.a,Telecommunications,1.79,19.75,1,5,19,,,,,,08/2026,Occupational Expert,0.89,12.71,0,7,19,,,,,N,08/2026,Occupational Expert,,false,true
Marketing Specialist,13-1161.00,Market Research Analysts and Marketing Specialists,onet_knowledge,knowledge,2.C.9.a,Telecommunications,1.79,19.75,1,5,19,,,,,,08/2026,Occupational Expert,0.89,12.71,0,7,19,,,,,N,08/2026,Occupational Expert,,false,true
Content Creator (Marketing),13-1161.00,Market Research Analysts and Marketing Specialists,onet_knowledge,knowledge,2.C.9.b,Communications and Media,2.79,44.75,1,5,19,,,,,,08/2026,Occupational Expert,3.26,46.57,0,7,19,,,,,N,08/2026,Occupational Expert,,false,true
Market Research Analyst,13-1161.00,Market Research Analysts and Marketing Specialists,onet_knowledge,knowledge,2.C.9.b,Communications and Media,2.79,44.75,1,5,19,,,,,,08/2026,Occupational Expert,3.26,46.57,0,7,19,,,,,N,08/2026,Occupational Expert,,false,true
Marketing Specialist,13-1161.00,Market Research Analysts and Marketing Specialists,onet_knowledge,knowledge,2.C.9.b,Communications and Media,2.79,44.75,1,5,19,,,,,,08/2026,Occupational Expert,3.26,46.57,0,7,19,,,,,N,08/2026,Occupational Expert,,false,true
Content Creator (Marketing),13-1161.00,Market Research Analysts and Marketing Specialists,onet_knowledge,knowledge,2.C.10,Transportation,1.11,2.75,1,5,19,,,,,,08/2026,Occupational Expert,0.16,2.29,0,7,19,,,,,Y,08/2026,Occupational Expert,,true,false
Market Research Analyst,13-1161.00,Market Research Analysts and Marketing Specialists,onet_knowledge,knowledge,2.C.10,Transportation,1.11,2.75,1,5,19,,,,,,08/2026,Occupational Expert,0.16,2.29,0,7,19,,,,,Y,08/2026,Occupational Expert,,true,false
Marketing Specialist,13-1161.00,Market Research Analysts and Marketing Specialists,onet_knowledge,knowledge,2.C.10,Transportation,1.11,2.75,1,5,19,,,,,,08/2026,Occupational Expert,0.16,2.29,0,7,19,,,,,Y,08/2026,Occupational Expert,,true,false
Digital Marketing Analyst,13-1161.01,Search Marketing Strategists,onet_knowledge,knowledge,2.C.1.a,Administration and Management,2.87,46.75,1,5,23,,,,,,08/2021,Occupational Expert,3.65,52.14,0,7,23,,,,,N,08/2021,Occupational Expert,,false,true
Digital Marketing Analyst,13-1161.01,Search Marketing Strategists,onet_knowledge,knowledge,2.C.1.b,Administrative,2.96,49.00,1,5,23,,,,,,08/2021,Occupational Expert,4.43,63.29,0,7,23,,,,,N,08/2021,Occupational Expert,,false,true
Digital Marketing Analyst,13-1161.01,Search Marketing Strategists,onet_knowledge,knowledge,2.C.1.c,Economics and Accounting,1.95,23.75,1,5,21,,,,,,08/2021,Occupational Expert,1.91,27.29,0,7,23,,,,,N,08/2021,Occupational Expert,,false,true
Digital Marketing Analyst,13-1161.01,Search Marketing Strategists,onet_knowledge,knowledge,2.C.1.d,Sales and Marketing,4.61,90.25,1,5,23,,,,,,08/2021,Occupational Expert,5.61,80.14,0,7,23,,,,,N,08/2021,Occupational Expert,,false,true
Digital Marketing Analyst,13-1161.01,Search Marketing Strategists,onet_knowledge,knowledge,2.C.1.e,Customer and Personal Service,3.04,51.00,1,5,23,,,,,,08/2021,Occupational Expert,3.74,53.43,0,7,23,,,,,N,08/2021,Occupational Expert,,false,true
Digital Marketing Analyst,13-1161.01,Search Marketing Strategists,onet_knowledge,knowledge,2.C.1.f,Personnel and Human Resources,1.87,21.75,1,5,23,,,,,,08/2021,Occupational Expert,2.13,30.43,0,7,23,,,,,N,08/2021,Occupational Expert,,false,true
Digital Marketing Analyst,13-1161.01,Search Marketing Strategists,onet_knowledge,knowledge,2.C.2.a,Production and Processing,1.70,17.50,1,5,23,,,,,,08/2021,Occupational Expert,1.57,22.43,0,7,23,,,,,N,08/2021,Occupational Expert,,false,true
Digital Marketing Analyst,13-1161.01,Search Marketing Strategists,onet_knowledge,knowledge,2.C.2.b,Food Production,1.04,1.00,1,5,23,,,,,,08/2021,Occupational Expert,0.04,0.57,0,7,23,,,,,Y,08/2021,Occupational Expert,,true,false
Digital Marketing Analyst,13-1161.01,Search Marketing Strategists,onet_knowledge,knowledge,2.C.3.a,Computers and Electronics,4.30,82.50,1,5,23,,,,,,08/2021,Occupational Expert,4.91,70.14,0,7,23,,,,,N,08/2021,Occupational Expert,,false,true
Digital Marketing Analyst,13-1161.01,Search Marketing Strategists,onet_knowledge,knowledge,2.C.3.b,Engineering and Technology,2.09,27.25,1,5,23,,,,,,08/2021,Occupational Expert,2.13,30.43,0,7,23,,,,,N,08/2021,Occupational Expert,,false,true
Digital Marketing Analyst,13-1161.01,Search Marketing Strategists,onet_knowledge,knowledge,2.C.3.c,Design,2.30,32.50,1,5,23,,,,,,08/2021,Occupational Expert,2.65,37.86,0,7,23,,,,,N,08/2021,Occupational Expert,,false,true
Digital Marketing Analyst,13-1161.01,Search Marketing Strategists,onet_knowledge,knowledge,2.C.3.d,Building and Construction,1.00,0.00,1,5,23,,,,,,08/2021,Occupational Expert,0.00,0.00,0,7,23,,,,,Y,08/2021,Occupational Expert,,true,false
Digital Marketing Analyst,13-1161.01,Search Marketing Strategists,onet_knowledge,knowledge,2.C.3.e,Mechanical,1.09,2.25,1,5,23,,,,,,08/2021,Occupational Expert,0.22,3.14,0,7,23,,,,,Y,08/2021,Occupational Expert,,true,false
Digital Marketing Analyst,13-1161.01,Search Marketing Strategists,onet_knowledge,knowledge,2.C.4.a,Mathematics,3.52,63.00,1,5,23,,,,,,08/2021,Occupational Expert,4.30,61.43,0,7,23,,,,,N,08/2021,Occupational Expert,,false,true
Digital Marketing Analyst,13-1161.01,Search Marketing Strategists,onet_knowledge,knowledge,2.C.4.b,Physics,1.04,1.00,1,5,23,,,,,,08/2021,Occupational Expert,0.09,1.29,0,7,23,,,,,Y,08/2021,Occupational Expert,,true,false
Digital Marketing Analyst,13-1161.01,Search Marketing Strategists,onet_knowledge,knowledge,2.C.4.c,Chemistry,1.00,0.00,1,5,23,,,,,,08/2021,Occupational Expert,0.00,0.00,0,7,23,,,,,Y,08/2021,Occupational Expert,,true,false
Digital Marketing Analyst,13-1161.01,Search Marketing Strategists,onet_knowledge,knowledge,2.C.4.d,Biology,1.00,0.00,1,5,23,,,,,,08/2021,Occupational Expert,0.00,0.00,0,7,23,,,,,Y,08/2021,Occupational Expert,,true,false
Digital Marketing Analyst,13-1161.01,Search Marketing Strategists,onet_knowledge,knowledge,2.C.4.e,Psychology,2.91,47.75,1,5,23,,,,,,08/2021,Occupational Expert,3.09,44.14,0,7,23,,,,,N,08/2021,Occupational Expert,,false,true
Digital Marketing Analyst,13-1161.01,Search Marketing Strategists,onet_knowledge,knowledge,2.C.4.f,Sociology and Anthropology,2.39,34.75,1,5,23,,,,,,08/2021,Occupational Expert,2.96,42.29,0,7,23,,,,,N,08/2021,Occupational Expert,,false,true
Digital Marketing Analyst,13-1161.01,Search Marketing Strategists,onet_knowledge,knowledge,2.C.4.g,Geography,2.22,30.50,1,5,23,,,,,,08/2021,Occupational Expert,2.48,35.43,0,7,23,,,,,N,08/2021,Occupational Expert,,false,true
Digital Marketing Analyst,13-1161.01,Search Marketing Strategists,onet_knowledge,knowledge,2.C.5.a,Medicine and Dentistry,1.00,0.00,1,5,23,,,,,,08/2021,Occupational Expert,0.00,0.00,0,7,23,,,,,Y,08/2021,Occupational Expert,,true,false
Digital Marketing Analyst,13-1161.01,Search Marketing Strategists,onet_knowledge,knowledge,2.C.5.b,Therapy and Counseling,1.04,1.00,1,5,23,,,,,,08/2021,Occupational Expert,0.13,1.86,0,7,23,,,,,Y,08/2021,Occupational Expert,,true,false
Digital Marketing Analyst,13-1161.01,Search Marketing Strategists,onet_knowledge,knowledge,2.C.6,Education and Training,2.52,38.00,1,5,23,,,,,,08/2021,Occupational Expert,3.48,49.71,0,7,23,,,,,N,08/2021,Occupational Expert,,false,true
Digital Marketing Analyst,13-1161.01,Search Marketing Strategists,onet_knowledge,knowledge,2.C.7.a,English Language,4.27,81.75,1,5,22,,,,,,08/2021,Occupational Expert,4.59,65.57,0,7,22,,,,,N,08/2021,Occupational Expert,,false,true
Digital Marketing Analyst,13-1161.01,Search Marketing Strategists,onet_knowledge,knowledge,2.C.7.b,Foreign Language,1.48,12.00,1,5,23,,,,,,08/2021,Occupational Expert,0.74,10.57,0,7,23,,,,,N,08/2021,Occupational Expert,,false,true
Digital Marketing Analyst,13-1161.01,Search Marketing Strategists,onet_knowledge,knowledge,2.C.7.c,Fine Arts,1.43,10.75,1,5,23,,,,,,08/2021,Occupational Expert,0.57,8.14,0,7,23,,,,,N,08/2021,Occupational Expert,,false,true
Digital Marketing Analyst,13-1161.01,Search Marketing Strategists,onet_knowledge,knowledge,2.C.7.d,History and Archeology,1.26,6.50,1,5,23,,,,,,08/2021,Occupational Expert,0.65,9.29,0,7,23,,,,,Y,08/2021,Occupational Expert,,true,false
Digital Marketing Analyst,13-1161.01,Search Marketing Strategists,onet_knowledge,knowledge,2.C.7.e,Philosophy and Theology,1.48,12.00,1,5,23,,,,,,08/2021,Occupational Expert,1.26,18.00,0,7,23,,,,,N,08/2021,Occupational Expert,,false,true
Digital Marketing Analyst,13-1161.01,Search Marketing Strategists,onet_knowledge,knowledge,2.C.8.a,Public Safety and Security,1.61,15.25,1,5,23,,,,,,08/2021,Occupational Expert,0.91,13.00,0,7,23,,,,,N,08/2021,Occupational Expert,,false,true
Digital Marketing Analyst,13-1161.01,Search Marketing Strategists,onet_knowledge,knowledge,2.C.8.b,Law and Government,2.04,26.00,1,5,23,,,,,,08/2021,Occupational Expert,2.23,31.86,0,7,22,,,,,N,08/2021,Occupational Expert,,false,true
Digital Marketing Analyst,13-1161.01,Search Marketing Strategists,onet_knowledge,knowledge,2.C.9.a,Telecommunications,2.00,25.00,1,5,23,,,,,,08/2021,Occupational Expert,1.50,21.43,0,7,22,,,,,N,08/2021,Occupational Expert,,false,true
Digital Marketing Analyst,13-1161.01,Search Marketing Strategists,onet_knowledge,knowledge,2.C.9.b,Communications and Media,3.87,71.75,1,5,23,,,,,,08/2021,Occupational Expert,3.52,50.29,0,7,23,,,,,N,08/2021,Occupational Expert,,false,true
Digital Marketing Analyst,13-1161.01,Search Marketing Strategists,onet_knowledge,knowledge,2.C.10,Transportation,1.22,5.50,1,5,23,,,,,,08/2021,Occupational Expert,0.43,6.14,0,7,23,,,,,Y,08/2021,Occupational Expert,,true,false
Accountant (General),13-2011.00,Accountants and Auditors,onet_knowledge,knowledge,2.C.1.a,Administration and Management,3.31,57.75,1,5,29,,,,,,08/2026,Occupational Expert,4.28,61.14,0,7,29,,,,,N,08/2026,Occupational Expert,,false,true
Management Accountant,13-2011.00,Accountants and Auditors,onet_knowledge,knowledge,2.C.1.a,Administration and Management,3.31,57.75,1,5,29,,,,,,08/2026,Occupational Expert,4.28,61.14,0,7,29,,,,,N,08/2026,Occupational Expert,,false,true
Taxation Accountant,13-2011.00,Accountants and Auditors,onet_knowledge,knowledge,2.C.1.a,Administration and Management,3.31,57.75,1,5,29,,,,,,08/2026,Occupational Expert,4.28,61.14,0,7,29,,,,,N,08/2026,Occupational Expert,,false,true
Accountant (General),13-2011.00,Accountants and Auditors,onet_knowledge,knowledge,2.C.1.b,Administrative,3.24,56.00,1,5,29,,,,,,08/2026,Occupational Expert,4.52,64.57,0,7,29,,,,,N,08/2026,Occupational Expert,,false,true
Management Accountant,13-2011.00,Accountants and Auditors,onet_knowledge,knowledge,2.C.1.b,Administrative,3.24,56.00,1,5,29,,,,,,08/2026,Occupational Expert,4.52,64.57,0,7,29,,,,,N,08/2026,Occupational Expert,,false,true
Taxation Accountant,13-2011.00,Accountants and Auditors,onet_knowledge,knowledge,2.C.1.b,Administrative,3.24,56.00,1,5,29,,,,,,08/2026,Occupational Expert,4.52,64.57,0,7,29,,,,,N,08/2026,Occupational Expert,,false,true
Accountant (General),13-2011.00,Accountants and Auditors,onet_knowledge,knowledge,2.C.1.c,Economics and Accounting,4.38,84.50,1,5,29,,,,,,08/2026,Occupational Expert,5.76,82.29,0,7,29,,,,,N,08/2026,Occupational Expert,,false,true
Management Accountant,13-2011.00,Accountants and Auditors,onet_knowledge,knowledge,2.C.1.c,Economics and Accounting,4.38,84.50,1,5,29,,,,,,08/2026,Occupational Expert,5.76,82.29,0,7,29,,,,,N,08/2026,Occupational Expert,,false,true
Taxation Accountant,13-2011.00,Accountants and Auditors,onet_knowledge,knowledge,2.C.1.c,Economics and Accounting,4.38,84.50,1,5,29,,,,,,08/2026,Occupational Expert,5.76,82.29,0,7,29,,,,,N,08/2026,Occupational Expert,,false,true
Accountant (General),13-2011.00,Accountants and Auditors,onet_knowledge,knowledge,2.C.1.d,Sales and Marketing,2.14,28.50,1,5,28,,,,,,08/2026,Occupational Expert,2.79,39.86,0,7,29,,,,,N,08/2026,Occupational Expert,,false,true
Management Accountant,13-2011.00,Accountants and Auditors,onet_knowledge,knowledge,2.C.1.d,Sales and Marketing,2.14,28.50,1,5,28,,,,,,08/2026,Occupational Expert,2.79,39.86,0,7,29,,,,,N,08/2026,Occupational Expert,,false,true
Taxation Accountant,13-2011.00,Accountants and Auditors,onet_knowledge,knowledge,2.C.1.d,Sales and Marketing,2.14,28.50,1,5,28,,,,,,08/2026,Occupational Expert,2.79,39.86,0,7,29,,,,,N,08/2026,Occupational Expert,,false,true
Accountant (General),13-2011.00,Accountants and Auditors,onet_knowledge,knowledge,2.C.1.e,Customer and Personal Service,3.28,57.00,1,5,29,,,,,,08/2026,Occupational Expert,4.18,59.71,0,7,28,,,,,N,08/2026,Occupational Expert,,false,true
Management Accountant,13-2011.00,Accountants and Auditors,onet_knowledge,knowledge,2.C.1.e,Customer and Personal Service,3.28,57.00,1,5,29,,,,,,08/2026,Occupational Expert,4.18,59.71,0,7,28,,,,,N,08/2026,Occupational Expert,,false,true
Taxation Accountant,13-2011.00,Accountants and Auditors,onet_knowledge,knowledge,2.C.1.e,Customer and Personal Service,3.28,57.00,1,5,29,,,,,,08/2026,Occupational Expert,4.18,59.71,0,7,28,,,,,N,08/2026,Occupational Expert,,false,true
Accountant (General),13-2011.00,Accountants and Auditors,onet_knowledge,knowledge,2.C.1.f,Personnel and Human Resources,2.97,49.25,1,5,29,,,,,,08/2026,Occupational Expert,3.93,56.14,0,7,29,,,,,N,08/2026,Occupational Expert,,false,true
Management Accountant,13-2011.00,Accountants and Auditors,onet_knowledge,knowledge,2.C.1.f,Personnel and Human Resources,2.97,49.25,1,5,29,,,,,,08/2026,Occupational Expert,3.93,56.14,0,7,29,,,,,N,08/2026,Occupational Expert,,false,true
Taxation Accountant,13-2011.00,Accountants and Auditors,onet_knowledge,knowledge,2.C.1.f,Personnel and Human Resources,2.97,49.25,1,5,29,,,,,,08/2026,Occupational Expert,3.93,56.14,0,7,29,,,,,N,08/2026,Occupational Expert,,false,true
Accountant (General),13-2011.00,Accountants and Auditors,onet_knowledge,knowledge,2.C.2.a,Production and Processing,2.03,25.75,1,5,29,,,,,,08/2026,Occupational Expert,2.17,31.00,0,7,29,,,,,N,08/2026,Occupational Expert,,false,true
Management Accountant,13-2011.00,Accountants and Auditors,onet_knowledge,knowledge,2.C.2.a,Production and Processing,2.03,25.75,1,5,29,,,,,,08/2026,Occupational Expert,2.17,31.00,0,7,29,,,,,N,08/2026,Occupational Expert,,false,true
Taxation Accountant,13-2011.00,Accountants and Auditors,onet_knowledge,knowledge,2.C.2.a,Production and Processing,2.03,25.75,1,5,29,,,,,,08/2026,Occupational Expert,2.17,31.00,0,7,29,,,,,N,08/2026,Occupational Expert,,false,true
Accountant (General),13-2011.00,Accountants and Auditors,onet_knowledge,knowledge,2.C.2.b,Food Production,1.31,7.75,1,5,29,,,,,,08/2026,Occupational Expert,0.97,13.86,0,7,29,,,,,N,08/2026,Occupational Expert,,false,true
Management Accountant,13-2011.00,Accountants and Auditors,onet_knowledge,knowledge,2.C.2.b,Food Production,1.31,7.75,1,5,29,,,,,,08/2026,Occupational Expert,0.97,13.86,0,7,29,,,,,N,08/2026,Occupational Expert,,false,true
Taxation Accountant,13-2011.00,Accountants and Auditors,onet_knowledge,knowledge,2.C.2.b,Food Production,1.31,7.75,1,5,29,,,,,,08/2026,Occupational Expert,0.97,13.86,0,7,29,,,,,N,08/2026,Occupational Expert,,false,true
Accountant (General),13-2011.00,Accountants and Auditors,onet_knowledge,knowledge,2.C.3.a,Computers and Electronics,3.14,53.50,1,5,29,,,,,,08/2026,Occupational Expert,3.97,56.71,0,7,29,,,,,N,08/2026,Occupational Expert,,false,true
Management Accountant,13-2011.00,Accountants and Auditors,onet_knowledge,knowledge,2.C.3.a,Computers and Electronics,3.14,53.50,1,5,29,,,,,,08/2026,Occupational Expert,3.97,56.71,0,7,29,,,,,N,08/2026,Occupational Expert,,false,true
Taxation Accountant,13-2011.00,Accountants and Auditors,onet_knowledge,knowledge,2.C.3.a,Computers and Electronics,3.14,53.50,1,5,29,,,,,,08/2026,Occupational Expert,3.97,56.71,0,7,29,,,,,N,08/2026,Occupational Expert,,false,true
Accountant (General),13-2011.00,Accountants and Auditors,onet_knowledge,knowledge,2.C.3.b,Engineering and Technology,1.38,9.50,1,5,29,,,,,,08/2026,Occupational Expert,1.21,17.29,0,7,29,,,,,N,08/2026,Occupational Expert,,false,true
Management Accountant,13-2011.00,Accountants and Auditors,onet_knowledge,knowledge,2.C.3.b,Engineering and Technology,1.38,9.50,1,5,29,,,,,,08/2026,Occupational Expert,1.21,17.29,0,7,29,,,,,N,08/2026,Occupational Expert,,false,true
Taxation Accountant,13-2011.00,Accountants and Auditors,onet_knowledge,knowledge,2.C.3.b,Engineering and Technology,1.38,9.50,1,5,29,,,,,,08/2026,Occupational Expert,1.21,17.29,0,7,29,,,,,N,08/2026,Occupational Expert,,false,true
Accountant (General),13-2011.00,Accountants and Auditors,onet_knowledge,knowledge,2.C.3.c,Design,1.24,6.00,1,5,29,,,,,,08/2026,Occupational Expert,0.69,9.86,0,7,29,,,,,Y,08/2026,Occupational Expert,,true,false
Management Accountant,13-2011.00,Accountants and Auditors,onet_knowledge,knowledge,2.C.3.c,Design,1.24,6.00,1,5,29,,,,,,08/2026,Occupational Expert,0.69,9.86,0,7,29,,,,,Y,08/2026,Occupational Expert,,true,false
Taxation Accountant,13-2011.00,Accountants and Auditors,onet_knowledge,knowledge,2.C.3.c,Design,1.24,6.00,1,5,29,,,,,,08/2026,Occupational Expert,0.69,9.86,0,7,29,,,,,Y,08/2026,Occupational Expert,,true,false
Accountant (General),13-2011.00,Accountants and Auditors,onet_knowledge,knowledge,2.C.3.d,Building and Construction,1.29,7.25,1,5,28,,,,,,08/2026,Occupational Expert,0.82,11.71,0,7,28,,,,,Y,08/2026,Occupational Expert,,true,false
Management Accountant,13-2011.00,Accountants and Auditors,onet_knowledge,knowledge,2.C.3.d,Building and Construction,1.29,7.25,1,5,28,,,,,,08/2026,Occupational Expert,0.82,11.71,0,7,28,,,,,Y,08/2026,Occupational Expert,,true,false
Taxation Accountant,13-2011.00,Accountants and Auditors,onet_knowledge,knowledge,2.C.3.d,Building and Construction,1.29,7.25,1,5,28,,,,,,08/2026,Occupational Expert,0.82,11.71,0,7,28,,,,,Y,08/2026,Occupational Expert,,true,false
Accountant (General),13-2011.00,Accountants and Auditors,onet_knowledge,knowledge,2.C.3.e,Mechanical,1.21,5.25,1,5,29,,,,,,08/2026,Occupational Expert,0.66,9.43,0,7,29,,,,,Y,08/2026,Occupational Expert,,true,false
Management Accountant,13-2011.00,Accountants and Auditors,onet_knowledge,knowledge,2.C.3.e,Mechanical,1.21,5.25,1,5,29,,,,,,08/2026,Occupational Expert,0.66,9.43,0,7,29,,,,,Y,08/2026,Occupational Expert,,true,false
Taxation Accountant,13-2011.00,Accountants and Auditors,onet_knowledge,knowledge,2.C.3.e,Mechanical,1.21,5.25,1,5,29,,,,,,08/2026,Occupational Expert,0.66,9.43,0,7,29,,,,,Y,08/2026,Occupational Expert,,true,false
Accountant (General),13-2011.00,Accountants and Auditors,onet_knowledge,knowledge,2.C.4.a,Mathematics,3.48,62.00,1,5,29,,,,,,08/2026,Occupational Expert,4.69,67.00,0,7,29,,,,,N,08/2026,Occupational Expert,,false,true
Management Accountant,13-2011.00,Accountants and Auditors,onet_knowledge,knowledge,2.C.4.a,Mathematics,3.48,62.00,1,5,29,,,,,,08/2026,Occupational Expert,4.69,67.00,0,7,29,,,,,N,08/2026,Occupational Expert,,false,true
Taxation Accountant,13-2011.00,Accountants and Auditors,onet_knowledge,knowledge,2.C.4.a,Mathematics,3.48,62.00,1,5,29,,,,,,08/2026,Occupational Expert,4.69,67.00,0,7,29,,,,,N,08/2026,Occupational Expert,,false,true
Accountant (General),13-2011.00,Accountants and Auditors,onet_knowledge,knowledge,2.C.4.b,Physics,1.17,4.25,1,5,29,,,,,,08/2026,Occupational Expert,0.31,4.43,0,7,29,,,,,Y,08/2026,Occupational Expert,,true,false
Management Accountant,13-2011.00,Accountants and Auditors,onet_knowledge,knowledge,2.C.4.b,Physics,1.17,4.25,1,5,29,,,,,,08/2026,Occupational Expert,0.31,4.43,0,7,29,,,,,Y,08/2026,Occupational Expert,,true,false
Taxation Accountant,13-2011.00,Accountants and Auditors,onet_knowledge,knowledge,2.C.4.b,Physics,1.17,4.25,1,5,29,,,,,,08/2026,Occupational Expert,0.31,4.43,0,7,29,,,,,Y,08/2026,Occupational Expert,,true,false
Accountant (General),13-2011.00,Accountants and Auditors,onet_knowledge,knowledge,2.C.4.c,Chemistry,1.10,2.50,1,5,29,,,,,,08/2026,Occupational Expert,0.28,4.00,0,7,29,,,,,Y,08/2026,Occupational Expert,,true,false
Management Accountant,13-2011.00,Accountants and Auditors,onet_knowledge,knowledge,2.C.4.c,Chemistry,1.10,2.50,1,5,29,,,,,,08/2026,Occupational Expert,0.28,4.00,0,7,29,,,,,Y,08/2026,Occupational Expert,,true,false
Taxation Accountant,13-2011.00,Accountants and Auditors,onet_knowledge,knowledge,2.C.4.c,Chemistry,1.10,2.50,1,5,29,,,,,,08/2026,Occupational Expert,0.28,4.00,0,7,29,,,,,Y,08/2026,Occupational Expert,,true,false
Accountant (General),13-2011.00,Accountants and Auditors,onet_knowledge,knowledge,2.C.4.d,Biology,1.10,2.50,1,5,29,,,,,,08/2026,Occupational Expert,0.21,3.00,0,7,29,,,,,Y,08/2026,Occupational Expert,,true,false
Management Accountant,13-2011.00,Accountants and Auditors,onet_knowledge,knowledge,2.C.4.d,Biology,1.10,2.50,1,5,29,,,,,,08/2026,Occupational Expert,0.21,3.00,0,7,29,,,,,Y,08/2026,Occupational Expert,,true,false
Taxation Accountant,13-2011.00,Accountants and Auditors,onet_knowledge,knowledge,2.C.4.d,Biology,1.10,2.50,1,5,29,,,,,,08/2026,Occupational Expert,0.21,3.00,0,7,29,,,,,Y,08/2026,Occupational Expert,,true,false
Accountant (General),13-2011.00,Accountants and Auditors,onet_knowledge,knowledge,2.C.4.e,Psychology,1.76,19.00,1,5,29,,,,,,08/2026,Occupational Expert,1.90,27.14,0,7,29,,,,,N,08/2026,Occupational Expert,,false,true
Management Accountant,13-2011.00,Accountants and Auditors,onet_knowledge,knowledge,2.C.4.e,Psychology,1.76,19.00,1,5,29,,,,,,08/2026,Occupational Expert,1.90,27.14,0,7,29,,,,,N,08/2026,Occupational Expert,,false,true
Taxation Accountant,13-2011.00,Accountants and Auditors,onet_knowledge,knowledge,2.C.4.e,Psychology,1.76,19.00,1,5,29,,,,,,08/2026,Occupational Expert,1.90,27.14,0,7,29,,,,,N,08/2026,Occupational Expert,,false,true
Accountant (General),13-2011.00,Accountants and Auditors,onet_knowledge,knowledge,2.C.4.f,Sociology and Anthropology,1.41,10.25,1,5,29,,,,,,08/2026,Occupational Expert,1.03,14.71,0,7,29,,,,,N,08/2026,Occupational Expert,,false,true
Management Accountant,13-2011.00,Accountants and Auditors,onet_knowledge,knowledge,2.C.4.f,Sociology and Anthropology,1.41,10.25,1,5,29,,,,,,08/2026,Occupational Expert,1.03,14.71,0,7,29,,,,,N,08/2026,Occupational Expert,,false,true
Taxation Accountant,13-2011.00,Accountants and Auditors,onet_knowledge,knowledge,2.C.4.f,Sociology and Anthropology,1.41,10.25,1,5,29,,,,,,08/2026,Occupational Expert,1.03,14.71,0,7,29,,,,,N,08/2026,Occupational Expert,,false,true
Accountant (General),13-2011.00,Accountants and Auditors,onet_knowledge,knowledge,2.C.4.g,Geography,1.34,8.50,1,5,29,,,,,,08/2026,Occupational Expert,1.03,14.71,0,7,29,,,,,N,08/2026,Occupational Expert,,false,true
Management Accountant,13-2011.00,Accountants and Auditors,onet_knowledge,knowledge,2.C.4.g,Geography,1.34,8.50,1,5,29,,,,,,08/2026,Occupational Expert,1.03,14.71,0,7,29,,,,,N,08/2026,Occupational Expert,,false,true
Taxation Accountant,13-2011.00,Accountants and Auditors,onet_knowledge,knowledge,2.C.4.g,Geography,1.34,8.50,1,5,29,,,,,,08/2026,Occupational Expert,1.03,14.71,0,7,29,,,,,N,08/2026,Occupational Expert,,false,true
Accountant (General),13-2011.00,Accountants and Auditors,onet_knowledge,knowledge,2.C.5.a,Medicine and Dentistry,1.17,4.25,1,5,29,,,,,,08/2026,Occupational Expert,0.38,5.43,0,7,29,,,,,Y,08/2026,Occupational Expert,,true,false
Management Accountant,13-2011.00,Accountants and Auditors,onet_knowledge,knowledge,2.C.5.a,Medicine and Dentistry,1.17,4.25,1,5,29,,,,,,08/2026,Occupational Expert,0.38,5.43,0,7,29,,,,,Y,08/2026,Occupational Expert,,true,false
Taxation Accountant,13-2011.00,Accountants and Auditors,onet_knowledge,knowledge,2.C.5.a,Medicine and Dentistry,1.17,4.25,1,5,29,,,,,,08/2026,Occupational Expert,0.38,5.43,0,7,29,,,,,Y,08/2026,Occupational Expert,,true,false
Accountant (General),13-2011.00,Accountants and Auditors,onet_knowledge,knowledge,2.C.5.b,Therapy and Counseling,1.31,7.75,1,5,29,,,,,,08/2026,Occupational Expert,0.79,11.29,0,7,29,,,,,N,08/2026,Occupational Expert,,false,true
Management Accountant,13-2011.00,Accountants and Auditors,onet_knowledge,knowledge,2.C.5.b,Therapy and Counseling,1.31,7.75,1,5,29,,,,,,08/2026,Occupational Expert,0.79,11.29,0,7,29,,,,,N,08/2026,Occupational Expert,,false,true
Taxation Accountant,13-2011.00,Accountants and Auditors,onet_knowledge,knowledge,2.C.5.b,Therapy and Counseling,1.31,7.75,1,5,29,,,,,,08/2026,Occupational Expert,0.79,11.29,0,7,29,,,,,N,08/2026,Occupational Expert,,false,true
Accountant (General),13-2011.00,Accountants and Auditors,onet_knowledge,knowledge,2.C.6,Education and Training,2.10,27.50,1,5,29,,,,,,08/2026,Occupational Expert,2.76,39.43,0,7,29,,,,,N,08/2026,Occupational Expert,,false,true
Management Accountant,13-2011.00,Accountants and Auditors,onet_knowledge,knowledge,2.C.6,Education and Training,2.10,27.50,1,5,29,,,,,,08/2026,Occupational Expert,2.76,39.43,0,7,29,,,,,N,08/2026,Occupational Expert,,false,true
Taxation Accountant,13-2011.00,Accountants and Auditors,onet_knowledge,knowledge,2.C.6,Education and Training,2.10,27.50,1,5,29,,,,,,08/2026,Occupational Expert,2.76,39.43,0,7,29,,,,,N,08/2026,Occupational Expert,,false,true
Accountant (General),13-2011.00,Accountants and Auditors,onet_knowledge,knowledge,2.C.7.a,English Language,3.62,65.50,1,5,29,,,,,,08/2026,Occupational Expert,4.46,63.71,0,7,28,,,,,N,08/2026,Occupational Expert,,false,true
Management Accountant,13-2011.00,Accountants and Auditors,onet_knowledge,knowledge,2.C.7.a,English Language,3.62,65.50,1,5,29,,,,,,08/2026,Occupational Expert,4.46,63.71,0,7,28,,,,,N,08/2026,Occupational Expert,,false,true
Taxation Accountant,13-2011.00,Accountants and Auditors,onet_knowledge,knowledge,2.C.7.a,English Language,3.62,65.50,1,5,29,,,,,,08/2026,Occupational Expert,4.46,63.71,0,7,28,,,,,N,08/2026,Occupational Expert,,false,true
Accountant (General),13-2011.00,Accountants and Auditors,onet_knowledge,knowledge,2.C.7.b,Foreign Language,1.28,7.00,1,5,29,,,,,,08/2026,Occupational Expert,0.62,8.86,0,7,29,,,,,Y,08/2026,Occupational Expert,,true,false
Management Accountant,13-2011.00,Accountants and Auditors,onet_knowledge,knowledge,2.C.7.b,Foreign Language,1.28,7.00,1,5,29,,,,,,08/2026,Occupational Expert,0.62,8.86,0,7,29,,,,,Y,08/2026,Occupational Expert,,true,false
Taxation Accountant,13-2011.00,Accountants and Auditors,onet_knowledge,knowledge,2.C.7.b,Foreign Language,1.28,7.00,1,5,29,,,,,,08/2026,Occupational Expert,0.62,8.86,0,7,29,,,,,Y,08/2026,Occupational Expert,,true,false
Accountant (General),13-2011.00,Accountants and Auditors,onet_knowledge,knowledge,2.C.7.c,Fine Arts,1.07,1.75,1,5,29,,,,,,08/2026,Occupational Expert,0.21,3.00,0,7,29,,,,,Y,08/2026,Occupational Expert,,true,false
Management Accountant,13-2011.00,Accountants and Auditors,onet_knowledge,knowledge,2.C.7.c,Fine Arts,1.07,1.75,1,5,29,,,,,,08/2026,Occupational Expert,0.21,3.00,0,7,29,,,,,Y,08/2026,Occupational Expert,,true,false
Taxation Accountant,13-2011.00,Accountants and Auditors,onet_knowledge,knowledge,2.C.7.c,Fine Arts,1.07,1.75,1,5,29,,,,,,08/2026,Occupational Expert,0.21,3.00,0,7,29,,,,,Y,08/2026,Occupational Expert,,true,false
Accountant (General),13-2011.00,Accountants and Auditors,onet_knowledge,knowledge,2.C.7.d,History and Archeology,1.21,5.25,1,5,29,,,,,,08/2026,Occupational Expert,0.45,6.43,0,7,29,,,,,Y,08/2026,Occupational Expert,,true,false
Management Accountant,13-2011.00,Accountants and Auditors,onet_knowledge,knowledge,2.C.7.d,History and Archeology,1.21,5.25,1,5,29,,,,,,08/2026,Occupational Expert,0.45,6.43,0,7,29,,,,,Y,08/2026,Occupational Expert,,true,false
Taxation Accountant,13-2011.00,Accountants and Auditors,onet_knowledge,knowledge,2.C.7.d,History and Archeology,1.21,5.25,1,5,29,,,,,,08/2026,Occupational Expert,0.45,6.43,0,7,29,,,,,Y,08/2026,Occupational Expert,,true,false
Accountant (General),13-2011.00,Accountants and Auditors,onet_knowledge,knowledge,2.C.7.e,Philosophy and Theology,1.31,7.75,1,5,29,,,,,,08/2026,Occupational Expert,0.72,10.29,0,7,29,,,,,Y,08/2026,Occupational Expert,,true,false
Management Accountant,13-2011.00,Accountants and Auditors,onet_knowledge,knowledge,2.C.7.e,Philosophy and Theology,1.31,7.75,1,5,29,,,,,,08/2026,Occupational Expert,0.72,10.29,0,7,29,,,,,Y,08/2026,Occupational Expert,,true,false
Taxation Accountant,13-2011.00,Accountants and Auditors,onet_knowledge,knowledge,2.C.7.e,Philosophy and Theology,1.31,7.75,1,5,29,,,,,,08/2026,Occupational Expert,0.72,10.29,0,7,29,,,,,Y,08/2026,Occupational Expert,,true,false
Accountant (General),13-2011.00,Accountants and Auditors,onet_knowledge,knowledge,2.C.8.a,Public Safety and Security,1.71,17.75,1,5,28,,,,,,08/2026,Occupational Expert,1.68,24.00,0,7,28,,,,,N,08/2026,Occupational Expert,,false,true
Management Accountant,13-2011.00,Accountants and Auditors,onet_knowledge,knowledge,2.C.8.a,Public Safety and Security,1.71,17.75,1,5,28,,,,,,08/2026,Occupational Expert,1.68,24.00,0,7,28,,,,,N,08/2026,Occupational Expert,,false,true
Taxation Accountant,13-2011.00,Accountants and Auditors,onet_knowledge,knowledge,2.C.8.a,Public Safety and Security,1.71,17.75,1,5,28,,,,,,08/2026,Occupational Expert,1.68,24.00,0,7,28,,,,,N,08/2026,Occupational Expert,,false,true
Accountant (General),13-2011.00,Accountants and Auditors,onet_knowledge,knowledge,2.C.8.b,Law and Government,3.34,58.50,1,5,29,,,,,,08/2026,Occupational Expert,4.14,59.14,0,7,28,,,,,N,08/2026,Occupational Expert,,false,true
Management Accountant,13-2011.00,Accountants and Auditors,onet_knowledge,knowledge,2.C.8.b,Law and Government,3.34,58.50,1,5,29,,,,,,08/2026,Occupational Expert,4.14,59.14,0,7,28,,,,,N,08/2026,Occupational Expert,,false,true
Taxation Accountant,13-2011.00,Accountants and Auditors,onet_knowledge,knowledge,2.C.8.b,Law and Government,3.34,58.50,1,5,29,,,,,,08/2026,Occupational Expert,4.14,59.14,0,7,28,,,,,N,08/2026,Occupational Expert,,false,true
Accountant (General),13-2011.00,Accountants and Auditors,onet_knowledge,knowledge,2.C.9.a,Telecommunications,2.14,28.50,1,5,29,,,,,,08/2026,Occupational Expert,1.93,27.57,0,7,29,,,,,N,08/2026,Occupational Expert,,false,true
Management Accountant,13-2011.00,Accountants and Auditors,onet_knowledge,knowledge,2.C.9.a,Telecommunications,2.14,28.50,1,5,29,,,,,,08/2026,Occupational Expert,1.93,27.57,0,7,29,,,,,N,08/2026,Occupational Expert,,false,true
Taxation Accountant,13-2011.00,Accountants and Auditors,onet_knowledge,knowledge,2.C.9.a,Telecommunications,2.14,28.50,1,5,29,,,,,,08/2026,Occupational Expert,1.93,27.57,0,7,29,,,,,N,08/2026,Occupational Expert,,false,true
Accountant (General),13-2011.00,Accountants and Auditors,onet_knowledge,knowledge,2.C.9.b,Communications and Media,2.31,32.75,1,5,29,,,,,,08/2026,Occupational Expert,2.59,37.00,0,7,29,,,,,N,08/2026,Occupational Expert,,false,true
Management Accountant,13-2011.00,Accountants and Auditors,onet_knowledge,knowledge,2.C.9.b,Communications and Media,2.31,32.75,1,5,29,,,,,,08/2026,Occupational Expert,2.59,37.00,0,7,29,,,,,N,08/2026,Occupational Expert,,false,true
Taxation Accountant,13-2011.00,Accountants and Auditors,onet_knowledge,knowledge,2.C.9.b,Communications and Media,2.31,32.75,1,5,29,,,,,,08/2026,Occupational Expert,2.59,37.00,0,7,29,,,,,N,08/2026,Occupational Expert,,false,true
Accountant (General),13-2011.00,Accountants and Auditors,onet_knowledge,knowledge,2.C.10,Transportation,1.72,18.00,1,5,29,,,,,,08/2026,Occupational Expert,1.52,21.71,0,7,29,,,,,N,08/2026,Occupational Expert,,false,true
Management Accountant,13-2011.00,Accountants and Auditors,onet_knowledge,knowledge,2.C.10,Transportation,1.72,18.00,1,5,29,,,,,,08/2026,Occupational Expert,1.52,21.71,0,7,29,,,,,N,08/2026,Occupational Expert,,false,true
Taxation Accountant,13-2011.00,Accountants and Auditors,onet_knowledge,knowledge,2.C.10,Transportation,1.72,18.00,1,5,29,,,,,,08/2026,Occupational Expert,1.52,21.71,0,7,29,,,,,N,08/2026,Occupational Expert,,false,true
ICT Business Analyst,15-1211.00,Computer Systems Analysts,onet_knowledge,knowledge,2.C.1.a,Administration and Management,3.20,55.00,1,5,20,0.2458,2.6837,3.7127,N,,08/2023,Incumbent,3.96,56.57,0,7,20,0.5489,2.8077,5.1056,N,N,08/2023,Incumbent,false,false,true
ICT Business Analyst,15-1211.00,Computer Systems Analysts,onet_knowledge,knowledge,2.C.1.b,Administrative,2.57,39.25,1,5,19,0.2238,2.0956,3.0362,N,,08/2023,Incumbent,3.70,52.86,0,7,20,0.3113,3.0490,4.3520,N,N,08/2023,Incumbent,false,false,true
ICT Business Analyst,15-1211.00,Computer Systems Analysts,onet_knowledge,knowledge,2.C.1.c,Economics and Accounting,2.30,32.50,1,5,19,0.3009,1.6657,2.9298,N,,08/2023,Incumbent,2.71,38.71,0,7,20,0.4807,1.6995,3.7119,N,N,08/2023,Incumbent,false,false,true
ICT Business Analyst,15-1211.00,Computer Systems Analysts,onet_knowledge,knowledge,2.C.1.d,Sales and Marketing,2.08,27.00,1,5,20,0.2403,1.5729,2.5788,N,,08/2023,Incumbent,2.13,30.43,0,7,20,0.4703,1.1473,3.1158,N,N,08/2023,Incumbent,false,false,true
ICT Business Analyst,15-1211.00,Computer Systems Analysts,onet_knowledge,knowledge,2.C.1.e,Customer and Personal Service,3.70,67.50,1,5,20,0.3056,3.0570,4.3363,N,,08/2023,Incumbent,3.92,56.00,0,7,20,0.5942,2.6736,5.1608,N,N,08/2023,Incumbent,false,false,true
ICT Business Analyst,15-1211.00,Computer Systems Analysts,onet_knowledge,knowledge,2.C.1.f,Personnel and Human Resources,2.42,35.50,1,5,20,0.3335,1.7222,3.1183,N,,08/2023,Incumbent,2.97,42.43,0,7,20,0.5500,1.8184,4.1207,N,N,08/2023,Incumbent,false,false,true
ICT Business Analyst,15-1211.00,Computer Systems Analysts,onet_knowledge,knowledge,2.C.2.a,Production and Processing,1.73,18.25,1,5,20,0.3108,1.0777,2.3787,N,,08/2023,Incumbent,1.30,18.57,0,7,20,0.5952,0.0543,2.5458,N,N,08/2023,Incumbent,false,false,true
ICT Business Analyst,15-1211.00,Computer Systems Analysts,onet_knowledge,knowledge,2.C.2.b,Food Production,1.00,0.00,1,5,20,0.0000,,,N,,08/2023,Incumbent,0.00,0.00,0,7,20,0.0000,,,N,Y,08/2023,Incumbent,false,true,false
ICT Business Analyst,15-1211.00,Computer Systems Analysts,onet_knowledge,knowledge,2.C.3.a,Computers and Electronics,4.63,90.75,1,5,19,0.2001,4.2109,5.0000,N,,08/2023,Incumbent,6.00,85.71,0,7,20,0.3610,5.2484,6.7596,N,N,08/2023,Incumbent,false,false,true
ICT Business Analyst,15-1211.00,Computer Systems Analysts,onet_knowledge,knowledge,2.C.3.b,Engineering and Technology,2.70,42.50,1,5,20,0.5348,1.5778,3.8165,N,,08/2023,Incumbent,2.91,41.57,0,7,20,0.9250,0.9763,4.8485,N,N,08/2023,Incumbent,false,false,true
ICT Business Analyst,15-1211.00,Computer Systems Analysts,onet_knowledge,knowledge,2.C.3.c,Design,2.12,28.00,1,5,20,0.3631,1.3639,2.8837,N,,08/2023,Incumbent,2.17,31.00,0,7,20,0.6730,0.7606,3.5777,N,N,08/2023,Incumbent,false,false,true
ICT Business Analyst,15-1211.00,Computer Systems Analysts,onet_knowledge,knowledge,2.C.3.d,Building and Construction,1.13,3.25,1,5,19,0.0669,1.0000,1.2697,N,,08/2023,Incumbent,0.31,4.43,0,7,20,0.1728,0.0000,0.6713,Y,Y,08/2023,Incumbent,true,true,false
ICT Business Analyst,15-1211.00,Computer Systems Analysts,onet_knowledge,knowledge,2.C.3.e,Mechanical,1.57,14.25,1,5,20,0.2065,1.1351,1.9996,N,,08/2023,Incumbent,1.25,17.86,0,7,20,0.4965,0.2139,2.2921,N,N,08/2023,Incumbent,false,false,true
ICT Business Analyst,15-1211.00,Computer Systems Analysts,onet_knowledge,knowledge,2.C.4.a,Mathematics,3.25,56.25,1,5,20,0.2207,2.7836,3.7076,N,,08/2023,Incumbent,3.76,53.71,0,7,20,0.2243,3.2934,4.2323,N,N,08/2023,Incumbent,false,false,true
ICT Business Analyst,15-1211.00,Computer Systems Analysts,onet_knowledge,knowledge,2.C.4.b,Physics,1.29,7.25,1,5,20,0.1644,1.0000,1.6343,N,,08/2023,Incumbent,0.52,7.43,0,7,20,0.3209,0.0000,1.1930,Y,N,08/2023,Incumbent,true,false,false
ICT Business Analyst,15-1211.00,Computer Systems Analysts,onet_knowledge,knowledge,2.C.4.c,Chemistry,1.19,4.75,1,5,20,0.1546,1.0000,1.5155,N,,08/2023,Incumbent,0.56,8.00,0,7,20,0.4629,0.0000,1.5247,Y,Y,08/2023,Incumbent,true,true,false
ICT Business Analyst,15-1211.00,Computer Systems Analysts,onet_knowledge,knowledge,2.C.4.d,Biology,1.16,4.00,1,5,20,0.1540,1.0000,1.4864,N,,08/2023,Incumbent,0.33,4.71,0,7,20,0.3080,0.0000,0.9728,Y,Y,08/2023,Incumbent,true,true,false
ICT Business Analyst,15-1211.00,Computer Systems Analysts,onet_knowledge,knowledge,2.C.4.e,Psychology,1.42,10.50,1,5,20,0.2062,1.0000,1.8557,N,,08/2023,Incumbent,0.68,9.71,0,7,20,0.3480,0.0000,1.4071,Y,N,08/2023,Incumbent,true,false,false
ICT Business Analyst,15-1211.00,Computer Systems Analysts,onet_knowledge,knowledge,2.C.4.f,Sociology and Anthropology,1.33,8.25,1,5,20,0.1919,1.0000,1.7294,N,,08/2023,Incumbent,0.68,9.71,0,7,20,0.4704,0.0000,1.6664,Y,N,08/2023,Incumbent,true,false,false
ICT Business Analyst,15-1211.00,Computer Systems Analysts,onet_knowledge,knowledge,2.C.4.g,Geography,1.54,13.50,1,5,19,0.2404,1.0386,2.0489,N,,08/2023,Incumbent,1.65,23.57,0,7,20,0.7461,0.0927,3.2157,N,N,08/2023,Incumbent,false,false,true
ICT Business Analyst,15-1211.00,Computer Systems Analysts,onet_knowledge,knowledge,2.C.5.a,Medicine and Dentistry,1.18,4.50,1,5,19,0.1599,1.0000,1.5142,N,,08/2023,Incumbent,0.36,5.14,0,7,19,0.3198,0.0000,1.0284,Y,Y,08/2023,Incumbent,true,true,false
ICT Business Analyst,15-1211.00,Computer Systems Analysts,onet_knowledge,knowledge,2.C.5.b,Therapy and Counseling,1.22,5.50,1,5,20,0.1594,1.0000,1.5572,N,,08/2023,Incumbent,0.42,6.00,0,7,20,0.3158,0.0000,1.0846,Y,Y,08/2023,Incumbent,true,true,false
ICT Business Analyst,15-1211.00,Computer Systems Analysts,onet_knowledge,knowledge,2.C.6,Education and Training,2.99,49.75,1,5,20,0.0808,2.8250,3.1631,N,,08/2023,Incumbent,4.00,57.14,0,7,20,0.3830,3.1943,4.7977,N,N,08/2023,Incumbent,false,false,true
ICT Business Analyst,15-1211.00,Computer Systems Analysts,onet_knowledge,knowledge,2.C.7.a,English Language,3.48,62.00,1,5,20,0.5001,2.4377,4.5310,N,,08/2023,Incumbent,4.13,59.00,0,7,20,0.4110,3.2672,4.9876,N,N,08/2023,Incumbent,false,false,true
ICT Business Analyst,15-1211.00,Computer Systems Analysts,onet_knowledge,knowledge,2.C.7.b,Foreign Language,1.01,0.25,1,5,20,0.0081,1.0000,1.0248,N,,08/2023,Incumbent,0.01,0.14,0,7,20,0.0081,0.0000,0.0248,Y,Y,08/2023,Incumbent,true,true,false
ICT Business Analyst,15-1211.00,Computer Systems Analysts,onet_knowledge,knowledge,2.C.7.c,Fine Arts,1.00,0.00,1,5,20,0.0000,,,N,,08/2023,Incumbent,0.00,0.00,0,7,20,0.0000,,,N,Y,08/2023,Incumbent,false,true,false
ICT Business Analyst,15-1211.00,Computer Systems Analysts,onet_knowledge,knowledge,2.C.7.d,History and Archeology,1.20,5.00,1,5,20,0.1569,1.0000,1.5326,N,,08/2023,Incumbent,0.55,7.86,0,7,20,0.4645,0.0000,1.5248,Y,Y,08/2023,Incumbent,true,true,false
ICT Business Analyst,15-1211.00,Computer Systems Analysts,onet_knowledge,knowledge,2.C.7.e,Philosophy and Theology,1.26,6.50,1,5,20,0.1705,1.0000,1.6141,N,,08/2023,Incumbent,0.64,9.14,0,7,20,0.4738,0.0000,1.6342,Y,Y,08/2023,Incumbent,true,true,false
ICT Business Analyst,15-1211.00,Computer Systems Analysts,onet_knowledge,knowledge,2.C.8.a,Public Safety and Security,2.24,31.00,1,5,20,0.4585,1.2841,3.2035,N,,08/2023,Incumbent,1.71,24.43,0,7,20,0.5715,0.5131,2.9054,N,N,08/2023,Incumbent,false,false,true
ICT Business Analyst,15-1211.00,Computer Systems Analysts,onet_knowledge,knowledge,2.C.8.b,Law and Government,2.29,32.25,1,5,20,0.4616,1.3214,3.2536,N,,08/2023,Incumbent,2.15,30.71,0,7,20,0.6739,0.7406,3.5615,N,N,08/2023,Incumbent,false,false,true
ICT Business Analyst,15-1211.00,Computer Systems Analysts,onet_knowledge,knowledge,2.C.9.a,Telecommunications,2.97,49.25,1,5,20,0.4416,2.0472,3.8958,N,,08/2023,Incumbent,3.02,43.14,0,7,20,0.7174,1.5151,4.5182,N,N,08/2023,Incumbent,false,false,true
ICT Business Analyst,15-1211.00,Computer Systems Analysts,onet_knowledge,knowledge,2.C.9.b,Communications and Media,2.36,34.00,1,5,20,0.1681,2.0072,2.7109,N,,08/2023,Incumbent,2.70,38.57,0,7,20,0.3417,1.9843,3.4148,N,N,08/2023,Incumbent,false,false,true
ICT Business Analyst,15-1211.00,Computer Systems Analysts,onet_knowledge,knowledge,2.C.10,Transportation,1.31,7.75,1,5,20,0.1750,1.0000,1.6748,N,,08/2023,Incumbent,0.74,10.57,0,7,20,0.4785,0.0000,1.7375,Y,N,08/2023,Incumbent,true,false,false
Cyber Security Advice and Assessment Specialist,15-1212.00,Information Security Analysts,onet_knowledge,knowledge,2.C.1.a,Administration and Management,3.68,67.00,1,5,26,0.2895,3.0851,4.2776,N,,08/2018,Incumbent,3.79,54.14,0,7,26,0.3475,3.0719,4.5034,N,N,08/2018,Incumbent,false,false,true
Cyber Security Analyst,15-1212.00,Information Security Analysts,onet_knowledge,knowledge,2.C.1.a,Administration and Management,3.68,67.00,1,5,26,0.2895,3.0851,4.2776,N,,08/2018,Incumbent,3.79,54.14,0,7,26,0.3475,3.0719,4.5034,N,N,08/2018,Incumbent,false,false,true
Cyber Security Advice and Assessment Specialist,15-1212.00,Information Security Analysts,onet_knowledge,knowledge,2.C.1.b,Administrative,2.69,42.25,1,5,26,0.2554,2.1607,3.2126,N,,08/2018,Incumbent,3.13,44.71,0,7,25,0.4298,2.2462,4.0203,N,N,08/2018,Incumbent,false,false,true
Cyber Security Analyst,15-1212.00,Information Security Analysts,onet_knowledge,knowledge,2.C.1.b,Administrative,2.69,42.25,1,5,26,0.2554,2.1607,3.2126,N,,08/2018,Incumbent,3.13,44.71,0,7,25,0.4298,2.2462,4.0203,N,N,08/2018,Incumbent,false,false,true
Cyber Security Advice and Assessment Specialist,15-1212.00,Information Security Analysts,onet_knowledge,knowledge,2.C.1.c,Economics and Accounting,2.29,32.25,1,5,25,0.2871,1.6974,2.8825,N,,08/2018,Incumbent,2.17,31.00,0,7,25,0.5048,1.1236,3.2073,N,N,08/2018,Incumbent,false,false,true
Cyber Security Analyst,15-1212.00,Information Security Analysts,onet_knowledge,knowledge,2.C.1.c,Economics and Accounting,2.29,32.25,1,5,25,0.2871,1.6974,2.8825,N,,08/2018,Incumbent,2.17,31.00,0,7,25,0.5048,1.1236,3.2073,N,N,08/2018,Incumbent,false,false,true
Cyber Security Advice and Assessment Specialist,15-1212.00,Information Security Analysts,onet_knowledge,knowledge,2.C.1.d,Sales and Marketing,1.51,12.75,1,5,26,0.1616,1.1796,1.8453,N,,08/2018,Incumbent,0.92,13.14,0,7,26,0.3097,0.2798,1.5555,N,N,08/2018,Incumbent,false,false,true
Cyber Security Analyst,15-1212.00,Information Security Analysts,onet_knowledge,knowledge,2.C.1.d,Sales and Marketing,1.51,12.75,1,5,26,0.1616,1.1796,1.8453,N,,08/2018,Incumbent,0.92,13.14,0,7,26,0.3097,0.2798,1.5555,N,N,08/2018,Incumbent,false,false,true
Cyber Security Advice and Assessment Specialist,15-1212.00,Information Security Analysts,onet_knowledge,knowledge,2.C.1.e,Customer and Personal Service,3.42,60.50,1,5,26,0.3224,2.7538,4.0818,N,,08/2018,Incumbent,4.14,59.14,0,7,25,0.5542,2.9913,5.2789,N,N,08/2018,Incumbent,false,false,true
Cyber Security Analyst,15-1212.00,Information Security Analysts,onet_knowledge,knowledge,2.C.1.e,Customer and Personal Service,3.42,60.50,1,5,26,0.3224,2.7538,4.0818,N,,08/2018,Incumbent,4.14,59.14,0,7,25,0.5542,2.9913,5.2789,N,N,08/2018,Incumbent,false,false,true
Cyber Security Advice and Assessment Specialist,15-1212.00,Information Security Analysts,onet_knowledge,knowledge,2.C.1.f,Personnel and Human Resources,2.44,36.00,1,5,25,0.2644,1.8972,2.9888,N,,08/2018,Incumbent,3.02,43.14,0,7,24,0.4753,2.0409,4.0072,N,N,08/2018,Incumbent,false,false,true
Cyber Security Analyst,15-1212.00,Information Security Analysts,onet_knowledge,knowledge,2.C.1.f,Personnel and Human Resources,2.44,36.00,1,5,25,0.2644,1.8972,2.9888,N,,08/2018,Incumbent,3.02,43.14,0,7,24,0.4753,2.0409,4.0072,N,N,08/2018,Incumbent,false,false,true
Cyber Security Advice and Assessment Specialist,15-1212.00,Information Security Analysts,onet_knowledge,knowledge,2.C.2.a,Production and Processing,2.41,35.25,1,5,26,0.3490,1.6864,3.1238,N,,08/2018,Incumbent,2.24,32.00,0,7,25,0.5138,1.1787,3.2998,N,N,08/2018,Incumbent,false,false,true
Cyber Security Analyst,15-1212.00,Information Security Analysts,onet_knowledge,knowledge,2.C.2.a,Production and Processing,2.41,35.25,1,5,26,0.3490,1.6864,3.1238,N,,08/2018,Incumbent,2.24,32.00,0,7,25,0.5138,1.1787,3.2998,N,N,08/2018,Incumbent,false,false,true
Cyber Security Advice and Assessment Specialist,15-1212.00,Information Security Analysts,onet_knowledge,knowledge,2.C.2.b,Food Production,1.02,0.50,1,5,26,0.0212,1.0000,1.0647,N,,08/2018,Incumbent,0.06,0.86,0,7,26,0.0635,0.0000,0.1941,Y,Y,08/2018,Incumbent,true,true,false
Cyber Security Analyst,15-1212.00,Information Security Analysts,onet_knowledge,knowledge,2.C.2.b,Food Production,1.02,0.50,1,5,26,0.0212,1.0000,1.0647,N,,08/2018,Incumbent,0.06,0.86,0,7,26,0.0635,0.0000,0.1941,Y,Y,08/2018,Incumbent,true,true,false
Cyber Security Advice and Assessment Specialist,15-1212.00,Information Security Analysts,onet_knowledge,knowledge,2.C.3.a,Computers and Electronics,4.35,83.75,1,5,26,0.2014,3.9360,4.7655,N,,08/2018,Incumbent,5.97,85.29,0,7,26,0.2882,5.3744,6.5616,N,N,08/2018,Incumbent,false,false,true
Cyber Security Analyst,15-1212.00,Information Security Analysts,onet_knowledge,knowledge,2.C.3.a,Computers and Electronics,4.35,83.75,1,5,26,0.2014,3.9360,4.7655,N,,08/2018,Incumbent,5.97,85.29,0,7,26,0.2882,5.3744,6.5616,N,N,08/2018,Incumbent,false,false,true
Cyber Security Advice and Assessment Specialist,15-1212.00,Information Security Analysts,onet_knowledge,knowledge,2.C.3.b,Engineering and Technology,3.64,66.00,1,5,26,0.3262,2.9687,4.3124,N,,08/2018,Incumbent,3.88,55.43,0,7,26,0.5620,2.7206,5.0354,N,N,08/2018,Incumbent,false,false,true
Cyber Security Analyst,15-1212.00,Information Security Analysts,onet_knowledge,knowledge,2.C.3.b,Engineering and Technology,3.64,66.00,1,5,26,0.3262,2.9687,4.3124,N,,08/2018,Incumbent,3.88,55.43,0,7,26,0.5620,2.7206,5.0354,N,N,08/2018,Incumbent,false,false,true
Cyber Security Advice and Assessment Specialist,15-1212.00,Information Security Analysts,onet_knowledge,knowledge,2.C.3.c,Design,2.40,35.00,1,5,26,0.2875,1.8048,2.9890,N,,08/2018,Incumbent,2.76,39.43,0,7,26,0.5729,1.5753,3.9353,N,N,08/2018,Incumbent,false,false,true
Cyber Security Analyst,15-1212.00,Information Security Analysts,onet_knowledge,knowledge,2.C.3.c,Design,2.40,35.00,1,5,26,0.2875,1.8048,2.9890,N,,08/2018,Incumbent,2.76,39.43,0,7,26,0.5729,1.5753,3.9353,N,N,08/2018,Incumbent,false,false,true
Cyber Security Advice and Assessment Specialist,15-1212.00,Information Security Analysts,onet_knowledge,knowledge,2.C.3.d,Building and Construction,1.34,8.50,1,5,26,0.1266,1.0825,1.6039,N,,08/2018,Incumbent,1.03,14.71,0,7,26,0.3788,0.2462,1.8064,N,N,08/2018,Incumbent,false,false,true
Cyber Security Analyst,15-1212.00,Information Security Analysts,onet_knowledge,knowledge,2.C.3.d,Building and Construction,1.34,8.50,1,5,26,0.1266,1.0825,1.6039,N,,08/2018,Incumbent,1.03,14.71,0,7,26,0.3788,0.2462,1.8064,N,N,08/2018,Incumbent,false,false,true
Cyber Security Advice and Assessment Specialist,15-1212.00,Information Security Analysts,onet_knowledge,knowledge,2.C.3.e,Mechanical,1.68,17.00,1,5,26,0.1716,1.3231,2.0301,N,,08/2018,Incumbent,1.34,19.14,0,7,26,0.3418,0.6329,2.0407,N,N,08/2018,Incumbent,false,false,true
Cyber Security Analyst,15-1212.00,Information Security Analysts,onet_knowledge,knowledge,2.C.3.e,Mechanical,1.68,17.00,1,5,26,0.1716,1.3231,2.0301,N,,08/2018,Incumbent,1.34,19.14,0,7,26,0.3418,0.6329,2.0407,N,N,08/2018,Incumbent,false,false,true
Cyber Security Advice and Assessment Specialist,15-1212.00,Information Security Analysts,onet_knowledge,knowledge,2.C.4.a,Mathematics,2.87,46.75,1,5,26,0.2751,2.3064,3.4396,N,,08/2018,Incumbent,3.53,50.43,0,7,26,0.4037,2.6947,4.3575,N,N,08/2018,Incumbent,false,false,true
Cyber Security Analyst,15-1212.00,Information Security Analysts,onet_knowledge,knowledge,2.C.4.a,Mathematics,2.87,46.75,1,5,26,0.2751,2.3064,3.4396,N,,08/2018,Incumbent,3.53,50.43,0,7,26,0.4037,2.6947,4.3575,N,N,08/2018,Incumbent,false,false,true
Cyber Security Advice and Assessment Specialist,15-1212.00,Information Security Analysts,onet_knowledge,knowledge,2.C.4.b,Physics,1.37,9.25,1,5,26,0.1323,1.0972,1.6423,N,,08/2018,Incumbent,0.82,11.71,0,7,26,0.2964,0.2110,1.4321,N,N,08/2018,Incumbent,false,false,true
Cyber Security Analyst,15-1212.00,Information Security Analysts,onet_knowledge,knowledge,2.C.4.b,Physics,1.37,9.25,1,5,26,0.1323,1.0972,1.6423,N,,08/2018,Incumbent,0.82,11.71,0,7,26,0.2964,0.2110,1.4321,N,N,08/2018,Incumbent,false,false,true
Cyber Security Advice and Assessment Specialist,15-1212.00,Information Security Analysts,onet_knowledge,knowledge,2.C.4.c,Chemistry,1.23,5.75,1,5,26,0.1163,1.0000,1.4725,N,,08/2018,Incumbent,0.56,8.00,0,7,26,0.2730,0.0001,1.1248,N,Y,08/2018,Incumbent,false,true,false
Cyber Security Analyst,15-1212.00,Information Security Analysts,onet_knowledge,knowledge,2.C.4.c,Chemistry,1.23,5.75,1,5,26,0.1163,1.0000,1.4725,N,,08/2018,Incumbent,0.56,8.00,0,7,26,0.2730,0.0001,1.1248,N,Y,08/2018,Incumbent,false,true,false
Cyber Security Advice and Assessment Specialist,15-1212.00,Information Security Analysts,onet_knowledge,knowledge,2.C.4.d,Biology,1.04,1.00,1,5,26,0.0423,1.0000,1.1294,N,,08/2018,Incumbent,0.08,1.14,0,7,26,0.0847,0.0000,0.2589,Y,Y,08/2018,Incumbent,true,true,false
Cyber Security Analyst,15-1212.00,Information Security Analysts,onet_knowledge,knowledge,2.C.4.d,Biology,1.04,1.00,1,5,26,0.0423,1.0000,1.1294,N,,08/2018,Incumbent,0.08,1.14,0,7,26,0.0847,0.0000,0.2589,Y,Y,08/2018,Incumbent,true,true,false
Cyber Security Advice and Assessment Specialist,15-1212.00,Information Security Analysts,onet_knowledge,knowledge,2.C.4.e,Psychology,2.09,27.25,1,5,26,0.2131,1.6506,2.5285,N,,08/2018,Incumbent,2.44,34.86,0,7,26,0.4537,1.5024,3.3711,N,N,08/2018,Incumbent,false,false,true
Cyber Security Analyst,15-1212.00,Information Security Analysts,onet_knowledge,knowledge,2.C.4.e,Psychology,2.09,27.25,1,5,26,0.2131,1.6506,2.5285,N,,08/2018,Incumbent,2.44,34.86,0,7,26,0.4537,1.5024,3.3711,N,N,08/2018,Incumbent,false,false,true
Cyber Security Advice and Assessment Specialist,15-1212.00,Information Security Analysts,onet_knowledge,knowledge,2.C.4.f,Sociology and Anthropology,1.71,17.75,1,5,26,0.2116,1.2777,2.1491,N,,08/2018,Incumbent,1.58,22.57,0,7,26,0.4795,0.5935,2.5687,N,N,08/2018,Incumbent,false,false,true
Cyber Security Analyst,15-1212.00,Information Security Analysts,onet_knowledge,knowledge,2.C.4.f,Sociology and Anthropology,1.71,17.75,1,5,26,0.2116,1.2777,2.1491,N,,08/2018,Incumbent,1.58,22.57,0,7,26,0.4795,0.5935,2.5687,N,N,08/2018,Incumbent,false,false,true
Cyber Security Advice and Assessment Specialist,15-1212.00,Information Security Analysts,onet_knowledge,knowledge,2.C.4.g,Geography,1.59,14.75,1,5,26,0.1868,1.2017,1.9710,N,,08/2018,Incumbent,1.25,17.86,0,7,26,0.3748,0.4821,2.0258,N,N,08/2018,Incumbent,false,false,true
Cyber Security Analyst,15-1212.00,Information Security Analysts,onet_knowledge,knowledge,2.C.4.g,Geography,1.59,14.75,1,5,26,0.1868,1.2017,1.9710,N,,08/2018,Incumbent,1.25,17.86,0,7,26,0.3748,0.4821,2.0258,N,N,08/2018,Incumbent,false,false,true
Cyber Security Advice and Assessment Specialist,15-1212.00,Information Security Analysts,onet_knowledge,knowledge,2.C.5.a,Medicine and Dentistry,1.06,1.50,1,5,26,0.0465,1.0000,1.1595,N,,08/2018,Incumbent,0.08,1.14,0,7,26,0.0590,0.0000,0.2063,Y,Y,08/2018,Incumbent,true,true,false
Cyber Security Analyst,15-1212.00,Information Security Analysts,onet_knowledge,knowledge,2.C.5.a,Medicine and Dentistry,1.06,1.50,1,5,26,0.0465,1.0000,1.1595,N,,08/2018,Incumbent,0.08,1.14,0,7,26,0.0590,0.0000,0.2063,Y,Y,08/2018,Incumbent,true,true,false
Cyber Security Advice and Assessment Specialist,15-1212.00,Information Security Analysts,onet_knowledge,knowledge,2.C.5.b,Therapy and Counseling,1.10,2.50,1,5,26,0.0707,1.0000,1.2490,N,,08/2018,Incumbent,0.29,4.14,0,7,26,0.2077,0.0000,0.7170,Y,Y,08/2018,Incumbent,true,true,false
Cyber Security Analyst,15-1212.00,Information Security Analysts,onet_knowledge,knowledge,2.C.5.b,Therapy and Counseling,1.10,2.50,1,5,26,0.0707,1.0000,1.2490,N,,08/2018,Incumbent,0.29,4.14,0,7,26,0.2077,0.0000,0.7170,Y,Y,08/2018,Incumbent,true,true,false
Cyber Security Advice and Assessment Specialist,15-1212.00,Information Security Analysts,onet_knowledge,knowledge,2.C.6,Education and Training,3.19,54.75,1,5,26,0.2788,2.6130,3.7612,N,,08/2018,Incumbent,4.24,60.57,0,7,26,0.5333,3.1452,5.3418,N,N,08/2018,Incumbent,false,false,true
Cyber Security Analyst,15-1212.00,Information Security Analysts,onet_knowledge,knowledge,2.C.6,Education and Training,3.19,54.75,1,5,26,0.2788,2.6130,3.7612,N,,08/2018,Incumbent,4.24,60.57,0,7,26,0.5333,3.1452,5.3418,N,N,08/2018,Incumbent,false,false,true
Cyber Security Advice and Assessment Specialist,15-1212.00,Information Security Analysts,onet_knowledge,knowledge,2.C.7.a,English Language,4.26,81.50,1,5,26,0.1406,3.9685,4.5476,N,,08/2018,Incumbent,4.20,60.00,0,7,26,0.2972,3.5916,4.8159,N,N,08/2018,Incumbent,false,false,true
Cyber Security Analyst,15-1212.00,Information Security Analysts,onet_knowledge,knowledge,2.C.7.a,English Language,4.26,81.50,1,5,26,0.1406,3.9685,4.5476,N,,08/2018,Incumbent,4.20,60.00,0,7,26,0.2972,3.5916,4.8159,N,N,08/2018,Incumbent,false,false,true
Cyber Security Advice and Assessment Specialist,15-1212.00,Information Security Analysts,onet_knowledge,knowledge,2.C.7.b,Foreign Language,1.31,7.75,1,5,26,0.1231,1.0534,1.5603,N,,08/2018,Incumbent,0.67,9.57,0,7,26,0.2936,0.0684,1.2778,N,Y,08/2018,Incumbent,false,true,false
Cyber Security Analyst,15-1212.00,Information Security Analysts,onet_knowledge,knowledge,2.C.7.b,Foreign Language,1.31,7.75,1,5,26,0.1231,1.0534,1.5603,N,,08/2018,Incumbent,0.67,9.57,0,7,26,0.2936,0.0684,1.2778,N,Y,08/2018,Incumbent,false,true,false
Cyber Security Advice and Assessment Specialist,15-1212.00,Information Security Analysts,onet_knowledge,knowledge,2.C.7.c,Fine Arts,1.02,0.50,1,5,26,0.0212,1.0000,1.0647,N,,08/2018,Incumbent,0.04,0.57,0,7,26,0.0423,0.0000,0.1294,Y,Y,08/2018,Incumbent,true,true,false
Cyber Security Analyst,15-1212.00,Information Security Analysts,onet_knowledge,knowledge,2.C.7.c,Fine Arts,1.02,0.50,1,5,26,0.0212,1.0000,1.0647,N,,08/2018,Incumbent,0.04,0.57,0,7,26,0.0423,0.0000,0.1294,Y,Y,08/2018,Incumbent,true,true,false
Cyber Security Advice and Assessment Specialist,15-1212.00,Information Security Analysts,onet_knowledge,knowledge,2.C.7.d,History and Archeology,1.13,3.25,1,5,26,0.0723,1.0000,1.2746,N,,08/2018,Incumbent,0.30,4.29,0,7,26,0.1746,0.0000,0.6574,Y,Y,08/2018,Incumbent,true,true,false
Cyber Security Analyst,15-1212.00,Information Security Analysts,onet_knowledge,knowledge,2.C.7.d,History and Archeology,1.13,3.25,1,5,26,0.0723,1.0000,1.2746,N,,08/2018,Incumbent,0.30,4.29,0,7,26,0.1746,0.0000,0.6574,Y,Y,08/2018,Incumbent,true,true,false
Cyber Security Advice and Assessment Specialist,15-1212.00,Information Security Analysts,onet_knowledge,knowledge,2.C.7.e,Philosophy and Theology,1.19,4.75,1,5,26,0.0981,1.0000,1.3882,N,,08/2018,Incumbent,0.50,7.14,0,7,26,0.2625,0.0000,1.0397,Y,Y,08/2018,Incumbent,true,true,false
Cyber Security Analyst,15-1212.00,Information Security Analysts,onet_knowledge,knowledge,2.C.7.e,Philosophy and Theology,1.19,4.75,1,5,26,0.0981,1.0000,1.3882,N,,08/2018,Incumbent,0.50,7.14,0,7,26,0.2625,0.0000,1.0397,Y,Y,08/2018,Incumbent,true,true,false
Cyber Security Advice and Assessment Specialist,15-1212.00,Information Security Analysts,onet_knowledge,knowledge,2.C.8.a,Public Safety and Security,3.27,56.75,1,5,26,0.3718,2.5088,4.0404,N,,08/2018,Incumbent,3.34,47.71,0,7,26,0.4949,2.3242,4.3626,N,N,08/2018,Incumbent,false,false,true
Cyber Security Analyst,15-1212.00,Information Security Analysts,onet_knowledge,knowledge,2.C.8.a,Public Safety and Security,3.27,56.75,1,5,26,0.3718,2.5088,4.0404,N,,08/2018,Incumbent,3.34,47.71,0,7,26,0.4949,2.3242,4.3626,N,N,08/2018,Incumbent,false,false,true
Cyber Security Advice and Assessment Specialist,15-1212.00,Information Security Analysts,onet_knowledge,knowledge,2.C.8.b,Law and Government,2.70,42.50,1,5,26,0.2782,2.1283,3.2741,N,,08/2018,Incumbent,2.82,40.29,0,7,26,0.4380,1.9185,3.7227,N,N,08/2018,Incumbent,false,false,true
Cyber Security Analyst,15-1212.00,Information Security Analysts,onet_knowledge,knowledge,2.C.8.b,Law and Government,2.70,42.50,1,5,26,0.2782,2.1283,3.2741,N,,08/2018,Incumbent,2.82,40.29,0,7,26,0.4380,1.9185,3.7227,N,N,08/2018,Incumbent,false,false,true
Cyber Security Advice and Assessment Specialist,15-1212.00,Information Security Analysts,onet_knowledge,knowledge,2.C.9.a,Telecommunications,3.64,66.00,1,5,26,0.3306,2.9583,4.3200,N,,08/2018,Incumbent,3.95,56.43,0,7,26,0.5214,2.8763,5.0240,N,N,08/2018,Incumbent,false,false,true
Cyber Security Analyst,15-1212.00,Information Security Analysts,onet_knowledge,knowledge,2.C.9.a,Telecommunications,3.64,66.00,1,5,26,0.3306,2.9583,4.3200,N,,08/2018,Incumbent,3.95,56.43,0,7,26,0.5214,2.8763,5.0240,N,N,08/2018,Incumbent,false,false,true
Cyber Security Advice and Assessment Specialist,15-1212.00,Information Security Analysts,onet_knowledge,knowledge,2.C.9.b,Communications and Media,2.80,45.00,1,5,26,0.3061,2.1724,3.4331,N,,08/2018,Incumbent,2.61,37.29,0,7,25,0.4017,1.7796,3.4379,N,N,08/2018,Incumbent,false,false,true
Cyber Security Analyst,15-1212.00,Information Security Analysts,onet_knowledge,knowledge,2.C.9.b,Communications and Media,2.80,45.00,1,5,26,0.3061,2.1724,3.4331,N,,08/2018,Incumbent,2.61,37.29,0,7,25,0.4017,1.7796,3.4379,N,N,08/2018,Incumbent,false,false,true
Cyber Security Advice and Assessment Specialist,15-1212.00,Information Security Analysts,onet_knowledge,knowledge,2.C.10,Transportation,1.61,15.25,1,5,26,0.2264,1.1436,2.0761,N,,08/2018,Incumbent,0.86,12.29,0,7,26,0.3052,0.2336,1.4907,N,N,08/2018,Incumbent,false,false,true
Cyber Security Analyst,15-1212.00,Information Security Analysts,onet_knowledge,knowledge,2.C.10,Transportation,1.61,15.25,1,5,26,0.2264,1.1436,2.0761,N,,08/2018,Incumbent,0.86,12.29,0,7,26,0.3052,0.2336,1.4907,N,N,08/2018,Incumbent,false,false,true
Data Architect,15-1243.00,Database Architects,onet_knowledge,knowledge,2.C.1.a,Administration and Management,2.86,46.50,1,5,21,,,,,,08/2023,Occupational Expert,4.10,58.57,0,7,21,,,,,N,08/2023,Occupational Expert,,false,true
Data Architect,15-1243.00,Database Architects,onet_knowledge,knowledge,2.C.1.b,Administrative,1.81,20.25,1,5,21,,,,,,08/2023,Occupational Expert,2.29,32.71,0,7,21,,,,,N,08/2023,Occupational Expert,,false,true
Data Architect,15-1243.00,Database Architects,onet_knowledge,knowledge,2.C.1.c,Economics and Accounting,1.86,21.50,1,5,21,,,,,,08/2023,Occupational Expert,1.81,25.86,0,7,21,,,,,N,08/2023,Occupational Expert,,false,true
Data Architect,15-1243.00,Database Architects,onet_knowledge,knowledge,2.C.1.d,Sales and Marketing,1.62,15.50,1,5,21,,,,,,08/2023,Occupational Expert,1.67,23.86,0,7,21,,,,,N,08/2023,Occupational Expert,,false,true
Data Architect,15-1243.00,Database Architects,onet_knowledge,knowledge,2.C.1.e,Customer and Personal Service,2.33,33.25,1,5,21,,,,,,08/2023,Occupational Expert,3.10,44.29,0,7,21,,,,,N,08/2023,Occupational Expert,,false,true
Data Architect,15-1243.00,Database Architects,onet_knowledge,knowledge,2.C.1.f,Personnel and Human Resources,1.76,19.00,1,5,21,,,,,,08/2023,Occupational Expert,2.29,32.71,0,7,21,,,,,N,08/2023,Occupational Expert,,false,true
Data Architect,15-1243.00,Database Architects,onet_knowledge,knowledge,2.C.2.a,Production and Processing,2.00,25.00,1,5,21,,,,,,08/2023,Occupational Expert,2.05,29.29,0,7,21,,,,,N,08/2023,Occupational Expert,,false,true
Data Architect,15-1243.00,Database Architects,onet_knowledge,knowledge,2.C.2.b,Food Production,1.05,1.25,1,5,20,,,,,,08/2023,Occupational Expert,0.20,2.86,0,7,20,,,,,Y,08/2023,Occupational Expert,,true,false
Data Architect,15-1243.00,Database Architects,onet_knowledge,knowledge,2.C.3.a,Computers and Electronics,4.30,82.50,1,5,20,,,,,,08/2023,Occupational Expert,6.00,85.71,0,7,21,,,,,N,08/2023,Occupational Expert,,false,true
Data Architect,15-1243.00,Database Architects,onet_knowledge,knowledge,2.C.3.b,Engineering and Technology,3.95,73.75,1,5,21,,,,,,08/2023,Occupational Expert,5.19,74.14,0,7,21,,,,,N,08/2023,Occupational Expert,,false,true
Data Architect,15-1243.00,Database Architects,onet_knowledge,knowledge,2.C.3.c,Design,3.71,67.75,1,5,21,,,,,,08/2023,Occupational Expert,4.67,66.71,0,7,21,,,,,N,08/2023,Occupational Expert,,false,true
Data Architect,15-1243.00,Database Architects,onet_knowledge,knowledge,2.C.3.d,Building and Construction,1.10,2.50,1,5,21,,,,,,08/2023,Occupational Expert,0.19,2.71,0,7,21,,,,,Y,08/2023,Occupational Expert,,true,false
Data Architect,15-1243.00,Database Architects,onet_knowledge,knowledge,2.C.3.e,Mechanical,1.19,4.75,1,5,21,,,,,,08/2023,Occupational Expert,0.52,7.43,0,7,21,,,,,Y,08/2023,Occupational Expert,,true,false
Data Architect,15-1243.00,Database Architects,onet_knowledge,knowledge,2.C.4.a,Mathematics,3.67,66.75,1,5,21,,,,,,08/2023,Occupational Expert,4.81,68.71,0,7,21,,,,,N,08/2023,Occupational Expert,,false,true
Data Architect,15-1243.00,Database Architects,onet_knowledge,knowledge,2.C.4.b,Physics,1.25,6.25,1,5,20,,,,,,08/2023,Occupational Expert,0.90,12.86,0,7,21,,,,,Y,08/2023,Occupational Expert,,true,false
Data Architect,15-1243.00,Database Architects,onet_knowledge,knowledge,2.C.4.c,Chemistry,1.19,4.75,1,5,21,,,,,,08/2023,Occupational Expert,0.57,8.14,0,7,21,,,,,Y,08/2023,Occupational Expert,,true,false
Data Architect,15-1243.00,Database Architects,onet_knowledge,knowledge,2.C.4.d,Biology,1.10,2.50,1,5,21,,,,,,08/2023,Occupational Expert,0.33,4.71,0,7,21,,,,,Y,08/2023,Occupational Expert,,true,false
Data Architect,15-1243.00,Database Architects,onet_knowledge,knowledge,2.C.4.e,Psychology,1.67,16.75,1,5,21,,,,,,08/2023,Occupational Expert,1.57,22.43,0,7,21,,,,,N,08/2023,Occupational Expert,,false,true
Data Architect,15-1243.00,Database Architects,onet_knowledge,knowledge,2.C.4.f,Sociology and Anthropology,1.33,8.25,1,5,21,,,,,,08/2023,Occupational Expert,0.95,13.57,0,7,21,,,,,N,08/2023,Occupational Expert,,false,true
Data Architect,15-1243.00,Database Architects,onet_knowledge,knowledge,2.C.4.g,Geography,1.65,16.25,1,5,20,,,,,,08/2023,Occupational Expert,1.80,25.71,0,7,20,,,,,N,08/2023,Occupational Expert,,false,true
Data Architect,15-1243.00,Database Architects,onet_knowledge,knowledge,2.C.5.a,Medicine and Dentistry,1.14,3.50,1,5,21,,,,,,08/2023,Occupational Expert,0.43,6.14,0,7,21,,,,,Y,08/2023,Occupational Expert,,true,false
Data Architect,15-1243.00,Database Architects,onet_knowledge,knowledge,2.C.5.b,Therapy and Counseling,1.15,3.75,1,5,20,,,,,,08/2023,Occupational Expert,0.40,5.71,0,7,20,,,,,Y,08/2023,Occupational Expert,,true,false
Data Architect,15-1243.00,Database Architects,onet_knowledge,knowledge,2.C.6,Education and Training,2.62,40.50,1,5,21,,,,,,08/2023,Occupational Expert,4.19,59.86,0,7,21,,,,,N,08/2023,Occupational Expert,,false,true
Data Architect,15-1243.00,Database Architects,onet_knowledge,knowledge,2.C.7.a,English Language,3.14,53.50,1,5,21,,,,,,08/2023,Occupational Expert,4.00,57.14,0,7,21,,,,,N,08/2023,Occupational Expert,,false,true
Data Architect,15-1243.00,Database Architects,onet_knowledge,knowledge,2.C.7.b,Foreign Language,1.38,9.50,1,5,21,,,,,,08/2023,Occupational Expert,0.75,10.71,0,7,20,,,,,N,08/2023,Occupational Expert,,false,true
Data Architect,15-1243.00,Database Architects,onet_knowledge,knowledge,2.C.7.c,Fine Arts,1.14,3.50,1,5,21,,,,,,08/2023,Occupational Expert,0.29,4.14,0,7,21,,,,,Y,08/2023,Occupational Expert,,true,false
Data Architect,15-1243.00,Database Architects,onet_knowledge,knowledge,2.C.7.d,History and Archeology,1.14,3.50,1,5,21,,,,,,08/2023,Occupational Expert,0.38,5.43,0,7,21,,,,,Y,08/2023,Occupational Expert,,true,false
Data Architect,15-1243.00,Database Architects,onet_knowledge,knowledge,2.C.7.e,Philosophy and Theology,1.10,2.50,1,5,21,,,,,,08/2023,Occupational Expert,0.33,4.71,0,7,21,,,,,Y,08/2023,Occupational Expert,,true,false
Data Architect,15-1243.00,Database Architects,onet_knowledge,knowledge,2.C.8.a,Public Safety and Security,1.95,23.75,1,5,20,,,,,,08/2023,Occupational Expert,2.24,32.00,0,7,21,,,,,N,08/2023,Occupational Expert,,false,true
Data Architect,15-1243.00,Database Architects,onet_knowledge,knowledge,2.C.8.b,Law and Government,2.24,31.00,1,5,21,,,,,,08/2023,Occupational Expert,2.67,38.14,0,7,21,,,,,N,08/2023,Occupational Expert,,false,true
Data Architect,15-1243.00,Database Architects,onet_knowledge,knowledge,2.C.9.a,Telecommunications,2.05,26.25,1,5,21,,,,,,08/2023,Occupational Expert,2.24,32.00,0,7,21,,,,,N,08/2023,Occupational Expert,,false,true
Data Architect,15-1243.00,Database Architects,onet_knowledge,knowledge,2.C.9.b,Communications and Media,2.00,25.00,1,5,20,,,,,,08/2023,Occupational Expert,2.14,30.57,0,7,21,,,,,N,08/2023,Occupational Expert,,false,true
Data Architect,15-1243.00,Database Architects,onet_knowledge,knowledge,2.C.10,Transportation,1.24,6.00,1,5,21,,,,,,08/2023,Occupational Expert,0.48,6.86,0,7,21,,,,,Y,08/2023,Occupational Expert,,true,false
Data Engineer,15-1243.01,Data Warehousing Specialists,onet_knowledge,knowledge,2.C.1.a,Administration and Management,2.61,40.25,1,5,23,,,,,,08/2018,Occupational Expert,3.48,49.71,0,7,23,,,,,N,08/2018,Occupational Expert,,false,true
Data Engineer,15-1243.01,Data Warehousing Specialists,onet_knowledge,knowledge,2.C.1.b,Administrative,1.91,22.75,1,5,23,,,,,,08/2018,Occupational Expert,2.26,32.29,0,7,23,,,,,N,08/2018,Occupational Expert,,false,true
Data Engineer,15-1243.01,Data Warehousing Specialists,onet_knowledge,knowledge,2.C.1.c,Economics and Accounting,2.22,30.50,1,5,23,,,,,,08/2018,Occupational Expert,2.43,34.71,0,7,23,,,,,N,08/2018,Occupational Expert,,false,true
Data Engineer,15-1243.01,Data Warehousing Specialists,onet_knowledge,knowledge,2.C.1.d,Sales and Marketing,1.74,18.50,1,5,23,,,,,,08/2018,Occupational Expert,1.91,27.29,0,7,23,,,,,N,08/2018,Occupational Expert,,false,true
Data Engineer,15-1243.01,Data Warehousing Specialists,onet_knowledge,knowledge,2.C.1.e,Customer and Personal Service,2.43,35.75,1,5,23,,,,,,08/2018,Occupational Expert,2.61,37.29,0,7,23,,,,,N,08/2018,Occupational Expert,,false,true
Data Engineer,15-1243.01,Data Warehousing Specialists,onet_knowledge,knowledge,2.C.1.f,Personnel and Human Resources,2.00,25.00,1,5,23,,,,,,08/2018,Occupational Expert,2.61,37.29,0,7,23,,,,,N,08/2018,Occupational Expert,,false,true
Data Engineer,15-1243.01,Data Warehousing Specialists,onet_knowledge,knowledge,2.C.2.a,Production and Processing,2.13,28.25,1,5,23,,,,,,08/2018,Occupational Expert,2.17,31.00,0,7,23,,,,,N,08/2018,Occupational Expert,,false,true
Data Engineer,15-1243.01,Data Warehousing Specialists,onet_knowledge,knowledge,2.C.2.b,Food Production,1.00,0.00,1,5,23,,,,,,08/2018,Occupational Expert,0.00,0.00,0,7,23,,,,,Y,08/2018,Occupational Expert,,true,false
Data Engineer,15-1243.01,Data Warehousing Specialists,onet_knowledge,knowledge,2.C.3.a,Computers and Electronics,4.26,81.50,1,5,23,,,,,,08/2018,Occupational Expert,5.61,80.14,0,7,23,,,,,N,08/2018,Occupational Expert,,false,true
Data Engineer,15-1243.01,Data Warehousing Specialists,onet_knowledge,knowledge,2.C.3.b,Engineering and Technology,2.87,46.75,1,5,23,,,,,,08/2018,Occupational Expert,3.00,42.86,0,7,23,,,,,N,08/2018,Occupational Expert,,false,true
Data Engineer,15-1243.01,Data Warehousing Specialists,onet_knowledge,knowledge,2.C.3.c,Design,3.04,51.00,1,5,23,,,,,,08/2018,Occupational Expert,3.35,47.86,0,7,23,,,,,N,08/2018,Occupational Expert,,false,true
Data Engineer,15-1243.01,Data Warehousing Specialists,onet_knowledge,knowledge,2.C.3.d,Building and Construction,1.09,2.25,1,5,23,,,,,,08/2018,Occupational Expert,0.22,3.14,0,7,23,,,,,Y,08/2018,Occupational Expert,,true,false
Data Engineer,15-1243.01,Data Warehousing Specialists,onet_knowledge,knowledge,2.C.3.e,Mechanical,1.05,1.25,1,5,22,,,,,,08/2018,Occupational Expert,0.09,1.29,0,7,22,,,,,Y,08/2018,Occupational Expert,,true,false
Data Engineer,15-1243.01,Data Warehousing Specialists,onet_knowledge,knowledge,2.C.4.a,Mathematics,3.23,55.75,1,5,22,,,,,,08/2018,Occupational Expert,4.55,65.00,0,7,22,,,,,N,08/2018,Occupational Expert,,false,true
Data Engineer,15-1243.01,Data Warehousing Specialists,onet_knowledge,knowledge,2.C.4.b,Physics,1.18,4.50,1,5,22,,,,,,08/2018,Occupational Expert,0.45,6.43,0,7,22,,,,,Y,08/2018,Occupational Expert,,true,false
Data Engineer,15-1243.01,Data Warehousing Specialists,onet_knowledge,knowledge,2.C.4.c,Chemistry,1.00,0.00,1,5,22,,,,,,08/2018,Occupational Expert,0.00,0.00,0,7,22,,,,,Y,08/2018,Occupational Expert,,true,false
Data Engineer,15-1243.01,Data Warehousing Specialists,onet_knowledge,knowledge,2.C.4.d,Biology,1.00,0.00,1,5,23,,,,,,08/2018,Occupational Expert,0.00,0.00,0,7,23,,,,,Y,08/2018,Occupational Expert,,true,false
Data Engineer,15-1243.01,Data Warehousing Specialists,onet_knowledge,knowledge,2.C.4.e,Psychology,1.52,13.00,1,5,23,,,,,,08/2018,Occupational Expert,1.26,18.00,0,7,23,,,,,N,08/2018,Occupational Expert,,false,true
Data Engineer,15-1243.01,Data Warehousing Specialists,onet_knowledge,knowledge,2.C.4.f,Sociology and Anthropology,1.26,6.50,1,5,23,,,,,,08/2018,Occupational Expert,0.70,10.00,0,7,23,,,,,Y,08/2018,Occupational Expert,,true,false
Data Engineer,15-1243.01,Data Warehousing Specialists,onet_knowledge,knowledge,2.C.4.g,Geography,1.35,8.75,1,5,23,,,,,,08/2018,Occupational Expert,0.91,13.00,0,7,23,,,,,N,08/2018,Occupational Expert,,false,true
Data Engineer,15-1243.01,Data Warehousing Specialists,onet_knowledge,knowledge,2.C.5.a,Medicine and Dentistry,1.13,3.25,1,5,23,,,,,,08/2018,Occupational Expert,0.22,3.14,0,7,23,,,,,Y,08/2018,Occupational Expert,,true,false
Data Engineer,15-1243.01,Data Warehousing Specialists,onet_knowledge,knowledge,2.C.5.b,Therapy and Counseling,1.00,0.00,1,5,22,,,,,,08/2018,Occupational Expert,0.00,0.00,0,7,22,,,,,Y,08/2018,Occupational Expert,,true,false
Data Engineer,15-1243.01,Data Warehousing Specialists,onet_knowledge,knowledge,2.C.6,Education and Training,2.22,30.50,1,5,23,,,,,,08/2018,Occupational Expert,3.00,42.86,0,7,23,,,,,N,08/2018,Occupational Expert,,false,true
Data Engineer,15-1243.01,Data Warehousing Specialists,onet_knowledge,knowledge,2.C.7.a,English Language,3.18,54.50,1,5,22,,,,,,08/2018,Occupational Expert,3.36,48.00,0,7,22,,,,,N,08/2018,Occupational Expert,,false,true
Data Engineer,15-1243.01,Data Warehousing Specialists,onet_knowledge,knowledge,2.C.7.b,Foreign Language,1.13,3.25,1,5,23,,,,,,08/2018,Occupational Expert,0.26,3.71,0,7,23,,,,,Y,08/2018,Occupational Expert,,true,false
Data Engineer,15-1243.01,Data Warehousing Specialists,onet_knowledge,knowledge,2.C.7.c,Fine Arts,1.09,2.25,1,5,23,,,,,,08/2018,Occupational Expert,0.26,3.71,0,7,23,,,,,Y,08/2018,Occupational Expert,,true,false
Data Engineer,15-1243.01,Data Warehousing Specialists,onet_knowledge,knowledge,2.C.7.d,History and Archeology,1.05,1.25,1,5,22,,,,,,08/2018,Occupational Expert,0.14,2.00,0,7,22,,,,,Y,08/2018,Occupational Expert,,true,false
Data Engineer,15-1243.01,Data Warehousing Specialists,onet_knowledge,knowledge,2.C.7.e,Philosophy and Theology,1.09,2.25,1,5,23,,,,,,08/2018,Occupational Expert,0.26,3.71,0,7,23,,,,,Y,08/2018,Occupational Expert,,true,false
Data Engineer,15-1243.01,Data Warehousing Specialists,onet_knowledge,knowledge,2.C.8.a,Public Safety and Security,1.17,4.25,1,5,23,,,,,,08/2018,Occupational Expert,0.35,5.00,0,7,23,,,,,Y,08/2018,Occupational Expert,,true,false
Data Engineer,15-1243.01,Data Warehousing Specialists,onet_knowledge,knowledge,2.C.8.b,Law and Government,1.61,15.25,1,5,23,,,,,,08/2018,Occupational Expert,1.43,20.43,0,7,23,,,,,N,08/2018,Occupational Expert,,false,true
Data Engineer,15-1243.01,Data Warehousing Specialists,onet_knowledge,knowledge,2.C.9.a,Telecommunications,2.04,26.00,1,5,23,,,,,,08/2018,Occupational Expert,2.04,29.14,0,7,23,,,,,N,08/2018,Occupational Expert,,false,true
Data Engineer,15-1243.01,Data Warehousing Specialists,onet_knowledge,knowledge,2.C.9.b,Communications and Media,1.61,15.25,1,5,23,,,,,,08/2018,Occupational Expert,1.39,19.86,0,7,23,,,,,N,08/2018,Occupational Expert,,false,true
Data Engineer,15-1243.01,Data Warehousing Specialists,onet_knowledge,knowledge,2.C.10,Transportation,1.17,4.25,1,5,23,,,,,,08/2018,Occupational Expert,0.30,4.29,0,7,23,,,,,Y,08/2018,Occupational Expert,,true,false
DevOps Engineer,15-1252.00,Software Developers,onet_knowledge,knowledge,2.C.1.a,Administration and Management,2.25,31.25,1,5,22,0.2992,1.6258,2.8703,N,,08/2025,Incumbent,2.68,38.29,0,7,22,0.6230,1.3796,3.9710,N,N,08/2025,Incumbent,false,false,true
Software Engineer,15-1252.00,Software Developers,onet_knowledge,knowledge,2.C.1.a,Administration and Management,2.25,31.25,1,5,22,0.2992,1.6258,2.8703,N,,08/2025,Incumbent,2.68,38.29,0,7,22,0.6230,1.3796,3.9710,N,N,08/2025,Incumbent,false,false,true
DevOps Engineer,15-1252.00,Software Developers,onet_knowledge,knowledge,2.C.1.b,Administrative,2.12,28.00,1,5,22,0.2981,1.5051,2.7449,N,,08/2025,Incumbent,2.33,33.29,0,7,22,0.5444,1.1945,3.4587,N,N,08/2025,Incumbent,false,false,true
Software Engineer,15-1252.00,Software Developers,onet_knowledge,knowledge,2.C.1.b,Administrative,2.12,28.00,1,5,22,0.2981,1.5051,2.7449,N,,08/2025,Incumbent,2.33,33.29,0,7,22,0.5444,1.1945,3.4587,N,N,08/2025,Incumbent,false,false,true
DevOps Engineer,15-1252.00,Software Developers,onet_knowledge,knowledge,2.C.1.c,Economics and Accounting,2.47,36.75,1,5,22,0.2757,1.9005,3.0472,N,,08/2025,Incumbent,2.65,37.86,0,7,22,0.4091,1.8041,3.5055,N,N,08/2025,Incumbent,false,false,true
Software Engineer,15-1252.00,Software Developers,onet_knowledge,knowledge,2.C.1.c,Economics and Accounting,2.47,36.75,1,5,22,0.2757,1.9005,3.0472,N,,08/2025,Incumbent,2.65,37.86,0,7,22,0.4091,1.8041,3.5055,N,N,08/2025,Incumbent,false,false,true
DevOps Engineer,15-1252.00,Software Developers,onet_knowledge,knowledge,2.C.1.d,Sales and Marketing,2.19,29.75,1,5,22,0.4300,1.2930,3.0814,N,,08/2025,Incumbent,2.05,29.29,0,7,22,0.7163,0.5608,3.5401,N,N,08/2025,Incumbent,false,false,true
Software Engineer,15-1252.00,Software Developers,onet_knowledge,knowledge,2.C.1.d,Sales and Marketing,2.19,29.75,1,5,22,0.4300,1.2930,3.0814,N,,08/2025,Incumbent,2.05,29.29,0,7,22,0.7163,0.5608,3.5401,N,N,08/2025,Incumbent,false,false,true
DevOps Engineer,15-1252.00,Software Developers,onet_knowledge,knowledge,2.C.1.e,Customer and Personal Service,3.56,64.00,1,5,22,0.2114,3.1155,3.9948,N,,08/2025,Incumbent,4.12,58.86,0,7,22,0.3400,3.4176,4.8316,N,N,08/2025,Incumbent,false,false,true
Software Engineer,15-1252.00,Software Developers,onet_knowledge,knowledge,2.C.1.e,Customer and Personal Service,3.56,64.00,1,5,22,0.2114,3.1155,3.9948,N,,08/2025,Incumbent,4.12,58.86,0,7,22,0.3400,3.4176,4.8316,N,N,08/2025,Incumbent,false,false,true
DevOps Engineer,15-1252.00,Software Developers,onet_knowledge,knowledge,2.C.1.f,Personnel and Human Resources,2.36,34.00,1,5,22,0.3430,1.6438,3.0705,N,,08/2025,Incumbent,2.55,36.43,0,7,22,0.5993,1.3071,3.7998,N,N,08/2025,Incumbent,false,false,true
Software Engineer,15-1252.00,Software Developers,onet_knowledge,knowledge,2.C.1.f,Personnel and Human Resources,2.36,34.00,1,5,22,0.3430,1.6438,3.0705,N,,08/2025,Incumbent,2.55,36.43,0,7,22,0.5993,1.3071,3.7998,N,N,08/2025,Incumbent,false,false,true
DevOps Engineer,15-1252.00,Software Developers,onet_knowledge,knowledge,2.C.2.a,Production and Processing,2.54,38.50,1,5,22,0.4313,1.6445,3.4385,N,,08/2025,Incumbent,2.10,30.00,0,7,22,0.6366,0.7743,3.4221,N,N,08/2025,Incumbent,false,false,true
Software Engineer,15-1252.00,Software Developers,onet_knowledge,knowledge,2.C.2.a,Production and Processing,2.54,38.50,1,5,22,0.4313,1.6445,3.4385,N,,08/2025,Incumbent,2.10,30.00,0,7,22,0.6366,0.7743,3.4221,N,N,08/2025,Incumbent,false,false,true
DevOps Engineer,15-1252.00,Software Developers,onet_knowledge,knowledge,2.C.2.b,Food Production,1.12,3.00,1,5,22,0.1244,1.0000,1.3800,N,,08/2025,Incumbent,0.20,2.86,0,7,22,0.2073,0.0000,0.6334,Y,Y,08/2025,Incumbent,true,true,false
Software Engineer,15-1252.00,Software Developers,onet_knowledge,knowledge,2.C.2.b,Food Production,1.12,3.00,1,5,22,0.1244,1.0000,1.3800,N,,08/2025,Incumbent,0.20,2.86,0,7,22,0.2073,0.0000,0.6334,Y,Y,08/2025,Incumbent,true,true,false
DevOps Engineer,15-1252.00,Software Developers,onet_knowledge,knowledge,2.C.3.a,Computers and Electronics,4.75,93.75,1,5,22,0.1045,4.5368,4.9715,N,,08/2025,Incumbent,6.23,89.00,0,7,22,0.2131,5.7858,6.6722,N,N,08/2025,Incumbent,false,false,true
Software Engineer,15-1252.00,Software Developers,onet_knowledge,knowledge,2.C.3.a,Computers and Electronics,4.75,93.75,1,5,22,0.1045,4.5368,4.9715,N,,08/2025,Incumbent,6.23,89.00,0,7,22,0.2131,5.7858,6.6722,N,N,08/2025,Incumbent,false,false,true
DevOps Engineer,15-1252.00,Software Developers,onet_knowledge,knowledge,2.C.3.b,Engineering and Technology,2.80,45.00,1,5,21,0.4641,1.8367,3.7730,N,,08/2025,Incumbent,3.17,45.29,0,7,22,0.8153,1.4741,4.8653,N,N,08/2025,Incumbent,false,false,true
Software Engineer,15-1252.00,Software Developers,onet_knowledge,knowledge,2.C.3.b,Engineering and Technology,2.80,45.00,1,5,21,0.4641,1.8367,3.7730,N,,08/2025,Incumbent,3.17,45.29,0,7,22,0.8153,1.4741,4.8653,N,N,08/2025,Incumbent,false,false,true
DevOps Engineer,15-1252.00,Software Developers,onet_knowledge,knowledge,2.C.3.c,Design,2.70,42.50,1,5,22,0.4402,1.7879,3.6188,N,,08/2025,Incumbent,3.07,43.86,0,7,22,0.8014,1.3988,4.7320,N,N,08/2025,Incumbent,false,false,true
Software Engineer,15-1252.00,Software Developers,onet_knowledge,knowledge,2.C.3.c,Design,2.70,42.50,1,5,22,0.4402,1.7879,3.6188,N,,08/2025,Incumbent,3.07,43.86,0,7,22,0.8014,1.3988,4.7320,N,N,08/2025,Incumbent,false,false,true
DevOps Engineer,15-1252.00,Software Developers,onet_knowledge,knowledge,2.C.3.d,Building and Construction,1.11,2.75,1,5,22,0.0685,1.0000,1.2510,N,,08/2025,Incumbent,0.20,2.86,0,7,22,0.1296,0.0000,0.4668,Y,Y,08/2025,Incumbent,true,true,false
Software Engineer,15-1252.00,Software Developers,onet_knowledge,knowledge,2.C.3.d,Building and Construction,1.11,2.75,1,5,22,0.0685,1.0000,1.2510,N,,08/2025,Incumbent,0.20,2.86,0,7,22,0.1296,0.0000,0.4668,Y,Y,08/2025,Incumbent,true,true,false
DevOps Engineer,15-1252.00,Software Developers,onet_knowledge,knowledge,2.C.3.e,Mechanical,1.41,10.25,1,5,22,0.3193,1.0000,2.0700,N,,08/2025,Incumbent,0.68,9.71,0,7,22,0.5304,0.0000,1.7802,Y,Y,08/2025,Incumbent,true,true,false
Software Engineer,15-1252.00,Software Developers,onet_knowledge,knowledge,2.C.3.e,Mechanical,1.41,10.25,1,5,22,0.3193,1.0000,2.0700,N,,08/2025,Incumbent,0.68,9.71,0,7,22,0.5304,0.0000,1.7802,Y,Y,08/2025,Incumbent,true,true,false
DevOps Engineer,15-1252.00,Software Developers,onet_knowledge,knowledge,2.C.4.a,Mathematics,3.57,64.25,1,5,22,0.3834,2.7771,4.3716,N,,08/2025,Incumbent,4.55,65.00,0,7,22,0.4723,3.5676,5.5321,N,N,08/2025,Incumbent,false,false,true
Software Engineer,15-1252.00,Software Developers,onet_knowledge,knowledge,2.C.4.a,Mathematics,3.57,64.25,1,5,22,0.3834,2.7771,4.3716,N,,08/2025,Incumbent,4.55,65.00,0,7,22,0.4723,3.5676,5.5321,N,N,08/2025,Incumbent,false,false,true
DevOps Engineer,15-1252.00,Software Developers,onet_knowledge,knowledge,2.C.4.b,Physics,1.28,7.00,1,5,22,0.2130,1.0000,1.7242,N,,08/2025,Incumbent,0.44,6.29,0,7,22,0.3240,0.0000,1.1109,Y,Y,08/2025,Incumbent,true,true,false
Software Engineer,15-1252.00,Software Developers,onet_knowledge,knowledge,2.C.4.b,Physics,1.28,7.00,1,5,22,0.2130,1.0000,1.7242,N,,08/2025,Incumbent,0.44,6.29,0,7,22,0.3240,0.0000,1.1109,Y,Y,08/2025,Incumbent,true,true,false
DevOps Engineer,15-1252.00,Software Developers,onet_knowledge,knowledge,2.C.4.c,Chemistry,1.24,6.00,1,5,22,0.2067,1.0000,1.6718,N,,08/2025,Incumbent,0.35,5.00,0,7,22,0.2478,0.0000,0.8659,Y,Y,08/2025,Incumbent,true,true,false
Software Engineer,15-1252.00,Software Developers,onet_knowledge,knowledge,2.C.4.c,Chemistry,1.24,6.00,1,5,22,0.2067,1.0000,1.6718,N,,08/2025,Incumbent,0.35,5.00,0,7,22,0.2478,0.0000,0.8659,Y,Y,08/2025,Incumbent,true,true,false
DevOps Engineer,15-1252.00,Software Developers,onet_knowledge,knowledge,2.C.4.d,Biology,1.14,3.50,1,5,22,0.1100,1.0000,1.3647,N,,08/2025,Incumbent,0.18,2.57,0,7,22,0.1335,0.0000,0.4549,Y,Y,08/2025,Incumbent,true,true,false
Software Engineer,15-1252.00,Software Developers,onet_knowledge,knowledge,2.C.4.d,Biology,1.14,3.50,1,5,22,0.1100,1.0000,1.3647,N,,08/2025,Incumbent,0.18,2.57,0,7,22,0.1335,0.0000,0.4549,Y,Y,08/2025,Incumbent,true,true,false
DevOps Engineer,15-1252.00,Software Developers,onet_knowledge,knowledge,2.C.4.e,Psychology,1.60,15.00,1,5,21,0.3171,1.0000,2.2594,N,,08/2025,Incumbent,1.09,15.57,0,7,21,0.5865,0.0000,2.3093,Y,N,08/2025,Incumbent,true,false,false
Software Engineer,15-1252.00,Software Developers,onet_knowledge,knowledge,2.C.4.e,Psychology,1.60,15.00,1,5,21,0.3171,1.0000,2.2594,N,,08/2025,Incumbent,1.09,15.57,0,7,21,0.5865,0.0000,2.3093,Y,N,08/2025,Incumbent,true,false,false
DevOps Engineer,15-1252.00,Software Developers,onet_knowledge,knowledge,2.C.4.f,Sociology and Anthropology,1.33,8.25,1,5,22,0.2053,1.0000,1.7544,N,,08/2025,Incumbent,0.55,7.86,0,7,22,0.3574,0.0000,1.2980,Y,Y,08/2025,Incumbent,true,true,false
Software Engineer,15-1252.00,Software Developers,onet_knowledge,knowledge,2.C.4.f,Sociology and Anthropology,1.33,8.25,1,5,22,0.2053,1.0000,1.7544,N,,08/2025,Incumbent,0.55,7.86,0,7,22,0.3574,0.0000,1.2980,Y,Y,08/2025,Incumbent,true,true,false
DevOps Engineer,15-1252.00,Software Developers,onet_knowledge,knowledge,2.C.4.g,Geography,1.27,6.75,1,5,22,0.1432,1.0000,1.5659,N,,08/2025,Incumbent,0.48,6.86,0,7,22,0.2719,0.0000,1.0447,Y,Y,08/2025,Incumbent,true,true,false
Software Engineer,15-1252.00,Software Developers,onet_knowledge,knowledge,2.C.4.g,Geography,1.27,6.75,1,5,22,0.1432,1.0000,1.5659,N,,08/2025,Incumbent,0.48,6.86,0,7,22,0.2719,0.0000,1.0447,Y,Y,08/2025,Incumbent,true,true,false
DevOps Engineer,15-1252.00,Software Developers,onet_knowledge,knowledge,2.C.5.a,Medicine and Dentistry,1.00,0.00,1,5,22,0.0000,,,N,,08/2025,Incumbent,0.00,0.00,0,7,22,0.0000,,,N,Y,08/2025,Incumbent,false,true,false
Software Engineer,15-1252.00,Software Developers,onet_knowledge,knowledge,2.C.5.a,Medicine and Dentistry,1.00,0.00,1,5,22,0.0000,,,N,,08/2025,Incumbent,0.00,0.00,0,7,22,0.0000,,,N,Y,08/2025,Incumbent,false,true,false
DevOps Engineer,15-1252.00,Software Developers,onet_knowledge,knowledge,2.C.5.b,Therapy and Counseling,1.04,1.00,1,5,22,0.0415,1.0000,1.1267,N,,08/2025,Incumbent,0.16,2.29,0,7,22,0.1659,0.0000,0.5067,Y,Y,08/2025,Incumbent,true,true,false
Software Engineer,15-1252.00,Software Developers,onet_knowledge,knowledge,2.C.5.b,Therapy and Counseling,1.04,1.00,1,5,22,0.0415,1.0000,1.1267,N,,08/2025,Incumbent,0.16,2.29,0,7,22,0.1659,0.0000,0.5067,Y,Y,08/2025,Incumbent,true,true,false
DevOps Engineer,15-1252.00,Software Developers,onet_knowledge,knowledge,2.C.6,Education and Training,2.84,46.00,1,5,22,0.2482,2.3265,3.3587,N,,08/2025,Incumbent,3.74,53.43,0,7,22,0.4847,2.7340,4.7502,N,N,08/2025,Incumbent,false,false,true
Software Engineer,15-1252.00,Software Developers,onet_knowledge,knowledge,2.C.6,Education and Training,2.84,46.00,1,5,22,0.2482,2.3265,3.3587,N,,08/2025,Incumbent,3.74,53.43,0,7,22,0.4847,2.7340,4.7502,N,N,08/2025,Incumbent,false,false,true
DevOps Engineer,15-1252.00,Software Developers,onet_knowledge,knowledge,2.C.7.a,English Language,3.27,56.75,1,5,22,0.5377,2.1500,4.3865,N,,08/2025,Incumbent,3.63,51.86,0,7,22,1.0107,1.5304,5.7341,N,N,08/2025,Incumbent,false,false,true
Software Engineer,15-1252.00,Software Developers,onet_knowledge,knowledge,2.C.7.a,English Language,3.27,56.75,1,5,22,0.5377,2.1500,4.3865,N,,08/2025,Incumbent,3.63,51.86,0,7,22,1.0107,1.5304,5.7341,N,N,08/2025,Incumbent,false,false,true
DevOps Engineer,15-1252.00,Software Developers,onet_knowledge,knowledge,2.C.7.b,Foreign Language,1.14,3.50,1,5,22,0.0956,1.0000,1.3403,N,,08/2025,Incumbent,0.29,4.14,0,7,22,0.2026,0.0000,0.7087,Y,Y,08/2025,Incumbent,true,true,false
Software Engineer,15-1252.00,Software Developers,onet_knowledge,knowledge,2.C.7.b,Foreign Language,1.14,3.50,1,5,22,0.0956,1.0000,1.3403,N,,08/2025,Incumbent,0.29,4.14,0,7,22,0.2026,0.0000,0.7087,Y,Y,08/2025,Incumbent,true,true,false
DevOps Engineer,15-1252.00,Software Developers,onet_knowledge,knowledge,2.C.7.c,Fine Arts,1.00,0.00,1,5,22,0.0000,,,N,,08/2025,Incumbent,0.00,0.00,0,7,22,0.0000,,,N,Y,08/2025,Incumbent,false,true,false
Software Engineer,15-1252.00,Software Developers,onet_knowledge,knowledge,2.C.7.c,Fine Arts,1.00,0.00,1,5,22,0.0000,,,N,,08/2025,Incumbent,0.00,0.00,0,7,22,0.0000,,,N,Y,08/2025,Incumbent,false,true,false
DevOps Engineer,15-1252.00,Software Developers,onet_knowledge,knowledge,2.C.7.d,History and Archeology,1.05,1.25,1,5,22,0.0429,1.0000,1.1378,N,,08/2025,Incumbent,0.15,2.14,0,7,22,0.1313,0.0000,0.4266,Y,Y,08/2025,Incumbent,true,true,false
Software Engineer,15-1252.00,Software Developers,onet_knowledge,knowledge,2.C.7.d,History and Archeology,1.05,1.25,1,5,22,0.0429,1.0000,1.1378,N,,08/2025,Incumbent,0.15,2.14,0,7,22,0.1313,0.0000,0.4266,Y,Y,08/2025,Incumbent,true,true,false
DevOps Engineer,15-1252.00,Software Developers,onet_knowledge,knowledge,2.C.7.e,Philosophy and Theology,1.16,4.00,1,5,22,0.1010,1.0000,1.3721,N,,08/2025,Incumbent,0.41,5.86,0,7,22,0.2552,0.0000,0.9374,Y,Y,08/2025,Incumbent,true,true,false
Software Engineer,15-1252.00,Software Developers,onet_knowledge,knowledge,2.C.7.e,Philosophy and Theology,1.16,4.00,1,5,22,0.1010,1.0000,1.3721,N,,08/2025,Incumbent,0.41,5.86,0,7,22,0.2552,0.0000,0.9374,Y,Y,08/2025,Incumbent,true,true,false
DevOps Engineer,15-1252.00,Software Developers,onet_knowledge,knowledge,2.C.8.a,Public Safety and Security,2.57,39.25,1,5,22,0.3997,1.7374,3.3998,N,,08/2025,Incumbent,1.80,25.71,0,7,22,0.5903,0.5734,3.0285,N,N,08/2025,Incumbent,false,false,true
Software Engineer,15-1252.00,Software Developers,onet_knowledge,knowledge,2.C.8.a,Public Safety and Security,2.57,39.25,1,5,22,0.3997,1.7374,3.3998,N,,08/2025,Incumbent,1.80,25.71,0,7,22,0.5903,0.5734,3.0285,N,N,08/2025,Incumbent,false,false,true
DevOps Engineer,15-1252.00,Software Developers,onet_knowledge,knowledge,2.C.8.b,Law and Government,1.74,18.50,1,5,22,0.3961,1.0000,2.5661,N,,08/2025,Incumbent,1.14,16.29,0,7,22,0.5058,0.0909,2.1946,N,N,08/2025,Incumbent,false,false,true
Software Engineer,15-1252.00,Software Developers,onet_knowledge,knowledge,2.C.8.b,Law and Government,1.74,18.50,1,5,22,0.3961,1.0000,2.5661,N,,08/2025,Incumbent,1.14,16.29,0,7,22,0.5058,0.0909,2.1946,N,N,08/2025,Incumbent,false,false,true
DevOps Engineer,15-1252.00,Software Developers,onet_knowledge,knowledge,2.C.9.a,Telecommunications,2.62,40.50,1,5,22,0.4008,1.7891,3.4562,N,,08/2025,Incumbent,2.91,41.57,0,7,22,0.7031,1.4459,4.3704,N,N,08/2025,Incumbent,false,false,true
Software Engineer,15-1252.00,Software Developers,onet_knowledge,knowledge,2.C.9.a,Telecommunications,2.62,40.50,1,5,22,0.4008,1.7891,3.4562,N,,08/2025,Incumbent,2.91,41.57,0,7,22,0.7031,1.4459,4.3704,N,N,08/2025,Incumbent,false,false,true
DevOps Engineer,15-1252.00,Software Developers,onet_knowledge,knowledge,2.C.9.b,Communications and Media,1.74,18.50,1,5,22,0.2361,1.2454,2.2273,N,,08/2025,Incumbent,1.11,15.86,0,7,22,0.3336,0.4143,1.8016,N,N,08/2025,Incumbent,false,false,true
Software Engineer,15-1252.00,Software Developers,onet_knowledge,knowledge,2.C.9.b,Communications and Media,1.74,18.50,1,5,22,0.2361,1.2454,2.2273,N,,08/2025,Incumbent,1.11,15.86,0,7,22,0.3336,0.4143,1.8016,N,N,08/2025,Incumbent,false,false,true
DevOps Engineer,15-1252.00,Software Developers,onet_knowledge,knowledge,2.C.10,Transportation,1.72,18.00,1,5,22,0.2580,1.1877,2.2609,N,,08/2025,Incumbent,1.11,15.86,0,7,22,0.4560,0.1609,2.0576,N,N,08/2025,Incumbent,false,false,true
Software Engineer,15-1252.00,Software Developers,onet_knowledge,knowledge,2.C.10,Transportation,1.72,18.00,1,5,22,0.2580,1.1877,2.2609,N,,08/2025,Incumbent,1.11,15.86,0,7,22,0.4560,0.1609,2.0576,N,N,08/2025,Incumbent,false,false,true
UI / UX Designer,15-1255.00,Web and Digital Interface Designers,onet_knowledge,knowledge,2.C.1.a,Administration and Management,3.11,52.75,1,5,17,0.2572,2.5622,3.6527,N,,08/2026,Incumbent,4.04,57.71,0,7,17,0.3750,3.2444,4.8343,N,N,08/2026,Incumbent,false,false,true
Web Designer,15-1255.00,Web and Digital Interface Designers,onet_knowledge,knowledge,2.C.1.a,Administration and Management,3.11,52.75,1,5,17,0.2572,2.5622,3.6527,N,,08/2026,Incumbent,4.04,57.71,0,7,17,0.3750,3.2444,4.8343,N,N,08/2026,Incumbent,false,false,true
UI / UX Designer,15-1255.00,Web and Digital Interface Designers,onet_knowledge,knowledge,2.C.1.b,Administrative,2.39,34.75,1,5,17,0.1442,2.0831,2.6947,N,,08/2026,Incumbent,3.48,49.71,0,7,17,0.3805,2.6730,4.2861,N,N,08/2026,Incumbent,false,false,true
Web Designer,15-1255.00,Web and Digital Interface Designers,onet_knowledge,knowledge,2.C.1.b,Administrative,2.39,34.75,1,5,17,0.1442,2.0831,2.6947,N,,08/2026,Incumbent,3.48,49.71,0,7,17,0.3805,2.6730,4.2861,N,N,08/2026,Incumbent,false,false,true
UI / UX Designer,15-1255.00,Web and Digital Interface Designers,onet_knowledge,knowledge,2.C.1.c,Economics and Accounting,2.28,32.00,1,5,17,0.3261,1.5851,2.9677,N,,08/2026,Incumbent,2.12,30.29,0,7,17,0.5452,0.9654,3.2769,N,N,08/2026,Incumbent,false,false,true
Web Designer,15-1255.00,Web and Digital Interface Designers,onet_knowledge,knowledge,2.C.1.c,Economics and Accounting,2.28,32.00,1,5,17,0.3261,1.5851,2.9677,N,,08/2026,Incumbent,2.12,30.29,0,7,17,0.5452,0.9654,3.2769,N,N,08/2026,Incumbent,false,false,true
UI / UX Designer,15-1255.00,Web and Digital Interface Designers,onet_knowledge,knowledge,2.C.1.d,Sales and Marketing,2.89,47.25,1,5,17,0.4214,1.9951,3.7818,N,,08/2026,Incumbent,3.58,51.14,0,7,17,0.6987,2.1022,5.0647,N,N,08/2026,Incumbent,false,false,true
Web Designer,15-1255.00,Web and Digital Interface Designers,onet_knowledge,knowledge,2.C.1.d,Sales and Marketing,2.89,47.25,1,5,17,0.4214,1.9951,3.7818,N,,08/2026,Incumbent,3.58,51.14,0,7,17,0.6987,2.1022,5.0647,N,N,08/2026,Incumbent,false,false,true
UI / UX Designer,15-1255.00,Web and Digital Interface Designers,onet_knowledge,knowledge,2.C.1.e,Customer and Personal Service,3.57,64.25,1,5,17,0.3047,2.9240,4.2158,N,,08/2026,Incumbent,4.36,62.29,0,7,17,0.4607,3.3795,5.3327,N,N,08/2026,Incumbent,false,false,true
Web Designer,15-1255.00,Web and Digital Interface Designers,onet_knowledge,knowledge,2.C.1.e,Customer and Personal Service,3.57,64.25,1,5,17,0.3047,2.9240,4.2158,N,,08/2026,Incumbent,4.36,62.29,0,7,17,0.4607,3.3795,5.3327,N,N,08/2026,Incumbent,false,false,true
UI / UX Designer,15-1255.00,Web and Digital Interface Designers,onet_knowledge,knowledge,2.C.1.f,Personnel and Human Resources,2.29,32.25,1,5,16,0.3188,1.6056,2.9644,N,,08/2026,Incumbent,3.34,47.71,0,7,17,0.7187,1.8176,4.8647,N,N,08/2026,Incumbent,false,false,true
Web Designer,15-1255.00,Web and Digital Interface Designers,onet_knowledge,knowledge,2.C.1.f,Personnel and Human Resources,2.29,32.25,1,5,16,0.3188,1.6056,2.9644,N,,08/2026,Incumbent,3.34,47.71,0,7,17,0.7187,1.8176,4.8647,N,N,08/2026,Incumbent,false,false,true
UI / UX Designer,15-1255.00,Web and Digital Interface Designers,onet_knowledge,knowledge,2.C.2.a,Production and Processing,2.40,35.00,1,5,17,0.3436,1.6728,3.1297,N,,08/2026,Incumbent,3.36,48.00,0,7,17,0.3482,2.6239,4.1001,N,N,08/2026,Incumbent,false,false,true
Web Designer,15-1255.00,Web and Digital Interface Designers,onet_knowledge,knowledge,2.C.2.a,Production and Processing,2.40,35.00,1,5,17,0.3436,1.6728,3.1297,N,,08/2026,Incumbent,3.36,48.00,0,7,17,0.3482,2.6239,4.1001,N,N,08/2026,Incumbent,false,false,true
UI / UX Designer,15-1255.00,Web and Digital Interface Designers,onet_knowledge,knowledge,2.C.2.b,Food Production,1.00,0.00,1,5,17,0.0000,,,N,,08/2026,Incumbent,0.00,0.00,0,7,17,0.0000,,,N,Y,08/2026,Incumbent,false,true,false
Web Designer,15-1255.00,Web and Digital Interface Designers,onet_knowledge,knowledge,2.C.2.b,Food Production,1.00,0.00,1,5,17,0.0000,,,N,,08/2026,Incumbent,0.00,0.00,0,7,17,0.0000,,,N,Y,08/2026,Incumbent,false,true,false
UI / UX Designer,15-1255.00,Web and Digital Interface Designers,onet_knowledge,knowledge,2.C.3.a,Computers and Electronics,3.96,74.00,1,5,17,0.2314,3.4646,4.4456,N,,08/2026,Incumbent,5.54,79.14,0,7,17,0.4519,4.5809,6.4967,N,N,08/2026,Incumbent,false,false,true
Web Designer,15-1255.00,Web and Digital Interface Designers,onet_knowledge,knowledge,2.C.3.a,Computers and Electronics,3.96,74.00,1,5,17,0.2314,3.4646,4.4456,N,,08/2026,Incumbent,5.54,79.14,0,7,17,0.4519,4.5809,6.4967,N,N,08/2026,Incumbent,false,false,true
UI / UX Designer,15-1255.00,Web and Digital Interface Designers,onet_knowledge,knowledge,2.C.3.b,Engineering and Technology,2.11,27.75,1,5,17,0.4527,1.1524,3.0718,N,,08/2026,Incumbent,1.98,28.29,0,7,17,0.4706,0.9812,2.9765,N,N,08/2026,Incumbent,false,false,true
Web Designer,15-1255.00,Web and Digital Interface Designers,onet_knowledge,knowledge,2.C.3.b,Engineering and Technology,2.11,27.75,1,5,17,0.4527,1.1524,3.0718,N,,08/2026,Incumbent,1.98,28.29,0,7,17,0.4706,0.9812,2.9765,N,N,08/2026,Incumbent,false,false,true
UI / UX Designer,15-1255.00,Web and Digital Interface Designers,onet_knowledge,knowledge,2.C.3.c,Design,2.78,44.50,1,5,17,0.2716,2.1995,3.3509,N,,08/2026,Incumbent,4.17,59.57,0,7,17,0.4117,3.2997,5.0454,N,N,08/2026,Incumbent,false,false,true
Web Designer,15-1255.00,Web and Digital Interface Designers,onet_knowledge,knowledge,2.C.3.c,Design,2.78,44.50,1,5,17,0.2716,2.1995,3.3509,N,,08/2026,Incumbent,4.17,59.57,0,7,17,0.4117,3.2997,5.0454,N,N,08/2026,Incumbent,false,false,true
UI / UX Designer,15-1255.00,Web and Digital Interface Designers,onet_knowledge,knowledge,2.C.3.d,Building and Construction,1.00,0.00,1,5,17,0.0000,,,N,,08/2026,Incumbent,0.00,0.00,0,7,17,0.0000,,,N,Y,08/2026,Incumbent,false,true,false
Web Designer,15-1255.00,Web and Digital Interface Designers,onet_knowledge,knowledge,2.C.3.d,Building and Construction,1.00,0.00,1,5,17,0.0000,,,N,,08/2026,Incumbent,0.00,0.00,0,7,17,0.0000,,,N,Y,08/2026,Incumbent,false,true,false
UI / UX Designer,15-1255.00,Web and Digital Interface Designers,onet_knowledge,knowledge,2.C.3.e,Mechanical,1.00,0.00,1,5,17,0.0000,,,N,,08/2026,Incumbent,0.00,0.00,0,7,17,0.0000,,,N,Y,08/2026,Incumbent,false,true,false
Web Designer,15-1255.00,Web and Digital Interface Designers,onet_knowledge,knowledge,2.C.3.e,Mechanical,1.00,0.00,1,5,17,0.0000,,,N,,08/2026,Incumbent,0.00,0.00,0,7,17,0.0000,,,N,Y,08/2026,Incumbent,false,true,false
UI / UX Designer,15-1255.00,Web and Digital Interface Designers,onet_knowledge,knowledge,2.C.4.a,Mathematics,2.38,34.50,1,5,17,0.2978,1.7469,3.0097,N,,08/2026,Incumbent,3.41,48.71,0,7,17,0.4130,2.5306,4.2815,N,N,08/2026,Incumbent,false,false,true
Web Designer,15-1255.00,Web and Digital Interface Designers,onet_knowledge,knowledge,2.C.4.a,Mathematics,2.38,34.50,1,5,17,0.2978,1.7469,3.0097,N,,08/2026,Incumbent,3.41,48.71,0,7,17,0.4130,2.5306,4.2815,N,N,08/2026,Incumbent,false,false,true
UI / UX Designer,15-1255.00,Web and Digital Interface Designers,onet_knowledge,knowledge,2.C.4.b,Physics,1.01,0.25,1,5,17,0.0063,1.0000,1.0187,N,,08/2026,Incumbent,0.01,0.14,0,7,17,0.0125,0.0000,0.0375,Y,Y,08/2026,Incumbent,true,true,false
Web Designer,15-1255.00,Web and Digital Interface Designers,onet_knowledge,knowledge,2.C.4.b,Physics,1.01,0.25,1,5,17,0.0063,1.0000,1.0187,N,,08/2026,Incumbent,0.01,0.14,0,7,17,0.0125,0.0000,0.0375,Y,Y,08/2026,Incumbent,true,true,false
UI / UX Designer,15-1255.00,Web and Digital Interface Designers,onet_knowledge,knowledge,2.C.4.c,Chemistry,1.00,0.00,1,5,17,0.0000,,,N,,08/2026,Incumbent,0.00,0.00,0,7,17,0.0000,,,N,Y,08/2026,Incumbent,false,true,false
Web Designer,15-1255.00,Web and Digital Interface Designers,onet_knowledge,knowledge,2.C.4.c,Chemistry,1.00,0.00,1,5,17,0.0000,,,N,,08/2026,Incumbent,0.00,0.00,0,7,17,0.0000,,,N,Y,08/2026,Incumbent,false,true,false
UI / UX Designer,15-1255.00,Web and Digital Interface Designers,onet_knowledge,knowledge,2.C.4.d,Biology,1.01,0.25,1,5,17,0.0125,1.0000,1.0371,N,,08/2026,Incumbent,0.02,0.29,0,7,17,0.0249,0.0000,0.0743,Y,Y,08/2026,Incumbent,true,true,false
Web Designer,15-1255.00,Web and Digital Interface Designers,onet_knowledge,knowledge,2.C.4.d,Biology,1.01,0.25,1,5,17,0.0125,1.0000,1.0371,N,,08/2026,Incumbent,0.02,0.29,0,7,17,0.0249,0.0000,0.0743,Y,Y,08/2026,Incumbent,true,true,false
UI / UX Designer,15-1255.00,Web and Digital Interface Designers,onet_knowledge,knowledge,2.C.4.e,Psychology,1.25,6.25,1,5,17,0.1826,1.0000,1.6391,N,,08/2026,Incumbent,0.44,6.29,0,7,17,0.3358,0.0000,1.1536,Y,Y,08/2026,Incumbent,true,true,false
Web Designer,15-1255.00,Web and Digital Interface Designers,onet_knowledge,knowledge,2.C.4.e,Psychology,1.25,6.25,1,5,17,0.1826,1.0000,1.6391,N,,08/2026,Incumbent,0.44,6.29,0,7,17,0.3358,0.0000,1.1536,Y,Y,08/2026,Incumbent,true,true,false
UI / UX Designer,15-1255.00,Web and Digital Interface Designers,onet_knowledge,knowledge,2.C.4.f,Sociology and Anthropology,1.24,6.00,1,5,17,0.1786,1.0000,1.6210,N,,08/2026,Incumbent,0.45,6.43,0,7,17,0.3388,0.0000,1.1665,Y,Y,08/2026,Incumbent,true,true,false
Web Designer,15-1255.00,Web and Digital Interface Designers,onet_knowledge,knowledge,2.C.4.f,Sociology and Anthropology,1.24,6.00,1,5,17,0.1786,1.0000,1.6210,N,,08/2026,Incumbent,0.45,6.43,0,7,17,0.3388,0.0000,1.1665,Y,Y,08/2026,Incumbent,true,true,false
UI / UX Designer,15-1255.00,Web and Digital Interface Designers,onet_knowledge,knowledge,2.C.4.g,Geography,1.56,14.00,1,5,16,0.2103,1.1130,2.0094,N,,08/2026,Incumbent,0.98,14.00,0,7,16,0.6060,0.0000,2.2720,Y,N,08/2026,Incumbent,true,false,false
Web Designer,15-1255.00,Web and Digital Interface Designers,onet_knowledge,knowledge,2.C.4.g,Geography,1.56,14.00,1,5,16,0.2103,1.1130,2.0094,N,,08/2026,Incumbent,0.98,14.00,0,7,16,0.6060,0.0000,2.2720,Y,N,08/2026,Incumbent,true,false,false
UI / UX Designer,15-1255.00,Web and Digital Interface Designers,onet_knowledge,knowledge,2.C.5.a,Medicine and Dentistry,1.00,0.00,1,5,17,0.0000,,,N,,08/2026,Incumbent,0.00,0.00,0,7,17,0.0000,,,N,Y,08/2026,Incumbent,false,true,false
Web Designer,15-1255.00,Web and Digital Interface Designers,onet_knowledge,knowledge,2.C.5.a,Medicine and Dentistry,1.00,0.00,1,5,17,0.0000,,,N,,08/2026,Incumbent,0.00,0.00,0,7,17,0.0000,,,N,Y,08/2026,Incumbent,false,true,false
UI / UX Designer,15-1255.00,Web and Digital Interface Designers,onet_knowledge,knowledge,2.C.5.b,Therapy and Counseling,1.01,0.25,1,5,17,0.0063,1.0000,1.0187,N,,08/2026,Incumbent,0.01,0.14,0,7,17,0.0125,0.0000,0.0375,Y,Y,08/2026,Incumbent,true,true,false
Web Designer,15-1255.00,Web and Digital Interface Designers,onet_knowledge,knowledge,2.C.5.b,Therapy and Counseling,1.01,0.25,1,5,17,0.0063,1.0000,1.0187,N,,08/2026,Incumbent,0.01,0.14,0,7,17,0.0125,0.0000,0.0375,Y,Y,08/2026,Incumbent,true,true,false
UI / UX Designer,15-1255.00,Web and Digital Interface Designers,onet_knowledge,knowledge,2.C.6,Education and Training,2.02,25.50,1,5,17,0.3872,1.2018,2.8434,N,,08/2026,Incumbent,2.38,34.00,0,7,17,0.6795,0.9437,3.8248,N,N,08/2026,Incumbent,false,false,true
Web Designer,15-1255.00,Web and Digital Interface Designers,onet_knowledge,knowledge,2.C.6,Education and Training,2.02,25.50,1,5,17,0.3872,1.2018,2.8434,N,,08/2026,Incumbent,2.38,34.00,0,7,17,0.6795,0.9437,3.8248,N,N,08/2026,Incumbent,false,false,true
UI / UX Designer,15-1255.00,Web and Digital Interface Designers,onet_knowledge,knowledge,2.C.7.a,English Language,3.84,71.00,1,5,17,0.1608,3.4979,4.1795,N,,08/2026,Incumbent,4.95,70.71,0,7,17,0.3978,4.1063,5.7929,N,N,08/2026,Incumbent,false,false,true
Web Designer,15-1255.00,Web and Digital Interface Designers,onet_knowledge,knowledge,2.C.7.a,English Language,3.84,71.00,1,5,17,0.1608,3.4979,4.1795,N,,08/2026,Incumbent,4.95,70.71,0,7,17,0.3978,4.1063,5.7929,N,N,08/2026,Incumbent,false,false,true
UI / UX Designer,15-1255.00,Web and Digital Interface Designers,onet_knowledge,knowledge,2.C.7.b,Foreign Language,1.05,1.25,1,5,17,0.0367,1.0000,1.1267,N,,08/2026,Incumbent,0.09,1.29,0,7,17,0.0671,0.0000,0.2295,Y,Y,08/2026,Incumbent,true,true,false
Web Designer,15-1255.00,Web and Digital Interface Designers,onet_knowledge,knowledge,2.C.7.b,Foreign Language,1.05,1.25,1,5,17,0.0367,1.0000,1.1267,N,,08/2026,Incumbent,0.09,1.29,0,7,17,0.0671,0.0000,0.2295,Y,Y,08/2026,Incumbent,true,true,false
UI / UX Designer,15-1255.00,Web and Digital Interface Designers,onet_knowledge,knowledge,2.C.7.c,Fine Arts,1.14,3.50,1,5,17,0.0978,1.0000,1.3439,N,,08/2026,Incumbent,0.23,3.29,0,7,17,0.1639,0.0000,0.5795,Y,Y,08/2026,Incumbent,true,true,false
Web Designer,15-1255.00,Web and Digital Interface Designers,onet_knowledge,knowledge,2.C.7.c,Fine Arts,1.14,3.50,1,5,17,0.0978,1.0000,1.3439,N,,08/2026,Incumbent,0.23,3.29,0,7,17,0.1639,0.0000,0.5795,Y,Y,08/2026,Incumbent,true,true,false
UI / UX Designer,15-1255.00,Web and Digital Interface Designers,onet_knowledge,knowledge,2.C.7.d,History and Archeology,1.04,1.00,1,5,17,0.0266,1.0000,1.0934,N,,08/2026,Incumbent,0.07,1.00,0,7,17,0.0532,0.0000,0.1869,Y,Y,08/2026,Incumbent,true,true,false
Web Designer,15-1255.00,Web and Digital Interface Designers,onet_knowledge,knowledge,2.C.7.d,History and Archeology,1.04,1.00,1,5,17,0.0266,1.0000,1.0934,N,,08/2026,Incumbent,0.07,1.00,0,7,17,0.0532,0.0000,0.1869,Y,Y,08/2026,Incumbent,true,true,false
UI / UX Designer,15-1255.00,Web and Digital Interface Designers,onet_knowledge,knowledge,2.C.7.e,Philosophy and Theology,1.02,0.50,1,5,17,0.0259,1.0000,1.0789,N,,08/2026,Incumbent,0.04,0.57,0,7,17,0.0404,0.0000,0.1252,Y,Y,08/2026,Incumbent,true,true,false
Web Designer,15-1255.00,Web and Digital Interface Designers,onet_knowledge,knowledge,2.C.7.e,Philosophy and Theology,1.02,0.50,1,5,17,0.0259,1.0000,1.0789,N,,08/2026,Incumbent,0.04,0.57,0,7,17,0.0404,0.0000,0.1252,Y,Y,08/2026,Incumbent,true,true,false
UI / UX Designer,15-1255.00,Web and Digital Interface Designers,onet_knowledge,knowledge,2.C.8.a,Public Safety and Security,1.36,9.00,1,5,17,0.2995,1.0000,1.9966,N,,08/2026,Incumbent,0.86,12.29,0,7,17,0.7325,0.0000,2.4101,Y,Y,08/2026,Incumbent,true,true,false
Web Designer,15-1255.00,Web and Digital Interface Designers,onet_knowledge,knowledge,2.C.8.a,Public Safety and Security,1.36,9.00,1,5,17,0.2995,1.0000,1.9966,N,,08/2026,Incumbent,0.86,12.29,0,7,17,0.7325,0.0000,2.4101,Y,Y,08/2026,Incumbent,true,true,false
UI / UX Designer,15-1255.00,Web and Digital Interface Designers,onet_knowledge,knowledge,2.C.8.b,Law and Government,1.90,22.50,1,5,17,0.2106,1.4504,2.3435,N,,08/2026,Incumbent,1.87,26.71,0,7,17,0.5065,0.7977,2.9454,N,N,08/2026,Incumbent,false,false,true
Web Designer,15-1255.00,Web and Digital Interface Designers,onet_knowledge,knowledge,2.C.8.b,Law and Government,1.90,22.50,1,5,17,0.2106,1.4504,2.3435,N,,08/2026,Incumbent,1.87,26.71,0,7,17,0.5065,0.7977,2.9454,N,N,08/2026,Incumbent,false,false,true
UI / UX Designer,15-1255.00,Web and Digital Interface Designers,onet_knowledge,knowledge,2.C.9.a,Telecommunications,2.17,29.25,1,5,17,0.2818,1.5693,2.7642,N,,08/2026,Incumbent,2.30,32.86,0,7,17,0.5730,1.0895,3.5189,N,N,08/2026,Incumbent,false,false,true
Web Designer,15-1255.00,Web and Digital Interface Designers,onet_knowledge,knowledge,2.C.9.a,Telecommunications,2.17,29.25,1,5,17,0.2818,1.5693,2.7642,N,,08/2026,Incumbent,2.30,32.86,0,7,17,0.5730,1.0895,3.5189,N,N,08/2026,Incumbent,false,false,true
UI / UX Designer,15-1255.00,Web and Digital Interface Designers,onet_knowledge,knowledge,2.C.9.b,Communications and Media,2.35,33.75,1,5,17,0.1933,1.9353,2.7549,N,,08/2026,Incumbent,2.72,38.86,0,7,17,0.3924,1.8845,3.5483,N,N,08/2026,Incumbent,false,false,true
Web Designer,15-1255.00,Web and Digital Interface Designers,onet_knowledge,knowledge,2.C.9.b,Communications and Media,2.35,33.75,1,5,17,0.1933,1.9353,2.7549,N,,08/2026,Incumbent,2.72,38.86,0,7,17,0.3924,1.8845,3.5483,N,N,08/2026,Incumbent,false,false,true
UI / UX Designer,15-1255.00,Web and Digital Interface Designers,onet_knowledge,knowledge,2.C.10,Transportation,1.42,10.50,1,5,17,0.1095,1.1900,1.6543,N,,08/2026,Incumbent,0.69,9.86,0,7,17,0.3329,0.0000,1.3964,N,N,08/2026,Incumbent,false,false,true
Web Designer,15-1255.00,Web and Digital Interface Designers,onet_knowledge,knowledge,2.C.10,Transportation,1.42,10.50,1,5,17,0.1095,1.1900,1.6543,N,,08/2026,Incumbent,0.69,9.86,0,7,17,0.3329,0.0000,1.3964,N,N,08/2026,Incumbent,false,false,true
Cyber Security Architect,15-1299.05,Information Security Engineers,onet_knowledge,knowledge,2.C.1.a,Administration and Management,2.78,44.50,1,5,18,,,,,,08/2025,Occupational Expert,3.68,52.57,0,7,19,,,,,N,08/2025,Occupational Expert,,false,true
Cyber Security Engineer,15-1299.05,Information Security Engineers,onet_knowledge,knowledge,2.C.1.a,Administration and Management,2.78,44.50,1,5,18,,,,,,08/2025,Occupational Expert,3.68,52.57,0,7,19,,,,,N,08/2025,Occupational Expert,,false,true
Cyber Security Architect,15-1299.05,Information Security Engineers,onet_knowledge,knowledge,2.C.1.b,Administrative,2.37,34.25,1,5,19,,,,,,08/2025,Occupational Expert,3.42,48.86,0,7,19,,,,,N,08/2025,Occupational Expert,,false,true
Cyber Security Engineer,15-1299.05,Information Security Engineers,onet_knowledge,knowledge,2.C.1.b,Administrative,2.37,34.25,1,5,19,,,,,,08/2025,Occupational Expert,3.42,48.86,0,7,19,,,,,N,08/2025,Occupational Expert,,false,true
Cyber Security Architect,15-1299.05,Information Security Engineers,onet_knowledge,knowledge,2.C.1.c,Economics and Accounting,1.79,19.75,1,5,19,,,,,,08/2025,Occupational Expert,1.53,21.86,0,7,19,,,,,N,08/2025,Occupational Expert,,false,true
Cyber Security Engineer,15-1299.05,Information Security Engineers,onet_knowledge,knowledge,2.C.1.c,Economics and Accounting,1.79,19.75,1,5,19,,,,,,08/2025,Occupational Expert,1.53,21.86,0,7,19,,,,,N,08/2025,Occupational Expert,,false,true
Cyber Security Architect,15-1299.05,Information Security Engineers,onet_knowledge,knowledge,2.C.1.d,Sales and Marketing,1.26,6.50,1,5,19,,,,,,08/2025,Occupational Expert,0.68,9.71,0,7,19,,,,,Y,08/2025,Occupational Expert,,true,false
Cyber Security Engineer,15-1299.05,Information Security Engineers,onet_knowledge,knowledge,2.C.1.d,Sales and Marketing,1.26,6.50,1,5,19,,,,,,08/2025,Occupational Expert,0.68,9.71,0,7,19,,,,,Y,08/2025,Occupational Expert,,true,false
Cyber Security Architect,15-1299.05,Information Security Engineers,onet_knowledge,knowledge,2.C.1.e,Customer and Personal Service,3.00,50.00,1,5,19,,,,,,08/2025,Occupational Expert,3.63,51.86,0,7,19,,,,,N,08/2025,Occupational Expert,,false,true
Cyber Security Engineer,15-1299.05,Information Security Engineers,onet_knowledge,knowledge,2.C.1.e,Customer and Personal Service,3.00,50.00,1,5,19,,,,,,08/2025,Occupational Expert,3.63,51.86,0,7,19,,,,,N,08/2025,Occupational Expert,,false,true
Cyber Security Architect,15-1299.05,Information Security Engineers,onet_knowledge,knowledge,2.C.1.f,Personnel and Human Resources,1.74,18.50,1,5,19,,,,,,08/2025,Occupational Expert,1.68,24.00,0,7,19,,,,,N,08/2025,Occupational Expert,,false,true
Cyber Security Engineer,15-1299.05,Information Security Engineers,onet_knowledge,knowledge,2.C.1.f,Personnel and Human Resources,1.74,18.50,1,5,19,,,,,,08/2025,Occupational Expert,1.68,24.00,0,7,19,,,,,N,08/2025,Occupational Expert,,false,true
Cyber Security Architect,15-1299.05,Information Security Engineers,onet_knowledge,knowledge,2.C.2.a,Production and Processing,1.95,23.75,1,5,19,,,,,,08/2025,Occupational Expert,1.83,26.14,0,7,18,,,,,N,08/2025,Occupational Expert,,false,true
Cyber Security Engineer,15-1299.05,Information Security Engineers,onet_knowledge,knowledge,2.C.2.a,Production and Processing,1.95,23.75,1,5,19,,,,,,08/2025,Occupational Expert,1.83,26.14,0,7,18,,,,,N,08/2025,Occupational Expert,,false,true
Cyber Security Architect,15-1299.05,Information Security Engineers,onet_knowledge,knowledge,2.C.2.b,Food Production,1.16,4.00,1,5,19,,,,,,08/2025,Occupational Expert,0.32,4.57,0,7,19,,,,,Y,08/2025,Occupational Expert,,true,false
Cyber Security Engineer,15-1299.05,Information Security Engineers,onet_knowledge,knowledge,2.C.2.b,Food Production,1.16,4.00,1,5,19,,,,,,08/2025,Occupational Expert,0.32,4.57,0,7,19,,,,,Y,08/2025,Occupational Expert,,true,false
Cyber Security Architect,15-1299.05,Information Security Engineers,onet_knowledge,knowledge,2.C.3.a,Computers and Electronics,4.63,90.75,1,5,19,,,,,,08/2025,Occupational Expert,5.94,84.86,0,7,18,,,,,N,08/2025,Occupational Expert,,false,true
Cyber Security Engineer,15-1299.05,Information Security Engineers,onet_knowledge,knowledge,2.C.3.a,Computers and Electronics,4.63,90.75,1,5,19,,,,,,08/2025,Occupational Expert,5.94,84.86,0,7,18,,,,,N,08/2025,Occupational Expert,,false,true
Cyber Security Architect,15-1299.05,Information Security Engineers,onet_knowledge,knowledge,2.C.3.b,Engineering and Technology,4.00,75.00,1,5,19,,,,,,08/2025,Occupational Expert,4.56,65.14,0,7,18,,,,,N,08/2025,Occupational Expert,,false,true
Cyber Security Engineer,15-1299.05,Information Security Engineers,onet_knowledge,knowledge,2.C.3.b,Engineering and Technology,4.00,75.00,1,5,19,,,,,,08/2025,Occupational Expert,4.56,65.14,0,7,18,,,,,N,08/2025,Occupational Expert,,false,true
Cyber Security Architect,15-1299.05,Information Security Engineers,onet_knowledge,knowledge,2.C.3.c,Design,2.89,47.25,1,5,18,,,,,,08/2025,Occupational Expert,3.42,48.86,0,7,19,,,,,N,08/2025,Occupational Expert,,false,true
Cyber Security Engineer,15-1299.05,Information Security Engineers,onet_knowledge,knowledge,2.C.3.c,Design,2.89,47.25,1,5,18,,,,,,08/2025,Occupational Expert,3.42,48.86,0,7,19,,,,,N,08/2025,Occupational Expert,,false,true
Cyber Security Architect,15-1299.05,Information Security Engineers,onet_knowledge,knowledge,2.C.3.d,Building and Construction,1.53,13.25,1,5,19,,,,,,08/2025,Occupational Expert,1.00,14.29,0,7,19,,,,,N,08/2025,Occupational Expert,,false,true
Cyber Security Engineer,15-1299.05,Information Security Engineers,onet_knowledge,knowledge,2.C.3.d,Building and Construction,1.53,13.25,1,5,19,,,,,,08/2025,Occupational Expert,1.00,14.29,0,7,19,,,,,N,08/2025,Occupational Expert,,false,true
Cyber Security Architect,15-1299.05,Information Security Engineers,onet_knowledge,knowledge,2.C.3.e,Mechanical,1.74,18.50,1,5,19,,,,,,08/2025,Occupational Expert,1.21,17.29,0,7,19,,,,,N,08/2025,Occupational Expert,,false,true
Cyber Security Engineer,15-1299.05,Information Security Engineers,onet_knowledge,knowledge,2.C.3.e,Mechanical,1.74,18.50,1,5,19,,,,,,08/2025,Occupational Expert,1.21,17.29,0,7,19,,,,,N,08/2025,Occupational Expert,,false,true
Cyber Security Architect,15-1299.05,Information Security Engineers,onet_knowledge,knowledge,2.C.4.a,Mathematics,2.84,46.00,1,5,19,,,,,,08/2025,Occupational Expert,3.26,46.57,0,7,19,,,,,N,08/2025,Occupational Expert,,false,true
Cyber Security Engineer,15-1299.05,Information Security Engineers,onet_knowledge,knowledge,2.C.4.a,Mathematics,2.84,46.00,1,5,19,,,,,,08/2025,Occupational Expert,3.26,46.57,0,7,19,,,,,N,08/2025,Occupational Expert,,false,true
Cyber Security Architect,15-1299.05,Information Security Engineers,onet_knowledge,knowledge,2.C.4.b,Physics,1.21,5.25,1,5,19,,,,,,08/2025,Occupational Expert,0.47,6.71,0,7,19,,,,,Y,08/2025,Occupational Expert,,true,false
Cyber Security Engineer,15-1299.05,Information Security Engineers,onet_knowledge,knowledge,2.C.4.b,Physics,1.21,5.25,1,5,19,,,,,,08/2025,Occupational Expert,0.47,6.71,0,7,19,,,,,Y,08/2025,Occupational Expert,,true,false
Cyber Security Architect,15-1299.05,Information Security Engineers,onet_knowledge,knowledge,2.C.4.c,Chemistry,1.21,5.25,1,5,19,,,,,,08/2025,Occupational Expert,0.42,6.00,0,7,19,,,,,Y,08/2025,Occupational Expert,,true,false
Cyber Security Engineer,15-1299.05,Information Security Engineers,onet_knowledge,knowledge,2.C.4.c,Chemistry,1.21,5.25,1,5,19,,,,,,08/2025,Occupational Expert,0.42,6.00,0,7,19,,,,,Y,08/2025,Occupational Expert,,true,false
Cyber Security Architect,15-1299.05,Information Security Engineers,onet_knowledge,knowledge,2.C.4.d,Biology,1.05,1.25,1,5,19,,,,,,08/2025,Occupational Expert,0.11,1.57,0,7,19,,,,,Y,08/2025,Occupational Expert,,true,false
Cyber Security Engineer,15-1299.05,Information Security Engineers,onet_knowledge,knowledge,2.C.4.d,Biology,1.05,1.25,1,5,19,,,,,,08/2025,Occupational Expert,0.11,1.57,0,7,19,,,,,Y,08/2025,Occupational Expert,,true,false
Cyber Security Architect,15-1299.05,Information Security Engineers,onet_knowledge,knowledge,2.C.4.e,Psychology,1.89,22.25,1,5,19,,,,,,08/2025,Occupational Expert,1.53,21.86,0,7,19,,,,,N,08/2025,Occupational Expert,,false,true
Cyber Security Engineer,15-1299.05,Information Security Engineers,onet_knowledge,knowledge,2.C.4.e,Psychology,1.89,22.25,1,5,19,,,,,,08/2025,Occupational Expert,1.53,21.86,0,7,19,,,,,N,08/2025,Occupational Expert,,false,true
Cyber Security Architect,15-1299.05,Information Security Engineers,onet_knowledge,knowledge,2.C.4.f,Sociology and Anthropology,1.53,13.25,1,5,19,,,,,,08/2025,Occupational Expert,1.05,15.00,0,7,19,,,,,N,08/2025,Occupational Expert,,false,true
Cyber Security Engineer,15-1299.05,Information Security Engineers,onet_knowledge,knowledge,2.C.4.f,Sociology and Anthropology,1.53,13.25,1,5,19,,,,,,08/2025,Occupational Expert,1.05,15.00,0,7,19,,,,,N,08/2025,Occupational Expert,,false,true
Cyber Security Architect,15-1299.05,Information Security Engineers,onet_knowledge,knowledge,2.C.4.g,Geography,1.32,8.00,1,5,19,,,,,,08/2025,Occupational Expert,0.84,12.00,0,7,19,,,,,N,08/2025,Occupational Expert,,false,true
Cyber Security Engineer,15-1299.05,Information Security Engineers,onet_knowledge,knowledge,2.C.4.g,Geography,1.32,8.00,1,5,19,,,,,,08/2025,Occupational Expert,0.84,12.00,0,7,19,,,,,N,08/2025,Occupational Expert,,false,true
Cyber Security Architect,15-1299.05,Information Security Engineers,onet_knowledge,knowledge,2.C.5.a,Medicine and Dentistry,1.05,1.25,1,5,19,,,,,,08/2025,Occupational Expert,0.11,1.57,0,7,19,,,,,Y,08/2025,Occupational Expert,,true,false
Cyber Security Engineer,15-1299.05,Information Security Engineers,onet_knowledge,knowledge,2.C.5.a,Medicine and Dentistry,1.05,1.25,1,5,19,,,,,,08/2025,Occupational Expert,0.11,1.57,0,7,19,,,,,Y,08/2025,Occupational Expert,,true,false
Cyber Security Architect,15-1299.05,Information Security Engineers,onet_knowledge,knowledge,2.C.5.b,Therapy and Counseling,1.26,6.50,1,5,19,,,,,,08/2025,Occupational Expert,0.37,5.29,0,7,19,,,,,Y,08/2025,Occupational Expert,,true,false
Cyber Security Engineer,15-1299.05,Information Security Engineers,onet_knowledge,knowledge,2.C.5.b,Therapy and Counseling,1.26,6.50,1,5,19,,,,,,08/2025,Occupational Expert,0.37,5.29,0,7,19,,,,,Y,08/2025,Occupational Expert,,true,false
Cyber Security Architect,15-1299.05,Information Security Engineers,onet_knowledge,knowledge,2.C.6,Education and Training,2.79,44.75,1,5,19,,,,,,08/2025,Occupational Expert,3.53,50.43,0,7,19,,,,,N,08/2025,Occupational Expert,,false,true
Cyber Security Engineer,15-1299.05,Information Security Engineers,onet_knowledge,knowledge,2.C.6,Education and Training,2.79,44.75,1,5,19,,,,,,08/2025,Occupational Expert,3.53,50.43,0,7,19,,,,,N,08/2025,Occupational Expert,,false,true
Cyber Security Architect,15-1299.05,Information Security Engineers,onet_knowledge,knowledge,2.C.7.a,English Language,3.53,63.25,1,5,19,,,,,,08/2025,Occupational Expert,3.63,51.86,0,7,19,,,,,N,08/2025,Occupational Expert,,false,true
Cyber Security Engineer,15-1299.05,Information Security Engineers,onet_knowledge,knowledge,2.C.7.a,English Language,3.53,63.25,1,5,19,,,,,,08/2025,Occupational Expert,3.63,51.86,0,7,19,,,,,N,08/2025,Occupational Expert,,false,true
Cyber Security Architect,15-1299.05,Information Security Engineers,onet_knowledge,knowledge,2.C.7.b,Foreign Language,1.39,9.75,1,5,18,,,,,,08/2025,Occupational Expert,0.68,9.71,0,7,19,,,,,Y,08/2025,Occupational Expert,,true,false
Cyber Security Engineer,15-1299.05,Information Security Engineers,onet_knowledge,knowledge,2.C.7.b,Foreign Language,1.39,9.75,1,5,18,,,,,,08/2025,Occupational Expert,0.68,9.71,0,7,19,,,,,Y,08/2025,Occupational Expert,,true,false
Cyber Security Architect,15-1299.05,Information Security Engineers,onet_knowledge,knowledge,2.C.7.c,Fine Arts,1.05,1.25,1,5,19,,,,,,08/2025,Occupational Expert,0.05,0.71,0,7,19,,,,,Y,08/2025,Occupational Expert,,true,false
Cyber Security Engineer,15-1299.05,Information Security Engineers,onet_knowledge,knowledge,2.C.7.c,Fine Arts,1.05,1.25,1,5,19,,,,,,08/2025,Occupational Expert,0.05,0.71,0,7,19,,,,,Y,08/2025,Occupational Expert,,true,false
Cyber Security Architect,15-1299.05,Information Security Engineers,onet_knowledge,knowledge,2.C.7.d,History and Archeology,1.26,6.50,1,5,19,,,,,,08/2025,Occupational Expert,0.37,5.29,0,7,19,,,,,Y,08/2025,Occupational Expert,,true,false
Cyber Security Engineer,15-1299.05,Information Security Engineers,onet_knowledge,knowledge,2.C.7.d,History and Archeology,1.26,6.50,1,5,19,,,,,,08/2025,Occupational Expert,0.37,5.29,0,7,19,,,,,Y,08/2025,Occupational Expert,,true,false
Cyber Security Architect,15-1299.05,Information Security Engineers,onet_knowledge,knowledge,2.C.7.e,Philosophy and Theology,1.37,9.25,1,5,19,,,,,,08/2025,Occupational Expert,0.58,8.29,0,7,19,,,,,Y,08/2025,Occupational Expert,,true,false
Cyber Security Engineer,15-1299.05,Information Security Engineers,onet_knowledge,knowledge,2.C.7.e,Philosophy and Theology,1.37,9.25,1,5,19,,,,,,08/2025,Occupational Expert,0.58,8.29,0,7,19,,,,,Y,08/2025,Occupational Expert,,true,false
Cyber Security Architect,15-1299.05,Information Security Engineers,onet_knowledge,knowledge,2.C.8.a,Public Safety and Security,2.16,29.00,1,5,19,,,,,,08/2025,Occupational Expert,1.79,25.57,0,7,19,,,,,N,08/2025,Occupational Expert,,false,true
Cyber Security Engineer,15-1299.05,Information Security Engineers,onet_knowledge,knowledge,2.C.8.a,Public Safety and Security,2.16,29.00,1,5,19,,,,,,08/2025,Occupational Expert,1.79,25.57,0,7,19,,,,,N,08/2025,Occupational Expert,,false,true
Cyber Security Architect,15-1299.05,Information Security Engineers,onet_knowledge,knowledge,2.C.8.b,Law and Government,2.47,36.75,1,5,19,,,,,,08/2025,Occupational Expert,2.32,33.14,0,7,19,,,,,N,08/2025,Occupational Expert,,false,true
Cyber Security Engineer,15-1299.05,Information Security Engineers,onet_knowledge,knowledge,2.C.8.b,Law and Government,2.47,36.75,1,5,19,,,,,,08/2025,Occupational Expert,2.32,33.14,0,7,19,,,,,N,08/2025,Occupational Expert,,false,true
Cyber Security Architect,15-1299.05,Information Security Engineers,onet_knowledge,knowledge,2.C.9.a,Telecommunications,3.37,59.25,1,5,19,,,,,,08/2025,Occupational Expert,3.68,52.57,0,7,19,,,,,N,08/2025,Occupational Expert,,false,true
Cyber Security Engineer,15-1299.05,Information Security Engineers,onet_knowledge,knowledge,2.C.9.a,Telecommunications,3.37,59.25,1,5,19,,,,,,08/2025,Occupational Expert,3.68,52.57,0,7,19,,,,,N,08/2025,Occupational Expert,,false,true
Cyber Security Architect,15-1299.05,Information Security Engineers,onet_knowledge,knowledge,2.C.9.b,Communications and Media,2.50,37.50,1,5,18,,,,,,08/2025,Occupational Expert,2.06,29.43,0,7,18,,,,,N,08/2025,Occupational Expert,,false,true
Cyber Security Engineer,15-1299.05,Information Security Engineers,onet_knowledge,knowledge,2.C.9.b,Communications and Media,2.50,37.50,1,5,18,,,,,,08/2025,Occupational Expert,2.06,29.43,0,7,18,,,,,N,08/2025,Occupational Expert,,false,true
Cyber Security Architect,15-1299.05,Information Security Engineers,onet_knowledge,knowledge,2.C.10,Transportation,1.32,8.00,1,5,19,,,,,,08/2025,Occupational Expert,0.63,9.00,0,7,19,,,,,Y,08/2025,Occupational Expert,,true,false
Cyber Security Engineer,15-1299.05,Information Security Engineers,onet_knowledge,knowledge,2.C.10,Transportation,1.32,8.00,1,5,19,,,,,,08/2025,Occupational Expert,0.63,9.00,0,7,19,,,,,Y,08/2025,Occupational Expert,,true,false
Cloud Engineer,15-1299.08,Computer Systems Engineers/Architects,onet_knowledge,knowledge,2.C.1.a,Administration and Management,3.29,57.25,1,5,21,,,,,,08/2024,Occupational Expert,3.91,55.86,0,7,22,,,,,N,08/2024,Occupational Expert,,false,true
Cloud Engineer,15-1299.08,Computer Systems Engineers/Architects,onet_knowledge,knowledge,2.C.1.b,Administrative,2.64,41.00,1,5,22,,,,,,08/2024,Occupational Expert,3.73,53.29,0,7,22,,,,,N,08/2024,Occupational Expert,,false,true
Cloud Engineer,15-1299.08,Computer Systems Engineers/Architects,onet_knowledge,knowledge,2.C.1.c,Economics and Accounting,2.14,28.50,1,5,21,,,,,,08/2024,Occupational Expert,2.18,31.14,0,7,22,,,,,N,08/2024,Occupational Expert,,false,true
Cloud Engineer,15-1299.08,Computer Systems Engineers/Architects,onet_knowledge,knowledge,2.C.1.d,Sales and Marketing,1.95,23.75,1,5,22,,,,,,08/2024,Occupational Expert,1.82,26.00,0,7,22,,,,,N,08/2024,Occupational Expert,,false,true
Cloud Engineer,15-1299.08,Computer Systems Engineers/Architects,onet_knowledge,knowledge,2.C.1.e,Customer and Personal Service,3.86,71.50,1,5,22,,,,,,08/2024,Occupational Expert,4.55,65.00,0,7,22,,,,,N,08/2024,Occupational Expert,,false,true
Cloud Engineer,15-1299.08,Computer Systems Engineers/Architects,onet_knowledge,knowledge,2.C.1.f,Personnel and Human Resources,2.32,33.00,1,5,22,,,,,,08/2024,Occupational Expert,2.86,40.86,0,7,22,,,,,N,08/2024,Occupational Expert,,false,true
Cloud Engineer,15-1299.08,Computer Systems Engineers/Architects,onet_knowledge,knowledge,2.C.2.a,Production and Processing,2.64,41.00,1,5,22,,,,,,08/2024,Occupational Expert,3.05,43.57,0,7,22,,,,,N,08/2024,Occupational Expert,,false,true
Cloud Engineer,15-1299.08,Computer Systems Engineers/Architects,onet_knowledge,knowledge,2.C.2.b,Food Production,1.23,5.75,1,5,22,,,,,,08/2024,Occupational Expert,0.55,7.86,0,7,22,,,,,Y,08/2024,Occupational Expert,,true,false
Cloud Engineer,15-1299.08,Computer Systems Engineers/Architects,onet_knowledge,knowledge,2.C.3.a,Computers and Electronics,4.91,97.75,1,5,22,,,,,,08/2024,Occupational Expert,6.32,90.29,0,7,22,,,,,N,08/2024,Occupational Expert,,false,true
Cloud Engineer,15-1299.08,Computer Systems Engineers/Architects,onet_knowledge,knowledge,2.C.3.b,Engineering and Technology,3.77,69.25,1,5,22,,,,,,08/2024,Occupational Expert,4.45,63.57,0,7,22,,,,,N,08/2024,Occupational Expert,,false,true
Cloud Engineer,15-1299.08,Computer Systems Engineers/Architects,onet_knowledge,knowledge,2.C.3.c,Design,2.91,47.75,1,5,22,,,,,,08/2024,Occupational Expert,3.71,53.00,0,7,21,,,,,N,08/2024,Occupational Expert,,false,true
Cloud Engineer,15-1299.08,Computer Systems Engineers/Architects,onet_knowledge,knowledge,2.C.3.d,Building and Construction,1.81,20.25,1,5,21,,,,,,08/2024,Occupational Expert,1.57,22.43,0,7,21,,,,,N,08/2024,Occupational Expert,,false,true
Cloud Engineer,15-1299.08,Computer Systems Engineers/Architects,onet_knowledge,knowledge,2.C.3.e,Mechanical,2.36,34.00,1,5,22,,,,,,08/2024,Occupational Expert,2.52,36.00,0,7,21,,,,,N,08/2024,Occupational Expert,,false,true
Cloud Engineer,15-1299.08,Computer Systems Engineers/Architects,onet_knowledge,knowledge,2.C.4.a,Mathematics,2.91,47.75,1,5,22,,,,,,08/2024,Occupational Expert,3.71,53.00,0,7,21,,,,,N,08/2024,Occupational Expert,,false,true
Cloud Engineer,15-1299.08,Computer Systems Engineers/Architects,onet_knowledge,knowledge,2.C.4.b,Physics,1.91,22.75,1,5,22,,,,,,08/2024,Occupational Expert,1.90,27.14,0,7,21,,,,,N,08/2024,Occupational Expert,,false,true
Cloud Engineer,15-1299.08,Computer Systems Engineers/Architects,onet_knowledge,knowledge,2.C.4.c,Chemistry,1.36,9.00,1,5,22,,,,,,08/2024,Occupational Expert,0.86,12.29,0,7,22,,,,,N,08/2024,Occupational Expert,,false,true
Cloud Engineer,15-1299.08,Computer Systems Engineers/Architects,onet_knowledge,knowledge,2.C.4.d,Biology,1.18,4.50,1,5,22,,,,,,08/2024,Occupational Expert,0.41,5.86,0,7,22,,,,,Y,08/2024,Occupational Expert,,true,false
Cloud Engineer,15-1299.08,Computer Systems Engineers/Architects,onet_knowledge,knowledge,2.C.4.e,Psychology,1.82,20.50,1,5,22,,,,,,08/2024,Occupational Expert,1.57,22.43,0,7,21,,,,,N,08/2024,Occupational Expert,,false,true
Cloud Engineer,15-1299.08,Computer Systems Engineers/Architects,onet_knowledge,knowledge,2.C.4.f,Sociology and Anthropology,1.41,10.25,1,5,22,,,,,,08/2024,Occupational Expert,0.82,11.71,0,7,22,,,,,N,08/2024,Occupational Expert,,false,true
Cloud Engineer,15-1299.08,Computer Systems Engineers/Architects,onet_knowledge,knowledge,2.C.4.g,Geography,1.59,14.75,1,5,22,,,,,,08/2024,Occupational Expert,1.14,16.29,0,7,21,,,,,N,08/2024,Occupational Expert,,false,true
Cloud Engineer,15-1299.08,Computer Systems Engineers/Architects,onet_knowledge,knowledge,2.C.5.a,Medicine and Dentistry,1.36,9.00,1,5,22,,,,,,08/2024,Occupational Expert,0.59,8.43,0,7,22,,,,,Y,08/2024,Occupational Expert,,true,false
Cloud Engineer,15-1299.08,Computer Systems Engineers/Architects,onet_knowledge,knowledge,2.C.5.b,Therapy and Counseling,1.23,5.75,1,5,22,,,,,,08/2024,Occupational Expert,0.55,7.86,0,7,22,,,,,Y,08/2024,Occupational Expert,,true,false
Cloud Engineer,15-1299.08,Computer Systems Engineers/Architects,onet_knowledge,knowledge,2.C.6,Education and Training,2.55,38.75,1,5,22,,,,,,08/2024,Occupational Expert,3.19,45.57,0,7,21,,,,,N,08/2024,Occupational Expert,,false,true
Cloud Engineer,15-1299.08,Computer Systems Engineers/Architects,onet_knowledge,knowledge,2.C.7.a,English Language,4.09,77.25,1,5,22,,,,,,08/2024,Occupational Expert,3.38,48.29,0,7,21,,,,,N,08/2024,Occupational Expert,,false,true
Cloud Engineer,15-1299.08,Computer Systems Engineers/Architects,onet_knowledge,knowledge,2.C.7.b,Foreign Language,1.41,10.25,1,5,22,,,,,,08/2024,Occupational Expert,0.64,9.14,0,7,22,,,,,N,08/2024,Occupational Expert,,false,true
Cloud Engineer,15-1299.08,Computer Systems Engineers/Architects,onet_knowledge,knowledge,2.C.7.c,Fine Arts,1.14,3.50,1,5,21,,,,,,08/2024,Occupational Expert,0.24,3.43,0,7,21,,,,,Y,08/2024,Occupational Expert,,true,false
Cloud Engineer,15-1299.08,Computer Systems Engineers/Architects,onet_knowledge,knowledge,2.C.7.d,History and Archeology,1.32,8.00,1,5,22,,,,,,08/2024,Occupational Expert,0.68,9.71,0,7,22,,,,,Y,08/2024,Occupational Expert,,true,false
Cloud Engineer,15-1299.08,Computer Systems Engineers/Architects,onet_knowledge,knowledge,2.C.7.e,Philosophy and Theology,1.36,9.00,1,5,22,,,,,,08/2024,Occupational Expert,0.77,11.00,0,7,22,,,,,N,08/2024,Occupational Expert,,false,true
Cloud Engineer,15-1299.08,Computer Systems Engineers/Architects,onet_knowledge,knowledge,2.C.8.a,Public Safety and Security,2.55,38.75,1,5,22,,,,,,08/2024,Occupational Expert,2.32,33.14,0,7,22,,,,,N,08/2024,Occupational Expert,,false,true
Cloud Engineer,15-1299.08,Computer Systems Engineers/Architects,onet_knowledge,knowledge,2.C.8.b,Law and Government,2.09,27.25,1,5,22,,,,,,08/2024,Occupational Expert,2.33,33.29,0,7,21,,,,,N,08/2024,Occupational Expert,,false,true
Cloud Engineer,15-1299.08,Computer Systems Engineers/Architects,onet_knowledge,knowledge,2.C.9.a,Telecommunications,3.95,73.75,1,5,22,,,,,,08/2024,Occupational Expert,4.41,63.00,0,7,22,,,,,N,08/2024,Occupational Expert,,false,true
Cloud Engineer,15-1299.08,Computer Systems Engineers/Architects,onet_knowledge,knowledge,2.C.9.b,Communications and Media,2.45,36.25,1,5,22,,,,,,08/2024,Occupational Expert,2.33,33.29,0,7,21,,,,,N,08/2024,Occupational Expert,,false,true
Cloud Engineer,15-1299.08,Computer Systems Engineers/Architects,onet_knowledge,knowledge,2.C.10,Transportation,1.59,14.75,1,5,22,,,,,,08/2024,Occupational Expert,1.19,17.00,0,7,21,,,,,N,08/2024,Occupational Expert,,false,true
Data Scientist,15-2051.00,Data Scientists,onet_knowledge,knowledge,2.C.1.a,Administration and Management,2.12,28.00,1,5,25,,,,,,08/2026,Occupational Expert,3.04,43.43,0,7,25,,,,,N,08/2026,Occupational Expert,,false,true
Data Scientist,15-2051.00,Data Scientists,onet_knowledge,knowledge,2.C.1.b,Administrative,1.96,24.00,1,5,25,,,,,,08/2026,Occupational Expert,2.44,34.86,0,7,25,,,,,N,08/2026,Occupational Expert,,false,true
Data Scientist,15-2051.00,Data Scientists,onet_knowledge,knowledge,2.C.1.c,Economics and Accounting,1.84,21.00,1,5,25,,,,,,08/2026,Occupational Expert,1.60,22.86,0,7,25,,,,,N,08/2026,Occupational Expert,,false,true
Data Scientist,15-2051.00,Data Scientists,onet_knowledge,knowledge,2.C.1.d,Sales and Marketing,1.92,23.00,1,5,25,,,,,,08/2026,Occupational Expert,2.08,29.71,0,7,25,,,,,N,08/2026,Occupational Expert,,false,true
Data Scientist,15-2051.00,Data Scientists,onet_knowledge,knowledge,2.C.1.e,Customer and Personal Service,1.92,23.00,1,5,25,,,,,,08/2026,Occupational Expert,2.24,32.00,0,7,25,,,,,N,08/2026,Occupational Expert,,false,true
Data Scientist,15-2051.00,Data Scientists,onet_knowledge,knowledge,2.C.1.f,Personnel and Human Resources,1.80,20.00,1,5,25,,,,,,08/2026,Occupational Expert,2.16,30.86,0,7,25,,,,,N,08/2026,Occupational Expert,,false,true
Data Scientist,15-2051.00,Data Scientists,onet_knowledge,knowledge,2.C.2.a,Production and Processing,1.84,21.00,1,5,25,,,,,,08/2026,Occupational Expert,2.00,28.57,0,7,25,,,,,N,08/2026,Occupational Expert,,false,true
Data Scientist,15-2051.00,Data Scientists,onet_knowledge,knowledge,2.C.2.b,Food Production,1.20,5.00,1,5,25,,,,,,08/2026,Occupational Expert,0.48,6.86,0,7,25,,,,,Y,08/2026,Occupational Expert,,true,false
Data Scientist,15-2051.00,Data Scientists,onet_knowledge,knowledge,2.C.3.a,Computers and Electronics,4.24,81.00,1,5,25,,,,,,08/2026,Occupational Expert,5.84,83.43,0,7,25,,,,,N,08/2026,Occupational Expert,,false,true
Data Scientist,15-2051.00,Data Scientists,onet_knowledge,knowledge,2.C.3.b,Engineering and Technology,2.88,47.00,1,5,25,,,,,,08/2026,Occupational Expert,3.52,50.29,0,7,25,,,,,N,08/2026,Occupational Expert,,false,true
Data Scientist,15-2051.00,Data Scientists,onet_knowledge,knowledge,2.C.3.c,Design,2.12,28.00,1,5,25,,,,,,08/2026,Occupational Expert,2.48,35.43,0,7,25,,,,,N,08/2026,Occupational Expert,,false,true
Data Scientist,15-2051.00,Data Scientists,onet_knowledge,knowledge,2.C.3.d,Building and Construction,1.33,8.25,1,5,24,,,,,,08/2026,Occupational Expert,0.67,9.57,0,7,24,,,,,Y,08/2026,Occupational Expert,,true,false
Data Scientist,15-2051.00,Data Scientists,onet_knowledge,knowledge,2.C.3.e,Mechanical,1.36,9.00,1,5,25,,,,,,08/2026,Occupational Expert,0.50,7.14,0,7,24,,,,,N,08/2026,Occupational Expert,,false,true
Data Scientist,15-2051.00,Data Scientists,onet_knowledge,knowledge,2.C.4.a,Mathematics,4.52,88.00,1,5,25,,,,,,08/2026,Occupational Expert,5.68,81.14,0,7,25,,,,,N,08/2026,Occupational Expert,,false,true
Data Scientist,15-2051.00,Data Scientists,onet_knowledge,knowledge,2.C.4.b,Physics,1.84,21.00,1,5,25,,,,,,08/2026,Occupational Expert,1.92,27.43,0,7,25,,,,,N,08/2026,Occupational Expert,,false,true
Data Scientist,15-2051.00,Data Scientists,onet_knowledge,knowledge,2.C.4.c,Chemistry,1.28,7.00,1,5,25,,,,,,08/2026,Occupational Expert,0.64,9.14,0,7,25,,,,,Y,08/2026,Occupational Expert,,true,false
Data Scientist,15-2051.00,Data Scientists,onet_knowledge,knowledge,2.C.4.d,Biology,1.28,7.00,1,5,25,,,,,,08/2026,Occupational Expert,0.80,11.43,0,7,25,,,,,Y,08/2026,Occupational Expert,,true,false
Data Scientist,15-2051.00,Data Scientists,onet_knowledge,knowledge,2.C.4.e,Psychology,1.92,23.00,1,5,25,,,,,,08/2026,Occupational Expert,2.04,29.14,0,7,25,,,,,N,08/2026,Occupational Expert,,false,true
Data Scientist,15-2051.00,Data Scientists,onet_knowledge,knowledge,2.C.4.f,Sociology and Anthropology,1.72,18.00,1,5,25,,,,,,08/2026,Occupational Expert,1.84,26.29,0,7,25,,,,,N,08/2026,Occupational Expert,,false,true
Data Scientist,15-2051.00,Data Scientists,onet_knowledge,knowledge,2.C.4.g,Geography,1.52,13.00,1,5,25,,,,,,08/2026,Occupational Expert,1.68,24.00,0,7,25,,,,,N,08/2026,Occupational Expert,,false,true
Data Scientist,15-2051.00,Data Scientists,onet_knowledge,knowledge,2.C.5.a,Medicine and Dentistry,1.44,11.00,1,5,25,,,,,,08/2026,Occupational Expert,1.00,14.29,0,7,25,,,,,N,08/2026,Occupational Expert,,false,true
Data Scientist,15-2051.00,Data Scientists,onet_knowledge,knowledge,2.C.5.b,Therapy and Counseling,1.20,5.00,1,5,25,,,,,,08/2026,Occupational Expert,0.52,7.43,0,7,25,,,,,Y,08/2026,Occupational Expert,,true,false
Data Scientist,15-2051.00,Data Scientists,onet_knowledge,knowledge,2.C.6,Education and Training,2.28,32.00,1,5,25,,,,,,08/2026,Occupational Expert,2.92,41.71,0,7,24,,,,,N,08/2026,Occupational Expert,,false,true
Data Scientist,15-2051.00,Data Scientists,onet_knowledge,knowledge,2.C.7.a,English Language,3.00,50.00,1,5,25,,,,,,08/2026,Occupational Expert,3.44,49.14,0,7,25,,,,,N,08/2026,Occupational Expert,,false,true
Data Scientist,15-2051.00,Data Scientists,onet_knowledge,knowledge,2.C.7.b,Foreign Language,1.12,3.00,1,5,25,,,,,,08/2026,Occupational Expert,0.36,5.14,0,7,25,,,,,Y,08/2026,Occupational Expert,,true,false
Data Scientist,15-2051.00,Data Scientists,onet_knowledge,knowledge,2.C.7.c,Fine Arts,1.12,3.00,1,5,25,,,,,,08/2026,Occupational Expert,0.20,2.86,0,7,25,,,,,Y,08/2026,Occupational Expert,,true,false
Data Scientist,15-2051.00,Data Scientists,onet_knowledge,knowledge,2.C.7.d,History and Archeology,1.24,6.00,1,5,25,,,,,,08/2026,Occupational Expert,0.60,8.57,0,7,25,,,,,Y,08/2026,Occupational Expert,,true,false
Data Scientist,15-2051.00,Data Scientists,onet_knowledge,knowledge,2.C.7.e,Philosophy and Theology,1.40,10.00,1,5,25,,,,,,08/2026,Occupational Expert,0.92,13.14,0,7,25,,,,,N,08/2026,Occupational Expert,,false,true
Data Scientist,15-2051.00,Data Scientists,onet_knowledge,knowledge,2.C.8.a,Public Safety and Security,1.56,14.00,1,5,25,,,,,,08/2026,Occupational Expert,1.04,14.86,0,7,25,,,,,N,08/2026,Occupational Expert,,false,true
Data Scientist,15-2051.00,Data Scientists,onet_knowledge,knowledge,2.C.8.b,Law and Government,1.68,17.00,1,5,25,,,,,,08/2026,Occupational Expert,1.60,22.86,0,7,25,,,,,N,08/2026,Occupational Expert,,false,true
Data Scientist,15-2051.00,Data Scientists,onet_knowledge,knowledge,2.C.9.a,Telecommunications,1.48,12.00,1,5,25,,,,,,08/2026,Occupational Expert,1.24,17.71,0,7,25,,,,,N,08/2026,Occupational Expert,,false,true
Data Scientist,15-2051.00,Data Scientists,onet_knowledge,knowledge,2.C.9.b,Communications and Media,2.20,30.00,1,5,25,,,,,,08/2026,Occupational Expert,2.08,29.71,0,7,25,,,,,N,08/2026,Occupational Expert,,false,true
Data Scientist,15-2051.00,Data Scientists,onet_knowledge,knowledge,2.C.10,Transportation,1.28,7.00,1,5,25,,,,,,08/2026,Occupational Expert,0.80,11.43,0,7,25,,,,,Y,08/2026,Occupational Expert,,true,false
Data Analyst,15-2051.01,Business Intelligence Analysts,onet_knowledge,knowledge,2.C.1.a,Administration and Management,3.14,53.50,1,5,22,,,,,,08/2024,Occupational Expert,4.14,59.14,0,7,22,,,,,N,08/2024,Occupational Expert,,false,true
Data Analyst,15-2051.01,Business Intelligence Analysts,onet_knowledge,knowledge,2.C.1.b,Administrative,2.43,35.75,1,5,21,,,,,,08/2024,Occupational Expert,3.64,52.00,0,7,22,,,,,N,08/2024,Occupational Expert,,false,true
Data Analyst,15-2051.01,Business Intelligence Analysts,onet_knowledge,knowledge,2.C.1.c,Economics and Accounting,3.00,50.00,1,5,22,,,,,,08/2024,Occupational Expert,3.59,51.29,0,7,22,,,,,N,08/2024,Occupational Expert,,false,true
Data Analyst,15-2051.01,Business Intelligence Analysts,onet_knowledge,knowledge,2.C.1.d,Sales and Marketing,2.45,36.25,1,5,22,,,,,,08/2024,Occupational Expert,3.14,44.86,0,7,22,,,,,N,08/2024,Occupational Expert,,false,true
Data Analyst,15-2051.01,Business Intelligence Analysts,onet_knowledge,knowledge,2.C.1.e,Customer and Personal Service,3.10,52.50,1,5,21,,,,,,08/2024,Occupational Expert,3.76,53.71,0,7,21,,,,,N,08/2024,Occupational Expert,,false,true
Data Analyst,15-2051.01,Business Intelligence Analysts,onet_knowledge,knowledge,2.C.1.f,Personnel and Human Resources,1.91,22.75,1,5,22,,,,,,08/2024,Occupational Expert,2.23,31.86,0,7,22,,,,,N,08/2024,Occupational Expert,,false,true
Data Analyst,15-2051.01,Business Intelligence Analysts,onet_knowledge,knowledge,2.C.2.a,Production and Processing,1.75,18.75,1,5,20,,,,,,08/2024,Occupational Expert,1.57,22.43,0,7,21,,,,,N,08/2024,Occupational Expert,,false,true
Data Analyst,15-2051.01,Business Intelligence Analysts,onet_knowledge,knowledge,2.C.2.b,Food Production,1.14,3.50,1,5,21,,,,,,08/2024,Occupational Expert,0.55,7.86,0,7,22,,,,,Y,08/2024,Occupational Expert,,true,false
Data Analyst,15-2051.01,Business Intelligence Analysts,onet_knowledge,knowledge,2.C.3.a,Computers and Electronics,4.29,82.25,1,5,21,,,,,,08/2024,Occupational Expert,5.41,77.29,0,7,22,,,,,N,08/2024,Occupational Expert,,false,true
Data Analyst,15-2051.01,Business Intelligence Analysts,onet_knowledge,knowledge,2.C.3.b,Engineering and Technology,2.36,34.00,1,5,22,,,,,,08/2024,Occupational Expert,2.77,39.57,0,7,22,,,,,N,08/2024,Occupational Expert,,false,true
Data Analyst,15-2051.01,Business Intelligence Analysts,onet_knowledge,knowledge,2.C.3.c,Design,2.43,35.75,1,5,21,,,,,,08/2024,Occupational Expert,2.50,35.71,0,7,22,,,,,N,08/2024,Occupational Expert,,false,true
Data Analyst,15-2051.01,Business Intelligence Analysts,onet_knowledge,knowledge,2.C.3.d,Building and Construction,1.14,3.50,1,5,21,,,,,,08/2024,Occupational Expert,0.45,6.43,0,7,22,,,,,Y,08/2024,Occupational Expert,,true,false
Data Analyst,15-2051.01,Business Intelligence Analysts,onet_knowledge,knowledge,2.C.3.e,Mechanical,1.14,3.50,1,5,22,,,,,,08/2024,Occupational Expert,0.32,4.57,0,7,22,,,,,Y,08/2024,Occupational Expert,,true,false
Data Analyst,15-2051.01,Business Intelligence Analysts,onet_knowledge,knowledge,2.C.4.a,Mathematics,3.82,70.50,1,5,22,,,,,,08/2024,Occupational Expert,4.67,66.71,0,7,21,,,,,N,08/2024,Occupational Expert,,false,true
Data Analyst,15-2051.01,Business Intelligence Analysts,onet_knowledge,knowledge,2.C.4.b,Physics,1.09,2.25,1,5,22,,,,,,08/2024,Occupational Expert,0.27,3.86,0,7,22,,,,,Y,08/2024,Occupational Expert,,true,false
Data Analyst,15-2051.01,Business Intelligence Analysts,onet_knowledge,knowledge,2.C.4.c,Chemistry,1.09,2.25,1,5,22,,,,,,08/2024,Occupational Expert,0.27,3.86,0,7,22,,,,,Y,08/2024,Occupational Expert,,true,false
Data Analyst,15-2051.01,Business Intelligence Analysts,onet_knowledge,knowledge,2.C.4.d,Biology,1.09,2.25,1,5,22,,,,,,08/2024,Occupational Expert,0.36,5.14,0,7,22,,,,,Y,08/2024,Occupational Expert,,true,false
Data Analyst,15-2051.01,Business Intelligence Analysts,onet_knowledge,knowledge,2.C.4.e,Psychology,2.18,29.50,1,5,22,,,,,,08/2024,Occupational Expert,2.41,34.43,0,7,22,,,,,N,08/2024,Occupational Expert,,false,true
Data Analyst,15-2051.01,Business Intelligence Analysts,onet_knowledge,knowledge,2.C.4.f,Sociology and Anthropology,2.23,30.75,1,5,22,,,,,,08/2024,Occupational Expert,2.59,37.00,0,7,22,,,,,N,08/2024,Occupational Expert,,false,true
Data Analyst,15-2051.01,Business Intelligence Analysts,onet_knowledge,knowledge,2.C.4.g,Geography,2.23,30.75,1,5,22,,,,,,08/2024,Occupational Expert,3.45,49.29,0,7,22,,,,,N,08/2024,Occupational Expert,,false,true
Data Analyst,15-2051.01,Business Intelligence Analysts,onet_knowledge,knowledge,2.C.5.a,Medicine and Dentistry,1.18,4.50,1,5,22,,,,,,08/2024,Occupational Expert,0.45,6.43,0,7,22,,,,,Y,08/2024,Occupational Expert,,true,false
Data Analyst,15-2051.01,Business Intelligence Analysts,onet_knowledge,knowledge,2.C.5.b,Therapy and Counseling,1.18,4.50,1,5,22,,,,,,08/2024,Occupational Expert,0.32,4.57,0,7,22,,,,,Y,08/2024,Occupational Expert,,true,false
Data Analyst,15-2051.01,Business Intelligence Analysts,onet_knowledge,knowledge,2.C.6,Education and Training,2.50,37.50,1,5,22,,,,,,08/2024,Occupational Expert,3.32,47.43,0,7,22,,,,,N,08/2024,Occupational Expert,,false,true
Data Analyst,15-2051.01,Business Intelligence Analysts,onet_knowledge,knowledge,2.C.7.a,English Language,3.77,69.25,1,5,22,,,,,,08/2024,Occupational Expert,4.41,63.00,0,7,22,,,,,N,08/2024,Occupational Expert,,false,true
Data Analyst,15-2051.01,Business Intelligence Analysts,onet_knowledge,knowledge,2.C.7.b,Foreign Language,1.36,9.00,1,5,22,,,,,,08/2024,Occupational Expert,0.77,11.00,0,7,22,,,,,N,08/2024,Occupational Expert,,false,true
Data Analyst,15-2051.01,Business Intelligence Analysts,onet_knowledge,knowledge,2.C.7.c,Fine Arts,1.50,12.50,1,5,22,,,,,,08/2024,Occupational Expert,1.00,14.29,0,7,22,,,,,N,08/2024,Occupational Expert,,false,true
Data Analyst,15-2051.01,Business Intelligence Analysts,onet_knowledge,knowledge,2.C.7.d,History and Archeology,1.73,18.25,1,5,22,,,,,,08/2024,Occupational Expert,1.77,25.29,0,7,22,,,,,N,08/2024,Occupational Expert,,false,true
Data Analyst,15-2051.01,Business Intelligence Analysts,onet_knowledge,knowledge,2.C.7.e,Philosophy and Theology,1.45,11.25,1,5,22,,,,,,08/2024,Occupational Expert,1.23,17.57,0,7,22,,,,,N,08/2024,Occupational Expert,,false,true
Data Analyst,15-2051.01,Business Intelligence Analysts,onet_knowledge,knowledge,2.C.8.a,Public Safety and Security,1.55,13.75,1,5,22,,,,,,08/2024,Occupational Expert,1.00,14.29,0,7,22,,,,,N,08/2024,Occupational Expert,,false,true
Data Analyst,15-2051.01,Business Intelligence Analysts,onet_knowledge,knowledge,2.C.8.b,Law and Government,2.14,28.50,1,5,22,,,,,,08/2024,Occupational Expert,2.36,33.71,0,7,22,,,,,N,08/2024,Occupational Expert,,false,true
Data Analyst,15-2051.01,Business Intelligence Analysts,onet_knowledge,knowledge,2.C.9.a,Telecommunications,1.55,13.75,1,5,22,,,,,,08/2024,Occupational Expert,1.14,16.29,0,7,22,,,,,N,08/2024,Occupational Expert,,false,true
Data Analyst,15-2051.01,Business Intelligence Analysts,onet_knowledge,knowledge,2.C.9.b,Communications and Media,2.59,39.75,1,5,22,,,,,,08/2024,Occupational Expert,2.95,42.14,0,7,22,,,,,N,08/2024,Occupational Expert,,false,true
Data Analyst,15-2051.01,Business Intelligence Analysts,onet_knowledge,knowledge,2.C.10,Transportation,1.18,4.50,1,5,22,,,,,,08/2024,Occupational Expert,0.55,7.86,0,7,22,,,,,Y,08/2024,Occupational Expert,,true,false
Civil Engineer,17-2051.00,Civil Engineers,onet_knowledge,knowledge,2.C.1.a,Administration and Management,3.62,65.50,1,5,21,,,,,,08/2021,Occupational Expert,4.48,64.00,0,7,21,,,,,N,08/2021,Occupational Expert,,false,true
Civil Engineer,17-2051.00,Civil Engineers,onet_knowledge,knowledge,2.C.1.b,Administrative,2.71,42.75,1,5,21,,,,,,08/2021,Occupational Expert,3.29,47.00,0,7,21,,,,,N,08/2021,Occupational Expert,,false,true
Civil Engineer,17-2051.00,Civil Engineers,onet_knowledge,knowledge,2.C.1.c,Economics and Accounting,2.81,45.25,1,5,21,,,,,,08/2021,Occupational Expert,3.20,45.71,0,7,20,,,,,N,08/2021,Occupational Expert,,false,true
Civil Engineer,17-2051.00,Civil Engineers,onet_knowledge,knowledge,2.C.1.d,Sales and Marketing,2.86,46.50,1,5,21,,,,,,08/2021,Occupational Expert,3.81,54.43,0,7,21,,,,,N,08/2021,Occupational Expert,,false,true
Civil Engineer,17-2051.00,Civil Engineers,onet_knowledge,knowledge,2.C.1.e,Customer and Personal Service,3.43,60.75,1,5,21,,,,,,08/2021,Occupational Expert,4.62,66.00,0,7,21,,,,,N,08/2021,Occupational Expert,,false,true
Civil Engineer,17-2051.00,Civil Engineers,onet_knowledge,knowledge,2.C.1.f,Personnel and Human Resources,2.55,38.75,1,5,20,,,,,,08/2021,Occupational Expert,3.48,49.71,0,7,21,,,,,N,08/2021,Occupational Expert,,false,true
Civil Engineer,17-2051.00,Civil Engineers,onet_knowledge,knowledge,2.C.2.a,Production and Processing,2.10,27.50,1,5,20,,,,,,08/2021,Occupational Expert,2.00,28.57,0,7,20,,,,,N,08/2021,Occupational Expert,,false,true
Civil Engineer,17-2051.00,Civil Engineers,onet_knowledge,knowledge,2.C.2.b,Food Production,1.14,3.50,1,5,21,,,,,,08/2021,Occupational Expert,0.43,6.14,0,7,21,,,,,Y,08/2021,Occupational Expert,,true,false
Civil Engineer,17-2051.00,Civil Engineers,onet_knowledge,knowledge,2.C.3.a,Computers and Electronics,3.14,53.50,1,5,21,,,,,,08/2021,Occupational Expert,4.10,58.57,0,7,20,,,,,N,08/2021,Occupational Expert,,false,true
Civil Engineer,17-2051.00,Civil Engineers,onet_knowledge,knowledge,2.C.3.b,Engineering and Technology,4.67,91.75,1,5,21,,,,,,08/2021,Occupational Expert,6.43,91.86,0,7,21,,,,,N,08/2021,Occupational Expert,,false,true
Civil Engineer,17-2051.00,Civil Engineers,onet_knowledge,knowledge,2.C.3.c,Design,4.70,92.50,1,5,20,,,,,,08/2021,Occupational Expert,5.95,85.00,0,7,21,,,,,N,08/2021,Occupational Expert,,false,true
Civil Engineer,17-2051.00,Civil Engineers,onet_knowledge,knowledge,2.C.3.d,Building and Construction,4.53,88.25,1,5,19,,,,,,08/2021,Occupational Expert,5.33,76.14,0,7,21,,,,,N,08/2021,Occupational Expert,,false,true
Civil Engineer,17-2051.00,Civil Engineers,onet_knowledge,knowledge,2.C.3.e,Mechanical,2.52,38.00,1,5,21,,,,,,08/2021,Occupational Expert,2.85,40.71,0,7,20,,,,,N,08/2021,Occupational Expert,,false,true
Civil Engineer,17-2051.00,Civil Engineers,onet_knowledge,knowledge,2.C.4.a,Mathematics,4.48,87.00,1,5,21,,,,,,08/2021,Occupational Expert,5.10,72.86,0,7,21,,,,,N,08/2021,Occupational Expert,,false,true
Civil Engineer,17-2051.00,Civil Engineers,onet_knowledge,knowledge,2.C.4.b,Physics,3.71,67.75,1,5,21,,,,,,08/2021,Occupational Expert,4.29,61.29,0,7,21,,,,,N,08/2021,Occupational Expert,,false,true
Civil Engineer,17-2051.00,Civil Engineers,onet_knowledge,knowledge,2.C.4.c,Chemistry,2.29,32.25,1,5,21,,,,,,08/2021,Occupational Expert,2.90,41.43,0,7,21,,,,,N,08/2021,Occupational Expert,,false,true
Civil Engineer,17-2051.00,Civil Engineers,onet_knowledge,knowledge,2.C.4.d,Biology,1.52,13.00,1,5,21,,,,,,08/2021,Occupational Expert,1.48,21.14,0,7,21,,,,,N,08/2021,Occupational Expert,,false,true
Civil Engineer,17-2051.00,Civil Engineers,onet_knowledge,knowledge,2.C.4.e,Psychology,1.71,17.75,1,5,21,,,,,,08/2021,Occupational Expert,1.38,19.71,0,7,21,,,,,N,08/2021,Occupational Expert,,false,true
Civil Engineer,17-2051.00,Civil Engineers,onet_knowledge,knowledge,2.C.4.f,Sociology and Anthropology,1.48,12.00,1,5,21,,,,,,08/2021,Occupational Expert,1.05,15.00,0,7,21,,,,,N,08/2021,Occupational Expert,,false,true
Civil Engineer,17-2051.00,Civil Engineers,onet_knowledge,knowledge,2.C.4.g,Geography,2.57,39.25,1,5,21,,,,,,08/2021,Occupational Expert,3.43,49.00,0,7,21,,,,,N,08/2021,Occupational Expert,,false,true
Civil Engineer,17-2051.00,Civil Engineers,onet_knowledge,knowledge,2.C.5.a,Medicine and Dentistry,1.14,3.50,1,5,21,,,,,,08/2021,Occupational Expert,0.24,3.43,0,7,21,,,,,Y,08/2021,Occupational Expert,,true,false
Civil Engineer,17-2051.00,Civil Engineers,onet_knowledge,knowledge,2.C.5.b,Therapy and Counseling,1.14,3.50,1,5,21,,,,,,08/2021,Occupational Expert,0.33,4.71,0,7,21,,,,,Y,08/2021,Occupational Expert,,true,false
Civil Engineer,17-2051.00,Civil Engineers,onet_knowledge,knowledge,2.C.6,Education and Training,2.40,35.00,1,5,20,,,,,,08/2021,Occupational Expert,3.38,48.29,0,7,21,,,,,N,08/2021,Occupational Expert,,false,true
Civil Engineer,17-2051.00,Civil Engineers,onet_knowledge,knowledge,2.C.7.a,English Language,4.00,75.00,1,5,21,,,,,,08/2021,Occupational Expert,4.38,62.57,0,7,21,,,,,N,08/2021,Occupational Expert,,false,true
Civil Engineer,17-2051.00,Civil Engineers,onet_knowledge,knowledge,2.C.7.b,Foreign Language,1.52,13.00,1,5,21,,,,,,08/2021,Occupational Expert,1.00,14.29,0,7,21,,,,,N,08/2021,Occupational Expert,,false,true
Civil Engineer,17-2051.00,Civil Engineers,onet_knowledge,knowledge,2.C.7.c,Fine Arts,1.00,0.00,1,5,21,,,,,,08/2021,Occupational Expert,0.00,0.00,0,7,21,,,,,Y,08/2021,Occupational Expert,,true,false
Civil Engineer,17-2051.00,Civil Engineers,onet_knowledge,knowledge,2.C.7.d,History and Archeology,1.57,14.25,1,5,21,,,,,,08/2021,Occupational Expert,1.29,18.43,0,7,21,,,,,N,08/2021,Occupational Expert,,false,true
Civil Engineer,17-2051.00,Civil Engineers,onet_knowledge,knowledge,2.C.7.e,Philosophy and Theology,1.38,9.50,1,5,21,,,,,,08/2021,Occupational Expert,0.90,12.86,0,7,21,,,,,N,08/2021,Occupational Expert,,false,true
Civil Engineer,17-2051.00,Civil Engineers,onet_knowledge,knowledge,2.C.8.a,Public Safety and Security,3.24,56.00,1,5,21,,,,,,08/2021,Occupational Expert,3.81,54.43,0,7,21,,,,,N,08/2021,Occupational Expert,,false,true
Civil Engineer,17-2051.00,Civil Engineers,onet_knowledge,knowledge,2.C.8.b,Law and Government,3.24,56.00,1,5,21,,,,,,08/2021,Occupational Expert,3.86,55.14,0,7,21,,,,,N,08/2021,Occupational Expert,,false,true
Civil Engineer,17-2051.00,Civil Engineers,onet_knowledge,knowledge,2.C.9.a,Telecommunications,1.52,13.00,1,5,21,,,,,,08/2021,Occupational Expert,1.10,15.71,0,7,21,,,,,N,08/2021,Occupational Expert,,false,true
Civil Engineer,17-2051.00,Civil Engineers,onet_knowledge,knowledge,2.C.9.b,Communications and Media,2.00,25.00,1,5,21,,,,,,08/2021,Occupational Expert,2.14,30.57,0,7,21,,,,,N,08/2021,Occupational Expert,,false,true
Civil Engineer,17-2051.00,Civil Engineers,onet_knowledge,knowledge,2.C.10,Transportation,3.05,51.25,1,5,21,,,,,,08/2021,Occupational Expert,3.43,49.00,0,7,21,,,,,N,08/2021,Occupational Expert,,false,true
Electrical Engineer,17-2071.00,Electrical Engineers,onet_knowledge,knowledge,2.C.1.a,Administration and Management,2.89,47.25,1,5,20,0.2929,2.2800,3.5060,N,,08/2023,Incumbent,3.63,51.86,0,7,20,0.3163,2.9647,4.2886,N,N,08/2023,Incumbent,false,false,true
Electrical Engineer,17-2071.00,Electrical Engineers,onet_knowledge,knowledge,2.C.1.b,Administrative,2.90,47.50,1,5,20,0.2346,2.4133,3.3954,N,,08/2023,Incumbent,3.29,47.00,0,7,20,0.4015,2.4515,4.1321,N,N,08/2023,Incumbent,false,false,true
Electrical Engineer,17-2071.00,Electrical Engineers,onet_knowledge,knowledge,2.C.1.c,Economics and Accounting,2.31,32.75,1,5,20,0.1922,1.9079,2.7126,N,,08/2023,Incumbent,2.15,30.71,0,7,20,0.2645,1.5950,2.7024,N,N,08/2023,Incumbent,false,false,true
Electrical Engineer,17-2071.00,Electrical Engineers,onet_knowledge,knowledge,2.C.1.d,Sales and Marketing,2.20,30.00,1,5,20,0.2092,1.7664,2.6421,N,,08/2023,Incumbent,2.19,31.29,0,7,20,0.3648,1.4247,2.9515,N,N,08/2023,Incumbent,false,false,true
Electrical Engineer,17-2071.00,Electrical Engineers,onet_knowledge,knowledge,2.C.1.e,Customer and Personal Service,3.10,52.50,1,5,20,0.2720,2.5313,3.6698,N,,08/2023,Incumbent,3.41,48.71,0,7,20,0.5072,2.3474,4.4707,N,N,08/2023,Incumbent,false,false,true
Electrical Engineer,17-2071.00,Electrical Engineers,onet_knowledge,knowledge,2.C.1.f,Personnel and Human Resources,2.29,32.25,1,5,20,0.1438,1.9931,2.5951,N,,08/2023,Incumbent,2.74,39.14,0,7,20,0.2347,2.2482,3.2306,N,N,08/2023,Incumbent,false,false,true
Electrical Engineer,17-2071.00,Electrical Engineers,onet_knowledge,knowledge,2.C.2.a,Production and Processing,3.25,56.25,1,5,20,0.2437,2.7364,3.7564,N,,08/2023,Incumbent,3.88,55.43,0,7,20,0.2996,3.2564,4.5104,N,N,08/2023,Incumbent,false,false,true
Electrical Engineer,17-2071.00,Electrical Engineers,onet_knowledge,knowledge,2.C.2.b,Food Production,1.33,8.25,1,5,20,0.2125,1.0000,1.7744,N,,08/2023,Incumbent,0.46,6.57,0,7,20,0.2869,0.0000,1.0599,Y,Y,08/2023,Incumbent,true,true,false
Electrical Engineer,17-2071.00,Electrical Engineers,onet_knowledge,knowledge,2.C.3.a,Computers and Electronics,4.67,91.75,1,5,20,0.1672,4.3174,5.0000,N,,08/2023,Incumbent,6.01,85.86,0,7,20,0.3785,5.2181,6.8023,N,N,08/2023,Incumbent,false,false,true
Electrical Engineer,17-2071.00,Electrical Engineers,onet_knowledge,knowledge,2.C.3.b,Engineering and Technology,4.74,93.50,1,5,20,0.1134,4.5061,4.9810,N,,08/2023,Incumbent,6.04,86.29,0,7,20,0.3181,5.3762,6.7076,N,N,08/2023,Incumbent,false,false,true
Electrical Engineer,17-2071.00,Electrical Engineers,onet_knowledge,knowledge,2.C.3.c,Design,4.11,77.75,1,5,20,0.3062,3.4728,4.7546,N,,08/2023,Incumbent,5.36,76.57,0,7,20,0.4038,4.5115,6.2020,N,N,08/2023,Incumbent,false,false,true
Electrical Engineer,17-2071.00,Electrical Engineers,onet_knowledge,knowledge,2.C.3.d,Building and Construction,2.30,32.50,1,5,20,0.4357,1.3871,3.2109,N,,08/2023,Incumbent,2.61,37.29,0,7,20,0.7992,0.9342,4.2798,N,N,08/2023,Incumbent,false,false,true
Electrical Engineer,17-2071.00,Electrical Engineers,onet_knowledge,knowledge,2.C.3.e,Mechanical,3.19,54.75,1,5,20,0.3448,2.4675,3.9111,N,,08/2023,Incumbent,3.76,53.71,0,7,20,0.3609,3.0035,4.5144,N,N,08/2023,Incumbent,false,false,true
Electrical Engineer,17-2071.00,Electrical Engineers,onet_knowledge,knowledge,2.C.4.a,Mathematics,3.72,68.00,1,5,20,0.3177,3.0544,4.3844,N,,08/2023,Incumbent,5.01,71.57,0,7,20,0.3307,4.3186,5.7030,N,N,08/2023,Incumbent,false,false,true
Electrical Engineer,17-2071.00,Electrical Engineers,onet_knowledge,knowledge,2.C.4.b,Physics,3.58,64.50,1,5,20,0.2197,3.1164,4.0359,N,,08/2023,Incumbent,4.45,63.57,0,7,20,0.2062,4.0185,4.8817,N,N,08/2023,Incumbent,false,false,true
Electrical Engineer,17-2071.00,Electrical Engineers,onet_knowledge,knowledge,2.C.4.c,Chemistry,2.36,34.00,1,5,20,0.1185,2.1167,2.6126,N,,08/2023,Incumbent,2.63,37.57,0,7,20,0.2968,2.0047,3.2471,N,N,08/2023,Incumbent,false,false,true
Electrical Engineer,17-2071.00,Electrical Engineers,onet_knowledge,knowledge,2.C.4.d,Biology,1.15,3.75,1,5,20,0.0873,1.0000,1.3356,N,,08/2023,Incumbent,0.37,5.29,0,7,20,0.1986,0.0000,0.7863,Y,Y,08/2023,Incumbent,true,true,false
Electrical Engineer,17-2071.00,Electrical Engineers,onet_knowledge,knowledge,2.C.4.e,Psychology,1.75,18.75,1,5,20,0.2951,1.1303,2.3657,N,,08/2023,Incumbent,1.51,21.57,0,7,20,0.5680,0.3217,2.6994,N,N,08/2023,Incumbent,false,false,true
Electrical Engineer,17-2071.00,Electrical Engineers,onet_knowledge,knowledge,2.C.4.f,Sociology and Anthropology,1.42,10.50,1,5,20,0.1684,1.0689,1.7740,N,,08/2023,Incumbent,0.92,13.14,0,7,20,0.4703,0.0000,1.9086,Y,N,08/2023,Incumbent,true,false,false
Electrical Engineer,17-2071.00,Electrical Engineers,onet_knowledge,knowledge,2.C.4.g,Geography,1.80,20.00,1,5,20,0.2373,1.3072,2.3004,N,,08/2023,Incumbent,2.04,29.14,0,7,20,0.5169,0.9563,3.1200,N,N,08/2023,Incumbent,false,false,true
Electrical Engineer,17-2071.00,Electrical Engineers,onet_knowledge,knowledge,2.C.5.a,Medicine and Dentistry,1.29,7.25,1,5,20,0.1082,1.0651,1.5181,N,,08/2023,Incumbent,0.48,6.86,0,7,20,0.2400,0.0000,0.9845,N,N,08/2023,Incumbent,false,false,true
Electrical Engineer,17-2071.00,Electrical Engineers,onet_knowledge,knowledge,2.C.5.b,Therapy and Counseling,1.28,7.00,1,5,20,0.1281,1.0139,1.5501,N,,08/2023,Incumbent,0.40,5.71,0,7,20,0.1806,0.0268,0.7826,N,N,08/2023,Incumbent,false,false,true
Electrical Engineer,17-2071.00,Electrical Engineers,onet_knowledge,knowledge,2.C.6,Education and Training,2.87,46.75,1,5,20,0.2730,2.2971,3.4399,N,,08/2023,Incumbent,3.57,51.00,0,7,20,0.4810,2.5584,4.5720,N,N,08/2023,Incumbent,false,false,true
Electrical Engineer,17-2071.00,Electrical Engineers,onet_knowledge,knowledge,2.C.7.a,English Language,3.77,69.25,1,5,20,0.1115,3.5324,3.9992,N,,08/2023,Incumbent,4.33,61.86,0,7,20,0.2513,3.8022,4.8543,N,N,08/2023,Incumbent,false,false,true
Electrical Engineer,17-2071.00,Electrical Engineers,onet_knowledge,knowledge,2.C.7.b,Foreign Language,1.56,14.00,1,5,20,0.1395,1.2702,1.8543,N,,08/2023,Incumbent,1.04,14.86,0,7,20,0.3632,0.2770,1.7974,N,N,08/2023,Incumbent,false,false,true
Electrical Engineer,17-2071.00,Electrical Engineers,onet_knowledge,knowledge,2.C.7.c,Fine Arts,1.10,2.50,1,5,20,0.0904,1.0000,1.2873,N,,08/2023,Incumbent,0.00,0.00,0,7,19,0.0000,,,N,Y,08/2023,Incumbent,false,true,false
Electrical Engineer,17-2071.00,Electrical Engineers,onet_knowledge,knowledge,2.C.7.d,History and Archeology,1.30,7.50,1,5,20,0.1679,1.0000,1.6526,N,,08/2023,Incumbent,0.69,9.86,0,7,20,0.3728,0.0000,1.4683,Y,N,08/2023,Incumbent,true,false,false
Electrical Engineer,17-2071.00,Electrical Engineers,onet_knowledge,knowledge,2.C.7.e,Philosophy and Theology,1.37,9.25,1,5,20,0.1751,1.0080,1.7410,N,,08/2023,Incumbent,1.00,14.29,0,7,19,0.6471,0.0000,2.3572,Y,N,08/2023,Incumbent,true,false,false
Electrical Engineer,17-2071.00,Electrical Engineers,onet_knowledge,knowledge,2.C.8.a,Public Safety and Security,3.18,54.50,1,5,20,0.2555,2.6444,3.7138,N,,08/2023,Incumbent,3.37,48.14,0,7,20,0.3056,2.7343,4.0134,N,N,08/2023,Incumbent,false,false,true
Electrical Engineer,17-2071.00,Electrical Engineers,onet_knowledge,knowledge,2.C.8.b,Law and Government,2.37,34.25,1,5,20,0.2211,1.9103,2.8360,N,,08/2023,Incumbent,2.19,31.29,0,7,20,0.3074,1.5513,2.8381,N,N,08/2023,Incumbent,false,false,true
Electrical Engineer,17-2071.00,Electrical Engineers,onet_knowledge,knowledge,2.C.9.a,Telecommunications,2.61,40.25,1,5,20,0.3030,1.9779,3.2461,N,,08/2023,Incumbent,2.94,42.00,0,7,20,0.5590,1.7667,4.1069,N,N,08/2023,Incumbent,false,false,true
Electrical Engineer,17-2071.00,Electrical Engineers,onet_knowledge,knowledge,2.C.9.b,Communications and Media,2.42,35.50,1,5,20,0.2681,1.8616,2.9839,N,,08/2023,Incumbent,2.18,31.14,0,7,20,0.3431,1.4655,2.9019,N,N,08/2023,Incumbent,false,false,true
Electrical Engineer,17-2071.00,Electrical Engineers,onet_knowledge,knowledge,2.C.10,Transportation,2.12,28.00,1,5,20,0.2150,1.6665,2.5665,N,,08/2023,Incumbent,2.04,29.14,0,7,20,0.3410,1.3218,2.7494,N,N,08/2023,Incumbent,false,false,true
Industrial Engineer,17-2112.00,Industrial Engineers,onet_knowledge,knowledge,2.C.1.a,Administration and Management,3.45,61.25,1,5,30,0.2137,3.0142,3.8884,N,,08/2020,Incumbent,3.91,55.86,0,7,30,0.2810,3.3317,4.4813,N,N,08/2020,Incumbent,false,false,true
Industrial Engineer,17-2112.00,Industrial Engineers,onet_knowledge,knowledge,2.C.1.b,Administrative,3.01,50.25,1,5,30,0.1731,2.6546,3.3625,N,,08/2020,Incumbent,3.77,53.86,0,7,30,0.2911,3.1788,4.3695,N,N,08/2020,Incumbent,false,false,true
Industrial Engineer,17-2112.00,Industrial Engineers,onet_knowledge,knowledge,2.C.1.c,Economics and Accounting,2.56,39.00,1,5,30,0.2114,2.1251,2.9897,N,,08/2020,Incumbent,2.49,35.57,0,7,30,0.3055,1.8670,3.1166,N,N,08/2020,Incumbent,false,false,true
Industrial Engineer,17-2112.00,Industrial Engineers,onet_knowledge,knowledge,2.C.1.d,Sales and Marketing,2.35,33.75,1,5,30,0.2632,1.8102,2.8868,N,,08/2020,Incumbent,2.68,38.29,0,7,29,0.4005,1.8570,3.4979,N,N,08/2020,Incumbent,false,false,true
Industrial Engineer,17-2112.00,Industrial Engineers,onet_knowledge,knowledge,2.C.1.e,Customer and Personal Service,3.42,60.50,1,5,30,0.2637,2.8823,3.9610,N,,08/2020,Incumbent,3.88,55.43,0,7,29,0.4373,2.9873,4.7787,N,N,08/2020,Incumbent,false,false,true
Industrial Engineer,17-2112.00,Industrial Engineers,onet_knowledge,knowledge,2.C.1.f,Personnel and Human Resources,2.81,45.25,1,5,30,0.2794,2.2417,3.3847,N,,08/2020,Incumbent,3.12,44.57,0,7,30,0.3563,2.3873,3.8446,N,N,08/2020,Incumbent,false,false,true
Industrial Engineer,17-2112.00,Industrial Engineers,onet_knowledge,knowledge,2.C.2.a,Production and Processing,4.28,82.00,1,5,30,0.2585,3.7516,4.8090,N,,08/2020,Incumbent,4.70,67.14,0,7,30,0.2789,4.1265,5.2674,N,N,08/2020,Incumbent,false,false,true
Industrial Engineer,17-2112.00,Industrial Engineers,onet_knowledge,knowledge,2.C.2.b,Food Production,1.35,8.75,1,5,30,0.2348,1.0000,1.8264,N,,08/2020,Incumbent,0.64,9.14,0,7,30,0.4076,0.0000,1.4696,Y,Y,08/2020,Incumbent,true,true,false
Industrial Engineer,17-2112.00,Industrial Engineers,onet_knowledge,knowledge,2.C.3.a,Computers and Electronics,3.77,69.25,1,5,29,0.1929,3.3709,4.1612,N,,08/2020,Incumbent,4.46,63.71,0,7,30,0.2298,3.9914,4.9312,N,N,08/2020,Incumbent,false,false,true
Industrial Engineer,17-2112.00,Industrial Engineers,onet_knowledge,knowledge,2.C.3.b,Engineering and Technology,4.41,85.25,1,5,30,0.2563,3.8839,4.9323,N,,08/2020,Incumbent,5.02,71.71,0,7,30,0.3624,4.2749,5.7574,N,N,08/2020,Incumbent,false,false,true
Industrial Engineer,17-2112.00,Industrial Engineers,onet_knowledge,knowledge,2.C.3.c,Design,4.08,77.00,1,5,30,0.1168,3.8455,4.3232,N,,08/2020,Incumbent,5.18,74.00,0,7,30,0.1728,4.8312,5.5380,N,N,08/2020,Incumbent,false,false,true
Industrial Engineer,17-2112.00,Industrial Engineers,onet_knowledge,knowledge,2.C.3.d,Building and Construction,2.86,46.50,1,5,28,0.3281,2.1872,3.5337,N,,08/2020,Incumbent,3.51,50.14,0,7,30,0.4074,2.6786,4.3450,N,N,08/2020,Incumbent,false,false,true
Industrial Engineer,17-2112.00,Industrial Engineers,onet_knowledge,knowledge,2.C.3.e,Mechanical,4.20,80.00,1,5,30,0.2046,3.7768,4.6136,N,,08/2020,Incumbent,5.05,72.14,0,7,30,0.3412,4.3477,5.7432,N,N,08/2020,Incumbent,false,false,true
Industrial Engineer,17-2112.00,Industrial Engineers,onet_knowledge,knowledge,2.C.4.a,Mathematics,3.89,72.25,1,5,30,0.1531,3.5810,4.2073,N,,08/2020,Incumbent,4.86,69.43,0,7,30,0.1729,4.5048,5.2122,N,N,08/2020,Incumbent,false,false,true
Industrial Engineer,17-2112.00,Industrial Engineers,onet_knowledge,knowledge,2.C.4.b,Physics,3.10,52.50,1,5,30,0.3130,2.4642,3.7446,N,,08/2020,Incumbent,3.49,49.86,0,7,30,0.4233,2.6216,4.3532,N,N,08/2020,Incumbent,false,false,true
Industrial Engineer,17-2112.00,Industrial Engineers,onet_knowledge,knowledge,2.C.4.c,Chemistry,2.65,41.25,1,5,30,0.2809,2.0788,3.2277,N,,08/2020,Incumbent,3.12,44.57,0,7,30,0.4101,2.2782,3.9559,N,N,08/2020,Incumbent,false,false,true
Industrial Engineer,17-2112.00,Industrial Engineers,onet_knowledge,knowledge,2.C.4.d,Biology,1.50,12.50,1,5,30,0.1783,1.1390,1.8684,N,,08/2020,Incumbent,1.11,15.86,0,7,30,0.4022,0.2872,1.9323,N,N,08/2020,Incumbent,false,false,true
Industrial Engineer,17-2112.00,Industrial Engineers,onet_knowledge,knowledge,2.C.4.e,Psychology,2.29,32.25,1,5,30,0.2462,1.7834,2.7906,N,,08/2020,Incumbent,2.33,33.29,0,7,30,0.3324,1.6501,3.0097,N,N,08/2020,Incumbent,false,false,true
Industrial Engineer,17-2112.00,Industrial Engineers,onet_knowledge,knowledge,2.C.4.f,Sociology and Anthropology,1.57,14.25,1,5,30,0.1562,1.2507,1.8898,N,,08/2020,Incumbent,1.07,15.29,0,7,30,0.3188,0.4158,1.7200,N,N,08/2020,Incumbent,false,false,true
Industrial Engineer,17-2112.00,Industrial Engineers,onet_knowledge,knowledge,2.C.4.g,Geography,1.54,13.50,1,5,30,0.1613,1.2100,1.8699,N,,08/2020,Incumbent,1.32,18.86,0,7,30,0.3765,0.5465,2.0867,N,N,08/2020,Incumbent,false,false,true
Industrial Engineer,17-2112.00,Industrial Engineers,onet_knowledge,knowledge,2.C.5.a,Medicine and Dentistry,1.40,10.00,1,5,29,0.2027,1.0000,1.8185,N,,08/2020,Incumbent,0.76,10.86,0,7,29,0.4046,0.0000,1.5930,Y,N,08/2020,Incumbent,true,false,false
Industrial Engineer,17-2112.00,Industrial Engineers,onet_knowledge,knowledge,2.C.5.b,Therapy and Counseling,1.31,7.75,1,5,30,0.1797,1.0000,1.6795,N,,08/2020,Incumbent,0.50,7.14,0,7,30,0.2505,0.0000,1.0095,Y,Y,08/2020,Incumbent,true,true,false
Industrial Engineer,17-2112.00,Industrial Engineers,onet_knowledge,knowledge,2.C.6,Education and Training,3.34,58.50,1,5,30,0.2570,2.8193,3.8704,N,,08/2020,Incumbent,4.49,64.14,0,7,30,0.4358,3.5970,5.3797,N,N,08/2020,Incumbent,false,false,true
Industrial Engineer,17-2112.00,Industrial Engineers,onet_knowledge,knowledge,2.C.7.a,English Language,3.96,74.00,1,5,30,0.2286,3.4911,4.4260,N,,08/2020,Incumbent,4.38,62.57,0,7,30,0.3406,3.6821,5.0754,N,N,08/2020,Incumbent,false,false,true
Industrial Engineer,17-2112.00,Industrial Engineers,onet_knowledge,knowledge,2.C.7.b,Foreign Language,1.28,7.00,1,5,30,0.1336,1.0094,1.5559,N,,08/2020,Incumbent,0.53,7.57,0,7,30,0.2681,0.0000,1.0735,Y,Y,08/2020,Incumbent,true,true,false
Industrial Engineer,17-2112.00,Industrial Engineers,onet_knowledge,knowledge,2.C.7.c,Fine Arts,1.34,8.50,1,5,30,0.1904,1.0000,1.7247,N,,08/2020,Incumbent,0.69,9.86,0,7,30,0.4156,0.0000,1.5427,Y,Y,08/2020,Incumbent,true,true,false
Industrial Engineer,17-2112.00,Industrial Engineers,onet_knowledge,knowledge,2.C.7.d,History and Archeology,1.29,7.25,1,5,30,0.1373,1.0102,1.5717,N,,08/2020,Incumbent,0.64,9.14,0,7,30,0.2905,0.0495,1.2377,N,Y,08/2020,Incumbent,false,true,false
Industrial Engineer,17-2112.00,Industrial Engineers,onet_knowledge,knowledge,2.C.7.e,Philosophy and Theology,1.30,7.50,1,5,29,0.1389,1.0192,1.5882,N,,08/2020,Incumbent,0.64,9.14,0,7,29,0.2809,0.0605,1.2112,N,Y,08/2020,Incumbent,false,true,false
Industrial Engineer,17-2112.00,Industrial Engineers,onet_knowledge,knowledge,2.C.8.a,Public Safety and Security,3.12,53.00,1,5,30,0.2270,2.6555,3.5840,N,,08/2020,Incumbent,3.65,52.14,0,7,30,0.3578,2.9136,4.3772,N,N,08/2020,Incumbent,false,false,true
Industrial Engineer,17-2112.00,Industrial Engineers,onet_knowledge,knowledge,2.C.8.b,Law and Government,2.62,40.50,1,5,29,0.2096,2.1941,3.0526,N,,08/2020,Incumbent,2.69,38.43,0,7,29,0.3128,2.0452,3.3268,N,N,08/2020,Incumbent,false,false,true
Industrial Engineer,17-2112.00,Industrial Engineers,onet_knowledge,knowledge,2.C.9.a,Telecommunications,2.16,29.00,1,5,30,0.2785,1.5917,2.7309,N,,08/2020,Incumbent,1.74,24.86,0,7,30,0.3723,0.9736,2.4965,N,N,08/2020,Incumbent,false,false,true
Industrial Engineer,17-2112.00,Industrial Engineers,onet_knowledge,knowledge,2.C.9.b,Communications and Media,2.25,31.25,1,5,29,0.2601,1.7191,2.7848,N,,08/2020,Incumbent,2.02,28.86,0,7,30,0.3301,1.3457,2.6958,N,N,08/2020,Incumbent,false,false,true
Industrial Engineer,17-2112.00,Industrial Engineers,onet_knowledge,knowledge,2.C.10,Transportation,2.28,32.00,1,5,30,0.1895,1.8926,2.6676,N,,08/2020,Incumbent,2.15,30.71,0,7,30,0.2871,1.5613,2.7358,N,N,08/2020,Incumbent,false,false,true
Mechanical Engineer,17-2141.00,Mechanical Engineers,onet_knowledge,knowledge,2.C.1.a,Administration and Management,3.21,55.25,1,5,24,0.2235,2.7527,3.6772,N,,08/2024,Incumbent,3.76,53.71,0,7,24,0.4860,2.7527,4.7635,N,N,08/2024,Incumbent,false,false,true
Mechanical Engineer,17-2141.00,Mechanical Engineers,onet_knowledge,knowledge,2.C.1.b,Administrative,3.22,55.50,1,5,23,0.2997,2.5975,3.8407,N,,08/2024,Incumbent,3.94,56.29,0,7,24,0.4318,3.0450,4.8313,N,N,08/2024,Incumbent,false,false,true
Mechanical Engineer,17-2141.00,Mechanical Engineers,onet_knowledge,knowledge,2.C.1.c,Economics and Accounting,2.39,34.75,1,5,23,0.2582,1.8551,2.9261,N,,08/2024,Incumbent,2.25,32.14,0,7,23,0.4167,1.3882,3.1165,N,N,08/2024,Incumbent,false,false,true
Mechanical Engineer,17-2141.00,Mechanical Engineers,onet_knowledge,knowledge,2.C.1.d,Sales and Marketing,2.48,37.00,1,5,24,0.3197,1.8146,3.1373,N,,08/2024,Incumbent,2.35,33.57,0,7,24,0.3779,1.5686,3.1319,N,N,08/2024,Incumbent,false,false,true
Mechanical Engineer,17-2141.00,Mechanical Engineers,onet_knowledge,knowledge,2.C.1.e,Customer and Personal Service,3.09,52.25,1,5,24,0.1813,2.7126,3.4626,N,,08/2024,Incumbent,3.17,45.29,0,7,24,0.5505,2.0301,4.3077,N,N,08/2024,Incumbent,false,false,true
Mechanical Engineer,17-2141.00,Mechanical Engineers,onet_knowledge,knowledge,2.C.1.f,Personnel and Human Resources,2.65,41.25,1,5,24,0.2289,2.1722,3.1193,N,,08/2024,Incumbent,2.82,40.29,0,7,24,0.4947,1.8008,3.8475,N,N,08/2024,Incumbent,false,false,true
Mechanical Engineer,17-2141.00,Mechanical Engineers,onet_knowledge,knowledge,2.C.2.a,Production and Processing,4.34,83.50,1,5,24,0.2520,3.8149,4.8576,N,,08/2024,Incumbent,4.49,64.14,0,7,24,0.4920,3.4708,5.5062,N,N,08/2024,Incumbent,false,false,true
Mechanical Engineer,17-2141.00,Mechanical Engineers,onet_knowledge,knowledge,2.C.2.b,Food Production,1.00,0.00,1,5,23,0.0000,,,N,,08/2024,Incumbent,0.00,0.00,0,7,23,0.0000,,,N,Y,08/2024,Incumbent,false,true,false
Mechanical Engineer,17-2141.00,Mechanical Engineers,onet_knowledge,knowledge,2.C.3.a,Computers and Electronics,3.63,65.75,1,5,24,0.3093,2.9928,4.2725,N,,08/2024,Incumbent,4.51,64.43,0,7,24,0.1475,4.2075,4.8177,N,N,08/2024,Incumbent,false,false,true
Mechanical Engineer,17-2141.00,Mechanical Engineers,onet_knowledge,knowledge,2.C.3.b,Engineering and Technology,4.46,86.50,1,5,24,0.1519,4.1487,4.7770,N,,08/2024,Incumbent,5.65,80.71,0,7,24,0.3490,4.9315,6.3753,N,N,08/2024,Incumbent,false,false,true
Mechanical Engineer,17-2141.00,Mechanical Engineers,onet_knowledge,knowledge,2.C.3.c,Design,4.50,87.50,1,5,24,0.2018,4.0785,4.9136,N,,08/2024,Incumbent,6.04,86.29,0,7,24,0.2708,5.4750,6.5952,N,N,08/2024,Incumbent,false,false,true
Mechanical Engineer,17-2141.00,Mechanical Engineers,onet_knowledge,knowledge,2.C.3.d,Building and Construction,2.68,42.00,1,5,24,0.5710,1.5029,3.8652,N,,08/2024,Incumbent,2.78,39.71,0,7,24,0.9035,0.9125,4.6506,N,N,08/2024,Incumbent,false,false,true
Mechanical Engineer,17-2141.00,Mechanical Engineers,onet_knowledge,knowledge,2.C.3.e,Mechanical,4.23,80.75,1,5,24,0.0865,4.0504,4.4084,N,,08/2024,Incumbent,5.15,73.57,0,7,24,0.5614,3.9919,6.3146,N,N,08/2024,Incumbent,false,false,true
Mechanical Engineer,17-2141.00,Mechanical Engineers,onet_knowledge,knowledge,2.C.4.a,Mathematics,3.88,72.00,1,5,24,0.0892,3.6938,4.0630,N,,08/2024,Incumbent,4.80,68.57,0,7,24,0.1076,4.5764,5.0218,N,N,08/2024,Incumbent,false,false,true
Mechanical Engineer,17-2141.00,Mechanical Engineers,onet_knowledge,knowledge,2.C.4.b,Physics,3.38,59.50,1,5,24,0.1861,2.9999,3.7697,N,,08/2024,Incumbent,4.56,65.14,0,7,24,0.1767,4.1986,4.9298,N,N,08/2024,Incumbent,false,false,true
Mechanical Engineer,17-2141.00,Mechanical Engineers,onet_knowledge,knowledge,2.C.4.c,Chemistry,2.63,40.75,1,5,24,0.3282,1.9518,3.3098,N,,08/2024,Incumbent,3.01,43.00,0,7,24,0.4059,2.1707,3.8501,N,N,08/2024,Incumbent,false,false,true
Mechanical Engineer,17-2141.00,Mechanical Engineers,onet_knowledge,knowledge,2.C.4.d,Biology,1.85,21.25,1,5,24,0.3579,1.1100,2.5908,N,,08/2024,Incumbent,1.60,22.86,0,7,24,0.6133,0.3310,2.8682,N,N,08/2024,Incumbent,false,false,true
Mechanical Engineer,17-2141.00,Mechanical Engineers,onet_knowledge,knowledge,2.C.4.e,Psychology,2.08,27.00,1,5,24,0.3480,1.3554,2.7953,N,,08/2024,Incumbent,1.94,27.71,0,7,24,0.5824,0.7343,3.1438,N,N,08/2024,Incumbent,false,false,true
Mechanical Engineer,17-2141.00,Mechanical Engineers,onet_knowledge,knowledge,2.C.4.f,Sociology and Anthropology,1.83,20.75,1,5,24,0.4446,1.0000,2.7517,N,,08/2024,Incumbent,1.26,18.00,0,7,24,0.6603,0.0000,2.6289,Y,N,08/2024,Incumbent,true,false,false
Mechanical Engineer,17-2141.00,Mechanical Engineers,onet_knowledge,knowledge,2.C.4.g,Geography,1.76,19.00,1,5,24,0.4330,1.0000,2.6570,N,,08/2024,Incumbent,1.48,21.14,0,7,24,0.7375,0.0000,3.0021,N,N,08/2024,Incumbent,false,false,true
Mechanical Engineer,17-2141.00,Mechanical Engineers,onet_knowledge,knowledge,2.C.5.a,Medicine and Dentistry,1.63,15.75,1,5,24,0.3245,1.0000,2.2982,N,,08/2024,Incumbent,1.04,14.86,0,7,24,0.5975,0.0000,2.2721,Y,N,08/2024,Incumbent,true,false,false
Mechanical Engineer,17-2141.00,Mechanical Engineers,onet_knowledge,knowledge,2.C.5.b,Therapy and Counseling,1.42,10.50,1,5,24,0.1857,1.0385,1.8069,N,,08/2024,Incumbent,1.00,14.29,0,7,24,0.5128,0.0000,2.0623,Y,N,08/2024,Incumbent,true,false,false
Mechanical Engineer,17-2141.00,Mechanical Engineers,onet_knowledge,knowledge,2.C.6,Education and Training,3.39,59.75,1,5,24,0.2732,2.8270,3.9575,N,,08/2024,Incumbent,3.84,54.86,0,7,24,0.3804,3.0518,4.6257,N,N,08/2024,Incumbent,false,false,true
Mechanical Engineer,17-2141.00,Mechanical Engineers,onet_knowledge,knowledge,2.C.7.a,English Language,4.06,76.50,1,5,24,0.2257,3.5954,4.5293,N,,08/2024,Incumbent,3.90,55.71,0,7,24,0.3472,3.1818,4.6185,N,N,08/2024,Incumbent,false,false,true
Mechanical Engineer,17-2141.00,Mechanical Engineers,onet_knowledge,knowledge,2.C.7.b,Foreign Language,1.64,16.00,1,5,24,0.2652,1.0881,2.1854,N,,08/2024,Incumbent,1.44,20.57,0,7,24,0.5327,0.3380,2.5418,N,N,08/2024,Incumbent,false,false,true
Mechanical Engineer,17-2141.00,Mechanical Engineers,onet_knowledge,knowledge,2.C.7.c,Fine Arts,1.32,8.00,1,5,24,0.2948,1.0000,1.9328,N,,08/2024,Incumbent,0.65,9.29,0,7,24,0.5895,0.0000,1.8655,Y,Y,08/2024,Incumbent,true,true,false
Mechanical Engineer,17-2141.00,Mechanical Engineers,onet_knowledge,knowledge,2.C.7.d,History and Archeology,1.32,8.00,1,5,24,0.2948,1.0000,1.9328,N,,08/2024,Incumbent,0.48,6.86,0,7,24,0.4421,0.0000,1.3991,Y,Y,08/2024,Incumbent,true,true,false
Mechanical Engineer,17-2141.00,Mechanical Engineers,onet_knowledge,knowledge,2.C.7.e,Philosophy and Theology,1.50,12.50,1,5,24,0.1694,1.1501,1.8508,N,,08/2024,Incumbent,1.50,21.43,0,7,24,0.6004,0.2532,2.7371,N,N,08/2024,Incumbent,false,false,true
Mechanical Engineer,17-2141.00,Mechanical Engineers,onet_knowledge,knowledge,2.C.8.a,Public Safety and Security,3.73,68.25,1,5,24,0.3287,3.0464,4.4064,N,,08/2024,Incumbent,4.08,58.29,0,7,24,0.2650,3.5348,4.6311,N,N,08/2024,Incumbent,false,false,true
Mechanical Engineer,17-2141.00,Mechanical Engineers,onet_knowledge,knowledge,2.C.8.b,Law and Government,2.62,40.50,1,5,24,0.4847,1.6130,3.6183,N,,08/2024,Incumbent,2.60,37.14,0,7,24,0.5287,1.5032,3.6906,N,N,08/2024,Incumbent,false,false,true
Mechanical Engineer,17-2141.00,Mechanical Engineers,onet_knowledge,knowledge,2.C.9.a,Telecommunications,2.30,32.50,1,5,24,0.2416,1.8040,2.8035,N,,08/2024,Incumbent,2.24,32.00,0,7,24,0.4977,1.2095,3.2688,N,N,08/2024,Incumbent,false,false,true
Mechanical Engineer,17-2141.00,Mechanical Engineers,onet_knowledge,knowledge,2.C.9.b,Communications and Media,2.32,33.00,1,5,24,0.3039,1.6877,2.9450,N,,08/2024,Incumbent,2.29,32.71,0,7,24,0.5817,1.0830,3.4898,N,N,08/2024,Incumbent,false,false,true
Mechanical Engineer,17-2141.00,Mechanical Engineers,onet_knowledge,knowledge,2.C.10,Transportation,2.13,28.25,1,5,24,0.2128,1.6943,2.5746,N,,08/2024,Incumbent,2.36,33.71,0,7,24,0.4155,1.4985,3.2173,N,N,08/2024,Incumbent,false,false,true
Multimedia Designer,27-1014.00,Special Effects Artists and Animators,onet_knowledge,knowledge,2.C.1.a,Administration and Management,2.94,48.50,1,5,18,0.2564,2.3950,3.4771,N,,08/2019,Incumbent,2.63,37.57,0,7,18,0.6381,1.2829,3.9754,N,N,08/2019,Incumbent,false,false,true
Multimedia Designer,27-1014.00,Special Effects Artists and Animators,onet_knowledge,knowledge,2.C.1.b,Administrative,2.80,45.00,1,5,18,0.3032,2.1625,3.4417,N,,08/2019,Incumbent,2.81,40.14,0,7,18,0.5248,1.7018,3.9162,N,N,08/2019,Incumbent,false,false,true
Multimedia Designer,27-1014.00,Special Effects Artists and Animators,onet_knowledge,knowledge,2.C.1.c,Economics and Accounting,1.85,21.25,1,5,18,0.3839,1.0364,2.6562,N,,08/2019,Incumbent,1.20,17.14,0,7,18,0.3480,0.4614,1.9298,N,N,08/2019,Incumbent,false,false,true
Multimedia Designer,27-1014.00,Special Effects Artists and Animators,onet_knowledge,knowledge,2.C.1.d,Sales and Marketing,3.87,71.75,1,5,18,0.2591,3.3254,4.4188,N,,08/2019,Incumbent,3.79,54.14,0,7,18,0.4782,2.7828,4.8004,N,N,08/2019,Incumbent,false,false,true
Multimedia Designer,27-1014.00,Special Effects Artists and Animators,onet_knowledge,knowledge,2.C.1.e,Customer and Personal Service,3.94,73.50,1,5,18,0.3465,3.2120,4.6740,N,,08/2019,Incumbent,3.64,52.00,0,7,18,0.2193,3.1764,4.1015,N,N,08/2019,Incumbent,false,false,true
Multimedia Designer,27-1014.00,Special Effects Artists and Animators,onet_knowledge,knowledge,2.C.1.f,Personnel and Human Resources,2.04,26.00,1,5,18,0.2950,1.4130,2.6576,N,,08/2019,Incumbent,1.76,25.14,0,7,18,0.5220,0.6595,2.8620,N,N,08/2019,Incumbent,false,false,true
Multimedia Designer,27-1014.00,Special Effects Artists and Animators,onet_knowledge,knowledge,2.C.2.a,Production and Processing,3.15,53.75,1,5,18,0.4704,2.1542,4.1393,N,,08/2019,Incumbent,2.84,40.57,0,7,18,0.5067,1.7729,3.9109,N,N,08/2019,Incumbent,false,false,true
Multimedia Designer,27-1014.00,Special Effects Artists and Animators,onet_knowledge,knowledge,2.C.2.b,Food Production,1.00,0.00,1,5,18,0.0000,,,N,,08/2019,Incumbent,0.00,0.00,0,7,18,0.0000,,,N,Y,08/2019,Incumbent,false,true,false
Multimedia Designer,27-1014.00,Special Effects Artists and Animators,onet_knowledge,knowledge,2.C.3.a,Computers and Electronics,4.95,98.75,1,5,18,0.0379,4.8687,5.0000,N,,08/2019,Incumbent,5.15,73.57,0,7,18,0.3206,4.4717,5.8246,N,N,08/2019,Incumbent,false,false,true
Multimedia Designer,27-1014.00,Special Effects Artists and Animators,onet_knowledge,knowledge,2.C.3.b,Engineering and Technology,3.19,54.75,1,5,18,0.2805,2.5937,3.7772,N,,08/2019,Incumbent,3.81,54.43,0,7,18,0.4404,2.8786,4.7367,N,N,08/2019,Incumbent,false,false,true
Multimedia Designer,27-1014.00,Special Effects Artists and Animators,onet_knowledge,knowledge,2.C.3.c,Design,4.22,80.50,1,5,18,0.6405,2.8678,5.0000,N,,08/2019,Incumbent,4.28,61.14,0,7,18,0.9362,2.3073,6.2577,N,N,08/2019,Incumbent,false,false,true
Multimedia Designer,27-1014.00,Special Effects Artists and Animators,onet_knowledge,knowledge,2.C.3.d,Building and Construction,1.17,4.25,1,5,17,0.1127,1.0000,1.4097,N,,08/2019,Incumbent,0.44,6.29,0,7,18,0.2302,0.0000,0.9211,Y,Y,08/2019,Incumbent,true,true,false
Multimedia Designer,27-1014.00,Special Effects Artists and Animators,onet_knowledge,knowledge,2.C.3.e,Mechanical,1.50,12.50,1,5,18,0.2108,1.0533,1.9427,N,,08/2019,Incumbent,0.81,11.57,0,7,18,0.2752,0.2284,1.3895,N,N,08/2019,Incumbent,false,false,true
Multimedia Designer,27-1014.00,Special Effects Artists and Animators,onet_knowledge,knowledge,2.C.4.a,Mathematics,2.47,36.75,1,5,18,0.2158,2.0137,2.9242,N,,08/2019,Incumbent,3.00,42.86,0,7,18,0.1789,2.6231,3.3782,N,N,08/2019,Incumbent,false,false,true
Multimedia Designer,27-1014.00,Special Effects Artists and Animators,onet_knowledge,knowledge,2.C.4.b,Physics,1.31,7.75,1,5,18,0.1182,1.0567,1.5553,N,,08/2019,Incumbent,0.62,8.86,0,7,18,0.2346,0.1281,1.1179,N,N,08/2019,Incumbent,false,false,true
Multimedia Designer,27-1014.00,Special Effects Artists and Animators,onet_knowledge,knowledge,2.C.4.c,Chemistry,1.01,0.25,1,5,18,0.0075,1.0000,1.0231,N,,08/2019,Incumbent,0.03,0.43,0,7,18,0.0300,0.0000,0.0921,Y,Y,08/2019,Incumbent,true,true,false
Multimedia Designer,27-1014.00,Special Effects Artists and Animators,onet_knowledge,knowledge,2.C.4.d,Biology,1.47,11.75,1,5,17,0.1598,1.1329,1.8102,N,,08/2019,Incumbent,0.92,13.14,0,7,17,0.3147,0.2494,1.5835,N,N,08/2019,Incumbent,false,false,true
Multimedia Designer,27-1014.00,Special Effects Artists and Animators,onet_knowledge,knowledge,2.C.4.e,Psychology,1.97,24.25,1,5,18,0.2749,1.3898,2.5499,N,,08/2019,Incumbent,1.64,23.43,0,7,18,0.4390,0.7142,2.5666,N,N,08/2019,Incumbent,false,false,true
Multimedia Designer,27-1014.00,Special Effects Artists and Animators,onet_knowledge,knowledge,2.C.4.f,Sociology and Anthropology,1.77,19.25,1,5,18,0.2300,1.2877,2.2582,N,,08/2019,Incumbent,1.34,19.14,0,7,18,0.6887,0.0000,2.7893,Y,N,08/2019,Incumbent,true,false,false
Multimedia Designer,27-1014.00,Special Effects Artists and Animators,onet_knowledge,knowledge,2.C.4.g,Geography,3.01,50.25,1,5,18,0.6129,1.7159,4.3023,N,,08/2019,Incumbent,4.11,58.71,0,7,18,0.6859,2.6640,5.5581,N,N,08/2019,Incumbent,false,false,true
Multimedia Designer,27-1014.00,Special Effects Artists and Animators,onet_knowledge,knowledge,2.C.5.a,Medicine and Dentistry,1.15,3.75,1,5,18,0.1312,1.0000,1.4228,N,,08/2019,Incumbent,0.14,2.00,0,7,17,0.1314,0.0000,0.4235,Y,Y,08/2019,Incumbent,true,true,false
Multimedia Designer,27-1014.00,Special Effects Artists and Animators,onet_knowledge,knowledge,2.C.5.b,Therapy and Counseling,1.29,7.25,1,5,18,0.1221,1.0318,1.5470,N,,08/2019,Incumbent,0.43,6.14,0,7,18,0.2304,0.0000,0.9202,Y,N,08/2019,Incumbent,true,false,false
Multimedia Designer,27-1014.00,Special Effects Artists and Animators,onet_knowledge,knowledge,2.C.6,Education and Training,2.20,30.00,1,5,18,0.1420,1.8957,2.4949,N,,08/2019,Incumbent,3.18,45.43,0,7,18,0.5382,2.0473,4.3181,N,N,08/2019,Incumbent,false,false,true
Multimedia Designer,27-1014.00,Special Effects Artists and Animators,onet_knowledge,knowledge,2.C.7.a,English Language,4.38,84.50,1,5,18,0.2118,3.9341,4.8277,N,,08/2019,Incumbent,3.79,54.14,0,7,18,0.2920,3.1708,4.4030,N,N,08/2019,Incumbent,false,false,true
Multimedia Designer,27-1014.00,Special Effects Artists and Animators,onet_knowledge,knowledge,2.C.7.b,Foreign Language,1.60,15.00,1,5,18,0.2438,1.0878,2.1166,N,,08/2019,Incumbent,1.38,19.71,0,7,18,0.8001,0.0000,3.0721,Y,N,08/2019,Incumbent,true,false,false
Multimedia Designer,27-1014.00,Special Effects Artists and Animators,onet_knowledge,knowledge,2.C.7.c,Fine Arts,2.89,47.25,1,5,18,0.7843,1.2330,4.5426,N,,08/2019,Incumbent,3.46,49.43,0,7,18,1.1945,0.9397,5.9801,N,N,08/2019,Incumbent,false,false,true
Multimedia Designer,27-1014.00,Special Effects Artists and Animators,onet_knowledge,knowledge,2.C.7.d,History and Archeology,1.45,11.25,1,5,18,0.1834,1.0591,1.8328,N,,08/2019,Incumbent,0.90,12.86,0,7,18,0.3590,0.1416,1.6563,N,N,08/2019,Incumbent,false,false,true
Multimedia Designer,27-1014.00,Special Effects Artists and Animators,onet_knowledge,knowledge,2.C.7.e,Philosophy and Theology,1.40,10.00,1,5,18,0.2445,1.0000,1.9135,N,,08/2019,Incumbent,1.29,18.43,0,7,18,0.7979,0.0000,2.9714,Y,N,08/2019,Incumbent,true,false,false
Multimedia Designer,27-1014.00,Special Effects Artists and Animators,onet_knowledge,knowledge,2.C.8.a,Public Safety and Security,1.71,17.75,1,5,18,0.2765,1.1287,2.2952,N,,08/2019,Incumbent,1.10,15.71,0,7,18,0.5122,0.0197,2.1808,N,N,08/2019,Incumbent,false,false,true
Multimedia Designer,27-1014.00,Special Effects Artists and Animators,onet_knowledge,knowledge,2.C.8.b,Law and Government,2.17,29.25,1,5,17,1.0050,1.0000,4.2995,N,,08/2019,Incumbent,1.05,15.00,0,7,18,0.6801,0.0000,2.4885,Y,N,08/2019,Incumbent,true,false,false
Multimedia Designer,27-1014.00,Special Effects Artists and Animators,onet_knowledge,knowledge,2.C.9.a,Telecommunications,3.45,61.25,1,5,18,0.6199,2.1418,4.7577,N,,08/2019,Incumbent,2.74,39.14,0,7,18,0.6909,1.2822,4.1977,N,N,08/2019,Incumbent,false,false,true
Multimedia Designer,27-1014.00,Special Effects Artists and Animators,onet_knowledge,knowledge,2.C.9.b,Communications and Media,4.11,77.75,1,5,18,0.2599,3.5595,4.6562,N,,08/2019,Incumbent,4.57,65.29,0,7,18,0.7823,2.9174,6.2185,N,N,08/2019,Incumbent,false,false,true
Multimedia Designer,27-1014.00,Special Effects Artists and Animators,onet_knowledge,knowledge,2.C.10,Transportation,1.45,11.25,1,5,18,0.2288,1.0000,1.9279,N,,08/2019,Incumbent,0.75,10.71,0,7,18,0.3403,0.0293,1.4653,N,N,08/2019,Incumbent,false,false,true
Graphic Designer,27-1024.00,Graphic Designers,onet_knowledge,knowledge,2.C.1.a,Administration and Management,3.00,50.00,1,5,20,,,,,,08/2023,Occupational Expert,3.55,50.71,0,7,20,,,,,N,08/2023,Occupational Expert,,false,true
Graphic Designer,27-1024.00,Graphic Designers,onet_knowledge,knowledge,2.C.1.b,Administrative,2.84,46.00,1,5,19,,,,,,08/2023,Occupational Expert,3.89,55.57,0,7,19,,,,,N,08/2023,Occupational Expert,,false,true
Graphic Designer,27-1024.00,Graphic Designers,onet_knowledge,knowledge,2.C.1.c,Economics and Accounting,2.32,33.00,1,5,19,,,,,,08/2023,Occupational Expert,2.00,28.57,0,7,19,,,,,N,08/2023,Occupational Expert,,false,true
Graphic Designer,27-1024.00,Graphic Designers,onet_knowledge,knowledge,2.C.1.d,Sales and Marketing,3.65,66.25,1,5,20,,,,,,08/2023,Occupational Expert,4.15,59.29,0,7,20,,,,,N,08/2023,Occupational Expert,,false,true
Graphic Designer,27-1024.00,Graphic Designers,onet_knowledge,knowledge,2.C.1.e,Customer and Personal Service,3.55,63.75,1,5,20,,,,,,08/2023,Occupational Expert,3.85,55.00,0,7,20,,,,,N,08/2023,Occupational Expert,,false,true
Graphic Designer,27-1024.00,Graphic Designers,onet_knowledge,knowledge,2.C.1.f,Personnel and Human Resources,2.50,37.50,1,5,20,,,,,,08/2023,Occupational Expert,2.90,41.43,0,7,20,,,,,N,08/2023,Occupational Expert,,false,true
Graphic Designer,27-1024.00,Graphic Designers,onet_knowledge,knowledge,2.C.2.a,Production and Processing,3.30,57.50,1,5,20,,,,,,08/2023,Occupational Expert,3.70,52.86,0,7,20,,,,,N,08/2023,Occupational Expert,,false,true
Graphic Designer,27-1024.00,Graphic Designers,onet_knowledge,knowledge,2.C.2.b,Food Production,1.25,6.25,1,5,20,,,,,,08/2023,Occupational Expert,0.45,6.43,0,7,20,,,,,Y,08/2023,Occupational Expert,,true,false
Graphic Designer,27-1024.00,Graphic Designers,onet_knowledge,knowledge,2.C.3.a,Computers and Electronics,4.40,85.00,1,5,20,,,,,,08/2023,Occupational Expert,4.95,70.71,0,7,20,,,,,N,08/2023,Occupational Expert,,false,true
Graphic Designer,27-1024.00,Graphic Designers,onet_knowledge,knowledge,2.C.3.b,Engineering and Technology,2.60,40.00,1,5,20,,,,,,08/2023,Occupational Expert,3.25,46.43,0,7,20,,,,,N,08/2023,Occupational Expert,,false,true
Graphic Designer,27-1024.00,Graphic Designers,onet_knowledge,knowledge,2.C.3.c,Design,4.70,92.50,1,5,20,,,,,,08/2023,Occupational Expert,5.80,82.86,0,7,20,,,,,N,08/2023,Occupational Expert,,false,true
Graphic Designer,27-1024.00,Graphic Designers,onet_knowledge,knowledge,2.C.3.d,Building and Construction,1.55,13.75,1,5,20,,,,,,08/2023,Occupational Expert,1.15,16.43,0,7,20,,,,,N,08/2023,Occupational Expert,,false,true
Graphic Designer,27-1024.00,Graphic Designers,onet_knowledge,knowledge,2.C.3.e,Mechanical,1.60,15.00,1,5,20,,,,,,08/2023,Occupational Expert,1.30,18.57,0,7,20,,,,,N,08/2023,Occupational Expert,,false,true
Graphic Designer,27-1024.00,Graphic Designers,onet_knowledge,knowledge,2.C.4.a,Mathematics,2.26,31.50,1,5,19,,,,,,08/2023,Occupational Expert,2.74,39.14,0,7,19,,,,,N,08/2023,Occupational Expert,,false,true
Graphic Designer,27-1024.00,Graphic Designers,onet_knowledge,knowledge,2.C.4.b,Physics,1.55,13.75,1,5,20,,,,,,08/2023,Occupational Expert,1.00,14.29,0,7,20,,,,,N,08/2023,Occupational Expert,,false,true
Graphic Designer,27-1024.00,Graphic Designers,onet_knowledge,knowledge,2.C.4.c,Chemistry,1.25,6.25,1,5,20,,,,,,08/2023,Occupational Expert,0.55,7.86,0,7,20,,,,,N,08/2023,Occupational Expert,,false,true
Graphic Designer,27-1024.00,Graphic Designers,onet_knowledge,knowledge,2.C.4.d,Biology,1.20,5.00,1,5,20,,,,,,08/2023,Occupational Expert,0.25,3.57,0,7,20,,,,,Y,08/2023,Occupational Expert,,true,false
Graphic Designer,27-1024.00,Graphic Designers,onet_knowledge,knowledge,2.C.4.e,Psychology,2.75,43.75,1,5,20,,,,,,08/2023,Occupational Expert,3.00,42.86,0,7,20,,,,,N,08/2023,Occupational Expert,,false,true
Graphic Designer,27-1024.00,Graphic Designers,onet_knowledge,knowledge,2.C.4.f,Sociology and Anthropology,2.55,38.75,1,5,20,,,,,,08/2023,Occupational Expert,3.20,45.71,0,7,20,,,,,N,08/2023,Occupational Expert,,false,true
Graphic Designer,27-1024.00,Graphic Designers,onet_knowledge,knowledge,2.C.4.g,Geography,2.05,26.25,1,5,20,,,,,,08/2023,Occupational Expert,2.35,33.57,0,7,20,,,,,N,08/2023,Occupational Expert,,false,true
Graphic Designer,27-1024.00,Graphic Designers,onet_knowledge,knowledge,2.C.5.a,Medicine and Dentistry,1.20,5.00,1,5,20,,,,,,08/2023,Occupational Expert,0.30,4.29,0,7,20,,,,,Y,08/2023,Occupational Expert,,true,false
Graphic Designer,27-1024.00,Graphic Designers,onet_knowledge,knowledge,2.C.5.b,Therapy and Counseling,1.40,10.00,1,5,20,,,,,,08/2023,Occupational Expert,0.85,12.14,0,7,20,,,,,N,08/2023,Occupational Expert,,false,true
Graphic Designer,27-1024.00,Graphic Designers,onet_knowledge,knowledge,2.C.6,Education and Training,2.80,45.00,1,5,20,,,,,,08/2023,Occupational Expert,3.55,50.71,0,7,20,,,,,N,08/2023,Occupational Expert,,false,true
Graphic Designer,27-1024.00,Graphic Designers,onet_knowledge,knowledge,2.C.7.a,English Language,3.80,70.00,1,5,20,,,,,,08/2023,Occupational Expert,3.95,56.43,0,7,20,,,,,N,08/2023,Occupational Expert,,false,true
Graphic Designer,27-1024.00,Graphic Designers,onet_knowledge,knowledge,2.C.7.b,Foreign Language,1.75,18.75,1,5,20,,,,,,08/2023,Occupational Expert,1.40,20.00,0,7,20,,,,,N,08/2023,Occupational Expert,,false,true
Graphic Designer,27-1024.00,Graphic Designers,onet_knowledge,knowledge,2.C.7.c,Fine Arts,4.40,85.00,1,5,20,,,,,,08/2023,Occupational Expert,5.65,80.71,0,7,20,,,,,N,08/2023,Occupational Expert,,false,true
Graphic Designer,27-1024.00,Graphic Designers,onet_knowledge,knowledge,2.C.7.d,History and Archeology,1.90,22.50,1,5,20,,,,,,08/2023,Occupational Expert,1.80,25.71,0,7,20,,,,,N,08/2023,Occupational Expert,,false,true
Graphic Designer,27-1024.00,Graphic Designers,onet_knowledge,knowledge,2.C.7.e,Philosophy and Theology,1.90,22.50,1,5,20,,,,,,08/2023,Occupational Expert,1.95,27.86,0,7,20,,,,,N,08/2023,Occupational Expert,,false,true
Graphic Designer,27-1024.00,Graphic Designers,onet_knowledge,knowledge,2.C.8.a,Public Safety and Security,1.70,17.50,1,5,20,,,,,,08/2023,Occupational Expert,1.30,18.57,0,7,20,,,,,N,08/2023,Occupational Expert,,false,true
Graphic Designer,27-1024.00,Graphic Designers,onet_knowledge,knowledge,2.C.8.b,Law and Government,1.80,20.00,1,5,20,,,,,,08/2023,Occupational Expert,1.55,22.14,0,7,20,,,,,N,08/2023,Occupational Expert,,false,true
Graphic Designer,27-1024.00,Graphic Designers,onet_knowledge,knowledge,2.C.9.a,Telecommunications,2.20,30.00,1,5,20,,,,,,08/2023,Occupational Expert,2.00,28.57,0,7,20,,,,,N,08/2023,Occupational Expert,,false,true
Graphic Designer,27-1024.00,Graphic Designers,onet_knowledge,knowledge,2.C.9.b,Communications and Media,4.30,82.50,1,5,20,,,,,,08/2023,Occupational Expert,4.40,62.86,0,7,20,,,,,N,08/2023,Occupational Expert,,false,true
Graphic Designer,27-1024.00,Graphic Designers,onet_knowledge,knowledge,2.C.10,Transportation,1.47,11.75,1,5,19,,,,,,08/2023,Occupational Expert,1.00,14.29,0,7,19,,,,,N,08/2023,Occupational Expert,,false,true
Occupational Therapist,29-1122.00,Occupational Therapists,onet_knowledge,knowledge,2.C.1.a,Administration and Management,2.82,45.50,1,5,22,,,,,,08/2021,Occupational Expert,3.64,52.00,0,7,22,,,,,N,08/2021,Occupational Expert,,false,true
Occupational Therapist,29-1122.00,Occupational Therapists,onet_knowledge,knowledge,2.C.1.b,Administrative,2.82,45.50,1,5,22,,,,,,08/2021,Occupational Expert,4.14,59.14,0,7,22,,,,,N,08/2021,Occupational Expert,,false,true
Occupational Therapist,29-1122.00,Occupational Therapists,onet_knowledge,knowledge,2.C.1.c,Economics and Accounting,1.68,17.00,1,5,22,,,,,,08/2021,Occupational Expert,1.36,19.43,0,7,22,,,,,N,08/2021,Occupational Expert,,false,true
Occupational Therapist,29-1122.00,Occupational Therapists,onet_knowledge,knowledge,2.C.1.d,Sales and Marketing,2.14,28.50,1,5,22,,,,,,08/2021,Occupational Expert,2.23,31.86,0,7,22,,,,,N,08/2021,Occupational Expert,,false,true
Occupational Therapist,29-1122.00,Occupational Therapists,onet_knowledge,knowledge,2.C.1.e,Customer and Personal Service,4.27,81.75,1,5,22,,,,,,08/2021,Occupational Expert,5.55,79.29,0,7,22,,,,,N,08/2021,Occupational Expert,,false,true
Occupational Therapist,29-1122.00,Occupational Therapists,onet_knowledge,knowledge,2.C.1.f,Personnel and Human Resources,2.14,28.50,1,5,22,,,,,,08/2021,Occupational Expert,2.36,33.71,0,7,22,,,,,N,08/2021,Occupational Expert,,false,true
Occupational Therapist,29-1122.00,Occupational Therapists,onet_knowledge,knowledge,2.C.2.a,Production and Processing,1.38,9.50,1,5,21,,,,,,08/2021,Occupational Expert,0.90,12.86,0,7,21,,,,,N,08/2021,Occupational Expert,,false,true
Occupational Therapist,29-1122.00,Occupational Therapists,onet_knowledge,knowledge,2.C.2.b,Food Production,1.27,6.75,1,5,22,,,,,,08/2021,Occupational Expert,0.82,11.71,0,7,22,,,,,N,08/2021,Occupational Expert,,false,true
Occupational Therapist,29-1122.00,Occupational Therapists,onet_knowledge,knowledge,2.C.3.a,Computers and Electronics,2.27,31.75,1,5,22,,,,,,08/2021,Occupational Expert,2.50,35.71,0,7,22,,,,,N,08/2021,Occupational Expert,,false,true
Occupational Therapist,29-1122.00,Occupational Therapists,onet_knowledge,knowledge,2.C.3.b,Engineering and Technology,1.77,19.25,1,5,22,,,,,,08/2021,Occupational Expert,1.77,25.29,0,7,22,,,,,N,08/2021,Occupational Expert,,false,true
Occupational Therapist,29-1122.00,Occupational Therapists,onet_knowledge,knowledge,2.C.3.c,Design,1.73,18.25,1,5,22,,,,,,08/2021,Occupational Expert,1.68,24.00,0,7,22,,,,,N,08/2021,Occupational Expert,,false,true
Occupational Therapist,29-1122.00,Occupational Therapists,onet_knowledge,knowledge,2.C.3.d,Building and Construction,1.32,8.00,1,5,22,,,,,,08/2021,Occupational Expert,0.55,7.86,0,7,22,,,,,N,08/2021,Occupational Expert,,false,true
Occupational Therapist,29-1122.00,Occupational Therapists,onet_knowledge,knowledge,2.C.3.e,Mechanical,1.82,20.50,1,5,22,,,,,,08/2021,Occupational Expert,1.82,26.00,0,7,22,,,,,N,08/2021,Occupational Expert,,false,true
Occupational Therapist,29-1122.00,Occupational Therapists,onet_knowledge,knowledge,2.C.4.a,Mathematics,2.41,35.25,1,5,22,,,,,,08/2021,Occupational Expert,2.50,35.71,0,7,22,,,,,N,08/2021,Occupational Expert,,false,true
Occupational Therapist,29-1122.00,Occupational Therapists,onet_knowledge,knowledge,2.C.4.b,Physics,2.18,29.50,1,5,22,,,,,,08/2021,Occupational Expert,1.91,27.29,0,7,22,,,,,N,08/2021,Occupational Expert,,false,true
Occupational Therapist,29-1122.00,Occupational Therapists,onet_knowledge,knowledge,2.C.4.c,Chemistry,1.68,17.00,1,5,22,,,,,,08/2021,Occupational Expert,1.59,22.71,0,7,22,,,,,N,08/2021,Occupational Expert,,false,true
Occupational Therapist,29-1122.00,Occupational Therapists,onet_knowledge,knowledge,2.C.4.d,Biology,3.45,61.25,1,5,22,,,,,,08/2021,Occupational Expert,3.55,50.71,0,7,22,,,,,N,08/2021,Occupational Expert,,false,true
Occupational Therapist,29-1122.00,Occupational Therapists,onet_knowledge,knowledge,2.C.4.e,Psychology,4.55,88.75,1,5,22,,,,,,08/2021,Occupational Expert,5.95,85.00,0,7,22,,,,,N,08/2021,Occupational Expert,,false,true
Occupational Therapist,29-1122.00,Occupational Therapists,onet_knowledge,knowledge,2.C.4.f,Sociology and Anthropology,3.24,56.00,1,5,21,,,,,,08/2021,Occupational Expert,3.77,53.86,0,7,22,,,,,N,08/2021,Occupational Expert,,false,true
Occupational Therapist,29-1122.00,Occupational Therapists,onet_knowledge,knowledge,2.C.4.g,Geography,1.18,4.50,1,5,22,,,,,,08/2021,Occupational Expert,0.68,9.71,0,7,22,,,,,Y,08/2021,Occupational Expert,,true,false
Occupational Therapist,29-1122.00,Occupational Therapists,onet_knowledge,knowledge,2.C.5.a,Medicine and Dentistry,4.23,80.75,1,5,22,,,,,,08/2021,Occupational Expert,4.45,63.57,0,7,22,,,,,N,08/2021,Occupational Expert,,false,true
Occupational Therapist,29-1122.00,Occupational Therapists,onet_knowledge,knowledge,2.C.5.b,Therapy and Counseling,4.68,92.00,1,5,22,,,,,,08/2021,Occupational Expert,5.95,85.00,0,7,22,,,,,N,08/2021,Occupational Expert,,false,true
Occupational Therapist,29-1122.00,Occupational Therapists,onet_knowledge,knowledge,2.C.6,Education and Training,3.86,71.50,1,5,21,,,,,,08/2021,Occupational Expert,4.77,68.14,0,7,22,,,,,N,08/2021,Occupational Expert,,false,true
Occupational Therapist,29-1122.00,Occupational Therapists,onet_knowledge,knowledge,2.C.7.a,English Language,4.10,77.50,1,5,21,,,,,,08/2021,Occupational Expert,4.36,62.29,0,7,22,,,,,N,08/2021,Occupational Expert,,false,true
Occupational Therapist,29-1122.00,Occupational Therapists,onet_knowledge,knowledge,2.C.7.b,Foreign Language,2.09,27.25,1,5,22,,,,,,08/2021,Occupational Expert,2.23,31.86,0,7,22,,,,,N,08/2021,Occupational Expert,,false,true
Occupational Therapist,29-1122.00,Occupational Therapists,onet_knowledge,knowledge,2.C.7.c,Fine Arts,1.59,14.75,1,5,22,,,,,,08/2021,Occupational Expert,1.18,16.86,0,7,22,,,,,N,08/2021,Occupational Expert,,false,true
Occupational Therapist,29-1122.00,Occupational Therapists,onet_knowledge,knowledge,2.C.7.d,History and Archeology,1.32,8.00,1,5,22,,,,,,08/2021,Occupational Expert,0.73,10.43,0,7,22,,,,,N,08/2021,Occupational Expert,,false,true
Occupational Therapist,29-1122.00,Occupational Therapists,onet_knowledge,knowledge,2.C.7.e,Philosophy and Theology,2.82,45.50,1,5,22,,,,,,08/2021,Occupational Expert,3.27,46.71,0,7,22,,,,,N,08/2021,Occupational Expert,,false,true
Occupational Therapist,29-1122.00,Occupational Therapists,onet_knowledge,knowledge,2.C.8.a,Public Safety and Security,2.36,34.00,1,5,22,,,,,,08/2021,Occupational Expert,2.27,32.43,0,7,22,,,,,N,08/2021,Occupational Expert,,false,true
Occupational Therapist,29-1122.00,Occupational Therapists,onet_knowledge,knowledge,2.C.8.b,Law and Government,2.24,31.00,1,5,21,,,,,,08/2021,Occupational Expert,2.23,31.86,0,7,22,,,,,N,08/2021,Occupational Expert,,false,true
Occupational Therapist,29-1122.00,Occupational Therapists,onet_knowledge,knowledge,2.C.9.a,Telecommunications,1.64,16.00,1,5,22,,,,,,08/2021,Occupational Expert,0.73,10.43,0,7,22,,,,,N,08/2021,Occupational Expert,,false,true
Occupational Therapist,29-1122.00,Occupational Therapists,onet_knowledge,knowledge,2.C.9.b,Communications and Media,2.50,37.50,1,5,22,,,,,,08/2021,Occupational Expert,3.05,43.57,0,7,22,,,,,N,08/2021,Occupational Expert,,false,true
Occupational Therapist,29-1122.00,Occupational Therapists,onet_knowledge,knowledge,2.C.10,Transportation,1.91,22.75,1,5,22,,,,,,08/2021,Occupational Expert,1.55,22.14,0,7,22,,,,,N,08/2021,Occupational Expert,,false,true
Physiotherapist,29-1123.00,Physical Therapists,onet_knowledge,knowledge,2.C.1.a,Administration and Management,3.20,55.00,1,5,28,0.2291,2.7288,3.6688,N,,08/2020,Incumbent,3.19,45.57,0,7,28,0.3496,2.4703,3.9050,N,N,08/2020,Incumbent,false,false,true
Physiotherapist,29-1123.00,Physical Therapists,onet_knowledge,knowledge,2.C.1.b,Administrative,3.08,52.00,1,5,28,0.2549,2.5594,3.6054,N,,08/2020,Incumbent,3.82,54.57,0,7,28,0.4049,2.9873,4.6488,N,N,08/2020,Incumbent,false,false,true
Physiotherapist,29-1123.00,Physical Therapists,onet_knowledge,knowledge,2.C.1.c,Economics and Accounting,2.36,34.00,1,5,28,0.2784,1.7903,2.9329,N,,08/2020,Incumbent,2.04,29.14,0,7,27,0.4666,1.0812,2.9993,N,N,08/2020,Incumbent,false,false,true
Physiotherapist,29-1123.00,Physical Therapists,onet_knowledge,knowledge,2.C.1.d,Sales and Marketing,2.62,40.50,1,5,27,0.3273,1.9490,3.2948,N,,08/2020,Incumbent,2.94,42.00,0,7,28,0.4484,2.0244,3.8645,N,N,08/2020,Incumbent,false,false,true
Physiotherapist,29-1123.00,Physical Therapists,onet_knowledge,knowledge,2.C.1.e,Customer and Personal Service,4.61,90.25,1,5,28,0.1204,4.3638,4.8577,N,,08/2020,Incumbent,5.59,79.86,0,7,28,0.1790,5.2274,5.9619,N,N,08/2020,Incumbent,false,false,true
Physiotherapist,29-1123.00,Physical Therapists,onet_knowledge,knowledge,2.C.1.f,Personnel and Human Resources,2.87,46.75,1,5,27,0.2840,2.2822,3.4497,N,,08/2020,Incumbent,2.78,39.71,0,7,27,0.3229,2.1186,3.4461,N,N,08/2020,Incumbent,false,false,true
Physiotherapist,29-1123.00,Physical Therapists,onet_knowledge,knowledge,2.C.2.a,Production and Processing,1.67,16.75,1,5,28,0.1988,1.2635,2.0792,N,,08/2020,Incumbent,1.31,18.71,0,7,28,0.3350,0.6276,2.0022,N,N,08/2020,Incumbent,false,false,true
Physiotherapist,29-1123.00,Physical Therapists,onet_knowledge,knowledge,2.C.2.b,Food Production,1.07,1.75,1,5,27,0.0702,1.0000,1.2163,N,,08/2020,Incumbent,0.22,3.14,0,7,27,0.2107,0.0000,0.6488,Y,Y,08/2020,Incumbent,true,true,false
Physiotherapist,29-1123.00,Physical Therapists,onet_knowledge,knowledge,2.C.3.a,Computers and Electronics,2.77,44.25,1,5,28,0.2695,2.2210,3.3269,N,,08/2020,Incumbent,2.85,40.71,0,7,28,0.4006,2.0241,3.6681,N,N,08/2020,Incumbent,false,false,true
Physiotherapist,29-1123.00,Physical Therapists,onet_knowledge,knowledge,2.C.3.b,Engineering and Technology,1.66,16.50,1,5,27,0.2167,1.2129,2.1037,N,,08/2020,Incumbent,1.19,17.00,0,7,27,0.3957,0.3749,2.0014,N,N,08/2020,Incumbent,false,false,true
Physiotherapist,29-1123.00,Physical Therapists,onet_knowledge,knowledge,2.C.3.c,Design,1.34,8.50,1,5,27,0.1456,1.0396,1.6381,N,,08/2020,Incumbent,0.79,11.29,0,7,27,0.3254,0.1205,1.4581,N,N,08/2020,Incumbent,false,false,true
Physiotherapist,29-1123.00,Physical Therapists,onet_knowledge,knowledge,2.C.3.d,Building and Construction,1.37,9.25,1,5,27,0.1739,1.0144,1.7294,N,,08/2020,Incumbent,0.61,8.71,0,7,27,0.3211,0.0000,1.2706,Y,N,08/2020,Incumbent,true,false,false
Physiotherapist,29-1123.00,Physical Therapists,onet_knowledge,knowledge,2.C.3.e,Mechanical,2.09,27.25,1,5,28,0.2340,1.6096,2.5698,N,,08/2020,Incumbent,1.70,24.29,0,7,28,0.2809,1.1259,2.2786,N,N,08/2020,Incumbent,false,false,true
Physiotherapist,29-1123.00,Physical Therapists,onet_knowledge,knowledge,2.C.4.a,Mathematics,2.65,41.25,1,5,28,0.1932,2.2565,3.0492,N,,08/2020,Incumbent,3.08,44.00,0,7,28,0.2751,2.5145,3.6433,N,N,08/2020,Incumbent,false,false,true
Physiotherapist,29-1123.00,Physical Therapists,onet_knowledge,knowledge,2.C.4.b,Physics,3.20,55.00,1,5,28,0.2883,2.6060,3.7890,N,,08/2020,Incumbent,3.13,44.71,0,7,28,0.3596,2.3948,3.8706,N,N,08/2020,Incumbent,false,false,true
Physiotherapist,29-1123.00,Physical Therapists,onet_knowledge,knowledge,2.C.4.c,Chemistry,2.42,35.50,1,5,27,0.3007,1.8058,3.0419,N,,08/2020,Incumbent,2.71,38.71,0,7,28,0.4392,1.8075,3.6100,N,N,08/2020,Incumbent,false,false,true
Physiotherapist,29-1123.00,Physical Therapists,onet_knowledge,knowledge,2.C.4.d,Biology,3.70,67.50,1,5,28,0.3035,3.0805,4.3259,N,,08/2020,Incumbent,3.50,50.00,0,7,28,0.4594,2.5586,4.4437,N,N,08/2020,Incumbent,false,false,true
Physiotherapist,29-1123.00,Physical Therapists,onet_knowledge,knowledge,2.C.4.e,Psychology,4.11,77.75,1,5,27,0.1937,3.7135,4.5097,N,,08/2020,Incumbent,5.19,74.14,0,7,28,0.2566,4.6676,5.7208,N,N,08/2020,Incumbent,false,false,true
Physiotherapist,29-1123.00,Physical Therapists,onet_knowledge,knowledge,2.C.4.f,Sociology and Anthropology,3.12,53.00,1,5,28,0.2504,2.6089,3.6365,N,,08/2020,Incumbent,3.39,48.43,0,7,28,0.2970,2.7807,3.9994,N,N,08/2020,Incumbent,false,false,true
Physiotherapist,29-1123.00,Physical Therapists,onet_knowledge,knowledge,2.C.4.g,Geography,1.38,9.50,1,5,27,0.1570,1.0599,1.7055,N,,08/2020,Incumbent,0.72,10.29,0,7,27,0.3086,0.0809,1.3498,N,N,08/2020,Incumbent,false,false,true
Physiotherapist,29-1123.00,Physical Therapists,onet_knowledge,knowledge,2.C.5.a,Medicine and Dentistry,4.57,89.25,1,5,28,0.1606,4.2378,4.8968,N,,08/2020,Incumbent,4.62,66.00,0,7,28,0.2852,4.0387,5.2091,N,N,08/2020,Incumbent,false,false,true
Physiotherapist,29-1123.00,Physical Therapists,onet_knowledge,knowledge,2.C.5.b,Therapy and Counseling,4.59,89.75,1,5,28,0.1791,4.2240,4.9589,N,,08/2020,Incumbent,5.20,74.29,0,7,28,0.3083,4.5715,5.8368,N,N,08/2020,Incumbent,false,false,true
Physiotherapist,29-1123.00,Physical Therapists,onet_knowledge,knowledge,2.C.6,Education and Training,3.98,74.50,1,5,28,0.2276,3.5149,4.4491,N,,08/2020,Incumbent,5.13,73.29,0,7,28,0.2402,4.6322,5.6180,N,N,08/2020,Incumbent,false,false,true
Physiotherapist,29-1123.00,Physical Therapists,onet_knowledge,knowledge,2.C.7.a,English Language,3.98,74.50,1,5,28,0.2084,3.5515,4.4068,N,,08/2020,Incumbent,4.14,59.14,0,7,28,0.2447,3.6408,4.6451,N,N,08/2020,Incumbent,false,false,true
Physiotherapist,29-1123.00,Physical Therapists,onet_knowledge,knowledge,2.C.7.b,Foreign Language,1.91,22.75,1,5,28,0.1449,1.6133,2.2081,N,,08/2020,Incumbent,1.43,20.43,0,7,28,0.2655,0.8888,1.9784,N,N,08/2020,Incumbent,false,false,true
Physiotherapist,29-1123.00,Physical Therapists,onet_knowledge,knowledge,2.C.7.c,Fine Arts,1.31,7.75,1,5,27,0.1638,1.0000,1.6506,N,,08/2020,Incumbent,0.44,6.29,0,7,27,0.2207,0.0000,0.8912,Y,Y,08/2020,Incumbent,true,true,false
Physiotherapist,29-1123.00,Physical Therapists,onet_knowledge,knowledge,2.C.7.d,History and Archeology,1.06,1.50,1,5,27,0.0563,1.0000,1.1789,N,,08/2020,Incumbent,0.18,2.57,0,7,27,0.1684,0.0000,0.5299,Y,Y,08/2020,Incumbent,true,true,false
Physiotherapist,29-1123.00,Physical Therapists,onet_knowledge,knowledge,2.C.7.e,Philosophy and Theology,2.04,26.00,1,5,27,0.1871,1.6524,2.4218,N,,08/2020,Incumbent,2.24,32.00,0,7,27,0.3360,1.5502,2.9316,N,N,08/2020,Incumbent,false,false,true
Physiotherapist,29-1123.00,Physical Therapists,onet_knowledge,knowledge,2.C.8.a,Public Safety and Security,2.72,43.00,1,5,27,0.1627,2.3870,3.0557,N,,08/2020,Incumbent,2.27,32.43,0,7,28,0.2249,1.8063,2.7293,N,N,08/2020,Incumbent,false,false,true
Physiotherapist,29-1123.00,Physical Therapists,onet_knowledge,knowledge,2.C.8.b,Law and Government,2.78,44.50,1,5,27,0.3271,2.1107,3.4555,N,,08/2020,Incumbent,2.66,38.00,0,7,27,0.3916,1.8562,3.4662,N,N,08/2020,Incumbent,false,false,true
Physiotherapist,29-1123.00,Physical Therapists,onet_knowledge,knowledge,2.C.9.a,Telecommunications,1.93,23.25,1,5,26,0.2531,1.4132,2.4557,N,,08/2020,Incumbent,1.24,17.71,0,7,27,0.3823,0.4513,2.0229,N,N,08/2020,Incumbent,false,false,true
Physiotherapist,29-1123.00,Physical Therapists,onet_knowledge,knowledge,2.C.9.b,Communications and Media,2.64,41.00,1,5,27,0.2261,2.1730,3.1026,N,,08/2020,Incumbent,2.78,39.71,0,7,28,0.2871,2.1890,3.3672,N,N,08/2020,Incumbent,false,false,true
Physiotherapist,29-1123.00,Physical Therapists,onet_knowledge,knowledge,2.C.10,Transportation,1.52,13.00,1,5,27,0.1384,1.2377,1.8069,N,,08/2020,Incumbent,1.19,17.00,0,7,27,0.2997,0.5756,1.8076,N,N,08/2020,Incumbent,false,false,true
Registered Nurse (Acute Care),29-1141.01,Acute Care Nurses,onet_knowledge,knowledge,2.C.1.a,Administration and Management,3.45,61.25,1,5,20,,,,,,08/2025,Occupational Expert,3.70,52.86,0,7,20,,,,,N,08/2025,Occupational Expert,,false,true
Registered Nurse (Acute Care),29-1141.01,Acute Care Nurses,onet_knowledge,knowledge,2.C.1.b,Administrative,2.90,47.50,1,5,20,,,,,,08/2025,Occupational Expert,3.35,47.86,0,7,20,,,,,N,08/2025,Occupational Expert,,false,true
Registered Nurse (Acute Care),29-1141.01,Acute Care Nurses,onet_knowledge,knowledge,2.C.1.c,Economics and Accounting,1.80,20.00,1,5,20,,,,,,08/2025,Occupational Expert,1.25,17.86,0,7,20,,,,,N,08/2025,Occupational Expert,,false,true
Registered Nurse (Acute Care),29-1141.01,Acute Care Nurses,onet_knowledge,knowledge,2.C.1.d,Sales and Marketing,1.35,8.75,1,5,20,,,,,,08/2025,Occupational Expert,0.65,9.29,0,7,20,,,,,Y,08/2025,Occupational Expert,,true,false
Registered Nurse (Acute Care),29-1141.01,Acute Care Nurses,onet_knowledge,knowledge,2.C.1.e,Customer and Personal Service,4.30,82.50,1,5,20,,,,,,08/2025,Occupational Expert,5.21,74.43,0,7,19,,,,,N,08/2025,Occupational Expert,,false,true
Registered Nurse (Acute Care),29-1141.01,Acute Care Nurses,onet_knowledge,knowledge,2.C.1.f,Personnel and Human Resources,2.50,37.50,1,5,20,,,,,,08/2025,Occupational Expert,2.42,34.57,0,7,19,,,,,N,08/2025,Occupational Expert,,false,true
Registered Nurse (Acute Care),29-1141.01,Acute Care Nurses,onet_knowledge,knowledge,2.C.2.a,Production and Processing,2.00,25.00,1,5,20,,,,,,08/2025,Occupational Expert,1.60,22.86,0,7,20,,,,,N,08/2025,Occupational Expert,,false,true
Registered Nurse (Acute Care),29-1141.01,Acute Care Nurses,onet_knowledge,knowledge,2.C.2.b,Food Production,1.20,5.00,1,5,20,,,,,,08/2025,Occupational Expert,0.50,7.14,0,7,20,,,,,Y,08/2025,Occupational Expert,,true,false
Registered Nurse (Acute Care),29-1141.01,Acute Care Nurses,onet_knowledge,knowledge,2.C.3.a,Computers and Electronics,2.95,48.75,1,5,19,,,,,,08/2025,Occupational Expert,3.28,46.86,0,7,18,,,,,N,08/2025,Occupational Expert,,false,true
Registered Nurse (Acute Care),29-1141.01,Acute Care Nurses,onet_knowledge,knowledge,2.C.3.b,Engineering and Technology,1.70,17.50,1,5,20,,,,,,08/2025,Occupational Expert,1.16,16.57,0,7,19,,,,,N,08/2025,Occupational Expert,,false,true
Registered Nurse (Acute Care),29-1141.01,Acute Care Nurses,onet_knowledge,knowledge,2.C.3.c,Design,1.42,10.50,1,5,19,,,,,,08/2025,Occupational Expert,0.56,8.00,0,7,18,,,,,Y,08/2025,Occupational Expert,,true,false
Registered Nurse (Acute Care),29-1141.01,Acute Care Nurses,onet_knowledge,knowledge,2.C.3.d,Building and Construction,1.25,6.25,1,5,20,,,,,,08/2025,Occupational Expert,0.45,6.43,0,7,20,,,,,Y,08/2025,Occupational Expert,,true,false
Registered Nurse (Acute Care),29-1141.01,Acute Care Nurses,onet_knowledge,knowledge,2.C.3.e,Mechanical,1.90,22.50,1,5,20,,,,,,08/2025,Occupational Expert,1.30,18.57,0,7,20,,,,,N,08/2025,Occupational Expert,,false,true
Registered Nurse (Acute Care),29-1141.01,Acute Care Nurses,onet_knowledge,knowledge,2.C.4.a,Mathematics,3.00,50.00,1,5,20,,,,,,08/2025,Occupational Expert,2.79,39.86,0,7,19,,,,,N,08/2025,Occupational Expert,,false,true
Registered Nurse (Acute Care),29-1141.01,Acute Care Nurses,onet_knowledge,knowledge,2.C.4.b,Physics,1.90,22.50,1,5,20,,,,,,08/2025,Occupational Expert,1.33,19.00,0,7,18,,,,,N,08/2025,Occupational Expert,,false,true
Registered Nurse (Acute Care),29-1141.01,Acute Care Nurses,onet_knowledge,knowledge,2.C.4.c,Chemistry,2.78,44.50,1,5,18,,,,,,08/2025,Occupational Expert,3.32,47.43,0,7,19,,,,,N,08/2025,Occupational Expert,,false,true
Registered Nurse (Acute Care),29-1141.01,Acute Care Nurses,onet_knowledge,knowledge,2.C.4.d,Biology,3.40,60.00,1,5,20,,,,,,08/2025,Occupational Expert,3.89,55.57,0,7,19,,,,,N,08/2025,Occupational Expert,,false,true
Registered Nurse (Acute Care),29-1141.01,Acute Care Nurses,onet_knowledge,knowledge,2.C.4.e,Psychology,3.80,70.00,1,5,20,,,,,,08/2025,Occupational Expert,5.58,79.71,0,7,19,,,,,N,08/2025,Occupational Expert,,false,true
Registered Nurse (Acute Care),29-1141.01,Acute Care Nurses,onet_knowledge,knowledge,2.C.4.f,Sociology and Anthropology,2.90,47.50,1,5,20,,,,,,08/2025,Occupational Expert,3.40,48.57,0,7,20,,,,,N,08/2025,Occupational Expert,,false,true
Registered Nurse (Acute Care),29-1141.01,Acute Care Nurses,onet_knowledge,knowledge,2.C.4.g,Geography,1.62,15.50,1,5,21,,,,,,08/2025,Occupational Expert,1.11,15.86,0,7,19,,,,,N,08/2025,Occupational Expert,,false,true
Registered Nurse (Acute Care),29-1141.01,Acute Care Nurses,onet_knowledge,knowledge,2.C.5.a,Medicine and Dentistry,4.81,95.25,1,5,21,,,,,,08/2025,Occupational Expert,5.65,80.71,0,7,20,,,,,N,08/2025,Occupational Expert,,false,true
Registered Nurse (Acute Care),29-1141.01,Acute Care Nurses,onet_knowledge,knowledge,2.C.5.b,Therapy and Counseling,3.62,65.50,1,5,21,,,,,,08/2025,Occupational Expert,4.25,60.71,0,7,20,,,,,N,08/2025,Occupational Expert,,false,true
Registered Nurse (Acute Care),29-1141.01,Acute Care Nurses,onet_knowledge,knowledge,2.C.6,Education and Training,4.29,82.25,1,5,21,,,,,,08/2025,Occupational Expert,4.80,68.57,0,7,20,,,,,N,08/2025,Occupational Expert,,false,true
Registered Nurse (Acute Care),29-1141.01,Acute Care Nurses,onet_knowledge,knowledge,2.C.7.a,English Language,4.05,76.25,1,5,20,,,,,,08/2025,Occupational Expert,4.65,66.43,0,7,20,,,,,N,08/2025,Occupational Expert,,false,true
Registered Nurse (Acute Care),29-1141.01,Acute Care Nurses,onet_knowledge,knowledge,2.C.7.b,Foreign Language,2.24,31.00,1,5,21,,,,,,08/2025,Occupational Expert,2.19,31.29,0,7,21,,,,,N,08/2025,Occupational Expert,,false,true
Registered Nurse (Acute Care),29-1141.01,Acute Care Nurses,onet_knowledge,knowledge,2.C.7.c,Fine Arts,1.10,2.50,1,5,21,,,,,,08/2025,Occupational Expert,0.19,2.71,0,7,21,,,,,Y,08/2025,Occupational Expert,,true,false
Registered Nurse (Acute Care),29-1141.01,Acute Care Nurses,onet_knowledge,knowledge,2.C.7.d,History and Archeology,1.29,7.25,1,5,21,,,,,,08/2025,Occupational Expert,0.50,7.14,0,7,20,,,,,Y,08/2025,Occupational Expert,,true,false
Registered Nurse (Acute Care),29-1141.01,Acute Care Nurses,onet_knowledge,knowledge,2.C.7.e,Philosophy and Theology,2.29,32.25,1,5,21,,,,,,08/2025,Occupational Expert,2.81,40.14,0,7,21,,,,,N,08/2025,Occupational Expert,,false,true
Registered Nurse (Acute Care),29-1141.01,Acute Care Nurses,onet_knowledge,knowledge,2.C.8.a,Public Safety and Security,3.43,60.75,1,5,21,,,,,,08/2025,Occupational Expert,3.57,51.00,0,7,21,,,,,N,08/2025,Occupational Expert,,false,true
Registered Nurse (Acute Care),29-1141.01,Acute Care Nurses,onet_knowledge,knowledge,2.C.8.b,Law and Government,2.81,45.25,1,5,21,,,,,,08/2025,Occupational Expert,2.95,42.14,0,7,20,,,,,N,08/2025,Occupational Expert,,false,true
Registered Nurse (Acute Care),29-1141.01,Acute Care Nurses,onet_knowledge,knowledge,2.C.9.a,Telecommunications,2.67,41.75,1,5,21,,,,,,08/2025,Occupational Expert,1.90,27.14,0,7,21,,,,,N,08/2025,Occupational Expert,,false,true
Registered Nurse (Acute Care),29-1141.01,Acute Care Nurses,onet_knowledge,knowledge,2.C.9.b,Communications and Media,2.55,38.75,1,5,20,,,,,,08/2025,Occupational Expert,2.25,32.14,0,7,20,,,,,N,08/2025,Occupational Expert,,false,true
Registered Nurse (Acute Care),29-1141.01,Acute Care Nurses,onet_knowledge,knowledge,2.C.10,Transportation,1.71,17.75,1,5,21,,,,,,08/2025,Occupational Expert,1.05,15.00,0,7,21,,,,,N,08/2025,Occupational Expert,,false,true
