source_key,dataset_source,dataset_version,concept_type,source_domain,external_skill_id,preferred_name,category,description,reason
O*NET Database|onet_knowledge|2.C.1.a,O*NET Database,31.0,knowledge,onet_knowledge,2.C.1.a,Administration and Management,Knowledge,"Knowledge of business and management principles involved in strategic planning, resource allocation, human resources modeling, leadership technique, production methods, and coordination of people and resources.",No approved automatic normalization match.
O*NET Database|onet_knowledge|2.C.1.b,O*NET Database,31.0,knowledge,onet_knowledge,2.C.1.b,Administrative,Knowledge,"Knowledge of administrative and office procedures and systems such as word processing, managing files and records, stenography and transcription, designing forms, and workplace terminology.",No approved automatic normalization match.
O*NET Database|onet_knowledge|2.C.4.d,O*NET Database,31.0,knowledge,onet_knowledge,2.C.4.d,Biology,Knowledge,"Knowledge of plant and animal organisms, their tissues, cells, functions, interdependencies, and interactions with each other and the environment.",No approved automatic normalization match.
O*NET Database|onet_knowledge|2.C.3.d,O*NET Database,31.0,knowledge,onet_knowledge,2.C.3.d,Building and Construction,Knowledge,"Knowledge of materials, methods, and the tools involved in the construction or repair of houses, buildings, or other structures such as highways and roads.",No approved automatic normalization match.
O*NET Database|onet_knowledge|2.C.9.b,O*NET Database,31.0,knowledge,onet_knowledge,2.C.9.b,Communications and Media,Knowledge,"Knowledge of media production, communication, and dissemination techniques and methods. This includes alternative ways to inform and entertain via written, oral, and visual media.",No approved automatic normalization match.
O*NET Database|onet_knowledge|2.C.3.a,O*NET Database,31.0,knowledge,onet_knowledge,2.C.3.a,Computers and Electronics,Knowledge,"Knowledge of circuit boards, processors, chips, electronic equipment, and computer hardware and software, including applications and programming.",No approved automatic normalization match.
O*NET Database|onet_knowledge|2.C.1.e,O*NET Database,31.0,knowledge,onet_knowledge,2.C.1.e,Customer and Personal Service,Knowledge,"Knowledge of principles and processes for providing customer and personal services. This includes customer needs assessment, meeting quality standards for services, and evaluation of customer satisfaction.",No approved automatic normalization match.
O*NET Database|onet_knowledge|2.C.3.c,O*NET Database,31.0,knowledge,onet_knowledge,2.C.3.c,Design,Knowledge,"Knowledge of design techniques, tools, and principles involved in production of precision technical plans, blueprints, drawings, and models.",No approved automatic normalization match.
O*NET Database|onet_knowledge|2.C.1.c,O*NET Database,31.0,knowledge,onet_knowledge,2.C.1.c,Economics and Accounting,Knowledge,"Knowledge of economic and accounting principles and practices, the financial markets, banking, and the analysis and reporting of financial data.",No approved automatic normalization match.
O*NET Database|onet_knowledge|2.C.6,O*NET Database,31.0,knowledge,onet_knowledge,2.C.6,Education and Training,Knowledge,"Knowledge of principles and methods for curriculum and training design, teaching and instruction for individuals and groups, and the measurement of training effects.",No approved automatic normalization match.
O*NET Database|onet_knowledge|2.C.3.b,O*NET Database,31.0,knowledge,onet_knowledge,2.C.3.b,Engineering and Technology,Knowledge,"Knowledge of the practical application of engineering science and technology. This includes applying principles, techniques, procedures, and equipment to the design and production of various goods and services.",No approved automatic normalization match.
O*NET Database|onet_knowledge|2.C.7.a,O*NET Database,31.0,knowledge,onet_knowledge,2.C.7.a,English Language,Knowledge,"Knowledge of the structure and content of the English language including the meaning and spelling of words, and rules of composition and grammar.",No approved automatic normalization match.
O*NET Database|onet_knowledge|2.C.7.c,O*NET Database,31.0,knowledge,onet_knowledge,2.C.7.c,Fine Arts,Knowledge,"Knowledge of the theory and techniques required to compose, produce, and perform works of music, dance, visual arts, drama, and sculpture.",No approved automatic normalization match.
O*NET Database|onet_knowledge|2.C.2.b,O*NET Database,31.0,knowledge,onet_knowledge,2.C.2.b,Food Production,Knowledge,"Knowledge of techniques and equipment for planting, growing, and harvesting food products (both plant and animal) for consumption, including storage/handling techniques.",No approved automatic normalization match.
O*NET Database|onet_knowledge|2.C.7.b,O*NET Database,31.0,knowledge,onet_knowledge,2.C.7.b,Foreign Language,Knowledge,"Knowledge of the structure and content of a foreign (non-English) language including the meaning and spelling of words, rules of composition and grammar, and pronunciation.",No approved automatic normalization match.
O*NET Database|onet_knowledge|2.C.4.g,O*NET Database,31.0,knowledge,onet_knowledge,2.C.4.g,Geography,Knowledge,"Knowledge of principles and methods for describing the features of land, sea, and air masses, including their physical characteristics, locations, interrelationships, and distribution of plant, animal, and human life.",No approved automatic normalization match.
O*NET Database|onet_knowledge|2.C.7.d,O*NET Database,31.0,knowledge,onet_knowledge,2.C.7.d,History and Archeology,Knowledge,"Knowledge of historical events and their causes, indicators, and effects on civilizations and cultures.",No approved automatic normalization match.
O*NET Database|onet_knowledge|2.C.8.b,O*NET Database,31.0,knowledge,onet_knowledge,2.C.8.b,Law and Government,Knowledge,"Knowledge of laws, legal codes, court procedures, precedents, government regulations, executive orders, agency rules, and the democratic political process.",No approved automatic normalization match.
O*NET Database|onet_knowledge|2.C.3.e,O*NET Database,31.0,knowledge,onet_knowledge,2.C.3.e,Mechanical,Knowledge,"Knowledge of machines and tools, including their designs, uses, repair, and maintenance.",No approved automatic normalization match.
O*NET Database|onet_knowledge|2.C.5.a,O*NET Database,31.0,knowledge,onet_knowledge,2.C.5.a,Medicine and Dentistry,Knowledge,"Knowledge of the information and techniques needed to diagnose and treat human injuries, diseases, and deformities. This includes symptoms, treatment alternatives, drug properties and interactions, and preventive health-care measures.",No approved automatic normalization match.
O*NET Database|onet_knowledge|2.C.1.f,O*NET Database,31.0,knowledge,onet_knowledge,2.C.1.f,Personnel and Human Resources,Knowledge,"Knowledge of principles and procedures for personnel recruitment, selection, training, compensation and benefits, labor relations and negotiation, and personnel information systems.",No approved automatic normalization match.
O*NET Database|onet_knowledge|2.C.7.e,O*NET Database,31.0,knowledge,onet_knowledge,2.C.7.e,Philosophy and Theology,Knowledge,"Knowledge of different philosophical systems and religions. This includes their basic principles, values, ethics, ways of thinking, customs, practices, and their impact on human culture.",No approved automatic normalization match.
O*NET Database|onet_knowledge|2.C.2.a,O*NET Database,31.0,knowledge,onet_knowledge,2.C.2.a,Production and Processing,Knowledge,"Knowledge of raw materials, production processes, quality control, costs, and other techniques for maximizing the effective manufacture and distribution of goods.",No approved automatic normalization match.
O*NET Database|onet_knowledge|2.C.8.a,O*NET Database,31.0,knowledge,onet_knowledge,2.C.8.a,Public Safety and Security,Knowledge,"Knowledge of relevant equipment, policies, procedures, and strategies to promote effective local, state, or national security operations for the protection of people, data, property, and institutions.",No approved automatic normalization match.
O*NET Database|onet_knowledge|2.C.1.d,O*NET Database,31.0,knowledge,onet_knowledge,2.C.1.d,Sales and Marketing,Knowledge,"Knowledge of principles and methods for showing, promoting, and selling products or services. This includes marketing strategy and tactics, product demonstration, sales techniques, and sales control systems.",No approved automatic normalization match.
O*NET Database|onet_knowledge|2.C.4.f,O*NET Database,31.0,knowledge,onet_knowledge,2.C.4.f,Sociology and Anthropology,Knowledge,"Knowledge of group behavior and dynamics, societal trends and influences, human migrations, ethnicity, cultures, and their history and origins.",No approved automatic normalization match.
O*NET Database|onet_knowledge|2.C.9.a,O*NET Database,31.0,knowledge,onet_knowledge,2.C.9.a,Telecommunications,Knowledge,"Knowledge of transmission, broadcasting, switching, control, and operation of telecommunications systems.",No approved automatic normalization match.
O*NET Database|onet_knowledge|2.C.5.b,O*NET Database,31.0,knowledge,onet_knowledge,2.C.5.b,Therapy and Counseling,Knowledge,"Knowledge of principles, methods, and procedures for diagnosis, treatment, and rehabilitation of physical and mental dysfunctions, and for career counseling and guidance.",No approved automatic normalization match.
O*NET Database|onet_knowledge|2.C.10,O*NET Database,31.0,knowledge,onet_knowledge,2.C.10,Transportation,Knowledge,"Knowledge of principles and methods for moving people or goods by air, rail, sea, or road, including the relative costs and benefits.",No approved automatic normalization match.
O*NET Database|onet_essential_skills|2.A.2.b,O*NET Database,31.0,skill,onet_essential_skills,2.A.2.b,Active Learning,Essential Skill,Understanding the implications of new information for both current and future problem-solving and decision-making.,No approved automatic normalization match.
O*NET Database|onet_transferable_skills|2.B.2.i,O*NET Database,31.0,skill,onet_transferable_skills,2.B.2.i,Complex Problem Solving,Transferable Skill,Identifying complex problems and reviewing related information to develop and evaluate options and implement solutions.,No approved automatic normalization match.
O*NET Database|onet_transferable_skills|2.B.1.b,O*NET Database,31.0,skill,onet_transferable_skills,2.B.1.b,Coordination,Transferable Skill,Adjusting actions in relation to others' actions.,No approved automatic normalization match.
O*NET Database|onet_essential_skills|2.A.2.a,O*NET Database,31.0,skill,onet_essential_skills,2.A.2.a,Critical Thinking,Essential Skill,"Using logic and reasoning to identify the strengths and weaknesses of alternative solutions, conclusions, or approaches to problems.",No approved automatic normalization match.
O*NET Database|onet_transferable_skills|2.B.3.j,O*NET Database,31.0,skill,onet_transferable_skills,2.B.3.j,Equipment Maintenance,Transferable Skill,Performing routine maintenance on equipment and determining when and what kind of maintenance is needed.,No approved automatic normalization match.
O*NET Database|onet_transferable_skills|2.B.3.c,O*NET Database,31.0,skill,onet_transferable_skills,2.B.3.c,Equipment Selection,Transferable Skill,Determining the kind of tools and equipment needed to do a job.,No approved automatic normalization match.
O*NET Database|onet_transferable_skills|2.B.3.d,O*NET Database,31.0,skill,onet_transferable_skills,2.B.3.d,Installation,Transferable Skill,"Installing equipment, machines, wiring, or programs to meet specifications.",No approved automatic normalization match.
O*NET Database|onet_transferable_skills|2.B.1.e,O*NET Database,31.0,skill,onet_transferable_skills,2.B.1.e,Instructing,Transferable Skill,Teaching others how to do something.,No approved automatic normalization match.
O*NET Database|onet_transferable_skills|2.B.4.e,O*NET Database,31.0,skill,onet_transferable_skills,2.B.4.e,Judgment and Decision Making,Transferable Skill,Considering the relative costs and benefits of potential actions to choose the most appropriate one.,No approved automatic normalization match.
O*NET Database|onet_essential_skills|2.A.2.c,O*NET Database,31.0,skill,onet_essential_skills,2.A.2.c,Learning Strategies,Essential Skill,Selecting and using training/instructional methods and procedures appropriate for the situation when learning or teaching new things.,No approved automatic normalization match.
O*NET Database|onet_transferable_skills|2.B.5.b,O*NET Database,31.0,skill,onet_transferable_skills,2.B.5.b,Management of Financial Resources,Transferable Skill,"Determining how money will be spent to get the work done, and accounting for these expenditures.",No approved automatic normalization match.
O*NET Database|onet_transferable_skills|2.B.5.c,O*NET Database,31.0,skill,onet_transferable_skills,2.B.5.c,Management of Material Resources,Transferable Skill,"Obtaining and seeing to the appropriate use of equipment, facilities, and materials needed to do certain work.",No approved automatic normalization match.
O*NET Database|onet_transferable_skills|2.B.5.d,O*NET Database,31.0,skill,onet_transferable_skills,2.B.5.d,Management of Personnel Resources,Transferable Skill,"Motivating, developing, and directing people as they work, identifying the best people for the job.",No approved automatic normalization match.
O*NET Database|onet_essential_skills|2.A.1.e,O*NET Database,31.0,skill,onet_essential_skills,2.A.1.e,Mathematics,Essential Skill,Using mathematics to solve problems.,No approved automatic normalization match.
O*NET Database|onet_essential_skills|2.A.2.d,O*NET Database,31.0,skill,onet_essential_skills,2.A.2.d,Monitoring,Essential Skill,"Monitoring/Assessing performance of yourself, other individuals, or organizations to make improvements or take corrective action.",No approved automatic normalization match.
O*NET Database|onet_transferable_skills|2.B.1.d,O*NET Database,31.0,skill,onet_transferable_skills,2.B.1.d,Negotiation,Transferable Skill,Bringing others together and trying to reconcile differences.,No approved automatic normalization match.
O*NET Database|onet_transferable_skills|2.B.3.h,O*NET Database,31.0,skill,onet_transferable_skills,2.B.3.h,Operation and Control,Transferable Skill,Controlling operations of equipment or systems.,No approved automatic normalization match.
O*NET Database|onet_transferable_skills|2.B.3.a,O*NET Database,31.0,skill,onet_transferable_skills,2.B.3.a,Operations Analysis,Transferable Skill,Analyzing needs and product requirements to create a design.,No approved automatic normalization match.
O*NET Database|onet_transferable_skills|2.B.3.g,O*NET Database,31.0,skill,onet_transferable_skills,2.B.3.g,Operations Monitoring,Transferable Skill,"Watching gauges, dials, or other indicators to make sure a machine is working properly.",No approved automatic normalization match.
O*NET Database|onet_transferable_skills|2.B.1.c,O*NET Database,31.0,skill,onet_transferable_skills,2.B.1.c,Persuasion,Transferable Skill,Persuading others to change their minds or behavior.,No approved automatic normalization match.
O*NET Database|onet_transferable_skills|2.B.3.e,O*NET Database,31.0,skill,onet_transferable_skills,2.B.3.e,Programming,Transferable Skill,Writing computer programs for various purposes.,No approved automatic normalization match.
O*NET Database|onet_transferable_skills|2.B.3.m,O*NET Database,31.0,skill,onet_transferable_skills,2.B.3.m,Quality Control Analysis,Transferable Skill,"Conducting tests and inspections of products, services, or processes to evaluate quality or performance.",No approved automatic normalization match.
O*NET Database|onet_essential_skills|2.A.1.a,O*NET Database,31.0,skill,onet_essential_skills,2.A.1.a,Reading Comprehension,Essential Skill,Understanding written sentences and paragraphs in work-related documents.,No approved automatic normalization match.
O*NET Database|onet_transferable_skills|2.B.3.l,O*NET Database,31.0,skill,onet_transferable_skills,2.B.3.l,Repairing,Transferable Skill,Repairing machines or systems using the needed tools.,No approved automatic normalization match.
O*NET Database|onet_essential_skills|2.A.1.f,O*NET Database,31.0,skill,onet_essential_skills,2.A.1.f,Science,Essential Skill,Using scientific rules and methods to solve problems.,No approved automatic normalization match.
O*NET Database|onet_transferable_skills|2.B.1.f,O*NET Database,31.0,skill,onet_transferable_skills,2.B.1.f,Service Orientation,Transferable Skill,Actively looking for ways to help people.,No approved automatic normalization match.
O*NET Database|onet_transferable_skills|2.B.1.a,O*NET Database,31.0,skill,onet_transferable_skills,2.B.1.a,Social Perceptiveness,Transferable Skill,Being aware of others' reactions and understanding why they react as they do.,No approved automatic normalization match.
O*NET Database|onet_essential_skills|2.A.1.d,O*NET Database,31.0,skill,onet_essential_skills,2.A.1.d,Speaking,Essential Skill,Talking to others to convey information effectively.,No approved automatic normalization match.
O*NET Database|onet_transferable_skills|2.B.4.g,O*NET Database,31.0,skill,onet_transferable_skills,2.B.4.g,Systems Analysis,Transferable Skill,"Determining how a system should work and how changes in conditions, operations, and the environment will affect outcomes.",No approved automatic normalization match.
O*NET Database|onet_transferable_skills|2.B.4.h,O*NET Database,31.0,skill,onet_transferable_skills,2.B.4.h,Systems Evaluation,Transferable Skill,"Identifying measures or indicators of system performance and the actions needed to improve or correct performance, relative to the goals of the system.",No approved automatic normalization match.
O*NET Database|onet_transferable_skills|2.B.3.b,O*NET Database,31.0,skill,onet_transferable_skills,2.B.3.b,Technology Design,Transferable Skill,Generating or adapting equipment and technology to serve user needs.,No approved automatic normalization match.
O*NET Database|onet_transferable_skills|2.B.5.a,O*NET Database,31.0,skill,onet_transferable_skills,2.B.5.a,Time Management,Transferable Skill,Managing one's own time and the time of others.,No approved automatic normalization match.
O*NET Database|onet_transferable_skills|2.B.3.k,O*NET Database,31.0,skill,onet_transferable_skills,2.B.3.k,Troubleshooting,Transferable Skill,Determining causes of operating errors and deciding what to do about it.,No approved automatic normalization match.
O*NET Database|onet_essential_skills|2.A.1.c,O*NET Database,31.0,skill,onet_essential_skills,2.A.1.c,Writing,Essential Skill,Communicating effectively in writing as appropriate for the needs of the audience.,No approved automatic normalization match.
O*NET Database|onet_software_skills|2.E.2.c|1099 ProsSoftware,O*NET Database,31.0,technology,onet_software_skills,2.E.2.c|1099 ProsSoftware,1099 ProsSoftware,Tax preparation software,,No approved automatic normalization match.
O*NET Database|onet_software_skills|2.E.9.k|1CadCam Unigraphics,O*NET Database,31.0,technology,onet_software_skills,2.E.9.k|1CadCam Unigraphics,1CadCam Unigraphics,Computer aided manufacturing CAM software,,No approved automatic normalization match.
O*NET Database|onet_software_skills|2.E.9.d|3D Static Strength Prediction Program 3DSSPP,O*NET Database,31.0,technology,onet_software_skills,2.E.9.d|3D Static Strength Prediction Program 3DSSPP,3D Static Strength Prediction Program 3DSSPP,Analytical or scientific software,,No approved automatic normalization match.
O*NET Database|onet_software_skills|2.E.6.a|3M Encoder,O*NET Database,31.0,technology,onet_software_skills,2.E.6.a|3M Encoder,3M Encoder,Categorization or classification software,,No approved automatic normalization match.
O*NET Database|onet_software_skills|2.E.4.d|3M Post-it App,O*NET Database,31.0,technology,onet_software_skills,2.E.4.d|3M Post-it App,3M Post-it App,Word processing software,,No approved automatic normalization match.
O*NET Database|onet_software_skills|2.E.1.d|3PL Central,O*NET Database,31.0,technology,onet_software_skills,2.E.1.d|3PL Central,3PL Central,Materials requirements planning logistics and supply chain software,,No approved automatic normalization match.
O*NET Database|onet_software_skills|2.E.9.d|A mathematical programming language AMPL,O*NET Database,31.0,technology,onet_software_skills,2.E.9.d|A mathematical programming language AMPL,A mathematical programming language AMPL,Analytical or scientific software,,No approved automatic normalization match.
O*NET Database|onet_software_skills|2.E.7.b|A programming language APL,O*NET Database,31.0,technology,onet_software_skills,2.E.7.b|A programming language APL,A programming language APL,Development environment software,,No approved automatic normalization match.
O*NET Database|onet_software_skills|2.E.2.b|Ab Initio,O*NET Database,31.0,technology,onet_software_skills,2.E.2.b|Ab Initio,Ab Initio,Enterprise resource planning ERP software,,No approved automatic normalization match.
O*NET Database|onet_software_skills|2.E.2.c|Abacus Tax,O*NET Database,31.0,technology,onet_software_skills,2.E.2.c|Abacus Tax,Abacus Tax,Tax preparation software,,No approved automatic normalization match.
O*NET Database|onet_software_skills|2.E.7.b|ABC Compiler,O*NET Database,31.0,technology,onet_software_skills,2.E.7.b|ABC Compiler,ABC Compiler,Development environment software,,No approved automatic normalization match.
O*NET Database|onet_software_skills|2.E.7.e|ABC: the AspectBench Compiler for AspectJ,O*NET Database,31.0,technology,onet_software_skills,2.E.7.e|ABC: the AspectBench Compiler for AspectJ,ABC: the AspectBench Compiler for AspectJ,Object or component oriented development software,,No approved automatic normalization match.
O*NET Database|onet_software_skills|2.E.4.b|Ability Photopaint,O*NET Database,31.0,technology,onet_software_skills,2.E.4.b|Ability Photopaint,Ability Photopaint,Graphics or photo imaging software,,No approved automatic normalization match.
O*NET Database|onet_software_skills|2.E.9.d|AcaStat Software,O*NET Database,31.0,technology,onet_software_skills,2.E.9.d|AcaStat Software,AcaStat Software,Analytical or scientific software,,No approved automatic normalization match.
O*NET Database|onet_software_skills|2.E.9.d|Accelerated life testing software,O*NET Database,31.0,technology,onet_software_skills,2.E.9.d|Accelerated life testing software,Accelerated life testing software,Analytical or scientific software,,No approved automatic normalization match.
O*NET Database|onet_software_skills|2.E.12.a|Access management software,O*NET Database,31.0,technology,onet_software_skills,2.E.12.a|Access management software,Access management software,Access software,,No approved automatic normalization match.
O*NET Database|onet_software_skills|2.E.11.a|AccessData FTK,O*NET Database,31.0,technology,onet_software_skills,2.E.11.a|AccessData FTK,AccessData FTK,Network monitoring software,,No approved automatic normalization match.
O*NET Database|onet_software_skills|2.E.2.b|Accountants Templates JAZZ-It!,O*NET Database,31.0,technology,onet_software_skills,2.E.2.b|Accountants Templates JAZZ-It!,Accountants Templates JAZZ-It!,Enterprise resource planning ERP software,,No approved automatic normalization match.
O*NET Database|onet_software_skills|2.E.9.e|Accounting compliance software,O*NET Database,31.0,technology,onet_software_skills,2.E.9.e|Accounting compliance software,Accounting compliance software,Compliance software,,No approved automatic normalization match.
O*NET Database|onet_software_skills|2.E.2.d|Accounting fraud detection software,O*NET Database,31.0,technology,onet_software_skills,2.E.2.d|Accounting fraud detection software,Accounting fraud detection software,Financial analysis software,,No approved automatic normalization match.
O*NET Database|onet_software_skills|2.E.2.a|Accounts payable software,O*NET Database,31.0,technology,onet_software_skills,2.E.2.a|Accounts payable software,Accounts payable software,Accounting software,,No approved automatic normalization match.
O*NET Database|onet_software_skills|2.E.2.a|Accounts receivable software,O*NET Database,31.0,technology,onet_software_skills,2.E.2.a|Accounts receivable software,Accounts receivable software,Accounting software,,No approved automatic normalization match.
O*NET Database|onet_software_skills|2.E.9.e|ACCUCert,O*NET Database,31.0,technology,onet_software_skills,2.E.9.e|ACCUCert,ACCUCert,Compliance software,,No approved automatic normalization match.
O*NET Database|onet_software_skills|2.E.2.a|Accurate NXG,O*NET Database,31.0,technology,onet_software_skills,2.E.2.a|Accurate NXG,Accurate NXG,Accounting software,,No approved automatic normalization match.
O*NET Database|onet_software_skills|2.E.4.b|ACD Systems Canvas,O*NET Database,31.0,technology,onet_software_skills,2.E.4.b|ACD Systems Canvas,ACD Systems Canvas,Graphics or photo imaging software,,No approved automatic normalization match.
O*NET Database|onet_software_skills|2.E.9.d|ACL Audit Exchange,O*NET Database,31.0,technology,onet_software_skills,2.E.9.d|ACL Audit Exchange,ACL Audit Exchange,Analytical or scientific software,,No approved automatic normalization match.
O*NET Database|onet_software_skills|2.E.2.d|ACL Business Assurance Analytics,O*NET Database,31.0,technology,onet_software_skills,2.E.2.d|ACL Business Assurance Analytics,ACL Business Assurance Analytics,Financial analysis software,,No approved automatic normalization match.
O*NET Database|onet_software_skills|2.E.7.g|AcmeStudio,O*NET Database,31.0,technology,onet_software_skills,2.E.7.g|AcmeStudio,AcmeStudio,Requirements analysis and system architecture software,,No approved automatic normalization match.
O*NET Database|onet_software_skills|2.E.2.b|AcornSystems Corporate Performance Management,O*NET Database,31.0,technology,onet_software_skills,2.E.2.b|AcornSystems Corporate Performance Management,AcornSystems Corporate Performance Management,Enterprise resource planning ERP software,,No approved automatic normalization match.
O*NET Database|onet_software_skills|2.E.2.a|AcorynSystems Activity Based Costing/Management ABC/M,O*NET Database,31.0,technology,onet_software_skills,2.E.2.a|AcorynSystems Activity Based Costing/Management ABC/M,AcorynSystems Activity Based Costing/Management ABC/M,Accounting software,,No approved automatic normalization match.
O*NET Database|onet_software_skills|2.E.15.f|Acronis Recovery Expert,O*NET Database,31.0,technology,onet_software_skills,2.E.15.f|Acronis Recovery Expert,Acronis Recovery Expert,Backup or archival software,,No approved automatic normalization match.
O*NET Database|onet_software_skills|2.E.6.c|Act!,O*NET Database,31.0,technology,onet_software_skills,2.E.6.c|Act!,Act!,Customer relationship management CRM software,,No approved automatic normalization match.
O*NET Database|onet_software_skills|2.E.10.d|Active directory software,O*NET Database,31.0,technology,onet_software_skills,2.E.10.d|Active directory software,Active directory software,Internet directory services software,,No approved automatic normalization match.
O*NET Database|onet_software_skills|2.E.6.e|Actuate Eclipse BIRT,O*NET Database,31.0,technology,onet_software_skills,2.E.6.e|Actuate Eclipse BIRT,Actuate Eclipse BIRT,Data base reporting software,,No approved automatic normalization match.
O*NET Database|onet_software_skills|2.E.7.b|Ada,O*NET Database,31.0,technology,onet_software_skills,2.E.7.b|Ada,Ada,Development environment software,,No approved automatic normalization match.
O*NET Database|onet_software_skills|2.E.2.a|AdaptaSoft CyberPay,O*NET Database,31.0,technology,onet_software_skills,2.E.2.a|AdaptaSoft CyberPay,AdaptaSoft CyberPay,Accounting software,,No approved automatic normalization match.
O*NET Database|onet_software_skills|2.E.9.d|Adaptive conjoint analysis ACA software,O*NET Database,31.0,technology,onet_software_skills,2.E.9.d|Adaptive conjoint analysis ACA software,Adaptive conjoint analysis ACA software,Analytical or scientific software,,No approved automatic normalization match.
O*NET Database|onet_software_skills|2.E.6.i|Adaptive Metadata Manager,O*NET Database,31.0,technology,onet_software_skills,2.E.6.i|Adaptive Metadata Manager,Adaptive Metadata Manager,Metadata management software,,No approved automatic normalization match.
O*NET Database|onet_software_skills|2.E.7.b|Adeptia ETL Suite,O*NET Database,31.0,technology,onet_software_skills,2.E.7.b|Adeptia ETL Suite,Adeptia ETL Suite,Development environment software,,No approved automatic normalization match.
O*NET Database|onet_software_skills|2.E.5.b|Adobe Acrobat,O*NET Database,31.0,technology,onet_software_skills,2.E.5.b|Adobe Acrobat,Adobe Acrobat,Document management software,,No approved automatic normalization match.
O*NET Database|onet_software_skills|2.E.7.b|Adobe ActionScript,O*NET Database,31.0,technology,onet_software_skills,2.E.7.b|Adobe ActionScript,Adobe ActionScript,Development environment software,,No approved automatic normalization match.
O*NET Database|onet_software_skills|2.E.4.c|Adobe After Effects,O*NET Database,31.0,technology,onet_software_skills,2.E.4.c|Adobe After Effects,Adobe After Effects,Video creation and editing software,,No approved automatic normalization match.
O*NET Database|onet_software_skills|2.E.7.b|Adobe AIR,O*NET Database,31.0,technology,onet_software_skills,2.E.7.b|Adobe AIR,Adobe AIR,Development environment software,,No approved automatic normalization match.
O*NET Database|onet_software_skills|2.E.9.d|Adobe Analytics,O*NET Database,31.0,technology,onet_software_skills,2.E.9.d|Adobe Analytics,Adobe Analytics,Analytical or scientific software,,No approved automatic normalization match.
O*NET Database|onet_software_skills|2.E.7.h|Adobe ColdFusion,O*NET Database,31.0,technology,onet_software_skills,2.E.7.h|Adobe ColdFusion,Adobe ColdFusion,Web platform development software,,No approved automatic normalization match.
O*NET Database|onet_software_skills|2.E.4.b|Adobe Creative Cloud software,O*NET Database,31.0,technology,onet_software_skills,2.E.4.b|Adobe Creative Cloud software,Adobe Creative Cloud software,Graphics or photo imaging software,,No approved automatic normalization match.
O*NET Database|onet_software_skills|2.E.4.c|Adobe Director,O*NET Database,31.0,technology,onet_software_skills,2.E.4.c|Adobe Director,Adobe Director,Video creation and editing software,,No approved automatic normalization match.
O*NET Database|onet_software_skills|2.E.4.k|Adobe Distiller,O*NET Database,31.0,technology,onet_software_skills,2.E.4.k|Adobe Distiller,Adobe Distiller,Desktop publishing software,,No approved automatic normalization match.
O*NET Database|onet_software_skills|2.E.4.g|Adobe Dreamweaver,O*NET Database,31.0,technology,onet_software_skills,2.E.4.g|Adobe Dreamweaver,Adobe Dreamweaver,Web page creation and editing software,,No approved automatic normalization match.
O*NET Database|onet_software_skills|2.E.7.h|Adobe Flex,O*NET Database,31.0,technology,onet_software_skills,2.E.7.h|Adobe Flex,Adobe Flex,Web platform development software,,No approved automatic normalization match.
O*NET Database|onet_software_skills|2.E.4.k|Adobe FrameMaker,O*NET Database,31.0,technology,onet_software_skills,2.E.4.k|Adobe FrameMaker,Adobe FrameMaker,Desktop publishing software,,No approved automatic normalization match.
O*NET Database|onet_software_skills|2.E.4.b|Adobe FreeHand MX,O*NET Database,31.0,technology,onet_software_skills,2.E.4.b|Adobe FreeHand MX,Adobe FreeHand MX,Graphics or photo imaging software,,No approved automatic normalization match.
O*NET Database|onet_software_skills|2.E.1.c|Adobe Human Capital Application Solution Accelerator,O*NET Database,31.0,technology,onet_software_skills,2.E.1.c|Adobe Human Capital Application Solution Accelerator,Adobe Human Capital Application Solution Accelerator,Human resources software,,No approved automatic normalization match.
O*NET Database|onet_software_skills|2.E.4.b|Adobe Illustrator,O*NET Database,31.0,technology,onet_software_skills,2.E.4.b|Adobe Illustrator,Adobe Illustrator,Graphics or photo imaging software,,No approved automatic normalization match.
O*NET Database|onet_software_skills|2.E.4.b|Adobe ImageReady,O*NET Database,31.0,technology,onet_software_skills,2.E.4.b|Adobe ImageReady,Adobe ImageReady,Graphics or photo imaging software,,No approved automatic normalization match.
O*NET Database|onet_software_skills|2.E.4.k|Adobe InDesign,O*NET Database,31.0,technology,onet_software_skills,2.E.4.k|Adobe InDesign,Adobe InDesign,Desktop publishing software,,No approved automatic normalization match.
O*NET Database|onet_software_skills|2.E.5.b|Adobe LifeCycle Enterprise Suite,O*NET Database,31.0,technology,onet_software_skills,2.E.5.b|Adobe LifeCycle Enterprise Suite,Adobe LifeCycle Enterprise Suite,Document management software,,No approved automatic normalization match.
O*NET Database|onet_software_skills|2.E.4.g|Adobe Macromedia HomeSite,O*NET Database,31.0,technology,onet_software_skills,2.E.4.g|Adobe Macromedia HomeSite,Adobe Macromedia HomeSite,Web page creation and editing software,,No approved automatic normalization match.
O*NET Database|onet_software_skills|2.E.4.k|Adobe PageMaker,O*NET Database,31.0,technology,onet_software_skills,2.E.4.k|Adobe PageMaker,Adobe PageMaker,Desktop publishing software,,No approved automatic normalization match.
O*NET Database|onet_software_skills|2.E.4.b|Adobe Photoshop,O*NET Database,31.0,technology,onet_software_skills,2.E.4.b|Adobe Photoshop,Adobe Photoshop,Graphics or photo imaging software,,No approved automatic normalization match.
O*NET Database|onet_software_skills|2.E.4.c|Adobe Premiere Pro,O*NET Database,31.0,technology,onet_software_skills,2.E.4.c|Adobe Premiere Pro,Adobe Premiere Pro,Video creation and editing software,,No approved automatic normalization match.
O*NET Database|onet_software_skills|2.E.4.b|Adobe XD,O*NET Database,31.0,technology,onet_software_skills,2.E.4.b|Adobe XD,Adobe XD,Graphics or photo imaging software,,No approved automatic normalization match.
O*NET Database|onet_software_skills|2.E.6.e|ADP Super Report Writer,O*NET Database,31.0,technology,onet_software_skills,2.E.6.e|ADP Super Report Writer,ADP Super Report Writer,Data base reporting software,,No approved automatic normalization match.
O*NET Database|onet_software_skills|2.E.1.c|ADP Workforce Now,O*NET Database,31.0,technology,onet_software_skills,2.E.1.c|ADP Workforce Now,ADP Workforce Now,Human resources software,,No approved automatic normalization match.
O*NET Database|onet_software_skills|2.E.7.b|Advanced boolean expression language ABEL,O*NET Database,31.0,technology,onet_software_skills,2.E.7.b|Advanced boolean expression language ABEL,Advanced boolean expression language ABEL,Development environment software,,No approved automatic normalization match.
O*NET Database|onet_software_skills|2.E.7.e|Advanced business application programming ABAP,O*NET Database,31.0,technology,onet_software_skills,2.E.7.e|Advanced business application programming ABAP,Advanced business application programming ABAP,Object or component oriented development software,,No approved automatic normalization match.
O*NET Database|onet_software_skills|2.E.2.c|Advanced Micro Systems 1099-Etc,O*NET Database,31.0,technology,onet_software_skills,2.E.2.c|Advanced Micro Systems 1099-Etc,Advanced Micro Systems 1099-Etc,Tax preparation software,,No approved automatic normalization match.
O*NET Database|onet_software_skills|2.E.9.i|Advantage Software Physical Therapy Advantage,O*NET Database,31.0,technology,onet_software_skills,2.E.9.i|Advantage Software Physical Therapy Advantage,Advantage Software Physical Therapy Advantage,Medical software,,No approved automatic normalization match.
"O*NET Database|onet_software_skills|2.E.5.a|Adxstudio, for Microsoft",O*NET Database,31.0,technology,onet_software_skills,"2.E.5.a|Adxstudio, for Microsoft","Adxstudio, for Microsoft",Content workflow software,,No approved automatic normalization match.
O*NET Database|onet_software_skills|2.E.7.h|Ahrefs Site Explorer,O*NET Database,31.0,technology,onet_software_skills,2.E.7.h|Ahrefs Site Explorer,Ahrefs Site Explorer,Web platform development software,,No approved automatic normalization match.
O*NET Database|onet_software_skills|2.E.6.f|Airtable,O*NET Database,31.0,technology,onet_software_skills,2.E.6.f|Airtable,Airtable,Data base user interface and query software,,No approved automatic normalization match.
O*NET Database|onet_software_skills|2.E.7.h|AJAX,O*NET Database,31.0,technology,onet_software_skills,2.E.7.h|AJAX,AJAX,Web platform development software,,No approved automatic normalization match.
O*NET Database|onet_software_skills|2.E.7.b|Algorithmic language ALGOL,O*NET Database,31.0,technology,onet_software_skills,2.E.7.b|Algorithmic language ALGOL,Algorithmic language ALGOL,Development environment software,,No approved automatic normalization match.
O*NET Database|onet_software_skills|2.E.7.h|Allaire ColdFusion,O*NET Database,31.0,technology,onet_software_skills,2.E.7.h|Allaire ColdFusion,Allaire ColdFusion,Web platform development software,,No approved automatic normalization match.
O*NET Database|onet_software_skills|2.E.9.g|Allen Bradley PanelView,O*NET Database,31.0,technology,onet_software_skills,2.E.9.g|Allen Bradley PanelView,Allen Bradley PanelView,Industrial control software,,No approved automatic normalization match.
O*NET Database|onet_software_skills|2.E.9.i|Allscripts EHR,O*NET Database,31.0,technology,onet_software_skills,2.E.9.i|Allscripts EHR,Allscripts EHR,Medical software,,No approved automatic normalization match.
O*NET Database|onet_software_skills|2.E.9.i|Allscripts Professional EHR,O*NET Database,31.0,technology,onet_software_skills,2.E.9.i|Allscripts Professional EHR,Allscripts Professional EHR,Medical software,,No approved automatic normalization match.
O*NET Database|onet_software_skills|2.E.7.b|Altera hardware description language AHDL,O*NET Database,31.0,technology,onet_software_skills,2.E.7.b|Altera hardware description language AHDL,Altera hardware description language AHDL,Development environment software,,No approved automatic normalization match.
O*NET Database|onet_software_skills|2.E.6.m|Alteryx software,O*NET Database,31.0,technology,onet_software_skills,2.E.6.m|Alteryx software,Alteryx software,Business intelligence and data analysis software,,No approved automatic normalization match.
O*NET Database|onet_software_skills|2.E.7.d|Altia Design,O*NET Database,31.0,technology,onet_software_skills,2.E.7.d|Altia Design,Altia Design,Graphical user interface development software,,No approved automatic normalization match.
O*NET Database|onet_software_skills|2.E.6.i|Altova MapForce,O*NET Database,31.0,technology,onet_software_skills,2.E.6.i|Altova MapForce,Altova MapForce,Metadata management software,,No approved automatic normalization match.
O*NET Database|onet_software_skills|2.E.9.i|Amazing Charts,O*NET Database,31.0,technology,onet_software_skills,2.E.9.i|Amazing Charts,Amazing Charts,Medical software,,No approved automatic normalization match.
O*NET Database|onet_software_skills|2.E.6.d|Amazon DynamoDB,O*NET Database,31.0,technology,onet_software_skills,2.E.6.d|Amazon DynamoDB,Amazon DynamoDB,Data base management system software,,No approved automatic normalization match.
O*NET Database|onet_software_skills|2.E.6.f|Amazon Elastic Compute Cloud EC2,O*NET Database,31.0,technology,onet_software_skills,2.E.6.f|Amazon Elastic Compute Cloud EC2,Amazon Elastic Compute Cloud EC2,Data base user interface and query software,,No approved automatic normalization match.
O*NET Database|onet_software_skills|2.E.6.d|Amazon Kinesis,O*NET Database,31.0,technology,onet_software_skills,2.E.6.d|Amazon Kinesis,Amazon Kinesis,Data base management system software,,No approved automatic normalization match.
O*NET Database|onet_software_skills|2.E.6.f|Amazon Redshift,O*NET Database,31.0,technology,onet_software_skills,2.E.6.f|Amazon Redshift,Amazon Redshift,Data base user interface and query software,,No approved automatic normalization match.
O*NET Database|onet_software_skills|2.E.12.f|Amazon Simple Storage Service S3,O*NET Database,31.0,technology,onet_software_skills,2.E.12.f|Amazon Simple Storage Service S3,Amazon Simple Storage Service S3,Storage networking software,,No approved automatic normalization match.
O*NET Database|onet_software_skills|2.E.11.e|Amazon Web Services AWS CloudFormation,O*NET Database,31.0,technology,onet_software_skills,2.E.11.e|Amazon Web Services AWS CloudFormation,Amazon Web Services AWS CloudFormation,Cloud-based management software,,No approved automatic normalization match.
O*NET Database|onet_software_skills|2.E.11.e|Amazon Web Services AWS SageMaker,O*NET Database,31.0,technology,onet_software_skills,2.E.11.e|Amazon Web Services AWS SageMaker,Amazon Web Services AWS SageMaker,Cloud-based management software,,No approved automatic normalization match.
O*NET Database|onet_software_skills|2.E.6.f|Amazon Web Services AWS software,O*NET Database,31.0,technology,onet_software_skills,2.E.6.f|Amazon Web Services AWS software,Amazon Web Services AWS software,Data base user interface and query software,,No approved automatic normalization match.
O*NET Database|onet_software_skills|2.E.4.b|Ambient Design ArtRage,O*NET Database,31.0,technology,onet_software_skills,2.E.4.b|Ambient Design ArtRage,Ambient Design ArtRage,Graphics or photo imaging software,,No approved automatic normalization match.
O*NET Database|onet_software_skills|2.E.6.a|American Medical Association CodeManager,O*NET Database,31.0,technology,onet_software_skills,2.E.6.a|American Medical Association CodeManager,American Medical Association CodeManager,Categorization or classification software,,No approved automatic normalization match.
O*NET Database|onet_software_skills|2.E.7.b|American National Standards Institute ANSI C,O*NET Database,31.0,technology,onet_software_skills,2.E.7.b|American National Standards Institute ANSI C,American National Standards Institute ANSI C,Development environment software,,No approved automatic normalization match.
O*NET Database|onet_software_skills|2.E.2.c|American Riviera Magtax,O*NET Database,31.0,technology,onet_software_skills,2.E.2.c|American Riviera Magtax,American Riviera Magtax,Tax preparation software,,No approved automatic normalization match.
O*NET Database|onet_software_skills|2.E.9.i|Amkai AmkaiCharts,O*NET Database,31.0,technology,onet_software_skills,2.E.9.i|Amkai AmkaiCharts,Amkai AmkaiCharts,Medical software,,No approved automatic normalization match.
O*NET Database|onet_software_skills|2.E.9.d|AndersonBell Abstat,O*NET Database,31.0,technology,onet_software_skills,2.E.9.d|AndersonBell Abstat,AndersonBell Abstat,Analytical or scientific software,,No approved automatic normalization match.
O*NET Database|onet_software_skills|2.E.1.i|Ansible software,O*NET Database,31.0,technology,onet_software_skills,2.E.1.i|Ansible software,Ansible software,Expert system software,,No approved automatic normalization match.
O*NET Database|onet_software_skills|2.E.9.d|ANSYS simulation software,O*NET Database,31.0,technology,onet_software_skills,2.E.9.d|ANSYS simulation software,ANSYS simulation software,Analytical or scientific software,,No approved automatic normalization match.
O*NET Database|onet_software_skills|2.E.14.d|Anti-phishing software,O*NET Database,31.0,technology,onet_software_skills,2.E.14.d|Anti-phishing software,Anti-phishing software,Transaction security and virus protection software,,No approved automatic normalization match.
O*NET Database|onet_software_skills|2.E.14.d|Anti-spyware software,O*NET Database,31.0,technology,onet_software_skills,2.E.14.d|Anti-spyware software,Anti-spyware software,Transaction security and virus protection software,,No approved automatic normalization match.
O*NET Database|onet_software_skills|2.E.14.d|Anti-Trojan software,O*NET Database,31.0,technology,onet_software_skills,2.E.14.d|Anti-Trojan software,Anti-Trojan software,Transaction security and virus protection software,,No approved automatic normalization match.
O*NET Database|onet_software_skills|2.E.7.b|Aonix Software Through Pictures,O*NET Database,31.0,technology,onet_software_skills,2.E.7.b|Aonix Software Through Pictures,Aonix Software Through Pictures,Development environment software,,No approved automatic normalization match.
O*NET Database|onet_software_skills|2.E.1.o|Apache Airflow,O*NET Database,31.0,technology,onet_software_skills,2.E.1.o|Apache Airflow,Apache Airflow,Procedure management software,,No approved automatic normalization match.
O*NET Database|onet_software_skills|2.E.7.b|Apache Ant,O*NET Database,31.0,technology,onet_software_skills,2.E.7.b|Apache Ant,Apache Ant,Development environment software,,No approved automatic normalization match.
O*NET Database|onet_software_skills|2.E.6.h|Apache Avro,O*NET Database,31.0,technology,onet_software_skills,2.E.6.h|Apache Avro,Apache Avro,Information retrieval or search software,,No approved automatic normalization match.
O*NET Database|onet_software_skills|2.E.6.d|Apache Cassandra,O*NET Database,31.0,technology,onet_software_skills,2.E.6.d|Apache Cassandra,Apache Cassandra,Data base management system software,,No approved automatic normalization match.
O*NET Database|onet_software_skills|2.E.6.d|Apache Flume,O*NET Database,31.0,technology,onet_software_skills,2.E.6.d|Apache Flume,Apache Flume,Data base management system software,,No approved automatic normalization match.
O*NET Database|onet_software_skills|2.E.6.d|Apache Hadoop,O*NET Database,31.0,technology,onet_software_skills,2.E.6.d|Apache Hadoop,Apache Hadoop,Data base management system software,,No approved automatic normalization match.
O*NET Database|onet_software_skills|2.E.6.d|Apache HBase,O*NET Database,31.0,technology,onet_software_skills,2.E.6.d|Apache HBase,Apache HBase,Data base management system software,,No approved automatic normalization match.
O*NET Database|onet_software_skills|2.E.6.k|Apache HTTP Server,O*NET Database,31.0,technology,onet_software_skills,2.E.6.k|Apache HTTP Server,Apache HTTP Server,Portal server software,,No approved automatic normalization match.
O*NET Database|onet_software_skills|2.E.7.b|Apache Kafka,O*NET Database,31.0,technology,onet_software_skills,2.E.7.b|Apache Kafka,Apache Kafka,Development environment software,,No approved automatic normalization match.
O*NET Database|onet_software_skills|2.E.1.i|Apache Mahout,O*NET Database,31.0,technology,onet_software_skills,2.E.1.i|Apache Mahout,Apache Mahout,Expert system software,,No approved automatic normalization match.
O*NET Database|onet_software_skills|2.E.7.b|Apache Maven,O*NET Database,31.0,technology,onet_software_skills,2.E.7.b|Apache Maven,Apache Maven,Development environment software,,No approved automatic normalization match.
O*NET Database|onet_software_skills|2.E.9.g|Apache MXNet,O*NET Database,31.0,technology,onet_software_skills,2.E.9.g|Apache MXNet,Apache MXNet,Industrial control software,,No approved automatic normalization match.
O*NET Database|onet_software_skills|2.E.6.d|Apache Oozie,O*NET Database,31.0,technology,onet_software_skills,2.E.6.d|Apache Oozie,Apache Oozie,Data base management system software,,No approved automatic normalization match.
O*NET Database|onet_software_skills|2.E.6.d|Apache Pig,O*NET Database,31.0,technology,onet_software_skills,2.E.6.d|Apache Pig,Apache Pig,Data base management system software,,No approved automatic normalization match.
O*NET Database|onet_software_skills|2.E.6.d|Apache Solr,O*NET Database,31.0,technology,onet_software_skills,2.E.6.d|Apache Solr,Apache Solr,Data base management system software,,No approved automatic normalization match.
O*NET Database|onet_software_skills|2.E.6.d|Apache Sqoop,O*NET Database,31.0,technology,onet_software_skills,2.E.6.d|Apache Sqoop,Apache Sqoop,Data base management system software,,No approved automatic normalization match.
O*NET Database|onet_software_skills|2.E.7.h|Apache Struts,O*NET Database,31.0,technology,onet_software_skills,2.E.7.h|Apache Struts,Apache Struts,Web platform development software,,No approved automatic normalization match.
O*NET Database|onet_software_skills|2.E.5.c|Apache Subversion SVN,O*NET Database,31.0,technology,onet_software_skills,2.E.5.c|Apache Subversion SVN,Apache Subversion SVN,File versioning software,,No approved automatic normalization match.
O*NET Database|onet_software_skills|2.E.7.h|Apache Tomcat,O*NET Database,31.0,technology,onet_software_skills,2.E.7.h|Apache Tomcat,Apache Tomcat,Web platform development software,,No approved automatic normalization match.
O*NET Database|onet_software_skills|2.E.6.i|Apatar,O*NET Database,31.0,technology,onet_software_skills,2.E.6.i|Apatar,Apatar,Metadata management software,,No approved automatic normalization match.
O*NET Database|onet_software_skills|2.E.9.d|APLAC,O*NET Database,31.0,technology,onet_software_skills,2.E.9.d|APLAC,APLAC,Analytical or scientific software,,No approved automatic normalization match.
O*NET Database|onet_software_skills|2.E.7.e|Apple Cocoa,O*NET Database,31.0,technology,onet_software_skills,2.E.7.e|Apple Cocoa,Apple Cocoa,Object or component oriented development software,,No approved automatic normalization match.
O*NET Database|onet_software_skills|2.E.4.b|Apple DrawBerry,O*NET Database,31.0,technology,onet_software_skills,2.E.4.b|Apple DrawBerry,Apple DrawBerry,Graphics or photo imaging software,,No approved automatic normalization match.
O*NET Database|onet_software_skills|2.E.4.c|Apple Final Cut Pro,O*NET Database,31.0,technology,onet_software_skills,2.E.4.c|Apple Final Cut Pro,Apple Final Cut Pro,Video creation and editing software,,No approved automatic normalization match.
O*NET Database|onet_software_skills|2.E.4.c|Apple iMovie,O*NET Database,31.0,technology,onet_software_skills,2.E.4.c|Apple iMovie,Apple iMovie,Video creation and editing software,,No approved automatic normalization match.
O*NET Database|onet_software_skills|2.E.13.c|Apple iOS,O*NET Database,31.0,technology,onet_software_skills,2.E.13.c|Apple iOS,Apple iOS,Operating system software,,No approved automatic normalization match.
O*NET Database|onet_software_skills|2.E.4.f|Apple iWork Keynote,O*NET Database,31.0,technology,onet_software_skills,2.E.4.f|Apple iWork Keynote,Apple iWork Keynote,Presentation software,,No approved automatic normalization match.
O*NET Database|onet_software_skills|2.E.4.f|Apple Keynote,O*NET Database,31.0,technology,onet_software_skills,2.E.4.f|Apple Keynote,Apple Keynote,Presentation software,,No approved automatic normalization match.
O*NET Database|onet_software_skills|2.E.13.c|Apple macOS,O*NET Database,31.0,technology,onet_software_skills,2.E.13.c|Apple macOS,Apple macOS,Operating system software,,No approved automatic normalization match.
O*NET Database|onet_software_skills|2.E.1.c|Applicant tracking software,O*NET Database,31.0,technology,onet_software_skills,2.E.1.c|Applicant tracking software,Applicant tracking software,Human resources software,,No approved automatic normalization match.
O*NET Database|onet_software_skills|2.E.1.c|ApplicantPro iApplicants,O*NET Database,31.0,technology,onet_software_skills,2.E.1.c|ApplicantPro iApplicants,ApplicantPro iApplicants,Human resources software,,No approved automatic normalization match.
O*NET Database|onet_software_skills|2.E.7.a|Application management software,O*NET Database,31.0,technology,onet_software_skills,2.E.7.a|Application management software,Application management software,Configuration management software,,No approved automatic normalization match.
O*NET Database|onet_software_skills|2.E.2.b|Aprimo Marketing,O*NET Database,31.0,technology,onet_software_skills,2.E.2.b|Aprimo Marketing,Aprimo Marketing,Enterprise resource planning ERP software,,No approved automatic normalization match.
O*NET Database|onet_software_skills|2.E.4.b|Aqsis Renderer,O*NET Database,31.0,technology,onet_software_skills,2.E.4.b|Aqsis Renderer,Aqsis Renderer,Graphics or photo imaging software,,No approved automatic normalization match.
O*NET Database|onet_software_skills|2.E.1.c|Arbita OnePost,O*NET Database,31.0,technology,onet_software_skills,2.E.1.c|Arbita OnePost,Arbita OnePost,Human resources software,,No approved automatic normalization match.
O*NET Database|onet_software_skills|2.E.1.c|Arbita OneWorld,O*NET Database,31.0,technology,onet_software_skills,2.E.1.c|Arbita OneWorld,Arbita OneWorld,Human resources software,,No approved automatic normalization match.
O*NET Database|onet_software_skills|2.E.9.d|Arbutus Analyzer,O*NET Database,31.0,technology,onet_software_skills,2.E.9.d|Arbutus Analyzer,Arbutus Analyzer,Analytical or scientific software,,No approved automatic normalization match.
O*NET Database|onet_software_skills|2.E.7.g|Architecture description language ADL,O*NET Database,31.0,technology,onet_software_skills,2.E.7.g|Architecture description language ADL,Architecture description language ADL,Requirements analysis and system architecture software,,No approved automatic normalization match.
O*NET Database|onet_software_skills|2.E.9.o|ArcSight Enterprise Threat and Risk Management,O*NET Database,31.0,technology,onet_software_skills,2.E.9.o|ArcSight Enterprise Threat and Risk Management,ArcSight Enterprise Threat and Risk Management,Risk management data and analysis software,,No approved automatic normalization match.
O*NET Database|onet_software_skills|2.E.16.i|Asana,O*NET Database,31.0,technology,onet_software_skills,2.E.16.i|Asana,Asana,Cloud-based data access and sharing software,,No approved automatic normalization match.
O*NET Database|onet_software_skills|2.E.6.e|ASG Technologies ASG-Zeke,O*NET Database,31.0,technology,onet_software_skills,2.E.6.e|ASG Technologies ASG-Zeke,ASG Technologies ASG-Zeke,Data base reporting software,,No approved automatic normalization match.
O*NET Database|onet_software_skills|2.E.9.g|Assembly line balancing software,O*NET Database,31.0,technology,onet_software_skills,2.E.9.g|Assembly line balancing software,Assembly line balancing software,Industrial control software,,No approved automatic normalization match.
O*NET Database|onet_software_skills|2.E.9.d|Assessment software,O*NET Database,31.0,technology,onet_software_skills,2.E.9.d|Assessment software,Assessment software,Analytical or scientific software,,No approved automatic normalization match.
O*NET Database|onet_software_skills|2.E.1.f|Asset management software,O*NET Database,31.0,technology,onet_software_skills,2.E.1.f|Asset management software,Asset management software,Inventory management software,,No approved automatic normalization match.
O*NET Database|onet_software_skills|2.E.1.c|AST Staff Matrix,O*NET Database,31.0,technology,onet_software_skills,2.E.1.c|AST Staff Matrix,AST Staff Matrix,Human resources software,,No approved automatic normalization match.
O*NET Database|onet_software_skills|2.E.6.b|Aster Data nCluster,O*NET Database,31.0,technology,onet_software_skills,2.E.6.b|Aster Data nCluster,Aster Data nCluster,Clustering software,,No approved automatic normalization match.
O*NET Database|onet_software_skills|2.E.12.h|ATD protocol,O*NET Database,31.0,technology,onet_software_skills,2.E.12.h|ATD protocol,ATD protocol,WAN switching software and firmware,,No approved automatic normalization match.
O*NET Database|onet_software_skills|2.E.6.m|Atlas Search,O*NET Database,31.0,technology,onet_software_skills,2.E.6.m|Atlas Search,Atlas Search,Business intelligence and data analysis software,,No approved automatic normalization match.
O*NET Database|onet_software_skills|2.E.7.c|Atlassian Bamboo,O*NET Database,31.0,technology,onet_software_skills,2.E.7.c|Atlassian Bamboo,Atlassian Bamboo,Enterprise application integration software,,No approved automatic normalization match.
O*NET Database|onet_software_skills|2.E.10.a|Atlassian Bitbucket,O*NET Database,31.0,technology,onet_software_skills,2.E.10.a|Atlassian Bitbucket,Atlassian Bitbucket,Application server software,,No approved automatic normalization match.
O*NET Database|onet_software_skills|2.E.1.e|Atlassian Confluence,O*NET Database,31.0,technology,onet_software_skills,2.E.1.e|Atlassian Confluence,Atlassian Confluence,Project management software,,No approved automatic normalization match.
O*NET Database|onet_software_skills|2.E.5.a|Atlassian JIRA,O*NET Database,31.0,technology,onet_software_skills,2.E.5.a|Atlassian JIRA,Atlassian JIRA,Content workflow software,,No approved automatic normalization match.
O*NET Database|onet_software_skills|2.E.2.a|ATX Total Accounting Office,O*NET Database,31.0,technology,onet_software_skills,2.E.2.a|ATX Total Accounting Office,ATX Total Accounting Office,Accounting software,,No approved automatic normalization match.
O*NET Database|onet_software_skills|2.E.2.a|ATX Total Engagement Office,O*NET Database,31.0,technology,onet_software_skills,2.E.2.a|ATX Total Engagement Office,ATX Total Engagement Office,Accounting software,,No approved automatic normalization match.
O*NET Database|onet_software_skills|2.E.2.c|ATX Total Tax Office,O*NET Database,31.0,technology,onet_software_skills,2.E.2.c|ATX Total Tax Office,ATX Total Tax Office,Tax preparation software,,No approved automatic normalization match.
O*NET Database|onet_software_skills|2.E.2.d|Audit management software,O*NET Database,31.0,technology,onet_software_skills,2.E.2.d|Audit management software,Audit management software,Financial analysis software,,No approved automatic normalization match.
O*NET Database|onet_software_skills|2.E.2.d|Audit planning and control environment software,O*NET Database,31.0,technology,onet_software_skills,2.E.2.d|Audit planning and control environment software,Audit planning and control environment software,Financial analysis software,,No approved automatic normalization match.
O*NET Database|onet_software_skills|2.E.2.d|AuditWare CaseWare Examiner,O*NET Database,31.0,technology,onet_software_skills,2.E.2.d|AuditWare CaseWare Examiner,AuditWare CaseWare Examiner,Financial analysis software,,No approved automatic normalization match.
O*NET Database|onet_software_skills|2.E.2.d|AuditWare financial reporting and auditing software,O*NET Database,31.0,technology,onet_software_skills,2.E.2.d|AuditWare financial reporting and auditing software,AuditWare financial reporting and auditing software,Financial analysis software,,No approved automatic normalization match.
O*NET Database|onet_software_skills|2.E.4.c|Autodesk 3ds Max,O*NET Database,31.0,technology,onet_software_skills,2.E.4.c|Autodesk 3ds Max,Autodesk 3ds Max,Video creation and editing software,,No approved automatic normalization match.
O*NET Database|onet_software_skills|2.E.9.c|Autodesk 3ds Max Design,O*NET Database,31.0,technology,onet_software_skills,2.E.9.c|Autodesk 3ds Max Design,Autodesk 3ds Max Design,Computer aided design CAD software,,No approved automatic normalization match.
O*NET Database|onet_software_skills|2.E.9.c|Autodesk Alias Design,O*NET Database,31.0,technology,onet_software_skills,2.E.9.c|Autodesk Alias Design,Autodesk Alias Design,Computer aided design CAD software,,No approved automatic normalization match.
O*NET Database|onet_software_skills|2.E.9.c|Autodesk Alias Surface,O*NET Database,31.0,technology,onet_software_skills,2.E.9.c|Autodesk Alias Surface,Autodesk Alias Surface,Computer aided design CAD software,,No approved automatic normalization match.
O*NET Database|onet_software_skills|2.E.9.c|Autodesk AutoCAD,O*NET Database,31.0,technology,onet_software_skills,2.E.9.c|Autodesk AutoCAD,Autodesk AutoCAD,Computer aided design CAD software,,No approved automatic normalization match.
O*NET Database|onet_software_skills|2.E.9.c|Autodesk AutoCAD Civil 3D,O*NET Database,31.0,technology,onet_software_skills,2.E.9.c|Autodesk AutoCAD Civil 3D,Autodesk AutoCAD Civil 3D,Computer aided design CAD software,,No approved automatic normalization match.
O*NET Database|onet_software_skills|2.E.4.b|Autodesk Combustion,O*NET Database,31.0,technology,onet_software_skills,2.E.4.b|Autodesk Combustion,Autodesk Combustion,Graphics or photo imaging software,,No approved automatic normalization match.
O*NET Database|onet_software_skills|2.E.9.c|Autodesk Land Desktop,O*NET Database,31.0,technology,onet_software_skills,2.E.9.c|Autodesk Land Desktop,Autodesk Land Desktop,Computer aided design CAD software,,No approved automatic normalization match.
O*NET Database|onet_software_skills|2.E.4.b|Autodesk Maya,O*NET Database,31.0,technology,onet_software_skills,2.E.4.b|Autodesk Maya,Autodesk Maya,Graphics or photo imaging software,,No approved automatic normalization match.
O*NET Database|onet_software_skills|2.E.4.c|Autodesk MotionBuilder,O*NET Database,31.0,technology,onet_software_skills,2.E.4.c|Autodesk MotionBuilder,Autodesk MotionBuilder,Video creation and editing software,,No approved automatic normalization match.
O*NET Database|onet_software_skills|2.E.4.b|Autodesk Mudbox,O*NET Database,31.0,technology,onet_software_skills,2.E.4.b|Autodesk Mudbox,Autodesk Mudbox,Graphics or photo imaging software,,No approved automatic normalization match.
O*NET Database|onet_software_skills|2.E.9.c|Autodesk Revit,O*NET Database,31.0,technology,onet_software_skills,2.E.9.c|Autodesk Revit,Autodesk Revit,Computer aided design CAD software,,No approved automatic normalization match.
O*NET Database|onet_software_skills|2.E.4.b|Autodesk SketchBook Pro,O*NET Database,31.0,technology,onet_software_skills,2.E.4.b|Autodesk SketchBook Pro,Autodesk SketchBook Pro,Graphics or photo imaging software,,No approved automatic normalization match.
O*NET Database|onet_software_skills|2.E.4.b|Autodesk SoftImage,O*NET Database,31.0,technology,onet_software_skills,2.E.4.b|Autodesk SoftImage,Autodesk SoftImage,Graphics or photo imaging software,,No approved automatic normalization match.
O*NET Database|onet_software_skills|2.E.9.c|AutoDesSys form Z,O*NET Database,31.0,technology,onet_software_skills,2.E.9.c|AutoDesSys form Z,AutoDesSys form Z,Computer aided design CAD software,,No approved automatic normalization match.
O*NET Database|onet_software_skills|2.E.11.a|Automated audit trail analysis software,O*NET Database,31.0,technology,onet_software_skills,2.E.11.a|Automated audit trail analysis software,Automated audit trail analysis software,Network monitoring software,,No approved automatic normalization match.
O*NET Database|onet_software_skills|2.E.2.d|Automated auditors fraud detector software,O*NET Database,31.0,technology,onet_software_skills,2.E.2.d|Automated auditors fraud detector software,Automated auditors fraud detector software,Financial analysis software,,No approved automatic normalization match.
O*NET Database|onet_software_skills|2.E.7.a|Automated installation software,O*NET Database,31.0,technology,onet_software_skills,2.E.7.a|Automated installation software,Automated installation software,Configuration management software,,No approved automatic normalization match.
O*NET Database|onet_software_skills|2.E.9.d|Automated material handling software,O*NET Database,31.0,technology,onet_software_skills,2.E.9.d|Automated material handling software,Automated material handling software,Analytical or scientific software,,No approved automatic normalization match.
O*NET Database|onet_software_skills|2.E.11.a|Automated media tracking software,O*NET Database,31.0,technology,onet_software_skills,2.E.11.a|Automated media tracking software,Automated media tracking software,Network monitoring software,,No approved automatic normalization match.
O*NET Database|onet_software_skills|2.E.9.d|Automatic dynamic incremental nonlinear analysis ADINA,O*NET Database,31.0,technology,onet_software_skills,2.E.9.d|Automatic dynamic incremental nonlinear analysis ADINA,Automatic dynamic incremental nonlinear analysis ADINA,Analytical or scientific software,,No approved automatic normalization match.
O*NET Database|onet_software_skills|2.E.2.a|Automation Counselors municiPAL,O*NET Database,31.0,technology,onet_software_skills,2.E.2.a|Automation Counselors municiPAL,Automation Counselors municiPAL,Accounting software,,No approved automatic normalization match.
O*NET Database|onet_software_skills|2.E.4.b|AutoQ3D,O*NET Database,31.0,technology,onet_software_skills,2.E.4.b|AutoQ3D,AutoQ3D,Graphics or photo imaging software,,No approved automatic normalization match.
O*NET Database|onet_software_skills|2.E.9.d|Availability prediction modeling software,O*NET Database,31.0,technology,onet_software_skills,2.E.9.d|Availability prediction modeling software,Availability prediction modeling software,Analytical or scientific software,,No approved automatic normalization match.
O*NET Database|onet_software_skills|2.E.2.c|Avalara AvaTax ST,O*NET Database,31.0,technology,onet_software_skills,2.E.2.c|Avalara AvaTax ST,Avalara AvaTax ST,Tax preparation software,,No approved automatic normalization match.
O*NET Database|onet_software_skills|2.E.9.g|AVEVA InTouch HMI,O*NET Database,31.0,technology,onet_software_skills,2.E.9.g|AVEVA InTouch HMI,AVEVA InTouch HMI,Industrial control software,,No approved automatic normalization match.
O*NET Database|onet_software_skills|2.E.3.b|Avid Pro Tools,O*NET Database,31.0,technology,onet_software_skills,2.E.3.b|Avid Pro Tools,Avid Pro Tools,Music or sound editing software,,No approved automatic normalization match.
O*NET Database|onet_software_skills|2.E.7.b|AWK,O*NET Database,31.0,technology,onet_software_skills,2.E.7.b|AWK,AWK,Development environment software,,No approved automatic normalization match.
O*NET Database|onet_software_skills|2.E.4.g|Axure RP,O*NET Database,31.0,technology,onet_software_skills,2.E.4.g|Axure RP,Axure RP,Web page creation and editing software,,No approved automatic normalization match.
O*NET Database|onet_software_skills|2.E.9.i|Azalea Health Azalea EHR,O*NET Database,31.0,technology,onet_software_skills,2.E.9.i|Azalea Health Azalea EHR,Azalea Health Azalea EHR,Medical software,,No approved automatic normalization match.
O*NET Database|onet_software_skills|2.E.7.b|B-Method,O*NET Database,31.0,technology,onet_software_skills,2.E.7.b|B-Method,B-Method,Development environment software,,No approved automatic normalization match.
O*NET Database|onet_software_skills|2.E.7.h|Backbone.js,O*NET Database,31.0,technology,onet_software_skills,2.E.7.h|Backbone.js,Backbone.js,Web platform development software,,No approved automatic normalization match.
O*NET Database|onet_software_skills|2.E.1.c|Background checking software,O*NET Database,31.0,technology,onet_software_skills,2.E.1.c|Background checking software,Background checking software,Human resources software,,No approved automatic normalization match.
O*NET Database|onet_software_skills|2.E.15.f|Backup and archival software,O*NET Database,31.0,technology,onet_software_skills,2.E.15.f|Backup and archival software,Backup and archival software,Backup or archival software,,No approved automatic normalization match.
O*NET Database|onet_software_skills|2.E.1.e|Basecamp,O*NET Database,31.0,technology,onet_software_skills,2.E.1.e|Basecamp,Basecamp,Project management software,,No approved automatic normalization match.
O*NET Database|onet_software_skills|2.E.13.c|Bash,O*NET Database,31.0,technology,onet_software_skills,2.E.13.c|Bash,Bash,Operating system software,,No approved automatic normalization match.
O*NET Database|onet_software_skills|2.E.6.l|BEA Tuxedo,O*NET Database,31.0,technology,onet_software_skills,2.E.6.l|BEA Tuxedo,BEA Tuxedo,Transaction server software,,No approved automatic normalization match.
O*NET Database|onet_software_skills|2.E.7.b|Beginner's all-purpose symbolic instruction code BASIC,O*NET Database,31.0,technology,onet_software_skills,2.E.7.b|Beginner's all-purpose symbolic instruction code BASIC,Beginner's all-purpose symbolic instruction code BASIC,Development environment software,,No approved automatic normalization match.
O*NET Database|onet_software_skills|2.E.4.b|Bentley GeoPak Bridge,O*NET Database,31.0,technology,onet_software_skills,2.E.4.b|Bentley GeoPak Bridge,Bentley GeoPak Bridge,Graphics or photo imaging software,,No approved automatic normalization match.
O*NET Database|onet_software_skills|2.E.9.c|Bentley Haestad Methods CivilStorm,O*NET Database,31.0,technology,onet_software_skills,2.E.9.c|Bentley Haestad Methods CivilStorm,Bentley Haestad Methods CivilStorm,Computer aided design CAD software,,No approved automatic normalization match.
O*NET Database|onet_software_skills|2.E.9.c|Bentley InRoads Suite,O*NET Database,31.0,technology,onet_software_skills,2.E.9.c|Bentley InRoads Suite,Bentley InRoads Suite,Computer aided design CAD software,,No approved automatic normalization match.
O*NET Database|onet_software_skills|2.E.9.c|Bentley MicroStation,O*NET Database,31.0,technology,onet_software_skills,2.E.9.c|Bentley MicroStation,Bentley MicroStation,Computer aided design CAD software,,No approved automatic normalization match.
O*NET Database|onet_software_skills|2.E.9.c|Bentley STAAD,O*NET Database,31.0,technology,onet_software_skills,2.E.9.c|Bentley STAAD,Bentley STAAD,Computer aided design CAD software,,No approved automatic normalization match.
O*NET Database|onet_software_skills|2.E.10.d|Berkeley Internet Domain Name BIND,O*NET Database,31.0,technology,onet_software_skills,2.E.10.d|Berkeley Internet Domain Name BIND,Berkeley Internet Domain Name BIND,Internet directory services software,,No approved automatic normalization match.
O*NET Database|onet_software_skills|2.E.2.a|Best MIP Fund Accounting,O*NET Database,31.0,technology,onet_software_skills,2.E.2.a|Best MIP Fund Accounting,Best MIP Fund Accounting,Accounting software,,No approved automatic normalization match.
O*NET Database|onet_software_skills|2.E.6.f|Best Software CPAPayroll,O*NET Database,31.0,technology,onet_software_skills,2.E.6.f|Best Software CPAPayroll,Best Software CPAPayroll,Data base user interface and query software,,No approved automatic normalization match.
O*NET Database|onet_software_skills|2.E.9.e|Bi3 Audit Intelligence,O*NET Database,31.0,technology,onet_software_skills,2.E.9.e|Bi3 Audit Intelligence,Bi3 Audit Intelligence,Compliance software,,No approved automatic normalization match.
O*NET Database|onet_software_skills|2.E.2.d|Bi3 Financial Statement Fraud Analysis,O*NET Database,31.0,technology,onet_software_skills,2.E.2.d|Bi3 Financial Statement Fraud Analysis,Bi3 Financial Statement Fraud Analysis,Financial analysis software,,No approved automatic normalization match.
O*NET Database|onet_software_skills|2.E.7.b|Bigloo Scheme,O*NET Database,31.0,technology,onet_software_skills,2.E.7.b|Bigloo Scheme,Bigloo Scheme,Development environment software,,No approved automatic normalization match.
O*NET Database|onet_software_skills|2.E.6.f|BigQuery,O*NET Database,31.0,technology,onet_software_skills,2.E.6.f|BigQuery,BigQuery,Data base user interface and query software,,No approved automatic normalization match.
O*NET Database|onet_software_skills|2.E.1.d|Bill of materials software,O*NET Database,31.0,technology,onet_software_skills,2.E.1.d|Bill of materials software,Bill of materials software,Materials requirements planning logistics and supply chain software,,No approved automatic normalization match.
O*NET Database|onet_software_skills|2.E.2.f|Billing software,O*NET Database,31.0,technology,onet_software_skills,2.E.2.f|Billing software,Billing software,Billing and invoicing software,,No approved automatic normalization match.
O*NET Database|onet_software_skills|2.E.1.l|Bing Ads,O*NET Database,31.0,technology,onet_software_skills,2.E.1.l|Bing Ads,Bing Ads,Sales and marketing software,,No approved automatic normalization match.
O*NET Database|onet_software_skills|2.E.3.a|Biometrics video game software,O*NET Database,31.0,technology,onet_software_skills,2.E.3.a|Biometrics video game software,Biometrics video game software,Action games,,No approved automatic normalization match.
O*NET Database|onet_software_skills|2.E.2.d|BizBench,O*NET Database,31.0,technology,onet_software_skills,2.E.2.d|BizBench,BizBench,Financial analysis software,,No approved automatic normalization match.
O*NET Database|onet_software_skills|2.E.9.i|Bizmatics PrognoCIS EMR,O*NET Database,31.0,technology,onet_software_skills,2.E.9.i|Bizmatics PrognoCIS EMR,Bizmatics PrognoCIS EMR,Medical software,,No approved automatic normalization match.
O*NET Database|onet_software_skills|2.E.6.c|Blackbaud The Raiser's Edge,O*NET Database,31.0,technology,onet_software_skills,2.E.6.c|Blackbaud The Raiser's Edge,Blackbaud The Raiser's Edge,Customer relationship management CRM software,,No approved automatic normalization match.
O*NET Database|onet_software_skills|2.E.6.f|Blackboard software,O*NET Database,31.0,technology,onet_software_skills,2.E.6.f|Blackboard software,Blackboard software,Data base user interface and query software,,No approved automatic normalization match.
O*NET Database|onet_software_skills|2.E.1.c|Blackdog,O*NET Database,31.0,technology,onet_software_skills,2.E.1.c|Blackdog,Blackdog,Human resources software,,No approved automatic normalization match.
O*NET Database|onet_software_skills|2.E.1.c|BlackDog Recruiting,O*NET Database,31.0,technology,onet_software_skills,2.E.1.c|BlackDog Recruiting,BlackDog Recruiting,Human resources software,,No approved automatic normalization match.
O*NET Database|onet_software_skills|2.E.4.b|Blender,O*NET Database,31.0,technology,onet_software_skills,2.E.4.b|Blender,Blender,Graphics or photo imaging software,,No approved automatic normalization match.
O*NET Database|onet_software_skills|2.E.16.d|Blink,O*NET Database,31.0,technology,onet_software_skills,2.E.16.d|Blink,Blink,Instant messaging software,,No approved automatic normalization match.
O*NET Database|onet_software_skills|2.E.9.d|Blue Ridge Numerics CFDesign,O*NET Database,31.0,technology,onet_software_skills,2.E.9.d|Blue Ridge Numerics CFDesign,Blue Ridge Numerics CFDesign,Analytical or scientific software,,No approved automatic normalization match.
O*NET Database|onet_software_skills|2.E.6.d|BMC Software Change Manager,O*NET Database,31.0,technology,onet_software_skills,2.E.6.d|BMC Software Change Manager,BMC Software Change Manager,Data base management system software,,No approved automatic normalization match.
O*NET Database|onet_software_skills|2.E.7.c|BMC Software Control-M,O*NET Database,31.0,technology,onet_software_skills,2.E.7.c|BMC Software Control-M,BMC Software Control-M,Enterprise application integration software,,No approved automatic normalization match.
O*NET Database|onet_software_skills|2.E.15.f|BMC Software Recovery Manager RMAN,O*NET Database,31.0,technology,onet_software_skills,2.E.15.f|BMC Software Recovery Manager RMAN,BMC Software Recovery Manager RMAN,Backup or archival software,,No approved automatic normalization match.
O*NET Database|onet_software_skills|2.E.2.d|BNA Corporate Tax Audit Analyzer,O*NET Database,31.0,technology,onet_software_skills,2.E.2.d|BNA Corporate Tax Audit Analyzer,BNA Corporate Tax Audit Analyzer,Financial analysis software,,No approved automatic normalization match.
O*NET Database|onet_software_skills|2.E.2.c|BNA Estate and Gift Tax Suite,O*NET Database,31.0,technology,onet_software_skills,2.E.2.c|BNA Estate and Gift Tax Suite,BNA Estate and Gift Tax Suite,Tax preparation software,,No approved automatic normalization match.
O*NET Database|onet_software_skills|2.E.2.c|BNA Income Tax Planning Solutions,O*NET Database,31.0,technology,onet_software_skills,2.E.2.c|BNA Income Tax Planning Solutions,BNA Income Tax Planning Solutions,Tax preparation software,,No approved automatic normalization match.
O*NET Database|onet_software_skills|2.E.2.c|BNA Sales and Use Tax Rates and Forms,O*NET Database,31.0,technology,onet_software_skills,2.E.2.c|BNA Sales and Use Tax Rates and Forms,BNA Sales and Use Tax Rates and Forms,Tax preparation software,,No approved automatic normalization match.
O*NET Database|onet_software_skills|2.E.4.b|Bohemian Coding DrawIt,O*NET Database,31.0,technology,onet_software_skills,2.E.4.b|Bohemian Coding DrawIt,Bohemian Coding DrawIt,Graphics or photo imaging software,,No approved automatic normalization match.
O*NET Database|onet_software_skills|2.E.1.c|Bond International Adapt Staffing,O*NET Database,31.0,technology,onet_software_skills,2.E.1.c|Bond International Adapt Staffing,Bond International Adapt Staffing,Human resources software,,No approved automatic normalization match.
O*NET Database|onet_software_skills|2.E.1.c|Bond International Software Bond StaffSuite,O*NET Database,31.0,technology,onet_software_skills,2.E.1.c|Bond International Software Bond StaffSuite,Bond International Software Bond StaffSuite,Human resources software,,No approved automatic normalization match.
O*NET Database|onet_software_skills|2.E.7.h|Bootstrap,O*NET Database,31.0,technology,onet_software_skills,2.E.7.h|Bootstrap,Bootstrap,Web platform development software,,No approved automatic normalization match.
O*NET Database|onet_software_skills|2.E.12.g|Border Gateway Protocol BGP,O*NET Database,31.0,technology,onet_software_skills,2.E.12.g|Border Gateway Protocol BGP,Border Gateway Protocol BGP,Switch or router software,,No approved automatic normalization match.
O*NET Database|onet_software_skills|2.E.7.b|Borland VisiBroker,O*NET Database,31.0,technology,onet_software_skills,2.E.7.b|Borland VisiBroker,Borland VisiBroker,Development environment software,,No approved automatic normalization match.
O*NET Database|onet_software_skills|2.E.2.d|Brentmark Estate Planning Quickview,O*NET Database,31.0,technology,onet_software_skills,2.E.2.d|Brentmark Estate Planning Quickview,Brentmark Estate Planning Quickview,Financial analysis software,,No approved automatic normalization match.
O*NET Database|onet_software_skills|2.E.9.c|Bridge design software,O*NET Database,31.0,technology,onet_software_skills,2.E.9.c|Bridge design software,Bridge design software,Computer aided design CAD software,,No approved automatic normalization match.
O*NET Database|onet_software_skills|2.E.6.m|BrightEdge,O*NET Database,31.0,technology,onet_software_skills,2.E.6.m|BrightEdge,BrightEdge,Business intelligence and data analysis software,,No approved automatic normalization match.
O*NET Database|onet_software_skills|2.E.1.c|BrightMove Applicant Tracking System,O*NET Database,31.0,technology,onet_software_skills,2.E.1.c|BrightMove Applicant Tracking System,BrightMove Applicant Tracking System,Human resources software,,No approved automatic normalization match.
O*NET Database|onet_software_skills|2.E.7.h|BroadVision software,O*NET Database,31.0,technology,onet_software_skills,2.E.7.h|BroadVision software,BroadVision software,Web platform development software,,No approved automatic normalization match.
O*NET Database|onet_software_skills|2.E.1.c|Bullhorn Applicant Tracking System,O*NET Database,31.0,technology,onet_software_skills,2.E.1.c|Bullhorn Applicant Tracking System,Bullhorn Applicant Tracking System,Human resources software,,No approved automatic normalization match.
O*NET Database|onet_software_skills|2.E.4.b|Bunkspeed HyperDrive,O*NET Database,31.0,technology,onet_software_skills,2.E.4.b|Bunkspeed HyperDrive,Bunkspeed HyperDrive,Graphics or photo imaging software,,No approved automatic normalization match.
O*NET Database|onet_software_skills|2.E.4.b|Bunkspeed HyperMove,O*NET Database,31.0,technology,onet_software_skills,2.E.4.b|Bunkspeed HyperMove,Bunkspeed HyperMove,Graphics or photo imaging software,,No approved automatic normalization match.
O*NET Database|onet_software_skills|2.E.6.m|Business intelligence software,O*NET Database,31.0,technology,onet_software_skills,2.E.6.m|Business intelligence software,Business intelligence software,Business intelligence and data analysis software,,No approved automatic normalization match.
O*NET Database|onet_software_skills|2.E.6.m|Business intelligence system software,O*NET Database,31.0,technology,onet_software_skills,2.E.6.m|Business intelligence system software,Business intelligence system software,Business intelligence and data analysis software,,No approved automatic normalization match.
O*NET Database|onet_software_skills|2.E.7.b|Business Objects Data Integrator,O*NET Database,31.0,technology,onet_software_skills,2.E.7.b|Business Objects Data Integrator,Business Objects Data Integrator,Development environment software,,No approved automatic normalization match.
O*NET Database|onet_software_skills|2.E.7.b|C,O*NET Database,31.0,technology,onet_software_skills,2.E.7.b|C,C,Development environment software,,No approved automatic normalization match.
O*NET Database|onet_software_skills|2.E.13.c|C shell,O*NET Database,31.0,technology,onet_software_skills,2.E.13.c|C shell,C shell,Operating system software,,No approved automatic normalization match.
O*NET Database|onet_software_skills|2.E.7.e|C#,O*NET Database,31.0,technology,onet_software_skills,2.E.7.e|C#,C#,Object or component oriented development software,,No approved automatic normalization match.
O*NET Database|onet_software_skills|2.E.7.e|C++,O*NET Database,31.0,technology,onet_software_skills,2.E.7.e|C++,C++,Object or component oriented development software,,No approved automatic normalization match.
O*NET Database|onet_software_skills|2.E.9.l|CA Easytrieve Report Generator,O*NET Database,31.0,technology,onet_software_skills,2.E.9.l|CA Easytrieve Report Generator,CA Easytrieve Report Generator,Manufacturing execution system MES software,,No approved automatic normalization match.
O*NET Database|onet_software_skills|2.E.6.d|CA IDMS,O*NET Database,31.0,technology,onet_software_skills,2.E.6.d|CA IDMS,CA IDMS,Data base management system software,,No approved automatic normalization match.
O*NET Database|onet_software_skills|2.E.6.i|CA Technologies ERWin Data Modeler,O*NET Database,31.0,technology,onet_software_skills,2.E.6.i|CA Technologies ERWin Data Modeler,CA Technologies ERWin Data Modeler,Metadata management software,,No approved automatic normalization match.
O*NET Database|onet_software_skills|2.E.9.c|Cadence Allegro Design Entry Capture and Capture CIS,O*NET Database,31.0,technology,onet_software_skills,2.E.9.c|Cadence Allegro Design Entry Capture and Capture CIS,Cadence Allegro Design Entry Capture and Capture CIS,Computer aided design CAD software,,No approved automatic normalization match.
O*NET Database|onet_software_skills|2.E.9.c|Cadence Encounter Test,O*NET Database,31.0,technology,onet_software_skills,2.E.9.c|Cadence Encounter Test,Cadence Encounter Test,Computer aided design CAD software,,No approved automatic normalization match.
O*NET Database|onet_software_skills|2.E.1.d|Cadre Technologies Accuplus Integrated Distribution Logistics System,O*NET Database,31.0,technology,onet_software_skills,2.E.1.d|Cadre Technologies Accuplus Integrated Distribution Logistics System,Cadre Technologies Accuplus Integrated Distribution Logistics System,Materials requirements planning logistics and supply chain software,,No approved automatic normalization match.
O*NET Database|onet_software_skills|2.E.4.b|Caligari Corporation trueSpace,O*NET Database,31.0,technology,onet_software_skills,2.E.4.b|Caligari Corporation trueSpace,Caligari Corporation trueSpace,Graphics or photo imaging software,,No approved automatic normalization match.
O*NET Database|onet_software_skills|2.E.7.b|Call-processing language CPL,O*NET Database,31.0,technology,onet_software_skills,2.E.7.b|Call-processing language CPL,Call-processing language CPL,Development environment software,,No approved automatic normalization match.
O*NET Database|onet_software_skills|2.E.2.d|Cammack Computations Inter-Est,O*NET Database,31.0,technology,onet_software_skills,2.E.2.d|Cammack Computations Inter-Est,Cammack Computations Inter-Est,Financial analysis software,,No approved automatic normalization match.
O*NET Database|onet_software_skills|2.E.1.c|Candidate screening software,O*NET Database,31.0,technology,onet_software_skills,2.E.1.c|Candidate screening software,Candidate screening software,Human resources software,,No approved automatic normalization match.
O*NET Database|onet_software_skills|2.E.1.c|Candidate tracking software,O*NET Database,31.0,technology,onet_software_skills,2.E.1.c|Candidate tracking software,Candidate tracking software,Human resources software,,No approved automatic normalization match.
O*NET Database|onet_software_skills|2.E.7.b|Canu,O*NET Database,31.0,technology,onet_software_skills,2.E.7.b|Canu,Canu,Development environment software,,No approved automatic normalization match.
O*NET Database|onet_software_skills|2.E.4.b|Canva,O*NET Database,31.0,technology,onet_software_skills,2.E.4.b|Canva,Canva,Graphics or photo imaging software,,No approved automatic normalization match.
O*NET Database|onet_software_skills|2.E.1.c|Careerbuilder.com,O*NET Database,31.0,technology,onet_software_skills,2.E.1.c|Careerbuilder.com,Careerbuilder.com,Human resources software,,No approved automatic normalization match.
O*NET Database|onet_software_skills|2.E.2.b|Cartesis ES Magnitude,O*NET Database,31.0,technology,onet_software_skills,2.E.2.b|Cartesis ES Magnitude,Cartesis ES Magnitude,Enterprise resource planning ERP software,,No approved automatic normalization match.
O*NET Database|onet_software_skills|2.E.2.d|Cartesis Magnitude iAnalysis,O*NET Database,31.0,technology,onet_software_skills,2.E.2.d|Cartesis Magnitude iAnalysis,Cartesis Magnitude iAnalysis,Financial analysis software,,No approved automatic normalization match.
O*NET Database|onet_software_skills|2.E.16.e|Cartography software,O*NET Database,31.0,technology,onet_software_skills,2.E.16.e|Cartography software,Cartography software,Map creation software,,No approved automatic normalization match.
O*NET Database|onet_software_skills|2.E.9.i|Casamba Smart,O*NET Database,31.0,technology,onet_software_skills,2.E.9.i|Casamba Smart,Casamba Smart,Medical software,,No approved automatic normalization match.
O*NET Database|onet_software_skills|2.E.7.h|Cascading style sheets CSS,O*NET Database,31.0,technology,onet_software_skills,2.E.7.h|Cascading style sheets CSS,Cascading style sheets CSS,Web platform development software,,No approved automatic normalization match.
O*NET Database|onet_software_skills|2.E.2.d|CaseWare International IDEA,O*NET Database,31.0,technology,onet_software_skills,2.E.2.d|CaseWare International IDEA,CaseWare International IDEA,Financial analysis software,,No approved automatic normalization match.
O*NET Database|onet_software_skills|2.E.2.d|CaseWare International IDEA SmartAnalyzer,O*NET Database,31.0,technology,onet_software_skills,2.E.2.d|CaseWare International IDEA SmartAnalyzer,CaseWare International IDEA SmartAnalyzer,Financial analysis software,,No approved automatic normalization match.
O*NET Database|onet_software_skills|2.E.2.d|CaseWare Working Papers,O*NET Database,31.0,technology,onet_software_skills,2.E.2.d|CaseWare Working Papers,CaseWare Working Papers,Financial analysis software,,No approved automatic normalization match.
O*NET Database|onet_software_skills|2.E.2.d|CashFlow Guardian,O*NET Database,31.0,technology,onet_software_skills,2.E.2.d|CashFlow Guardian,CashFlow Guardian,Financial analysis software,,No approved automatic normalization match.
O*NET Database|onet_software_skills|2.E.6.d|Catalog navigation software,O*NET Database,31.0,technology,onet_software_skills,2.E.6.d|Catalog navigation software,Catalog navigation software,Data base management system software,,No approved automatic normalization match.
O*NET Database|onet_software_skills|2.E.2.c|CCH ProSystem fx TAX,O*NET Database,31.0,technology,onet_software_skills,2.E.2.c|CCH ProSystem fx TAX,CCH ProSystem fx TAX,Tax preparation software,,No approved automatic normalization match.
O*NET Database|onet_software_skills|2.E.2.a|CCIS AccountAbility,O*NET Database,31.0,technology,onet_software_skills,2.E.2.a|CCIS AccountAbility,CCIS AccountAbility,Accounting software,,No approved automatic normalization match.
O*NET Database|onet_software_skills|2.E.2.d|Cebos MQ1 Audit System,O*NET Database,31.0,technology,onet_software_skills,2.E.2.d|Cebos MQ1 Audit System,Cebos MQ1 Audit System,Financial analysis software,,No approved automatic normalization match.
O*NET Database|onet_software_skills|2.E.9.d|Cedaron Dexter Evaluation & Impairment Rating,O*NET Database,31.0,technology,onet_software_skills,2.E.9.d|Cedaron Dexter Evaluation & Impairment Rating,Cedaron Dexter Evaluation & Impairment Rating,Analytical or scientific software,,No approved automatic normalization match.
O*NET Database|onet_software_skills|2.E.4.b|Celsys RETAS,O*NET Database,31.0,technology,onet_software_skills,2.E.4.b|Celsys RETAS,Celsys RETAS,Graphics or photo imaging software,,No approved automatic normalization match.
O*NET Database|onet_software_skills|2.E.1.c|Ceridian Dayforce enterprise HCM,O*NET Database,31.0,technology,onet_software_skills,2.E.1.c|Ceridian Dayforce enterprise HCM,Ceridian Dayforce enterprise HCM,Human resources software,,No approved automatic normalization match.
O*NET Database|onet_software_skills|2.E.9.i|Cerner Millennium,O*NET Database,31.0,technology,onet_software_skills,2.E.9.i|Cerner Millennium,Cerner Millennium,Medical software,,No approved automatic normalization match.
O*NET Database|onet_software_skills|2.E.4.c|Chaos Group V-Ray,O*NET Database,31.0,technology,onet_software_skills,2.E.4.c|Chaos Group V-Ray,Chaos Group V-Ray,Video creation and editing software,,No approved automatic normalization match.
O*NET Database|onet_software_skills|2.E.4.b|Character Studio,O*NET Database,31.0,technology,onet_software_skills,2.E.4.b|Character Studio,Character Studio,Graphics or photo imaging software,,No approved automatic normalization match.
O*NET Database|onet_software_skills|2.E.9.i|ChartWare EMR,O*NET Database,31.0,technology,onet_software_skills,2.E.9.i|ChartWare EMR,ChartWare EMR,Medical software,,No approved automatic normalization match.
O*NET Database|onet_software_skills|2.E.9.g|Chatbot software,O*NET Database,31.0,technology,onet_software_skills,2.E.9.g|Chatbot software,Chatbot software,Industrial control software,,No approved automatic normalization match.
O*NET Database|onet_software_skills|2.E.14.d|Check Point Next Generation Secure Web Gateway,O*NET Database,31.0,technology,onet_software_skills,2.E.14.d|Check Point Next Generation Secure Web Gateway,Check Point Next Generation Secure Web Gateway,Transaction security and virus protection software,,No approved automatic normalization match.
O*NET Database|onet_software_skills|2.E.4.b|Cheetah3D,O*NET Database,31.0,technology,onet_software_skills,2.E.4.b|Cheetah3D,Cheetah3D,Graphics or photo imaging software,,No approved automatic normalization match.
O*NET Database|onet_software_skills|2.E.7.a|Chef,O*NET Database,31.0,technology,onet_software_skills,2.E.7.a|Chef,Chef,Configuration management software,,No approved automatic normalization match.
O*NET Database|onet_software_skills|2.E.9.c|Chip design software,O*NET Database,31.0,technology,onet_software_skills,2.E.9.c|Chip design software,Chip design software,Computer aided design CAD software,,No approved automatic normalization match.
O*NET Database|onet_software_skills|2.E.2.f|Choice Technologies PowerBill +,O*NET Database,31.0,technology,onet_software_skills,2.E.2.f|Choice Technologies PowerBill +,Choice Technologies PowerBill +,Billing and invoicing software,,No approved automatic normalization match.
O*NET Database|onet_software_skills|2.E.9.d|Circuit simulation software,O*NET Database,31.0,technology,onet_software_skills,2.E.9.d|Circuit simulation software,Circuit simulation software,Analytical or scientific software,,No approved automatic normalization match.
O*NET Database|onet_software_skills|2.E.13.c|Cisco IOS,O*NET Database,31.0,technology,onet_software_skills,2.E.13.c|Cisco IOS,Cisco IOS,Operating system software,,No approved automatic normalization match.
O*NET Database|onet_software_skills|2.E.11.c|Cisco Systems CiscoWorks,O*NET Database,31.0,technology,onet_software_skills,2.E.11.c|Cisco Systems CiscoWorks,Cisco Systems CiscoWorks,Administration software,,No approved automatic normalization match.
O*NET Database|onet_software_skills|2.E.16.b|Cisco Webex,O*NET Database,31.0,technology,onet_software_skills,2.E.16.b|Cisco Webex,Cisco Webex,Video conferencing software,,No approved automatic normalization match.
O*NET Database|onet_software_skills|2.E.12.a|Citrix cloud computing software,O*NET Database,31.0,technology,onet_software_skills,2.E.12.a|Citrix cloud computing software,Citrix cloud computing software,Access software,,No approved automatic normalization match.
O*NET Database|onet_software_skills|2.E.2.b|Clarity Systems IBM Clarity,O*NET Database,31.0,technology,onet_software_skills,2.E.2.b|Clarity Systems IBM Clarity,Clarity Systems IBM Clarity,Enterprise resource planning ERP software,,No approved automatic normalization match.
O*NET Database|onet_software_skills|2.E.1.e|ClassApps SelectSurveyASP,O*NET Database,31.0,technology,onet_software_skills,2.E.1.e|ClassApps SelectSurveyASP,ClassApps SelectSurveyASP,Project management software,,No approved automatic normalization match.
O*NET Database|onet_software_skills|2.E.2.f|Client billing software,O*NET Database,31.0,technology,onet_software_skills,2.E.2.f|Client billing software,Client billing software,Billing and invoicing software,,No approved automatic normalization match.
O*NET Database|onet_software_skills|2.E.9.i|Clinicient Insight,O*NET Database,31.0,technology,onet_software_skills,2.E.9.i|Clinicient Insight,Clinicient Insight,Medical software,,No approved automatic normalization match.
O*NET Database|onet_software_skills|2.E.6.f|Cloudera Impala,O*NET Database,31.0,technology,onet_software_skills,2.E.6.f|Cloudera Impala,Cloudera Impala,Data base user interface and query software,,No approved automatic normalization match.
O*NET Database|onet_software_skills|2.E.7.b|CloverETL,O*NET Database,31.0,technology,onet_software_skills,2.E.7.b|CloverETL,CloverETL,Development environment software,,No approved automatic normalization match.
O*NET Database|onet_software_skills|2.E.1.c|Cluen Encore,O*NET Database,31.0,technology,onet_software_skills,2.E.1.c|Cluen Encore,Cluen Encore,Human resources software,,No approved automatic normalization match.
O*NET Database|onet_software_skills|2.E.1.c|Cluen executive recruitment software,O*NET Database,31.0,technology,onet_software_skills,2.E.1.c|Cluen executive recruitment software,Cluen executive recruitment software,Human resources software,,No approved automatic normalization match.
O*NET Database|onet_software_skills|2.E.6.b|Cluster server software,O*NET Database,31.0,technology,onet_software_skills,2.E.6.b|Cluster server software,Cluster server software,Clustering software,,No approved automatic normalization match.
O*NET Database|onet_software_skills|2.E.1.c|COATSsql,O*NET Database,31.0,technology,onet_software_skills,2.E.1.c|COATSsql,COATSsql,Human resources software,,No approved automatic normalization match.
O*NET Database|onet_software_skills|2.E.7.b|Code libraries,O*NET Database,31.0,technology,onet_software_skills,2.E.7.b|Code libraries,Code libraries,Development environment software,,No approved automatic normalization match.
O*NET Database|onet_software_skills|2.E.6.d|CodeFutures dbShards,O*NET Database,31.0,technology,onet_software_skills,2.E.6.d|CodeFutures dbShards,CodeFutures dbShards,Data base management system software,,No approved automatic normalization match.
O*NET Database|onet_software_skills|2.E.6.h|Coding database software,O*NET Database,31.0,technology,onet_software_skills,2.E.6.h|Coding database software,Coding database software,Information retrieval or search software,,No approved automatic normalization match.
O*NET Database|onet_software_skills|2.E.6.i|Coglin Mill RODIN,O*NET Database,31.0,technology,onet_software_skills,2.E.6.i|Coglin Mill RODIN,Coglin Mill RODIN,Metadata management software,,No approved automatic normalization match.
O*NET Database|onet_software_skills|2.E.7.e|Collaborative Application Markup Language CAML,O*NET Database,31.0,technology,onet_software_skills,2.E.7.e|Collaborative Application Markup Language CAML,Collaborative Application Markup Language CAML,Object or component oriented development software,,No approved automatic normalization match.
O*NET Database|onet_software_skills|2.E.4.d|Collaborative editing software,O*NET Database,31.0,technology,onet_software_skills,2.E.4.d|Collaborative editing software,Collaborative editing software,Word processing software,,No approved automatic normalization match.
O*NET Database|onet_software_skills|2.E.9.i|ComChart EMR,O*NET Database,31.0,technology,onet_software_skills,2.E.9.i|ComChart EMR,ComChart EMR,Medical software,,No approved automatic normalization match.
O*NET Database|onet_software_skills|2.E.7.b|Common business oriented language COBOL,O*NET Database,31.0,technology,onet_software_skills,2.E.7.b|Common business oriented language COBOL,Common business oriented language COBOL,Development environment software,,No approved automatic normalization match.
O*NET Database|onet_software_skills|2.E.7.c|Common gateway interface CGI,O*NET Database,31.0,technology,onet_software_skills,2.E.7.c|Common gateway interface CGI,Common gateway interface CGI,Enterprise application integration software,,No approved automatic normalization match.
O*NET Database|onet_software_skills|2.E.7.e|Common Lisp Object System CLOS,O*NET Database,31.0,technology,onet_software_skills,2.E.7.e|Common Lisp Object System CLOS,Common Lisp Object System CLOS,Object or component oriented development software,,No approved automatic normalization match.
O*NET Database|onet_software_skills|2.E.7.f|Compatibility testing software,O*NET Database,31.0,technology,onet_software_skills,2.E.7.f|Compatibility testing software,Compatibility testing software,Program testing software,,No approved automatic normalization match.
O*NET Database|onet_software_skills|2.E.7.b|Component libraries,O*NET Database,31.0,technology,onet_software_skills,2.E.7.b|Component libraries,Component libraries,Development environment software,,No approved automatic normalization match.
O*NET Database|onet_software_skills|2.E.7.e|Component object model COM software,O*NET Database,31.0,technology,onet_software_skills,2.E.7.e|Component object model COM software,Component object model COM software,Object or component oriented development software,,No approved automatic normalization match.
O*NET Database|onet_software_skills|2.E.7.e|Component-based Scalable Logical Architecture CSLA,O*NET Database,31.0,technology,onet_software_skills,2.E.7.e|Component-based Scalable Logical Architecture CSLA,Component-based Scalable Logical Architecture CSLA,Object or component oriented development software,,No approved automatic normalization match.
O*NET Database|onet_software_skills|2.E.9.d|Computational fluid dynamics CFD software,O*NET Database,31.0,technology,onet_software_skills,2.E.9.d|Computational fluid dynamics CFD software,Computational fluid dynamics CFD software,Analytical or scientific software,,No approved automatic normalization match.
O*NET Database|onet_software_skills|2.E.9.c|Computer aided design and drafting CADD software,O*NET Database,31.0,technology,onet_software_skills,2.E.9.c|Computer aided design and drafting CADD software,Computer aided design and drafting CADD software,Computer aided design CAD software,,No approved automatic normalization match.
O*NET Database|onet_software_skills|2.E.9.c|Computer aided design and drafting software CADD,O*NET Database,31.0,technology,onet_software_skills,2.E.9.c|Computer aided design and drafting software CADD,Computer aided design and drafting software CADD,Computer aided design CAD software,,No approved automatic normalization match.
O*NET Database|onet_software_skills|2.E.6.d|Computer Associates integrated data management system CA-IDMS,O*NET Database,31.0,technology,onet_software_skills,2.E.6.d|Computer Associates integrated data management system CA-IDMS,Computer Associates integrated data management system CA-IDMS,Data base management system software,,No approved automatic normalization match.
O*NET Database|onet_software_skills|2.E.7.f|Computer Associates Log Analyzer,O*NET Database,31.0,technology,onet_software_skills,2.E.7.f|Computer Associates Log Analyzer,Computer Associates Log Analyzer,Program testing software,,No approved automatic normalization match.
O*NET Database|onet_software_skills|2.E.4.b|Computer drawing software,O*NET Database,31.0,technology,onet_software_skills,2.E.4.b|Computer drawing software,Computer drawing software,Graphics or photo imaging software,,No approved automatic normalization match.
O*NET Database|onet_software_skills|2.E.13.a|Computer forensic software,O*NET Database,31.0,technology,onet_software_skills,2.E.13.a|Computer forensic software,Computer forensic software,Filesystem software,,No approved automatic normalization match.
O*NET Database|onet_software_skills|2.E.9.g|Computer numerical control CNC software,O*NET Database,31.0,technology,onet_software_skills,2.E.9.g|Computer numerical control CNC software,Computer numerical control CNC software,Industrial control software,,No approved automatic normalization match.
O*NET Database|onet_software_skills|2.E.7.b|Computer On-line Real-time Applications Language CORAL 66,O*NET Database,31.0,technology,onet_software_skills,2.E.7.b|Computer On-line Real-time Applications Language CORAL 66,Computer On-line Real-time Applications Language CORAL 66,Development environment software,,No approved automatic normalization match.
O*NET Database|onet_software_skills|2.E.6.a|Computerized indexing systems,O*NET Database,31.0,technology,onet_software_skills,2.E.6.a|Computerized indexing systems,Computerized indexing systems,Categorization or classification software,,No approved automatic normalization match.
O*NET Database|onet_software_skills|2.E.6.d|Concurrency control software,O*NET Database,31.0,technology,onet_software_skills,2.E.6.d|Concurrency control software,Concurrency control software,Data base management system software,,No approved automatic normalization match.
O*NET Database|onet_software_skills|2.E.6.m|Conductor Searchlight,O*NET Database,31.0,technology,onet_software_skills,2.E.6.m|Conductor Searchlight,Conductor Searchlight,Business intelligence and data analysis software,,No approved automatic normalization match.
O*NET Database|onet_software_skills|2.E.7.f|Conformance and validation testing software,O*NET Database,31.0,technology,onet_software_skills,2.E.7.f|Conformance and validation testing software,Conformance and validation testing software,Program testing software,,No approved automatic normalization match.
O*NET Database|onet_software_skills|2.E.4.g|Content management systems CMS,O*NET Database,31.0,technology,onet_software_skills,2.E.4.g|Content management systems CMS,Content management systems CMS,Web page creation and editing software,,No approved automatic normalization match.
O*NET Database|onet_software_skills|2.E.4.b|Corel CorelDraw Graphics Suite,O*NET Database,31.0,technology,onet_software_skills,2.E.4.b|Corel CorelDraw Graphics Suite,Corel CorelDraw Graphics Suite,Graphics or photo imaging software,,No approved automatic normalization match.
O*NET Database|onet_software_skills|2.E.4.b|Corel Painter,O*NET Database,31.0,technology,onet_software_skills,2.E.4.b|Corel Painter,Corel Painter,Graphics or photo imaging software,,No approved automatic normalization match.
O*NET Database|onet_software_skills|2.E.1.k|Corel WordPerfect Office Suite,O*NET Database,31.0,technology,onet_software_skills,2.E.1.k|Corel WordPerfect Office Suite,Corel WordPerfect Office Suite,Office suite software,,No approved automatic normalization match.
O*NET Database|onet_software_skills|2.E.9.e|Corporate Responsibility System Technologies Limited Compliance Positioning System,O*NET Database,31.0,technology,onet_software_skills,2.E.9.e|Corporate Responsibility System Technologies Limited Compliance Positioning System,Corporate Responsibility System Technologies Limited Compliance Positioning System,Compliance software,,No approved automatic normalization match.
O*NET Database|onet_software_skills|2.E.2.a|Cost accounting software,O*NET Database,31.0,technology,onet_software_skills,2.E.2.a|Cost accounting software,Cost accounting software,Accounting software,,No approved automatic normalization match.
O*NET Database|onet_software_skills|2.E.6.d|Couchbase Server,O*NET Database,31.0,technology,onet_software_skills,2.E.6.d|Couchbase Server,Couchbase Server,Data base management system software,,No approved automatic normalization match.
O*NET Database|onet_software_skills|2.E.1.c|CPSI EHR System,O*NET Database,31.0,technology,onet_software_skills,2.E.1.c|CPSI EHR System,CPSI EHR System,Human resources software,,No approved automatic normalization match.
O*NET Database|onet_software_skills|2.E.2.c|Creative Solutions UltraTax 1040,O*NET Database,31.0,technology,onet_software_skills,2.E.2.c|Creative Solutions UltraTax 1040,Creative Solutions UltraTax 1040,Tax preparation software,,No approved automatic normalization match.
O*NET Database|onet_software_skills|2.E.4.d|Crick Software Clicker 4,O*NET Database,31.0,technology,onet_software_skills,2.E.4.d|Crick Software Clicker 4,Crick Software Clicker 4,Word processing software,,No approved automatic normalization match.
O*NET Database|onet_software_skills|2.E.10.b|CrossTec NetOp Remote Control,O*NET Database,31.0,technology,onet_software_skills,2.E.10.b|CrossTec NetOp Remote Control,CrossTec NetOp Remote Control,Desktop communications software,,No approved automatic normalization match.
O*NET Database|onet_software_skills|2.E.14.c|Cryptographic key management software,O*NET Database,31.0,technology,onet_software_skills,2.E.14.c|Cryptographic key management software,Cryptographic key management software,Network security and virtual private network VPN equipment software,,No approved automatic normalization match.
O*NET Database|onet_software_skills|2.E.7.b|Crytek CryEngine,O*NET Database,31.0,technology,onet_software_skills,2.E.7.b|Crytek CryEngine,Crytek CryEngine,Development environment software,,No approved automatic normalization match.
O*NET Database|onet_software_skills|2.E.6.l|Customer information control system CICS,O*NET Database,31.0,technology,onet_software_skills,2.E.6.l|Customer information control system CICS,Customer information control system CICS,Transaction server software,,No approved automatic normalization match.
O*NET Database|onet_software_skills|2.E.6.c|Customer information databases,O*NET Database,31.0,technology,onet_software_skills,2.E.6.c|Customer information databases,Customer information databases,Customer relationship management CRM software,,No approved automatic normalization match.
O*NET Database|onet_software_skills|2.E.1.c|CVTracer,O*NET Database,31.0,technology,onet_software_skills,2.E.1.c|CVTracer,CVTracer,Human resources software,,No approved automatic normalization match.
O*NET Database|onet_software_skills|2.E.15.d|Cyber Records MediChart Express,O*NET Database,31.0,technology,onet_software_skills,2.E.15.d|Cyber Records MediChart Express,Cyber Records MediChart Express,Voice recognition software,,No approved automatic normalization match.
O*NET Database|onet_software_skills|2.E.4.b|Cybermotion 3D Designer,O*NET Database,31.0,technology,onet_software_skills,2.E.4.b|Cybermotion 3D Designer,Cybermotion 3D Designer,Graphics or photo imaging software,,No approved automatic normalization match.
O*NET Database|onet_software_skills|2.E.2.a|CYMA IV Accounting for Windows,O*NET Database,31.0,technology,onet_software_skills,2.E.2.a|CYMA IV Accounting for Windows,CYMA IV Accounting for Windows,Accounting software,,No approved automatic normalization match.
O*NET Database|onet_software_skills|2.E.9.d|Cytel LogXact,O*NET Database,31.0,technology,onet_software_skills,2.E.9.d|Cytel LogXact,Cytel LogXact,Analytical or scientific software,,No approved automatic normalization match.
O*NET Database|onet_software_skills|2.E.6.g|Cytel Software XLMiner,O*NET Database,31.0,technology,onet_software_skills,2.E.6.g|Cytel Software XLMiner,Cytel Software XLMiner,Data mining software,,No approved automatic normalization match.
O*NET Database|onet_software_skills|2.E.2.d|D'Arcangelo Galileo,O*NET Database,31.0,technology,onet_software_skills,2.E.2.d|D'Arcangelo Galileo,D'Arcangelo Galileo,Financial analysis software,,No approved automatic normalization match.
O*NET Database|onet_software_skills|2.E.9.d|Dassault Systemes Abaqus,O*NET Database,31.0,technology,onet_software_skills,2.E.9.d|Dassault Systemes Abaqus,Dassault Systemes Abaqus,Analytical or scientific software,,No approved automatic normalization match.
O*NET Database|onet_software_skills|2.E.9.c|Dassault Systemes CATIA,O*NET Database,31.0,technology,onet_software_skills,2.E.9.c|Dassault Systemes CATIA,Dassault Systemes CATIA,Computer aided design CAD software,,No approved automatic normalization match.
O*NET Database|onet_software_skills|2.E.9.c|Dassault Systemes SolidWorks,O*NET Database,31.0,technology,onet_software_skills,2.E.9.c|Dassault Systemes SolidWorks,Dassault Systemes SolidWorks,Computer aided design CAD software,,No approved automatic normalization match.
O*NET Database|onet_software_skills|2.E.9.d|Data acquisition software,O*NET Database,31.0,technology,onet_software_skills,2.E.9.d|Data acquisition software,Data acquisition software,Analytical or scientific software,,No approved automatic normalization match.
O*NET Database|onet_software_skills|2.E.9.d|Data analysis software,O*NET Database,31.0,technology,onet_software_skills,2.E.9.d|Data analysis software,Data analysis software,Analytical or scientific software,,No approved automatic normalization match.
O*NET Database|onet_software_skills|2.E.6.d|Data definition language DDL,O*NET Database,31.0,technology,onet_software_skills,2.E.6.d|Data definition language DDL,Data definition language DDL,Data base management system software,,No approved automatic normalization match.
O*NET Database|onet_software_skills|2.E.6.i|Data dictionary software,O*NET Database,31.0,technology,onet_software_skills,2.E.6.i|Data dictionary software,Data dictionary software,Metadata management software,,No approved automatic normalization match.
O*NET Database|onet_software_skills|2.E.6.f|Data entry software,O*NET Database,31.0,technology,onet_software_skills,2.E.6.f|Data entry software,Data entry software,Data base user interface and query software,,No approved automatic normalization match.
O*NET Database|onet_software_skills|2.E.6.g|Data extraction software,O*NET Database,31.0,technology,onet_software_skills,2.E.6.g|Data extraction software,Data extraction software,Data mining software,,No approved automatic normalization match.
O*NET Database|onet_software_skills|2.E.1.c|Data Frenzy,O*NET Database,31.0,technology,onet_software_skills,2.E.1.c|Data Frenzy,Data Frenzy,Human resources software,,No approved automatic normalization match.
O*NET Database|onet_software_skills|2.E.6.d|Data manipulation language DML,O*NET Database,31.0,technology,onet_software_skills,2.E.6.d|Data manipulation language DML,Data manipulation language DML,Data base management system software,,No approved automatic normalization match.
O*NET Database|onet_software_skills|2.E.6.i|Data mapping software,O*NET Database,31.0,technology,onet_software_skills,2.E.6.i|Data mapping software,Data mapping software,Metadata management software,,No approved automatic normalization match.
O*NET Database|onet_software_skills|2.E.6.i|Data modeling software,O*NET Database,31.0,technology,onet_software_skills,2.E.6.i|Data modeling software,Data modeling software,Metadata management software,,No approved automatic normalization match.
O*NET Database|onet_software_skills|2.E.15.f|Data Recovery Software SQL Server Data Recovery,O*NET Database,31.0,technology,onet_software_skills,2.E.15.f|Data Recovery Software SQL Server Data Recovery,Data Recovery Software SQL Server Data Recovery,Backup or archival software,,No approved automatic normalization match.
O*NET Database|onet_software_skills|2.E.6.d|Data transformation services DTS software,O*NET Database,31.0,technology,onet_software_skills,2.E.6.d|Data transformation services DTS software,Data transformation services DTS software,Data base management system software,,No approved automatic normalization match.
O*NET Database|onet_software_skills|2.E.6.h|Data validation software,O*NET Database,31.0,technology,onet_software_skills,2.E.6.h|Data validation software,Data validation software,Information retrieval or search software,,No approved automatic normalization match.
O*NET Database|onet_software_skills|2.E.6.g|Data warehouse software,O*NET Database,31.0,technology,onet_software_skills,2.E.6.g|Data warehouse software,Data warehouse software,Data mining software,,No approved automatic normalization match.
O*NET Database|onet_software_skills|2.E.7.g|Database capacity planning software,O*NET Database,31.0,technology,onet_software_skills,2.E.7.g|Database capacity planning software,Database capacity planning software,Requirements analysis and system architecture software,,No approved automatic normalization match.
O*NET Database|onet_software_skills|2.E.15.f|Database cloning software,O*NET Database,31.0,technology,onet_software_skills,2.E.15.f|Database cloning software,Database cloning software,Backup or archival software,,No approved automatic normalization match.
O*NET Database|onet_software_skills|2.E.6.d|Database design software,O*NET Database,31.0,technology,onet_software_skills,2.E.6.d|Database design software,Database design software,Data base management system software,,No approved automatic normalization match.
O*NET Database|onet_software_skills|2.E.6.d|Database management systems,O*NET Database,31.0,technology,onet_software_skills,2.E.6.d|Database management systems,Database management systems,Data base management system software,,No approved automatic normalization match.
O*NET Database|onet_software_skills|2.E.14.b|Database security software,O*NET Database,31.0,technology,onet_software_skills,2.E.14.b|Database security software,Database security software,Network security or virtual private network VPN management software,,No approved automatic normalization match.
O*NET Database|onet_software_skills|2.E.6.f|Database software,O*NET Database,31.0,technology,onet_software_skills,2.E.6.f|Database software,Database software,Data base user interface and query software,,No approved automatic normalization match.
O*NET Database|onet_software_skills|2.E.7.f|Database testing software,O*NET Database,31.0,technology,onet_software_skills,2.E.7.f|Database testing software,Database testing software,Program testing software,,No approved automatic normalization match.
O*NET Database|onet_software_skills|2.E.2.d|Datavantage,O*NET Database,31.0,technology,onet_software_skills,2.E.2.d|Datavantage,Datavantage,Financial analysis software,,No approved automatic normalization match.
O*NET Database|onet_software_skills|2.E.6.e|DataVision,O*NET Database,31.0,technology,onet_software_skills,2.E.6.e|DataVision,DataVision,Data base reporting software,,No approved automatic normalization match.
O*NET Database|onet_software_skills|2.E.9.d|Dataxiom StatMost,O*NET Database,31.0,technology,onet_software_skills,2.E.9.d|Dataxiom StatMost,Dataxiom StatMost,Analytical or scientific software,,No approved automatic normalization match.
O*NET Database|onet_software_skills|2.E.4.b|DAZ Productions Bryce,O*NET Database,31.0,technology,onet_software_skills,2.E.4.b|DAZ Productions Bryce,DAZ Productions Bryce,Graphics or photo imaging software,,No approved automatic normalization match.
O*NET Database|onet_software_skills|2.E.4.b|DAZ Productions Carrara,O*NET Database,31.0,technology,onet_software_skills,2.E.4.b|DAZ Productions Carrara,DAZ Productions Carrara,Graphics or photo imaging software,,No approved automatic normalization match.
O*NET Database|onet_software_skills|2.E.6.d|DBTools Software DBManager Professional,O*NET Database,31.0,technology,onet_software_skills,2.E.6.d|DBTools Software DBManager Professional,DBTools Software DBManager Professional,Data base management system software,,No approved automatic normalization match.
O*NET Database|onet_software_skills|2.E.7.f|Debugging software,O*NET Database,31.0,technology,onet_software_skills,2.E.7.f|Debugging software,Debugging software,Program testing software,,No approved automatic normalization match.
O*NET Database|onet_software_skills|2.E.1.i|Decision support software,O*NET Database,31.0,technology,onet_software_skills,2.E.1.i|Decision support software,Decision support software,Expert system software,,No approved automatic normalization match.
O*NET Database|onet_software_skills|2.E.7.f|Defect tracking software,O*NET Database,31.0,technology,onet_software_skills,2.E.7.f|Defect tracking software,Defect tracking software,Program testing software,,No approved automatic normalization match.
O*NET Database|onet_software_skills|2.E.2.d|Delphi Technology,O*NET Database,31.0,technology,onet_software_skills,2.E.2.d|Delphi Technology,Delphi Technology,Financial analysis software,,No approved automatic normalization match.
O*NET Database|onet_software_skills|2.E.7.a|Deployment software,O*NET Database,31.0,technology,onet_software_skills,2.E.7.a|Deployment software,Deployment software,Configuration management software,,No approved automatic normalization match.
O*NET Database|onet_software_skills|2.E.9.d|Design of experiments DOE software,O*NET Database,31.0,technology,onet_software_skills,2.E.9.d|Design of experiments DOE software,Design of experiments DOE software,Analytical or scientific software,,No approved automatic normalization match.
O*NET Database|onet_software_skills|2.E.1.c|DGCC.com RecruitTrack,O*NET Database,31.0,technology,onet_software_skills,2.E.1.c|DGCC.com RecruitTrack,DGCC.com RecruitTrack,Human resources software,,No approved automatic normalization match.
O*NET Database|onet_software_skills|2.E.4.a|Diagramming software,O*NET Database,31.0,technology,onet_software_skills,2.E.4.a|Diagramming software,Diagramming software,Pattern design software,,No approved automatic normalization match.
O*NET Database|onet_software_skills|2.E.14.a|Diameter,O*NET Database,31.0,technology,onet_software_skills,2.E.14.a|Diameter,Diameter,Authentication server software,,No approved automatic normalization match.
O*NET Database|onet_software_skills|2.E.2.d|Digital analysis tests and statistics DATAS for Excel,O*NET Database,31.0,technology,onet_software_skills,2.E.2.d|Digital analysis tests and statistics DATAS for Excel,Digital analysis tests and statistics DATAS for Excel,Financial analysis software,,No approved automatic normalization match.
O*NET Database|onet_software_skills|2.E.2.d|Digital analysis tests and statistics DATAS for SAS,O*NET Database,31.0,technology,onet_software_skills,2.E.2.d|Digital analysis tests and statistics DATAS for SAS,Digital analysis tests and statistics DATAS for SAS,Financial analysis software,,No approved automatic normalization match.
O*NET Database|onet_software_skills|2.E.9.i|Digital Imaging Communications in Medicine DICOM medical imaging software,O*NET Database,31.0,technology,onet_software_skills,2.E.9.i|Digital Imaging Communications in Medicine DICOM medical imaging software,Digital Imaging Communications in Medicine DICOM medical imaging software,Medical software,,No approved automatic normalization match.
O*NET Database|onet_software_skills|2.E.9.d|Digital timing diagram editing software,O*NET Database,31.0,technology,onet_software_skills,2.E.9.d|Digital timing diagram editing software,Digital timing diagram editing software,Analytical or scientific software,,No approved automatic normalization match.
O*NET Database|onet_software_skills|2.E.1.i|Digivey software (expert system feature),O*NET Database,31.0,technology,onet_software_skills,2.E.1.i|Digivey software (expert system feature),Digivey software (expert system feature),Expert system software,,No approved automatic normalization match.
O*NET Database|onet_software_skills|2.E.9.j|Digivey software (point of sale feature),O*NET Database,31.0,technology,onet_software_skills,2.E.9.j|Digivey software (point of sale feature),Digivey software (point of sale feature),Point of sale POS software,,No approved automatic normalization match.
O*NET Database|onet_software_skills|2.E.9.d|Discrete event simulation software,O*NET Database,31.0,technology,onet_software_skills,2.E.9.d|Discrete event simulation software,Discrete event simulation software,Analytical or scientific software,,No approved automatic normalization match.
O*NET Database|onet_software_skills|2.E.13.c|Disk operating system DOS,O*NET Database,31.0,technology,onet_software_skills,2.E.13.c|Disk operating system DOS,Disk operating system DOS,Operating system software,,No approved automatic normalization match.
O*NET Database|onet_software_skills|2.E.7.e|Distributed component object model DCOM software,O*NET Database,31.0,technology,onet_software_skills,2.E.7.e|Distributed component object model DCOM software,Distributed component object model DCOM software,Object or component oriented development software,,No approved automatic normalization match.
O*NET Database|onet_software_skills|2.E.6.d|Distributed database management software,O*NET Database,31.0,technology,onet_software_skills,2.E.6.d|Distributed database management software,Distributed database management software,Data base management system software,,No approved automatic normalization match.
O*NET Database|onet_software_skills|2.E.10.a|Docker,O*NET Database,31.0,technology,onet_software_skills,2.E.10.a|Docker,Docker,Application server software,,No approved automatic normalization match.
O*NET Database|onet_software_skills|2.E.5.b|Document management system software,O*NET Database,31.0,technology,onet_software_skills,2.E.5.b|Document management system software,Document management system software,Document management software,,No approved automatic normalization match.
O*NET Database|onet_software_skills|2.E.7.e|Document Object Model DOM Scripting,O*NET Database,31.0,technology,onet_software_skills,2.E.7.e|Document Object Model DOM Scripting,Document Object Model DOM Scripting,Object or component oriented development software,,No approved automatic normalization match.
O*NET Database|onet_software_skills|2.E.10.d|Domain name system DNS,O*NET Database,31.0,technology,onet_software_skills,2.E.10.d|Domain name system DNS,Domain name system DNS,Internet directory services software,,No approved automatic normalization match.
O*NET Database|onet_software_skills|2.E.13.c|DOS shell script,O*NET Database,31.0,technology,onet_software_skills,2.E.13.c|DOS shell script,DOS shell script,Operating system software,,No approved automatic normalization match.
O*NET Database|onet_software_skills|2.E.6.a|DRG grouping software,O*NET Database,31.0,technology,onet_software_skills,2.E.6.a|DRG grouping software,DRG grouping software,Categorization or classification software,,No approved automatic normalization match.
O*NET Database|onet_software_skills|2.E.16.i|Dropbox,O*NET Database,31.0,technology,onet_software_skills,2.E.16.i|Dropbox,Dropbox,Cloud-based data access and sharing software,,No approved automatic normalization match.
O*NET Database|onet_software_skills|2.E.7.h|Drupal,O*NET Database,31.0,technology,onet_software_skills,2.E.7.h|Drupal,Drupal,Web platform development software,,No approved automatic normalization match.
O*NET Database|onet_software_skills|2.E.4.j|Duxbury Braille Translator,O*NET Database,31.0,technology,onet_software_skills,2.E.4.j|Duxbury Braille Translator,Duxbury Braille Translator,Optical character reader OCR or scanning software,,No approved automatic normalization match.
O*NET Database|onet_software_skills|2.E.7.b|DX Studio,O*NET Database,31.0,technology,onet_software_skills,2.E.7.b|DX Studio,DX Studio,Development environment software,,No approved automatic normalization match.
O*NET Database|onet_software_skills|2.E.7.f|Dynamic analysis software,O*NET Database,31.0,technology,onet_software_skills,2.E.7.f|Dynamic analysis software,Dynamic analysis software,Program testing software,,No approved automatic normalization match.
O*NET Database|onet_software_skills|2.E.7.h|Dynamic hypertext markup language DHTML,O*NET Database,31.0,technology,onet_software_skills,2.E.7.h|Dynamic hypertext markup language DHTML,Dynamic hypertext markup language DHTML,Web platform development software,,No approved automatic normalization match.
O*NET Database|onet_software_skills|2.E.9.d|Dynamic modeling software,O*NET Database,31.0,technology,onet_software_skills,2.E.9.d|Dynamic modeling software,Dynamic modeling software,Analytical or scientific software,,No approved automatic normalization match.
O*NET Database|onet_software_skills|2.E.9.d|Dynamic object-oriented requirements system DOORS,O*NET Database,31.0,technology,onet_software_skills,2.E.9.d|Dynamic object-oriented requirements system DOORS,Dynamic object-oriented requirements system DOORS,Analytical or scientific software,,No approved automatic normalization match.
O*NET Database|onet_software_skills|2.E.7.e|E++ pattern language,O*NET Database,31.0,technology,onet_software_skills,2.E.7.e|E++ pattern language,E++ pattern language,Object or component oriented development software,,No approved automatic normalization match.
O*NET Database|onet_software_skills|2.E.9.i|e-MDs software,O*NET Database,31.0,technology,onet_software_skills,2.E.9.i|e-MDs software,e-MDs software,Medical software,,No approved automatic normalization match.
O*NET Database|onet_software_skills|2.E.9.i|e-MDs topsChart,O*NET Database,31.0,technology,onet_software_skills,2.E.9.i|e-MDs topsChart,e-MDs topsChart,Medical software,,No approved automatic normalization match.
O*NET Database|onet_software_skills|2.E.4.b|e-on software Vue,O*NET Database,31.0,technology,onet_software_skills,2.E.4.b|e-on software Vue,e-on software Vue,Graphics or photo imaging software,,No approved automatic normalization match.
O*NET Database|onet_software_skills|2.E.9.c|Eagle Point Site Design,O*NET Database,31.0,technology,onet_software_skills,2.E.9.c|Eagle Point Site Design,Eagle Point Site Design,Computer aided design CAD software,,No approved automatic normalization match.
O*NET Database|onet_software_skills|2.E.9.d|ECHIP,O*NET Database,31.0,technology,onet_software_skills,2.E.9.d|ECHIP,ECHIP,Analytical or scientific software,,No approved automatic normalization match.
O*NET Database|onet_software_skills|2.E.9.i|eClinicalWorks EHR software,O*NET Database,31.0,technology,onet_software_skills,2.E.9.i|eClinicalWorks EHR software,eClinicalWorks EHR software,Medical software,,No approved automatic normalization match.
O*NET Database|onet_software_skills|2.E.7.b|Eclipse IDE,O*NET Database,31.0,technology,onet_software_skills,2.E.7.b|Eclipse IDE,Eclipse IDE,Development environment software,,No approved automatic normalization match.
O*NET Database|onet_software_skills|2.E.7.h|Eclipse Jersey,O*NET Database,31.0,technology,onet_software_skills,2.E.7.h|Eclipse Jersey,Eclipse Jersey,Web platform development software,,No approved automatic normalization match.
O*NET Database|onet_software_skills|2.E.9.k|EGS FeatureCAM,O*NET Database,31.0,technology,onet_software_skills,2.E.9.k|EGS FeatureCAM,EGS FeatureCAM,Computer aided manufacturing CAM software,,No approved automatic normalization match.
O*NET Database|onet_software_skills|2.E.9.i|EHS CareRevolution,O*NET Database,31.0,technology,onet_software_skills,2.E.9.i|EHS CareRevolution,EHS CareRevolution,Medical software,,No approved automatic normalization match.
O*NET Database|onet_software_skills|2.E.7.e|Eiffel,O*NET Database,31.0,technology,onet_software_skills,2.E.7.e|Eiffel,Eiffel,Object or component oriented development software,,No approved automatic normalization match.
O*NET Database|onet_software_skills|2.E.10.b|Eko,O*NET Database,31.0,technology,onet_software_skills,2.E.10.b|Eko,Eko,Desktop communications software,,No approved automatic normalization match.
O*NET Database|onet_software_skills|2.E.6.d|Elasticsearch,O*NET Database,31.0,technology,onet_software_skills,2.E.6.d|Elasticsearch,Elasticsearch,Data base management system software,,No approved automatic normalization match.
O*NET Database|onet_software_skills|2.E.4.b|Electric Rain Swift 3D Xpress,O*NET Database,31.0,technology,onet_software_skills,2.E.4.b|Electric Rain Swift 3D Xpress,Electric Rain Swift 3D Xpress,Graphics or photo imaging software,,No approved automatic normalization match.
O*NET Database|onet_software_skills|2.E.9.d|Electromagnetic analysis software,O*NET Database,31.0,technology,onet_software_skills,2.E.9.d|Electromagnetic analysis software,Electromagnetic analysis software,Analytical or scientific software,,No approved automatic normalization match.
O*NET Database|onet_software_skills|2.E.9.c|Electronic breadboard software,O*NET Database,31.0,technology,onet_software_skills,2.E.9.c|Electronic breadboard software,Electronic breadboard software,Computer aided design CAD software,,No approved automatic normalization match.
O*NET Database|onet_software_skills|2.E.9.c|Electronic design automation EDA software,O*NET Database,31.0,technology,onet_software_skills,2.E.9.c|Electronic design automation EDA software,Electronic design automation EDA software,Computer aided design CAD software,,No approved automatic normalization match.
O*NET Database|onet_software_skills|2.E.9.d|Electronic engineering calculator,O*NET Database,31.0,technology,onet_software_skills,2.E.9.d|Electronic engineering calculator,Electronic engineering calculator,Analytical or scientific software,,No approved automatic normalization match.
O*NET Database|onet_software_skills|2.E.9.i|Electronic medical record EMR software,O*NET Database,31.0,technology,onet_software_skills,2.E.9.i|Electronic medical record EMR software,Electronic medical record EMR software,Medical software,,No approved automatic normalization match.
O*NET Database|onet_software_skills|2.E.9.i|Electronic medical record EMR systems,O*NET Database,31.0,technology,onet_software_skills,2.E.9.i|Electronic medical record EMR systems,Electronic medical record EMR systems,Medical software,,No approved automatic normalization match.
O*NET Database|onet_software_skills|2.E.6.f|Elekta METRIQ,O*NET Database,31.0,technology,onet_software_skills,2.E.6.f|Elekta METRIQ,Elekta METRIQ,Data base user interface and query software,,No approved automatic normalization match.
O*NET Database|onet_software_skills|2.E.11.c|Element management software,O*NET Database,31.0,technology,onet_software_skills,2.E.11.c|Element management software,Element management software,Administration software,,No approved automatic normalization match.
O*NET Database|onet_software_skills|2.E.2.b|Ellucian Banner ERP,O*NET Database,31.0,technology,onet_software_skills,2.E.2.b|Ellucian Banner ERP,Ellucian Banner ERP,Enterprise resource planning ERP software,,No approved automatic normalization match.
O*NET Database|onet_software_skills|2.E.1.c|Ellucian Banner Human Resources,O*NET Database,31.0,technology,onet_software_skills,2.E.1.c|Ellucian Banner Human Resources,Ellucian Banner Human Resources,Human resources software,,No approved automatic normalization match.
O*NET Database|onet_software_skills|2.E.16.a|Email software,O*NET Database,31.0,technology,onet_software_skills,2.E.16.a|Email software,Email software,Electronic mail software,,No approved automatic normalization match.
O*NET Database|onet_software_skills|2.E.9.o|eMASS,O*NET Database,31.0,technology,onet_software_skills,2.E.9.o|eMASS,eMASS,Risk management data and analysis software,,No approved automatic normalization match.
O*NET Database|onet_software_skills|2.E.7.e|Embarcadero Delphi,O*NET Database,31.0,technology,onet_software_skills,2.E.7.e|Embarcadero Delphi,Embarcadero Delphi,Object or component oriented development software,,No approved automatic normalization match.
O*NET Database|onet_software_skills|2.E.6.i|Embarcadero ER/Studio XE,O*NET Database,31.0,technology,onet_software_skills,2.E.6.i|Embarcadero ER/Studio XE,Embarcadero ER/Studio XE,Metadata management software,,No approved automatic normalization match.
O*NET Database|onet_software_skills|2.E.7.b|Embarcadero JBuilder,O*NET Database,31.0,technology,onet_software_skills,2.E.7.b|Embarcadero JBuilder,Embarcadero JBuilder,Development environment software,,No approved automatic normalization match.
O*NET Database|onet_software_skills|2.E.6.d|Embarcadero Technologies DBArtisan,O*NET Database,31.0,technology,onet_software_skills,2.E.6.d|Embarcadero Technologies DBArtisan,Embarcadero Technologies DBArtisan,Data base management system software,,No approved automatic normalization match.
O*NET Database|onet_software_skills|2.E.7.b|Embedded systems development software,O*NET Database,31.0,technology,onet_software_skills,2.E.7.b|Embedded systems development software,Embedded systems development software,Development environment software,,No approved automatic normalization match.
O*NET Database|onet_software_skills|2.E.9.d|Embedded systems testing software,O*NET Database,31.0,technology,onet_software_skills,2.E.9.d|Embedded systems testing software,Embedded systems testing software,Analytical or scientific software,,No approved automatic normalization match.
O*NET Database|onet_software_skills|2.E.15.f|EMC NetWorker,O*NET Database,31.0,technology,onet_software_skills,2.E.15.f|EMC NetWorker,EMC NetWorker,Backup or archival software,,No approved automatic normalization match.
O*NET Database|onet_software_skills|2.E.9.i|eMDs Practice Partner,O*NET Database,31.0,technology,onet_software_skills,2.E.9.i|eMDs Practice Partner,eMDs Practice Partner,Medical software,,No approved automatic normalization match.
O*NET Database|onet_software_skills|2.E.5.a|Emerald Software Group Emerald Green Office,O*NET Database,31.0,technology,onet_software_skills,2.E.5.a|Emerald Software Group Emerald Green Office,Emerald Software Group Emerald Green Office,Content workflow software,,No approved automatic normalization match.
O*NET Database|onet_software_skills|2.E.6.f|Encoded archival system EAD,O*NET Database,31.0,technology,onet_software_skills,2.E.6.f|Encoded archival system EAD,Encoded archival system EAD,Data base user interface and query software,,No approved automatic normalization match.
O*NET Database|onet_software_skills|2.E.14.d|Encoder software,O*NET Database,31.0,technology,onet_software_skills,2.E.14.d|Encoder software,Encoder software,Transaction security and virus protection software,,No approved automatic normalization match.
O*NET Database|onet_software_skills|2.E.14.d|Encryption software,O*NET Database,31.0,technology,onet_software_skills,2.E.14.d|Encryption software,Encryption software,Transaction security and virus protection software,,No approved automatic normalization match.
O*NET Database|onet_software_skills|2.E.14.d|End-to-end encryption software,O*NET Database,31.0,technology,onet_software_skills,2.E.14.d|End-to-end encryption software,End-to-end encryption software,Transaction security and virus protection software,,No approved automatic normalization match.
O*NET Database|onet_software_skills|2.E.6.f|EndoSoft,O*NET Database,31.0,technology,onet_software_skills,2.E.6.f|EndoSoft,EndoSoft,Data base user interface and query software,,No approved automatic normalization match.
O*NET Database|onet_software_skills|2.E.7.c|Enterprise application integration EAI software,O*NET Database,31.0,technology,onet_software_skills,2.E.7.c|Enterprise application integration EAI software,Enterprise application integration EAI software,Enterprise application integration software,,No approved automatic normalization match.
O*NET Database|onet_software_skills|2.E.7.h|Enterprise JavaBeans,O*NET Database,31.0,technology,onet_software_skills,2.E.7.h|Enterprise JavaBeans,Enterprise JavaBeans,Web platform development software,,No approved automatic normalization match.
O*NET Database|onet_software_skills|2.E.6.f|Entity Management Software,O*NET Database,31.0,technology,onet_software_skills,2.E.6.f|Entity Management Software,Entity Management Software,Data base user interface and query software,,No approved automatic normalization match.
O*NET Database|onet_software_skills|2.E.9.i|Epic Systems,O*NET Database,31.0,technology,onet_software_skills,2.E.9.i|Epic Systems,Epic Systems,Medical software,,No approved automatic normalization match.
O*NET Database|onet_software_skills|2.E.1.c|eQuest,O*NET Database,31.0,technology,onet_software_skills,2.E.1.c|eQuest,eQuest,Human resources software,,No approved automatic normalization match.
O*NET Database|onet_software_skills|2.E.8.h|ESRI ArcInfo,O*NET Database,31.0,technology,onet_software_skills,2.E.8.h|ESRI ArcInfo,ESRI ArcInfo,Geographic information system,,No approved automatic normalization match.
O*NET Database|onet_software_skills|2.E.8.h|ESRI ArcLogistics,O*NET Database,31.0,technology,onet_software_skills,2.E.8.h|ESRI ArcLogistics,ESRI ArcLogistics,Geographic information system,,No approved automatic normalization match.
O*NET Database|onet_software_skills|2.E.8.h|ESRI ArcView,O*NET Database,31.0,technology,onet_software_skills,2.E.8.h|ESRI ArcView,ESRI ArcView,Geographic information system,,No approved automatic normalization match.
O*NET Database|onet_software_skills|2.E.2.d|Estate planning software,O*NET Database,31.0,technology,onet_software_skills,2.E.2.d|Estate planning software,Estate planning software,Financial analysis software,,No approved automatic normalization match.
O*NET Database|onet_software_skills|2.E.9.d|ETA Dynaform,O*NET Database,31.0,technology,onet_software_skills,2.E.9.d|ETA Dynaform,ETA Dynaform,Analytical or scientific software,,No approved automatic normalization match.
O*NET Database|onet_software_skills|2.E.8.h|ETAP,O*NET Database,31.0,technology,onet_software_skills,2.E.8.h|ETAP,ETAP,Geographic information system,,No approved automatic normalization match.
O*NET Database|onet_software_skills|2.E.11.a|Ethereal,O*NET Database,31.0,technology,onet_software_skills,2.E.11.a|Ethereal,Ethereal,Network monitoring software,,No approved automatic normalization match.
O*NET Database|onet_software_skills|2.E.7.b|Event-driven State-machines Programming,O*NET Database,31.0,technology,onet_software_skills,2.E.7.b|Event-driven State-machines Programming,Event-driven State-machines Programming,Development environment software,,No approved automatic normalization match.
O*NET Database|onet_software_skills|2.E.4.d|Evernote,O*NET Database,31.0,technology,onet_software_skills,2.E.4.d|Evernote,Evernote,Word processing software,,No approved automatic normalization match.
O*NET Database|onet_software_skills|2.E.2.a|Evron Computer Systems SAGE PFW (Platinum For Windows),O*NET Database,31.0,technology,onet_software_skills,2.E.2.a|Evron Computer Systems SAGE PFW (Platinum For Windows),Evron Computer Systems SAGE PFW (Platinum For Windows),Accounting software,,No approved automatic normalization match.
O*NET Database|onet_software_skills|2.E.2.b|Exact Software Macola ES,O*NET Database,31.0,technology,onet_software_skills,2.E.2.b|Exact Software Macola ES,Exact Software Macola ES,Enterprise resource planning ERP software,,No approved automatic normalization match.
O*NET Database|onet_software_skills|2.E.4.d|Exercise routine creation software,O*NET Database,31.0,technology,onet_software_skills,2.E.4.d|Exercise routine creation software,Exercise routine creation software,Word processing software,,No approved automatic normalization match.
O*NET Database|onet_software_skills|2.E.7.h|Ext JS,O*NET Database,31.0,technology,onet_software_skills,2.E.7.h|Ext JS,Ext JS,Web platform development software,,No approved automatic normalization match.
O*NET Database|onet_software_skills|2.E.7.b|eXtensible Business Reporting Language XBRL,O*NET Database,31.0,technology,onet_software_skills,2.E.7.b|eXtensible Business Reporting Language XBRL,eXtensible Business Reporting Language XBRL,Development environment software,,No approved automatic normalization match.
O*NET Database|onet_software_skills|2.E.7.h|Extensible hypertext markup language XHTML,O*NET Database,31.0,technology,onet_software_skills,2.E.7.h|Extensible hypertext markup language XHTML,Extensible hypertext markup language XHTML,Web platform development software,,No approved automatic normalization match.
O*NET Database|onet_software_skills|2.E.7.c|Extensible markup language XML,O*NET Database,31.0,technology,onet_software_skills,2.E.7.c|Extensible markup language XML,Extensible markup language XML,Enterprise application integration software,,No approved automatic normalization match.
O*NET Database|onet_software_skills|2.E.7.h|Extensible stylesheet language transformations XSLT,O*NET Database,31.0,technology,onet_software_skills,2.E.7.h|Extensible stylesheet language transformations XSLT,Extensible stylesheet language transformations XSLT,Web platform development software,,No approved automatic normalization match.
O*NET Database|onet_software_skills|2.E.7.c|Extensible stylesheet language XSL,O*NET Database,31.0,technology,onet_software_skills,2.E.7.c|Extensible stylesheet language XSL,Extensible stylesheet language XSL,Enterprise application integration software,,No approved automatic normalization match.
O*NET Database|onet_software_skills|2.E.4.g|Facebook,O*NET Database,31.0,technology,onet_software_skills,2.E.4.g|Facebook,Facebook,Web page creation and editing software,,No approved automatic normalization match.
O*NET Database|onet_software_skills|2.E.16.b|FaceTime,O*NET Database,31.0,technology,onet_software_skills,2.E.16.b|FaceTime,FaceTime,Video conferencing software,,No approved automatic normalization match.
O*NET Database|onet_software_skills|2.E.9.c|Facilities design software,O*NET Database,31.0,technology,onet_software_skills,2.E.9.c|Facilities design software,Facilities design software,Computer aided design CAD software,,No approved automatic normalization match.
O*NET Database|onet_software_skills|2.E.9.c|Facilities planning software,O*NET Database,31.0,technology,onet_software_skills,2.E.9.c|Facilities planning software,Facilities planning software,Computer aided design CAD software,,No approved automatic normalization match.
O*NET Database|onet_software_skills|2.E.6.h|Factiva,O*NET Database,31.0,technology,onet_software_skills,2.E.6.h|Factiva,Factiva,Information retrieval or search software,,No approved automatic normalization match.
O*NET Database|onet_software_skills|2.E.9.c|Failure assessment software,O*NET Database,31.0,technology,onet_software_skills,2.E.9.c|Failure assessment software,Failure assessment software,Computer aided design CAD software,,No approved automatic normalization match.
O*NET Database|onet_software_skills|2.E.9.d|Failure mode and effects analysis FMEA software,O*NET Database,31.0,technology,onet_software_skills,2.E.9.d|Failure mode and effects analysis FMEA software,Failure mode and effects analysis FMEA software,Analytical or scientific software,,No approved automatic normalization match.
O*NET Database|onet_software_skills|2.E.9.d|Failure mode effects and criticality analysis FMECA software,O*NET Database,31.0,technology,onet_software_skills,2.E.9.d|Failure mode effects and criticality analysis FMECA software,Failure mode effects and criticality analysis FMECA software,Analytical or scientific software,,No approved automatic normalization match.
O*NET Database|onet_software_skills|2.E.9.d|Failure reporting analysis and corrective action FRACAS software,O*NET Database,31.0,technology,onet_software_skills,2.E.9.d|Failure reporting analysis and corrective action FRACAS software,Failure reporting analysis and corrective action FRACAS software,Analytical or scientific software,,No approved automatic normalization match.
O*NET Database|onet_software_skills|2.E.9.d|Fault modeling software,O*NET Database,31.0,technology,onet_software_skills,2.E.9.d|Fault modeling software,Fault modeling software,Analytical or scientific software,,No approved automatic normalization match.
O*NET Database|onet_software_skills|2.E.7.f|Fault testing software,O*NET Database,31.0,technology,onet_software_skills,2.E.7.f|Fault testing software,Fault testing software,Program testing software,,No approved automatic normalization match.
O*NET Database|onet_software_skills|2.E.9.d|Fault tree analysis FTA software,O*NET Database,31.0,technology,onet_software_skills,2.E.9.d|Fault tree analysis FTA software,Fault tree analysis FTA software,Analytical or scientific software,,No approved automatic normalization match.
O*NET Database|onet_software_skills|2.E.6.h|FedBizOps,O*NET Database,31.0,technology,onet_software_skills,2.E.6.h|FedBizOps,FedBizOps,Information retrieval or search software,,No approved automatic normalization match.
O*NET Database|onet_software_skills|2.E.9.c|Field programmable gate array FPGA design software,O*NET Database,31.0,technology,onet_software_skills,2.E.9.c|Field programmable gate array FPGA design software,Field programmable gate array FPGA design software,Computer aided design CAD software,,No approved automatic normalization match.
O*NET Database|onet_software_skills|2.E.2.f|Fifth Walk BillingTracker,O*NET Database,31.0,technology,onet_software_skills,2.E.2.f|Fifth Walk BillingTracker,Fifth Walk BillingTracker,Billing and invoicing software,,No approved automatic normalization match.
O*NET Database|onet_software_skills|2.E.7.d|Figma,O*NET Database,31.0,technology,onet_software_skills,2.E.7.d|Figma,Figma,Graphical user interface development software,,No approved automatic normalization match.
O*NET Database|onet_software_skills|2.E.13.a|File server software,O*NET Database,31.0,technology,onet_software_skills,2.E.13.a|File server software,File server software,Filesystem software,,No approved automatic normalization match.
O*NET Database|onet_software_skills|2.E.6.f|FileMaker Pro,O*NET Database,31.0,technology,onet_software_skills,2.E.6.f|FileMaker Pro,FileMaker Pro,Data base user interface and query software,,No approved automatic normalization match.
O*NET Database|onet_software_skills|2.E.2.d|Financial Competence,O*NET Database,31.0,technology,onet_software_skills,2.E.2.d|Financial Competence,Financial Competence,Financial analysis software,,No approved automatic normalization match.
O*NET Database|onet_software_skills|2.E.2.d|Financial planning software,O*NET Database,31.0,technology,onet_software_skills,2.E.2.d|Financial planning software,Financial planning software,Financial analysis software,,No approved automatic normalization match.
O*NET Database|onet_software_skills|2.E.2.a|Financial reporting software,O*NET Database,31.0,technology,onet_software_skills,2.E.2.a|Financial reporting software,Financial reporting software,Accounting software,,No approved automatic normalization match.
O*NET Database|onet_software_skills|2.E.2.a|Financial statement software,O*NET Database,31.0,technology,onet_software_skills,2.E.2.a|Financial statement software,Financial statement software,Accounting software,,No approved automatic normalization match.
O*NET Database|onet_software_skills|2.E.9.d|Finite difference time domain FDTD software,O*NET Database,31.0,technology,onet_software_skills,2.E.9.d|Finite difference time domain FDTD software,Finite difference time domain FDTD software,Analytical or scientific software,,No approved automatic normalization match.
O*NET Database|onet_software_skills|2.E.9.d|Finite element analysis FEA software,O*NET Database,31.0,technology,onet_software_skills,2.E.9.d|Finite element analysis FEA software,Finite element analysis FEA software,Analytical or scientific software,,No approved automatic normalization match.
O*NET Database|onet_software_skills|2.E.9.d|Finite element method FEM software,O*NET Database,31.0,technology,onet_software_skills,2.E.9.d|Finite element method FEM software,Finite element method FEM software,Analytical or scientific software,,No approved automatic normalization match.
O*NET Database|onet_software_skills|2.E.14.c|Firewall software,O*NET Database,31.0,technology,onet_software_skills,2.E.14.c|Firewall software,Firewall software,Network security and virtual private network VPN equipment software,,No approved automatic normalization match.
O*NET Database|onet_software_skills|2.E.2.d|Fixed-assets depreciation software,O*NET Database,31.0,technology,onet_software_skills,2.E.2.d|Fixed-assets depreciation software,Fixed-assets depreciation software,Financial analysis software,,No approved automatic normalization match.
O*NET Database|onet_software_skills|2.E.7.b|Flask,O*NET Database,31.0,technology,onet_software_skills,2.E.7.b|Flask,Flask,Development environment software,,No approved automatic normalization match.
O*NET Database|onet_software_skills|2.E.6.i|Flat File Checker,O*NET Database,31.0,technology,onet_software_skills,2.E.6.i|Flat File Checker,Flat File Checker,Metadata management software,,No approved automatic normalization match.
O*NET Database|onet_software_skills|2.E.1.d|Fleet management software,O*NET Database,31.0,technology,onet_software_skills,2.E.1.d|Fleet management software,Fleet management software,Materials requirements planning logistics and supply chain software,,No approved automatic normalization match.
O*NET Database|onet_software_skills|2.E.7.h|FlexBox,O*NET Database,31.0,technology,onet_software_skills,2.E.7.h|FlexBox,FlexBox,Web platform development software,,No approved automatic normalization match.
O*NET Database|onet_software_skills|2.E.4.c|Flipgrid,O*NET Database,31.0,technology,onet_software_skills,2.E.4.c|Flipgrid,Flipgrid,Video creation and editing software,,No approved automatic normalization match.
O*NET Database|onet_software_skills|2.E.9.c|Floor planning software,O*NET Database,31.0,technology,onet_software_skills,2.E.9.c|Floor planning software,Floor planning software,Computer aided design CAD software,,No approved automatic normalization match.
O*NET Database|onet_software_skills|2.E.1.p|Flow chart software,O*NET Database,31.0,technology,onet_software_skills,2.E.1.p|Flow chart software,Flow chart software,Process mapping and design software,,No approved automatic normalization match.
O*NET Database|onet_software_skills|2.E.7.b|Formula translation/translator FORTRAN,O*NET Database,31.0,technology,onet_software_skills,2.E.7.b|Formula translation/translator FORTRAN,Formula translation/translator FORTRAN,Development environment software,,No approved automatic normalization match.
O*NET Database|onet_software_skills|2.E.7.b|Forth,O*NET Database,31.0,technology,onet_software_skills,2.E.7.b|Forth,Forth,Development environment software,,No approved automatic normalization match.
O*NET Database|onet_software_skills|2.E.1.d|Four Soft 4S eLog,O*NET Database,31.0,technology,onet_software_skills,2.E.1.d|Four Soft 4S eLog,Four Soft 4S eLog,Materials requirements planning logistics and supply chain software,,No approved automatic normalization match.
O*NET Database|onet_software_skills|2.E.1.d|Four Soft 4S VisiLog,O*NET Database,31.0,technology,onet_software_skills,2.E.1.d|Four Soft 4S VisiLog,Four Soft 4S VisiLog,Materials requirements planning logistics and supply chain software,,No approved automatic normalization match.
O*NET Database|onet_software_skills|2.E.5.b|Fox Meadows Accent Data Manager,O*NET Database,31.0,technology,onet_software_skills,2.E.5.b|Fox Meadows Accent Data Manager,Fox Meadows Accent Data Manager,Document management software,,No approved automatic normalization match.
O*NET Database|onet_software_skills|2.E.6.f|Fox Meadows ChartingPlus,O*NET Database,31.0,technology,onet_software_skills,2.E.6.f|Fox Meadows ChartingPlus,Fox Meadows ChartingPlus,Data base user interface and query software,,No approved automatic normalization match.
O*NET Database|onet_software_skills|2.E.9.i|Fox Meadows EncounterManager,O*NET Database,31.0,technology,onet_software_skills,2.E.9.i|Fox Meadows EncounterManager,Fox Meadows EncounterManager,Medical software,,No approved automatic normalization match.
O*NET Database|onet_software_skills|2.E.4.b|Freeverse Lineform,O*NET Database,31.0,technology,onet_software_skills,2.E.4.b|Freeverse Lineform,Freeverse Lineform,Graphics or photo imaging software,,No approved automatic normalization match.
O*NET Database|onet_software_skills|2.E.2.a|FRx Software Microsoft FRx,O*NET Database,31.0,technology,onet_software_skills,2.E.2.a|FRx Software Microsoft FRx,FRx Software Microsoft FRx,Accounting software,,No approved automatic normalization match.
O*NET Database|onet_software_skills|2.E.7.f|Functional testing software,O*NET Database,31.0,technology,onet_software_skills,2.E.7.f|Functional testing software,Functional testing software,Program testing software,,No approved automatic normalization match.
O*NET Database|onet_software_skills|2.E.9.d|Functional verification software,O*NET Database,31.0,technology,onet_software_skills,2.E.9.d|Functional verification software,Functional verification software,Analytical or scientific software,,No approved automatic normalization match.
O*NET Database|onet_software_skills|2.E.2.a|Fund accounting software,O*NET Database,31.0,technology,onet_software_skills,2.E.2.a|Fund accounting software,Fund accounting software,Accounting software,,No approved automatic normalization match.
O*NET Database|onet_software_skills|2.E.7.e|G-code,O*NET Database,31.0,technology,onet_software_skills,2.E.7.e|G-code,G-code,Object or component oriented development software,,No approved automatic normalization match.
O*NET Database|onet_software_skills|2.E.6.c|Galilee Enterprise TargetPro,O*NET Database,31.0,technology,onet_software_skills,2.E.6.c|Galilee Enterprise TargetPro,Galilee Enterprise TargetPro,Customer relationship management CRM software,,No approved automatic normalization match.
O*NET Database|onet_software_skills|2.E.7.b|Gambit Scheme,O*NET Database,31.0,technology,onet_software_skills,2.E.7.b|Gambit Scheme,Gambit Scheme,Development environment software,,No approved automatic normalization match.
O*NET Database|onet_software_skills|2.E.9.i|GE Healthcare Centricity EMR,O*NET Database,31.0,technology,onet_software_skills,2.E.9.i|GE Healthcare Centricity EMR,GE Healthcare Centricity EMR,Medical software,,No approved automatic normalization match.
O*NET Database|onet_software_skills|2.E.9.i|GE Healthcare Logician,O*NET Database,31.0,technology,onet_software_skills,2.E.9.i|GE Healthcare Logician,GE Healthcare Logician,Medical software,,No approved automatic normalization match.
O*NET Database|onet_software_skills|2.E.2.a|General ledger software,O*NET Database,31.0,technology,onet_software_skills,2.E.2.a|General ledger software,General ledger software,Accounting software,,No approved automatic normalization match.
O*NET Database|onet_software_skills|2.E.6.f|Geographic information system GIS marketing software,O*NET Database,31.0,technology,onet_software_skills,2.E.6.f|Geographic information system GIS marketing software,Geographic information system GIS marketing software,Data base user interface and query software,,No approved automatic normalization match.
O*NET Database|onet_software_skills|2.E.8.h|Geographic information system GIS software,O*NET Database,31.0,technology,onet_software_skills,2.E.8.h|Geographic information system GIS software,Geographic information system GIS software,Geographic information system,,No approved automatic normalization match.
O*NET Database|onet_software_skills|2.E.8.h|Geographic information system GIS systems,O*NET Database,31.0,technology,onet_software_skills,2.E.8.h|Geographic information system GIS systems,Geographic information system GIS systems,Geographic information system,,No approved automatic normalization match.
O*NET Database|onet_software_skills|2.E.5.c|Git,O*NET Database,31.0,technology,onet_software_skills,2.E.5.c|Git,Git,File versioning software,,No approved automatic normalization match.
O*NET Database|onet_software_skills|2.E.10.a|GitHub,O*NET Database,31.0,technology,onet_software_skills,2.E.10.a|GitHub,GitHub,Application server software,,No approved automatic normalization match.
O*NET Database|onet_software_skills|2.E.10.a|GitLab,O*NET Database,31.0,technology,onet_software_skills,2.E.10.a|GitLab,GitLab,Application server software,,No approved automatic normalization match.
O*NET Database|onet_software_skills|2.E.9.d|GLOBE Claritas,O*NET Database,31.0,technology,onet_software_skills,2.E.9.d|GLOBE Claritas,GLOBE Claritas,Analytical or scientific software,,No approved automatic normalization match.
O*NET Database|onet_software_skills|2.E.6.f|GMI NET-MR,O*NET Database,31.0,technology,onet_software_skills,2.E.6.f|GMI NET-MR,GMI NET-MR,Data base user interface and query software,,No approved automatic normalization match.
O*NET Database|onet_software_skills|2.E.4.b|GNU Image Manipulation Program GIMP,O*NET Database,31.0,technology,onet_software_skills,2.E.4.b|GNU Image Manipulation Program GIMP,GNU Image Manipulation Program GIMP,Graphics or photo imaging software,,No approved automatic normalization match.
O*NET Database|onet_software_skills|2.E.7.b|Go,O*NET Database,31.0,technology,onet_software_skills,2.E.7.b|Go,Go,Development environment software,,No approved automatic normalization match.
O*NET Database|onet_software_skills|2.E.1.c|GoBackgrounds,O*NET Database,31.0,technology,onet_software_skills,2.E.1.c|GoBackgrounds,GoBackgrounds,Human resources software,,No approved automatic normalization match.
O*NET Database|onet_software_skills|2.E.6.f|Google,O*NET Database,31.0,technology,onet_software_skills,2.E.6.f|Google,Google,Data base user interface and query software,,No approved automatic normalization match.
O*NET Database|onet_software_skills|2.E.1.l|Google Ads,O*NET Database,31.0,technology,onet_software_skills,2.E.1.l|Google Ads,Google Ads,Sales and marketing software,,No approved automatic normalization match.
O*NET Database|onet_software_skills|2.E.6.g|Google Analytics,O*NET Database,31.0,technology,onet_software_skills,2.E.6.g|Google Analytics,Google Analytics,Data mining software,,No approved automatic normalization match.
O*NET Database|onet_software_skills|2.E.13.c|Google Android,O*NET Database,31.0,technology,onet_software_skills,2.E.13.c|Google Android,Google Android,Operating system software,,No approved automatic normalization match.
O*NET Database|onet_software_skills|2.E.7.h|Google Angular,O*NET Database,31.0,technology,onet_software_skills,2.E.7.h|Google Angular,Google Angular,Web platform development software,,No approved automatic normalization match.
O*NET Database|onet_software_skills|2.E.10.e|Google Chrome,O*NET Database,31.0,technology,onet_software_skills,2.E.10.e|Google Chrome,Google Chrome,Internet browser software,,No approved automatic normalization match.
O*NET Database|onet_software_skills|2.E.11.e|Google Cloud software,O*NET Database,31.0,technology,onet_software_skills,2.E.11.e|Google Cloud software,Google Cloud software,Cloud-based management software,,No approved automatic normalization match.
O*NET Database|onet_software_skills|2.E.4.d|Google Docs,O*NET Database,31.0,technology,onet_software_skills,2.E.4.d|Google Docs,Google Docs,Word processing software,,No approved automatic normalization match.
O*NET Database|onet_software_skills|2.E.16.i|Google Drive,O*NET Database,31.0,technology,onet_software_skills,2.E.16.i|Google Drive,Google Drive,Cloud-based data access and sharing software,,No approved automatic normalization match.
O*NET Database|onet_software_skills|2.E.16.a|Google Gmail,O*NET Database,31.0,technology,onet_software_skills,2.E.16.a|Google Gmail,Google Gmail,Electronic mail software,,No approved automatic normalization match.
O*NET Database|onet_software_skills|2.E.6.m|Google Looker Analytics,O*NET Database,31.0,technology,onet_software_skills,2.E.6.m|Google Looker Analytics,Google Looker Analytics,Business intelligence and data analysis software,,No approved automatic normalization match.
O*NET Database|onet_software_skills|2.E.16.b|Google Meet,O*NET Database,31.0,technology,onet_software_skills,2.E.16.b|Google Meet,Google Meet,Video conferencing software,,No approved automatic normalization match.
O*NET Database|onet_software_skills|2.E.1.l|Google Search Ads 360,O*NET Database,31.0,technology,onet_software_skills,2.E.1.l|Google Search Ads 360,Google Search Ads 360,Sales and marketing software,,No approved automatic normalization match.
O*NET Database|onet_software_skills|2.E.4.i|Google Sheets,O*NET Database,31.0,technology,onet_software_skills,2.E.4.i|Google Sheets,Google Sheets,Spreadsheet software,,No approved automatic normalization match.
O*NET Database|onet_software_skills|2.E.4.g|Google Sites,O*NET Database,31.0,technology,onet_software_skills,2.E.4.g|Google Sites,Google Sites,Web page creation and editing software,,No approved automatic normalization match.
O*NET Database|onet_software_skills|2.E.4.f|Google Slides,O*NET Database,31.0,technology,onet_software_skills,2.E.4.f|Google Slides,Google Slides,Presentation software,,No approved automatic normalization match.
O*NET Database|onet_software_skills|2.E.1.l|Google Tag Manager,O*NET Database,31.0,technology,onet_software_skills,2.E.1.l|Google Tag Manager,Google Tag Manager,Sales and marketing software,,No approved automatic normalization match.
O*NET Database|onet_software_skills|2.E.4.g|Google Webmaster Tools,O*NET Database,31.0,technology,onet_software_skills,2.E.4.g|Google Webmaster Tools,Google Webmaster Tools,Web page creation and editing software,,No approved automatic normalization match.
O*NET Database|onet_software_skills|2.E.7.e|Gradle,O*NET Database,31.0,technology,onet_software_skills,2.E.7.e|Gradle,Gradle,Object or component oriented development software,,No approved automatic normalization match.
O*NET Database|onet_software_skills|2.E.7.d|Grafana Labs Grafana Cloud,O*NET Database,31.0,technology,onet_software_skills,2.E.7.d|Grafana Labs Grafana Cloud,Grafana Labs Grafana Cloud,Graphical user interface development software,,No approved automatic normalization match.
O*NET Database|onet_software_skills|2.E.7.h|Grails,O*NET Database,31.0,technology,onet_software_skills,2.E.7.h|Grails,Grails,Web platform development software,,No approved automatic normalization match.
O*NET Database|onet_software_skills|2.E.7.d|Graphical user interface GUI builder software,O*NET Database,31.0,technology,onet_software_skills,2.E.7.d|Graphical user interface GUI builder software,Graphical user interface GUI builder software,Graphical user interface development software,,No approved automatic normalization match.
O*NET Database|onet_software_skills|2.E.7.d|Graphical user interface GUI design software,O*NET Database,31.0,technology,onet_software_skills,2.E.7.d|Graphical user interface GUI design software,Graphical user interface GUI design software,Graphical user interface development software,,No approved automatic normalization match.
O*NET Database|onet_software_skills|2.E.4.b|Graphics software,O*NET Database,31.0,technology,onet_software_skills,2.E.4.b|Graphics software,Graphics software,Graphics or photo imaging software,,No approved automatic normalization match.
O*NET Database|onet_software_skills|2.E.6.f|GraphQL,O*NET Database,31.0,technology,onet_software_skills,2.E.6.f|GraphQL,GraphQL,Data base user interface and query software,,No approved automatic normalization match.
O*NET Database|onet_software_skills|2.E.6.d|Greenplum Database,O*NET Database,31.0,technology,onet_software_skills,2.E.6.d|Greenplum Database,Greenplum Database,Data base management system software,,No approved automatic normalization match.
O*NET Database|onet_software_skills|2.E.9.i|Greenway Medical Technologies PrimeChart,O*NET Database,31.0,technology,onet_software_skills,2.E.9.i|Greenway Medical Technologies PrimeChart,Greenway Medical Technologies PrimeChart,Medical software,,No approved automatic normalization match.
O*NET Database|onet_software_skills|2.E.9.d|Grid generation software,O*NET Database,31.0,technology,onet_software_skills,2.E.9.d|Grid generation software,Grid generation software,Analytical or scientific software,,No approved automatic normalization match.
O*NET Database|onet_software_skills|2.E.16.d|GroupMe,O*NET Database,31.0,technology,onet_software_skills,2.E.16.d|GroupMe,GroupMe,Instant messaging software,,No approved automatic normalization match.
O*NET Database|onet_software_skills|2.E.9.c|GT STRUDL,O*NET Database,31.0,technology,onet_software_skills,2.E.9.c|GT STRUDL,GT STRUDL,Computer aided design CAD software,,No approved automatic normalization match.
O*NET Database|onet_software_skills|2.E.9.d|Guidance Software EnCase Enterprise,O*NET Database,31.0,technology,onet_software_skills,2.E.9.d|Guidance Software EnCase Enterprise,Guidance Software EnCase Enterprise,Analytical or scientific software,,No approved automatic normalization match.
O*NET Database|onet_software_skills|2.E.11.a|Guidance Software EnCase Forensic,O*NET Database,31.0,technology,onet_software_skills,2.E.11.a|Guidance Software EnCase Forensic,Guidance Software EnCase Forensic,Network monitoring software,,No approved automatic normalization match.
O*NET Database|onet_software_skills|2.E.2.c|H&R Block Tax,O*NET Database,31.0,technology,onet_software_skills,2.E.2.c|H&R Block Tax,H&R Block Tax,Tax preparation software,,No approved automatic normalization match.
O*NET Database|onet_software_skills|2.E.9.i|Hands On Technology TheraWriter.PT,O*NET Database,31.0,technology,onet_software_skills,2.E.9.i|Hands On Technology TheraWriter.PT,Hands On Technology TheraWriter.PT,Medical software,,No approved automatic normalization match.
O*NET Database|onet_software_skills|2.E.7.b|Hardware description language HDL,O*NET Database,31.0,technology,onet_software_skills,2.E.7.b|Hardware description language HDL,Hardware description language HDL,Development environment software,,No approved automatic normalization match.
O*NET Database|onet_software_skills|2.E.4.b|HASH Animation:Master,O*NET Database,31.0,technology,onet_software_skills,2.E.4.b|HASH Animation:Master,HASH Animation:Master,Graphics or photo imaging software,,No approved automatic normalization match.
O*NET Database|onet_software_skills|2.E.7.h|HashiCorp Vagrant,O*NET Database,31.0,technology,onet_software_skills,2.E.7.h|HashiCorp Vagrant,HashiCorp Vagrant,Web platform development software,,No approved automatic normalization match.
O*NET Database|onet_software_skills|2.E.7.b|Haskell,O*NET Database,31.0,technology,onet_software_skills,2.E.7.b|Haskell,Haskell,Development environment software,,No approved automatic normalization match.
O*NET Database|onet_software_skills|2.E.9.i|Health Care Data HealthProbe,O*NET Database,31.0,technology,onet_software_skills,2.E.9.i|Health Care Data HealthProbe,Health Care Data HealthProbe,Medical software,,No approved automatic normalization match.
O*NET Database|onet_software_skills|2.E.9.i|Healthcare common procedure coding system HCPCS,O*NET Database,31.0,technology,onet_software_skills,2.E.9.i|Healthcare common procedure coding system HCPCS,Healthcare common procedure coding system HCPCS,Medical software,,No approved automatic normalization match.
O*NET Database|onet_software_skills|2.E.9.d|HEC-1,O*NET Database,31.0,technology,onet_software_skills,2.E.9.d|HEC-1,HEC-1,Analytical or scientific software,,No approved automatic normalization match.
O*NET Database|onet_software_skills|2.E.9.d|HEC-HMS,O*NET Database,31.0,technology,onet_software_skills,2.E.9.d|HEC-HMS,HEC-HMS,Analytical or scientific software,,No approved automatic normalization match.
O*NET Database|onet_software_skills|2.E.1.a|Help desk software,O*NET Database,31.0,technology,onet_software_skills,2.E.1.a|Help desk software,Help desk software,Helpdesk or call center software,,No approved automatic normalization match.
O*NET Database|onet_software_skills|2.E.9.i|Henry Schein Dentrix,O*NET Database,31.0,technology,onet_software_skills,2.E.9.i|Henry Schein Dentrix,Henry Schein Dentrix,Medical software,,No approved automatic normalization match.
O*NET Database|onet_software_skills|2.E.2.a|Heron CrossTie General Ledger,O*NET Database,31.0,technology,onet_software_skills,2.E.2.a|Heron CrossTie General Ledger,Heron CrossTie General Ledger,Accounting software,,No approved automatic normalization match.
O*NET Database|onet_software_skills|2.E.13.c|Hewlett Packard HP-UX,O*NET Database,31.0,technology,onet_software_skills,2.E.13.c|Hewlett Packard HP-UX,Hewlett Packard HP-UX,Operating system software,,No approved automatic normalization match.
O*NET Database|onet_software_skills|2.E.7.f|Hewlett Packard LoadRunner,O*NET Database,31.0,technology,onet_software_skills,2.E.7.f|Hewlett Packard LoadRunner,Hewlett Packard LoadRunner,Program testing software,,No approved automatic normalization match.
O*NET Database|onet_software_skills|2.E.7.b|Hewlett-Packard HP Graphics Language HPGL,O*NET Database,31.0,technology,onet_software_skills,2.E.7.b|Hewlett-Packard HP Graphics Language HPGL,Hewlett-Packard HP Graphics Language HPGL,Development environment software,,No approved automatic normalization match.
O*NET Database|onet_software_skills|2.E.9.d|Hewlett-Packard HP Semiconductor Parameter Analyzer,O*NET Database,31.0,technology,onet_software_skills,2.E.9.d|Hewlett-Packard HP Semiconductor Parameter Analyzer,Hewlett-Packard HP Semiconductor Parameter Analyzer,Analytical or scientific software,,No approved automatic normalization match.
O*NET Database|onet_software_skills|2.E.6.j|Hibernate ORM,O*NET Database,31.0,technology,onet_software_skills,2.E.6.j|Hibernate ORM,Hibernate ORM,Object oriented data base management software,,No approved automatic normalization match.
O*NET Database|onet_software_skills|2.E.9.d|Hierarchical simulation program with integrated circuit emphasis HSPICE,O*NET Database,31.0,technology,onet_software_skills,2.E.9.d|Hierarchical simulation program with integrated circuit emphasis HSPICE,Hierarchical simulation program with integrated circuit emphasis HSPICE,Analytical or scientific software,,No approved automatic normalization match.
O*NET Database|onet_software_skills|2.E.1.c|HireAbility ResumeParser,O*NET Database,31.0,technology,onet_software_skills,2.E.1.c|HireAbility ResumeParser,HireAbility ResumeParser,Human resources software,,No approved automatic normalization match.
O*NET Database|onet_software_skills|2.E.1.c|HireLogic PowerPlace,O*NET Database,31.0,technology,onet_software_skills,2.E.1.c|HireLogic PowerPlace,HireLogic PowerPlace,Human resources software,,No approved automatic normalization match.
O*NET Database|onet_software_skills|2.E.6.i|HiT Software Allora,O*NET Database,31.0,technology,onet_software_skills,2.E.6.i|HiT Software Allora,HiT Software Allora,Metadata management software,,No approved automatic normalization match.
O*NET Database|onet_software_skills|2.E.9.i|HMS,O*NET Database,31.0,technology,onet_software_skills,2.E.9.i|HMS,HMS,Medical software,,No approved automatic normalization match.
O*NET Database|onet_software_skills|2.E.9.i|Holt Systems eMedRec,O*NET Database,31.0,technology,onet_software_skills,2.E.9.i|Holt Systems eMedRec,Holt Systems eMedRec,Medical software,,No approved automatic normalization match.
O*NET Database|onet_software_skills|2.E.14.d|Honeypot,O*NET Database,31.0,technology,onet_software_skills,2.E.14.d|Honeypot,Honeypot,Transaction security and virus protection software,,No approved automatic normalization match.
O*NET Database|onet_software_skills|2.E.15.f|HP DataProtector,O*NET Database,31.0,technology,onet_software_skills,2.E.15.f|HP DataProtector,HP DataProtector,Backup or archival software,,No approved automatic normalization match.
O*NET Database|onet_software_skills|2.E.14.b|HP Fortify,O*NET Database,31.0,technology,onet_software_skills,2.E.14.b|HP Fortify,HP Fortify,Network security or virtual private network VPN management software,,No approved automatic normalization match.
O*NET Database|onet_software_skills|2.E.14.d|HP WebInspect,O*NET Database,31.0,technology,onet_software_skills,2.E.14.d|HP WebInspect,HP WebInspect,Transaction security and virus protection software,,No approved automatic normalization match.
O*NET Database|onet_software_skills|2.E.1.c|HRM Direct,O*NET Database,31.0,technology,onet_software_skills,2.E.1.c|HRM Direct,HRM Direct,Human resources software,,No approved automatic normalization match.
O*NET Database|onet_software_skills|2.E.1.l|HubSpot software,O*NET Database,31.0,technology,onet_software_skills,2.E.1.l|HubSpot software,HubSpot software,Sales and marketing software,,No approved automatic normalization match.
O*NET Database|onet_software_skills|2.E.9.g|Human machine interface HMI software,O*NET Database,31.0,technology,onet_software_skills,2.E.9.g|Human machine interface HMI software,Human machine interface HMI software,Industrial control software,,No approved automatic normalization match.
O*NET Database|onet_software_skills|2.E.9.d|Human modeling software,O*NET Database,31.0,technology,onet_software_skills,2.E.9.d|Human modeling software,Human modeling software,Analytical or scientific software,,No approved automatic normalization match.
O*NET Database|onet_software_skills|2.E.1.c|Human resource information system (HRIS),O*NET Database,31.0,technology,onet_software_skills,2.E.1.c|Human resource information system (HRIS),Human resource information system (HRIS),Human resources software,,No approved automatic normalization match.
O*NET Database|onet_software_skills|2.E.1.c|Human resource management software HRMS,O*NET Database,31.0,technology,onet_software_skills,2.E.1.c|Human resource management software HRMS,Human resource management software HRMS,Human resources software,,No approved automatic normalization match.
O*NET Database|onet_software_skills|2.E.9.d|Hydraulic analysis software,O*NET Database,31.0,technology,onet_software_skills,2.E.9.d|Hydraulic analysis software,Hydraulic analysis software,Analytical or scientific software,,No approved automatic normalization match.
O*NET Database|onet_software_skills|2.E.9.d|Hydraulic modeling software,O*NET Database,31.0,technology,onet_software_skills,2.E.9.d|Hydraulic modeling software,Hydraulic modeling software,Analytical or scientific software,,No approved automatic normalization match.
O*NET Database|onet_software_skills|2.E.9.c|HydroCAD Software Solutions HydroCAD Stormwater Modeling System,O*NET Database,31.0,technology,onet_software_skills,2.E.9.c|HydroCAD Software Solutions HydroCAD Stormwater Modeling System,HydroCAD Software Solutions HydroCAD Stormwater Modeling System,Computer aided design CAD software,,No approved automatic normalization match.
O*NET Database|onet_software_skills|2.E.5.b|Hyland Software OnBase,O*NET Database,31.0,technology,onet_software_skills,2.E.5.b|Hyland Software OnBase,Hyland Software OnBase,Document management software,,No approved automatic normalization match.
O*NET Database|onet_software_skills|2.E.7.a|HyperSpace,O*NET Database,31.0,technology,onet_software_skills,2.E.7.a|HyperSpace,HyperSpace,Configuration management software,,No approved automatic normalization match.
O*NET Database|onet_software_skills|2.E.7.h|Hypertext markup language HTML,O*NET Database,31.0,technology,onet_software_skills,2.E.7.h|Hypertext markup language HTML,Hypertext markup language HTML,Web platform development software,,No approved automatic normalization match.
O*NET Database|onet_software_skills|2.E.2.d|IAD Audit Leverage,O*NET Database,31.0,technology,onet_software_skills,2.E.2.d|IAD Audit Leverage,IAD Audit Leverage,Financial analysis software,,No approved automatic normalization match.
O*NET Database|onet_software_skills|2.E.15.f|IBM ADSTAR,O*NET Database,31.0,technology,onet_software_skills,2.E.15.f|IBM ADSTAR,IBM ADSTAR,Backup or archival software,,No approved automatic normalization match.
O*NET Database|onet_software_skills|2.E.13.c|IBM AIX,O*NET Database,31.0,technology,onet_software_skills,2.E.13.c|IBM AIX,IBM AIX,Operating system software,,No approved automatic normalization match.
O*NET Database|onet_software_skills|2.E.2.b|IBM Clarity Systems Clarity,O*NET Database,31.0,technology,onet_software_skills,2.E.2.b|IBM Clarity Systems Clarity,IBM Clarity Systems Clarity,Enterprise resource planning ERP software,,No approved automatic normalization match.
O*NET Database|onet_software_skills|2.E.6.m|IBM Cognos Impromptu,O*NET Database,31.0,technology,onet_software_skills,2.E.6.m|IBM Cognos Impromptu,IBM Cognos Impromptu,Business intelligence and data analysis software,,No approved automatic normalization match.
O*NET Database|onet_software_skills|2.E.2.b|IBM Cognos ReportNet,O*NET Database,31.0,technology,onet_software_skills,2.E.2.b|IBM Cognos ReportNet,IBM Cognos ReportNet,Enterprise resource planning ERP software,,No approved automatic normalization match.
O*NET Database|onet_software_skills|2.E.5.b|IBM Content Manager,O*NET Database,31.0,technology,onet_software_skills,2.E.5.b|IBM Content Manager,IBM Content Manager,Document management software,,No approved automatic normalization match.
O*NET Database|onet_software_skills|2.E.6.f|IBM DB2,O*NET Database,31.0,technology,onet_software_skills,2.E.6.f|IBM DB2,IBM DB2,Data base user interface and query software,,No approved automatic normalization match.
O*NET Database|onet_software_skills|2.E.6.m|IBM Digital Analytics,O*NET Database,31.0,technology,onet_software_skills,2.E.6.m|IBM Digital Analytics,IBM Digital Analytics,Business intelligence and data analysis software,,No approved automatic normalization match.
O*NET Database|onet_software_skills|2.E.12.b|IBM Domino,O*NET Database,31.0,technology,onet_software_skills,2.E.12.b|IBM Domino,IBM Domino,Communications server software,,No approved automatic normalization match.
O*NET Database|onet_software_skills|2.E.7.e|IBM ILOG,O*NET Database,31.0,technology,onet_software_skills,2.E.7.e|IBM ILOG,IBM ILOG,Object or component oriented development software,,No approved automatic normalization match.
O*NET Database|onet_software_skills|2.E.6.f|IBM Information Management System (IMS),O*NET Database,31.0,technology,onet_software_skills,2.E.6.f|IBM Information Management System (IMS),IBM Information Management System (IMS),Data base user interface and query software,,No approved automatic normalization match.
O*NET Database|onet_software_skills|2.E.7.c|IBM InfoSphere DataStage,O*NET Database,31.0,technology,onet_software_skills,2.E.7.c|IBM InfoSphere DataStage,IBM InfoSphere DataStage,Enterprise application integration software,,No approved automatic normalization match.
O*NET Database|onet_software_skills|2.E.6.d|IBM Infosphere Information Server,O*NET Database,31.0,technology,onet_software_skills,2.E.6.d|IBM Infosphere Information Server,IBM Infosphere Information Server,Data base management system software,,No approved automatic normalization match.
O*NET Database|onet_software_skills|2.E.6.g|IBM InfoSphere Warehouse,O*NET Database,31.0,technology,onet_software_skills,2.E.6.g|IBM InfoSphere Warehouse,IBM InfoSphere Warehouse,Data mining software,,No approved automatic normalization match.
O*NET Database|onet_software_skills|2.E.6.g|IBM Intelligent Miner,O*NET Database,31.0,technology,onet_software_skills,2.E.6.g|IBM Intelligent Miner,IBM Intelligent Miner,Data mining software,,No approved automatic normalization match.
O*NET Database|onet_software_skills|2.E.6.d|IBM Interactive System Productivity Facility ISPF,O*NET Database,31.0,technology,onet_software_skills,2.E.6.d|IBM Interactive System Productivity Facility ISPF,IBM Interactive System Productivity Facility ISPF,Data base management system software,,No approved automatic normalization match.
O*NET Database|onet_software_skills|2.E.4.i|IBM Lotus 1-2-3,O*NET Database,31.0,technology,onet_software_skills,2.E.4.i|IBM Lotus 1-2-3,IBM Lotus 1-2-3,Spreadsheet software,,No approved automatic normalization match.
O*NET Database|onet_software_skills|2.E.16.a|IBM Lotus Notes,O*NET Database,31.0,technology,onet_software_skills,2.E.16.a|IBM Lotus Notes,IBM Lotus Notes,Electronic mail software,,No approved automatic normalization match.
O*NET Database|onet_software_skills|2.E.16.c|IBM Lotus SameTime,O*NET Database,31.0,technology,onet_software_skills,2.E.16.c|IBM Lotus SameTime,IBM Lotus SameTime,Network conferencing software,,No approved automatic normalization match.
O*NET Database|onet_software_skills|2.E.6.l|IBM Middleware,O*NET Database,31.0,technology,onet_software_skills,2.E.6.l|IBM Middleware,IBM Middleware,Transaction server software,,No approved automatic normalization match.
O*NET Database|onet_software_skills|2.E.6.e|IBM Netezza TwinFin,O*NET Database,31.0,technology,onet_software_skills,2.E.6.e|IBM Netezza TwinFin,IBM Netezza TwinFin,Data base reporting software,,No approved automatic normalization match.
O*NET Database|onet_software_skills|2.E.16.a|IBM Notes,O*NET Database,31.0,technology,onet_software_skills,2.E.16.a|IBM Notes,IBM Notes,Electronic mail software,,No approved automatic normalization match.
O*NET Database|onet_software_skills|2.E.17.a|IBM Power Systems software,O*NET Database,31.0,technology,onet_software_skills,2.E.17.a|IBM Power Systems software,IBM Power Systems software,Enterprise system management software,,No approved automatic normalization match.
O*NET Database|onet_software_skills|2.E.11.a|IBM QRadar SIEM,O*NET Database,31.0,technology,onet_software_skills,2.E.11.a|IBM QRadar SIEM,IBM QRadar SIEM,Network monitoring software,,No approved automatic normalization match.
O*NET Database|onet_software_skills|2.E.7.b|IBM Rational Application Developer,O*NET Database,31.0,technology,onet_software_skills,2.E.7.b|IBM Rational Application Developer,IBM Rational Application Developer,Development environment software,,No approved automatic normalization match.
O*NET Database|onet_software_skills|2.E.7.a|IBM Rational Build Forge,O*NET Database,31.0,technology,onet_software_skills,2.E.7.a|IBM Rational Build Forge,IBM Rational Build Forge,Configuration management software,,No approved automatic normalization match.
O*NET Database|onet_software_skills|2.E.7.a|IBM Rational ClearCase,O*NET Database,31.0,technology,onet_software_skills,2.E.7.a|IBM Rational ClearCase,IBM Rational ClearCase,Configuration management software,,No approved automatic normalization match.
O*NET Database|onet_software_skills|2.E.7.b|IBM Rational ClearQuest,O*NET Database,31.0,technology,onet_software_skills,2.E.7.b|IBM Rational ClearQuest,IBM Rational ClearQuest,Development environment software,,No approved automatic normalization match.
O*NET Database|onet_software_skills|2.E.6.i|IBM Rational Data Architect,O*NET Database,31.0,technology,onet_software_skills,2.E.6.i|IBM Rational Data Architect,IBM Rational Data Architect,Metadata management software,,No approved automatic normalization match.
O*NET Database|onet_software_skills|2.E.7.f|IBM Rational PurifyPlus,O*NET Database,31.0,technology,onet_software_skills,2.E.7.f|IBM Rational PurifyPlus,IBM Rational PurifyPlus,Program testing software,,No approved automatic normalization match.
O*NET Database|onet_software_skills|2.E.7.g|IBM Rational RequisitePro,O*NET Database,31.0,technology,onet_software_skills,2.E.7.g|IBM Rational RequisitePro,IBM Rational RequisitePro,Requirements analysis and system architecture software,,No approved automatic normalization match.
O*NET Database|onet_software_skills|2.E.7.b|IBM Rational Rose XDE,O*NET Database,31.0,technology,onet_software_skills,2.E.7.b|IBM Rational Rose XDE,IBM Rational Rose XDE,Development environment software,,No approved automatic normalization match.
O*NET Database|onet_software_skills|2.E.6.i|IBM Rational System Architect,O*NET Database,31.0,technology,onet_software_skills,2.E.6.i|IBM Rational System Architect,IBM Rational System Architect,Metadata management software,,No approved automatic normalization match.
O*NET Database|onet_software_skills|2.E.14.b|IBM Resource Access Control Facility RACF,O*NET Database,31.0,technology,onet_software_skills,2.E.14.b|IBM Resource Access Control Facility RACF,IBM Resource Access Control Facility RACF,Network security or virtual private network VPN management software,,No approved automatic normalization match.
O*NET Database|onet_software_skills|2.E.9.d|IBM SPSS Statistics,O*NET Database,31.0,technology,onet_software_skills,2.E.9.d|IBM SPSS Statistics,IBM SPSS Statistics,Analytical or scientific software,,No approved automatic normalization match.
O*NET Database|onet_software_skills|2.E.7.a|IBM Terraform,O*NET Database,31.0,technology,onet_software_skills,2.E.7.a|IBM Terraform,IBM Terraform,Configuration management software,,No approved automatic normalization match.
O*NET Database|onet_software_skills|2.E.12.a|IBM Tivoli Access Management TAM,O*NET Database,31.0,technology,onet_software_skills,2.E.12.a|IBM Tivoli Access Management TAM,IBM Tivoli Access Management TAM,Access software,,No approved automatic normalization match.
O*NET Database|onet_software_skills|2.E.14.a|IBM Tivoli Identity Management TIM,O*NET Database,31.0,technology,onet_software_skills,2.E.14.a|IBM Tivoli Identity Management TIM,IBM Tivoli Identity Management TIM,Authentication server software,,No approved automatic normalization match.
O*NET Database|onet_software_skills|2.E.12.a|IBM Tivoli software,O*NET Database,31.0,technology,onet_software_skills,2.E.12.a|IBM Tivoli software,IBM Tivoli software,Access software,,No approved automatic normalization match.
O*NET Database|onet_software_skills|2.E.2.d|IBM Unica Enterprise,O*NET Database,31.0,technology,onet_software_skills,2.E.2.d|IBM Unica Enterprise,IBM Unica Enterprise,Financial analysis software,,No approved automatic normalization match.
O*NET Database|onet_software_skills|2.E.11.e|IBM WebSphere,O*NET Database,31.0,technology,onet_software_skills,2.E.11.e|IBM WebSphere,IBM WebSphere,Cloud-based management software,,No approved automatic normalization match.
O*NET Database|onet_software_skills|2.E.11.e|IBM WebSphere MQ,O*NET Database,31.0,technology,onet_software_skills,2.E.11.e|IBM WebSphere MQ,IBM WebSphere MQ,Cloud-based management software,,No approved automatic normalization match.
O*NET Database|onet_software_skills|2.E.13.b|IBM z/OS operating systems,O*NET Database,31.0,technology,onet_software_skills,2.E.13.b|IBM z/OS operating systems,IBM z/OS operating systems,Network operation system software,,No approved automatic normalization match.
O*NET Database|onet_software_skills|2.E.1.c|ICIMS,O*NET Database,31.0,technology,onet_software_skills,2.E.1.c|ICIMS,ICIMS,Human resources software,,No approved automatic normalization match.
O*NET Database|onet_software_skills|2.E.7.b|ICON programming language,O*NET Database,31.0,technology,onet_software_skills,2.E.7.b|ICON programming language,ICON programming language,Development environment software,,No approved automatic normalization match.
O*NET Database|onet_software_skills|2.E.2.c|IDMS Account Ability,O*NET Database,31.0,technology,onet_software_skills,2.E.2.c|IDMS Account Ability,IDMS Account Ability,Tax preparation software,,No approved automatic normalization match.
O*NET Database|onet_software_skills|2.E.9.i|IDX Systems IDXtend,O*NET Database,31.0,technology,onet_software_skills,2.E.9.i|IDX Systems IDXtend,IDX Systems IDXtend,Medical software,,No approved automatic normalization match.
O*NET Database|onet_software_skills|2.E.5.b|IDX Systems Patient Chart Tracking,O*NET Database,31.0,technology,onet_software_skills,2.E.5.b|IDX Systems Patient Chart Tracking,IDX Systems Patient Chart Tracking,Document management software,,No approved automatic normalization match.
O*NET Database|onet_software_skills|2.E.6.f|IEA Software Emerald,O*NET Database,31.0,technology,onet_software_skills,2.E.6.f|IEA Software Emerald,IEA Software Emerald,Data base user interface and query software,,No approved automatic normalization match.
O*NET Database|onet_software_skills|2.E.9.d|ILOG CPLEX,O*NET Database,31.0,technology,onet_software_skills,2.E.9.d|ILOG CPLEX,ILOG CPLEX,Analytical or scientific software,,No approved automatic normalization match.
O*NET Database|onet_software_skills|2.E.14.c|Imperva SecureSphere,O*NET Database,31.0,technology,onet_software_skills,2.E.14.c|Imperva SecureSphere,Imperva SecureSphere,Network security and virtual private network VPN equipment software,,No approved automatic normalization match.
O*NET Database|onet_software_skills|2.E.2.c|Income tax return preparation software,O*NET Database,31.0,technology,onet_software_skills,2.E.2.c|Income tax return preparation software,Income tax return preparation software,Tax preparation software,,No approved automatic normalization match.
O*NET Database|onet_software_skills|2.E.6.d|Index tuning software,O*NET Database,31.0,technology,onet_software_skills,2.E.6.d|Index tuning software,Index tuning software,Data base management system software,,No approved automatic normalization match.
O*NET Database|onet_software_skills|2.E.4.b|Indigo Renderer,O*NET Database,31.0,technology,onet_software_skills,2.E.4.b|Indigo Renderer,Indigo Renderer,Graphics or photo imaging software,,No approved automatic normalization match.
O*NET Database|onet_software_skills|2.E.1.c|Industrial Code Recruitpoint.net,O*NET Database,31.0,technology,onet_software_skills,2.E.1.c|Industrial Code Recruitpoint.net,Industrial Code Recruitpoint.net,Human resources software,,No approved automatic normalization match.
O*NET Database|onet_software_skills|2.E.9.d|Infobright Community Edition ICE,O*NET Database,31.0,technology,onet_software_skills,2.E.9.d|Infobright Community Edition ICE,Infobright Community Edition ICE,Analytical or scientific software,,No approved automatic normalization match.
O*NET Database|onet_software_skills|2.E.6.d|Informatica Big Data,O*NET Database,31.0,technology,onet_software_skills,2.E.6.d|Informatica Big Data,Informatica Big Data,Data base management system software,,No approved automatic normalization match.
O*NET Database|onet_software_skills|2.E.6.g|Informatica Data Explorer,O*NET Database,31.0,technology,onet_software_skills,2.E.6.g|Informatica Data Explorer,Informatica Data Explorer,Data mining software,,No approved automatic normalization match.
O*NET Database|onet_software_skills|2.E.6.i|Informatica PowerCenter,O*NET Database,31.0,technology,onet_software_skills,2.E.6.i|Informatica PowerCenter,Informatica PowerCenter,Metadata management software,,No approved automatic normalization match.
O*NET Database|onet_software_skills|2.E.6.i|Informatica software,O*NET Database,31.0,technology,onet_software_skills,2.E.6.i|Informatica software,Informatica software,Metadata management software,,No approved automatic normalization match.
O*NET Database|onet_software_skills|2.E.6.e|Information Builders WebFOCUS,O*NET Database,31.0,technology,onet_software_skills,2.E.6.e|Information Builders WebFOCUS,Information Builders WebFOCUS,Data base reporting software,,No approved automatic normalization match.
O*NET Database|onet_software_skills|2.E.1.i|Information Resource Products Clinical Coding Expert,O*NET Database,31.0,technology,onet_software_skills,2.E.1.i|Information Resource Products Clinical Coding Expert,Information Resource Products Clinical Coding Expert,Expert system software,,No approved automatic normalization match.
O*NET Database|onet_software_skills|2.E.2.d|InformationActive ActiveData for Excel,O*NET Database,31.0,technology,onet_software_skills,2.E.2.d|InformationActive ActiveData for Excel,InformationActive ActiveData for Excel,Financial analysis software,,No approved automatic normalization match.
O*NET Database|onet_software_skills|2.E.4.b|Inivis AC3D,O*NET Database,31.0,technology,onet_software_skills,2.E.4.b|Inivis AC3D,Inivis AC3D,Graphics or photo imaging software,,No approved automatic normalization match.
O*NET Database|onet_software_skills|2.E.9.c|InnovMetric PolyWorks,O*NET Database,31.0,technology,onet_software_skills,2.E.9.c|InnovMetric PolyWorks,InnovMetric PolyWorks,Computer aided design CAD software,,No approved automatic normalization match.
O*NET Database|onet_software_skills|2.E.8.b|InScribe,O*NET Database,31.0,technology,onet_software_skills,2.E.8.b|InScribe,InScribe,Computer based training software,,No approved automatic normalization match.
O*NET Database|onet_software_skills|2.E.6.c|Insightful Corporation Confirmit,O*NET Database,31.0,technology,onet_software_skills,2.E.6.c|Insightful Corporation Confirmit,Insightful Corporation Confirmit,Customer relationship management CRM software,,No approved automatic normalization match.
O*NET Database|onet_software_skills|2.E.9.d|Insightful S-PLUS,O*NET Database,31.0,technology,onet_software_skills,2.E.9.d|Insightful S-PLUS,Insightful S-PLUS,Analytical or scientific software,,No approved automatic normalization match.
O*NET Database|onet_software_skills|2.E.4.g|Instagram,O*NET Database,31.0,technology,onet_software_skills,2.E.4.g|Instagram,Instagram,Web page creation and editing software,,No approved automatic normalization match.
O*NET Database|onet_software_skills|2.E.7.a|InstallShield,O*NET Database,31.0,technology,onet_software_skills,2.E.7.a|InstallShield,InstallShield,Configuration management software,,No approved automatic normalization match.
O*NET Database|onet_software_skills|2.E.7.b|Integrated development environment IDE software,O*NET Database,31.0,technology,onet_software_skills,2.E.7.b|Integrated development environment IDE software,Integrated development environment IDE software,Development environment software,,No approved automatic normalization match.
O*NET Database|onet_software_skills|2.E.7.f|Integration testing software,O*NET Database,31.0,technology,onet_software_skills,2.E.7.f|Integration testing software,Integration testing software,Program testing software,,No approved automatic normalization match.
O*NET Database|onet_software_skills|2.E.11.a|Integrity verification software,O*NET Database,31.0,technology,onet_software_skills,2.E.11.a|Integrity verification software,Integrity verification software,Network monitoring software,,No approved automatic normalization match.
O*NET Database|onet_software_skills|2.E.15.e|Intel Data Migration Software,O*NET Database,31.0,technology,onet_software_skills,2.E.15.e|Intel Data Migration Software,Intel Data Migration Software,Storage media loading software,,No approved automatic normalization match.
O*NET Database|onet_software_skills|2.E.1.c|Intelius,O*NET Database,31.0,technology,onet_software_skills,2.E.1.c|Intelius,Intelius,Human resources software,,No approved automatic normalization match.
O*NET Database|onet_software_skills|2.E.1.c|Intelligent Algorithms InfoGIST Platinum Recruiter,O*NET Database,31.0,technology,onet_software_skills,2.E.1.c|Intelligent Algorithms InfoGIST Platinum Recruiter,Intelligent Algorithms InfoGIST Platinum Recruiter,Human resources software,,No approved automatic normalization match.
O*NET Database|onet_software_skills|2.E.6.f|Intellimed,O*NET Database,31.0,technology,onet_software_skills,2.E.6.f|Intellimed,Intellimed,Data base user interface and query software,,No approved automatic normalization match.
O*NET Database|onet_software_skills|2.E.2.c|Intellitax financial solutions software,O*NET Database,31.0,technology,onet_software_skills,2.E.2.c|Intellitax financial solutions software,Intellitax financial solutions software,Tax preparation software,,No approved automatic normalization match.
O*NET Database|onet_software_skills|2.E.1.d|IntelliTrack 3PL,O*NET Database,31.0,technology,onet_software_skills,2.E.1.d|IntelliTrack 3PL,IntelliTrack 3PL,Materials requirements planning logistics and supply chain software,,No approved automatic normalization match.
O*NET Database|onet_software_skills|2.E.6.i|Interface Computers Data Loader,O*NET Database,31.0,technology,onet_software_skills,2.E.6.i|Interface Computers Data Loader,Interface Computers Data Loader,Metadata management software,,No approved automatic normalization match.
O*NET Database|onet_software_skills|2.E.7.b|Interface definition language IDL,O*NET Database,31.0,technology,onet_software_skills,2.E.7.b|Interface definition language IDL,Interface definition language IDL,Development environment software,,No approved automatic normalization match.
O*NET Database|onet_software_skills|2.E.16.e|Intergraph MGE,O*NET Database,31.0,technology,onet_software_skills,2.E.16.e|Intergraph MGE,Intergraph MGE,Map creation software,,No approved automatic normalization match.
O*NET Database|onet_software_skills|2.E.9.c|Intergraph Plant Design System PDS,O*NET Database,31.0,technology,onet_software_skills,2.E.9.c|Intergraph Plant Design System PDS,Intergraph Plant Design System PDS,Computer aided design CAD software,,No approved automatic normalization match.
O*NET Database|onet_software_skills|2.E.6.d|InterMine,O*NET Database,31.0,technology,onet_software_skills,2.E.6.d|InterMine,InterMine,Data base management system software,,No approved automatic normalization match.
O*NET Database|onet_software_skills|2.E.2.d|Internal audit software,O*NET Database,31.0,technology,onet_software_skills,2.E.2.d|Internal audit software,Internal audit software,Financial analysis software,,No approved automatic normalization match.
O*NET Database|onet_software_skills|2.E.9.c|International TechneGroup IGESworks,O*NET Database,31.0,technology,onet_software_skills,2.E.9.c|International TechneGroup IGESworks,International TechneGroup IGESworks,Computer aided design CAD software,,No approved automatic normalization match.
O*NET Database|onet_software_skills|2.E.1.c|Internet Grievance System IGS,O*NET Database,31.0,technology,onet_software_skills,2.E.1.c|Internet Grievance System IGS,Internet Grievance System IGS,Human resources software,,No approved automatic normalization match.
O*NET Database|onet_software_skills|2.E.7.f|Interoperability testing software,O*NET Database,31.0,technology,onet_software_skills,2.E.7.f|Interoperability testing software,Interoperability testing software,Program testing software,,No approved automatic normalization match.
O*NET Database|onet_software_skills|2.E.7.b|Interstate connection ICON,O*NET Database,31.0,technology,onet_software_skills,2.E.7.b|Interstate connection ICON,Interstate connection ICON,Development environment software,,No approved automatic normalization match.
O*NET Database|onet_software_skills|2.E.9.e|Intrax ProcedureNet,O*NET Database,31.0,technology,onet_software_skills,2.E.9.e|Intrax ProcedureNet,Intrax ProcedureNet,Compliance software,,No approved automatic normalization match.
O*NET Database|onet_software_skills|2.E.14.b|Intrusion detection system IDS,O*NET Database,31.0,technology,onet_software_skills,2.E.14.b|Intrusion detection system IDS,Intrusion detection system IDS,Network security or virtual private network VPN management software,,No approved automatic normalization match.
O*NET Database|onet_software_skills|2.E.14.b|Intrusion prevention system IPS,O*NET Database,31.0,technology,onet_software_skills,2.E.14.b|Intrusion prevention system IPS,Intrusion prevention system IPS,Network security or virtual private network VPN management software,,No approved automatic normalization match.
O*NET Database|onet_software_skills|2.E.2.c|Intuit Lacerte,O*NET Database,31.0,technology,onet_software_skills,2.E.2.c|Intuit Lacerte,Intuit Lacerte,Tax preparation software,,No approved automatic normalization match.
O*NET Database|onet_software_skills|2.E.2.c|Intuit ProSeries,O*NET Database,31.0,technology,onet_software_skills,2.E.2.c|Intuit ProSeries,Intuit ProSeries,Tax preparation software,,No approved automatic normalization match.
O*NET Database|onet_software_skills|2.E.2.a|Intuit QuickBooks,O*NET Database,31.0,technology,onet_software_skills,2.E.2.a|Intuit QuickBooks,Intuit QuickBooks,Accounting software,,No approved automatic normalization match.
O*NET Database|onet_software_skills|2.E.2.c|Intuit TurboTax,O*NET Database,31.0,technology,onet_software_skills,2.E.2.c|Intuit TurboTax,Intuit TurboTax,Tax preparation software,,No approved automatic normalization match.
O*NET Database|onet_software_skills|2.E.1.f|Inventory control software,O*NET Database,31.0,technology,onet_software_skills,2.E.1.f|Inventory control software,Inventory control software,Inventory management software,,No approved automatic normalization match.
O*NET Database|onet_software_skills|2.E.1.f|Inventory management systems,O*NET Database,31.0,technology,onet_software_skills,2.E.1.f|Inventory management systems,Inventory management systems,Inventory management software,,No approved automatic normalization match.
O*NET Database|onet_software_skills|2.E.1.p|InVision software,O*NET Database,31.0,technology,onet_software_skills,2.E.1.p|InVision software,InVision software,Process mapping and design software,,No approved automatic normalization match.
O*NET Database|onet_software_skills|2.E.2.f|Invoice software,O*NET Database,31.0,technology,onet_software_skills,2.E.2.f|Invoice software,Invoice software,Billing and invoicing software,,No approved automatic normalization match.
O*NET Database|onet_software_skills|2.E.7.b|IONA Orbix,O*NET Database,31.0,technology,onet_software_skills,2.E.7.b|IONA Orbix,IONA Orbix,Development environment software,,No approved automatic normalization match.
O*NET Database|onet_software_skills|2.E.14.c|IpFilter,O*NET Database,31.0,technology,onet_software_skills,2.E.14.c|IpFilter,IpFilter,Network security and virtual private network VPN equipment software,,No approved automatic normalization match.
O*NET Database|onet_software_skills|2.E.14.c|IpTables,O*NET Database,31.0,technology,onet_software_skills,2.E.14.c|IpTables,IpTables,Network security and virtual private network VPN equipment software,,No approved automatic normalization match.
O*NET Database|onet_software_skills|2.E.5.b|Iron Mountain Accutrac records management software,O*NET Database,31.0,technology,onet_software_skills,2.E.5.b|Iron Mountain Accutrac records management software,Iron Mountain Accutrac records management software,Document management software,,No approved automatic normalization match.
O*NET Database|onet_software_skills|2.E.9.d|Isograph Markov,O*NET Database,31.0,technology,onet_software_skills,2.E.9.d|Isograph Markov,Isograph Markov,Analytical or scientific software,,No approved automatic normalization match.
O*NET Database|onet_software_skills|2.E.14.b|ISS RealSecure,O*NET Database,31.0,technology,onet_software_skills,2.E.14.b|ISS RealSecure,ISS RealSecure,Network security or virtual private network VPN management software,,No approved automatic normalization match.
O*NET Database|onet_software_skills|2.E.7.b|J,O*NET Database,31.0,technology,onet_software_skills,2.E.7.b|J,J,Development environment software,,No approved automatic normalization match.
O*NET Database|onet_software_skills|2.E.4.b|JamBoard,O*NET Database,31.0,technology,onet_software_skills,2.E.4.b|JamBoard,JamBoard,Graphics or photo imaging software,,No approved automatic normalization match.
O*NET Database|onet_software_skills|2.E.7.h|JavaScript,O*NET Database,31.0,technology,onet_software_skills,2.E.7.h|JavaScript,JavaScript,Web platform development software,,No approved automatic normalization match.
O*NET Database|onet_software_skills|2.E.7.h|JavaScript framework software,O*NET Database,31.0,technology,onet_software_skills,2.E.7.h|JavaScript framework software,JavaScript framework software,Web platform development software,,No approved automatic normalization match.
O*NET Database|onet_software_skills|2.E.7.h|JavaScript Object Notation JSON,O*NET Database,31.0,technology,onet_software_skills,2.E.7.h|JavaScript Object Notation JSON,JavaScript Object Notation JSON,Web platform development software,,No approved automatic normalization match.
O*NET Database|onet_software_skills|2.E.7.h|Jekyll,O*NET Database,31.0,technology,onet_software_skills,2.E.7.h|Jekyll,Jekyll,Web platform development software,,No approved automatic normalization match.
O*NET Database|onet_software_skills|2.E.7.c|Jenkins CI,O*NET Database,31.0,technology,onet_software_skills,2.E.7.c|Jenkins CI,Jenkins CI,Enterprise application integration software,,No approved automatic normalization match.
O*NET Database|onet_software_skills|2.E.7.h|JetBrains PhpStorm,O*NET Database,31.0,technology,onet_software_skills,2.E.7.h|JetBrains PhpStorm,JetBrains PhpStorm,Web platform development software,,No approved automatic normalization match.
O*NET Database|onet_software_skills|2.E.7.b|JFrog Artifactory,O*NET Database,31.0,technology,onet_software_skills,2.E.7.b|JFrog Artifactory,JFrog Artifactory,Development environment software,,No approved automatic normalization match.
O*NET Database|onet_software_skills|2.E.7.e|JHDL,O*NET Database,31.0,technology,onet_software_skills,2.E.7.e|JHDL,JHDL,Object or component oriented development software,,No approved automatic normalization match.
O*NET Database|onet_software_skills|2.E.11.e|Jitterbit,O*NET Database,31.0,technology,onet_software_skills,2.E.11.e|Jitterbit,Jitterbit,Cloud-based management software,,No approved automatic normalization match.
O*NET Database|onet_software_skills|2.E.13.c|Job control language JCL,O*NET Database,31.0,technology,onet_software_skills,2.E.13.c|Job control language JCL,Job control language JCL,Operating system software,,No approved automatic normalization match.
O*NET Database|onet_software_skills|2.E.1.c|Job posting software,O*NET Database,31.0,technology,onet_software_skills,2.E.1.c|Job posting software,Job posting software,Human resources software,,No approved automatic normalization match.
O*NET Database|onet_software_skills|2.E.7.e|jQuery,O*NET Database,31.0,technology,onet_software_skills,2.E.7.e|jQuery,jQuery,Object or component oriented development software,,No approved automatic normalization match.
O*NET Database|onet_software_skills|2.E.7.b|Julia,O*NET Database,31.0,technology,onet_software_skills,2.E.7.b|Julia,Julia,Development environment software,,No approved automatic normalization match.
O*NET Database|onet_software_skills|2.E.14.c|Juniper Networks NetScreen-Security Manager,O*NET Database,31.0,technology,onet_software_skills,2.E.14.c|Juniper Networks NetScreen-Security Manager,Juniper Networks NetScreen-Security Manager,Network security and virtual private network VPN equipment software,,No approved automatic normalization match.
O*NET Database|onet_software_skills|2.E.7.f|JUnit,O*NET Database,31.0,technology,onet_software_skills,2.E.7.f|JUnit,JUnit,Program testing software,,No approved automatic normalization match.
O*NET Database|onet_software_skills|2.E.7.e|Jupyter Notebook,O*NET Database,31.0,technology,onet_software_skills,2.E.7.e|Jupyter Notebook,Jupyter Notebook,Object or component oriented development software,,No approved automatic normalization match.
O*NET Database|onet_software_skills|2.E.7.e|Jupyter software,O*NET Database,31.0,technology,onet_software_skills,2.E.7.e|Jupyter software,Jupyter software,Object or component oriented development software,,No approved automatic normalization match.
O*NET Database|onet_software_skills|2.E.7.f|Kali Linux,O*NET Database,31.0,technology,onet_software_skills,2.E.7.f|Kali Linux,Kali Linux,Program testing software,,No approved automatic normalization match.
O*NET Database|onet_software_skills|2.E.6.d|Kalido Information Engine,O*NET Database,31.0,technology,onet_software_skills,2.E.6.d|Kalido Information Engine,Kalido Information Engine,Data base management system software,,No approved automatic normalization match.
O*NET Database|onet_software_skills|2.E.6.f|Kanoodle,O*NET Database,31.0,technology,onet_software_skills,2.E.6.f|Kanoodle,Kanoodle,Data base user interface and query software,,No approved automatic normalization match.
O*NET Database|onet_software_skills|2.E.4.c|Kapwing,O*NET Database,31.0,technology,onet_software_skills,2.E.4.c|Kapwing,Kapwing,Video creation and editing software,,No approved automatic normalization match.
O*NET Database|onet_software_skills|2.E.13.c|Keras,O*NET Database,31.0,technology,onet_software_skills,2.E.13.c|Keras,Keras,Operating system software,,No approved automatic normalization match.
O*NET Database|onet_software_skills|2.E.9.c|Keysight Technologies Advanced Design System,O*NET Database,31.0,technology,onet_software_skills,2.E.9.c|Keysight Technologies Advanced Design System,Keysight Technologies Advanced Design System,Computer aided design CAD software,,No approved automatic normalization match.
O*NET Database|onet_software_skills|2.E.11.a|Keystroke monitoring software,O*NET Database,31.0,technology,onet_software_skills,2.E.11.a|Keystroke monitoring software,Keystroke monitoring software,Network monitoring software,,No approved automatic normalization match.
O*NET Database|onet_software_skills|2.E.2.d|Kirix ProffiPoint,O*NET Database,31.0,technology,onet_software_skills,2.E.2.d|Kirix ProffiPoint,Kirix ProffiPoint,Financial analysis software,,No approved automatic normalization match.
O*NET Database|onet_software_skills|2.E.13.c|KornShell,O*NET Database,31.0,technology,onet_software_skills,2.E.13.c|KornShell,KornShell,Operating system software,,No approved automatic normalization match.
O*NET Database|onet_software_skills|2.E.7.b|Kotlin,O*NET Database,31.0,technology,onet_software_skills,2.E.7.b|Kotlin,Kotlin,Development environment software,,No approved automatic normalization match.
O*NET Database|onet_software_skills|2.E.2.c|KPB Associates TaxStream,O*NET Database,31.0,technology,onet_software_skills,2.E.2.c|KPB Associates TaxStream,KPB Associates TaxStream,Tax preparation software,,No approved automatic normalization match.
O*NET Database|onet_software_skills|2.E.1.c|Kronos Workforce HR,O*NET Database,31.0,technology,onet_software_skills,2.E.1.c|Kronos Workforce HR,Kronos Workforce HR,Human resources software,,No approved automatic normalization match.
O*NET Database|onet_software_skills|2.E.2.e|Kronos Workforce Payroll,O*NET Database,31.0,technology,onet_software_skills,2.E.2.e|Kronos Workforce Payroll,Kronos Workforce Payroll,Time accounting software,,No approved automatic normalization match.
O*NET Database|onet_software_skills|2.E.2.e|Kronos Workforce Timekeeper,O*NET Database,31.0,technology,onet_software_skills,2.E.2.e|Kronos Workforce Timekeeper,Kronos Workforce Timekeeper,Time accounting software,,No approved automatic normalization match.
O*NET Database|onet_software_skills|2.E.9.d|Kubeflow,O*NET Database,31.0,technology,onet_software_skills,2.E.9.d|Kubeflow,Kubeflow,Analytical or scientific software,,No approved automatic normalization match.
O*NET Database|onet_software_skills|2.E.10.a|Kubernetes,O*NET Database,31.0,technology,onet_software_skills,2.E.10.a|Kubernetes,Kubernetes,Application server software,,No approved automatic normalization match.
O*NET Database|onet_software_skills|2.E.1.c|LaborSoft LaborForce Arbitration/Appeals Manager module,O*NET Database,31.0,technology,onet_software_skills,2.E.1.c|LaborSoft LaborForce Arbitration/Appeals Manager module,LaborSoft LaborForce Arbitration/Appeals Manager module,Human resources software,,No approved automatic normalization match.
O*NET Database|onet_software_skills|2.E.1.c|LaborSoft LaborForce Discipline Manager module,O*NET Database,31.0,technology,onet_software_skills,2.E.1.c|LaborSoft LaborForce Discipline Manager module,LaborSoft LaborForce Discipline Manager module,Human resources software,,No approved automatic normalization match.
O*NET Database|onet_software_skills|2.E.1.c|LaborSoft LaborForce EEO Claims Manager module,O*NET Database,31.0,technology,onet_software_skills,2.E.1.c|LaborSoft LaborForce EEO Claims Manager module,LaborSoft LaborForce EEO Claims Manager module,Human resources software,,No approved automatic normalization match.
O*NET Database|onet_software_skills|2.E.1.c|LaborSoft LaborForce Grievance Manager module,O*NET Database,31.0,technology,onet_software_skills,2.E.1.c|LaborSoft LaborForce Grievance Manager module,LaborSoft LaborForce Grievance Manager module,Human resources software,,No approved automatic normalization match.
O*NET Database|onet_software_skills|2.E.1.c|LaborSoft LaborForce Incident Tracking module,O*NET Database,31.0,technology,onet_software_skills,2.E.1.c|LaborSoft LaborForce Incident Tracking module,LaborSoft LaborForce Incident Tracking module,Human resources software,,No approved automatic normalization match.
O*NET Database|onet_software_skills|2.E.1.c|LaborSoft LaborForce Personnel Manager module,O*NET Database,31.0,technology,onet_software_skills,2.E.1.c|LaborSoft LaborForce Personnel Manager module,LaborSoft LaborForce Personnel Manager module,Human resources software,,No approved automatic normalization match.
O*NET Database|onet_software_skills|2.E.1.c|LaborSoft LaborForce Reporting/Dashboard Manager module,O*NET Database,31.0,technology,onet_software_skills,2.E.1.c|LaborSoft LaborForce Reporting/Dashboard Manager module,LaborSoft LaborForce Reporting/Dashboard Manager module,Human resources software,,No approved automatic normalization match.
O*NET Database|onet_software_skills|2.E.7.b|Ladder Logic,O*NET Database,31.0,technology,onet_software_skills,2.E.7.b|Ladder Logic,Ladder Logic,Development environment software,,No approved automatic normalization match.
O*NET Database|onet_software_skills|2.E.9.c|Lambda Research OSLO,O*NET Database,31.0,technology,onet_software_skills,2.E.9.c|Lambda Research OSLO,Lambda Research OSLO,Computer aided design CAD software,,No approved automatic normalization match.
O*NET Database|onet_software_skills|2.E.7.h|LAMP Stack,O*NET Database,31.0,technology,onet_software_skills,2.E.7.h|LAMP Stack,LAMP Stack,Web platform development software,,No approved automatic normalization match.
O*NET Database|onet_software_skills|2.E.8.b|Language arts educational software,O*NET Database,31.0,technology,onet_software_skills,2.E.8.b|Language arts educational software,Language arts educational software,Computer based training software,,No approved automatic normalization match.
O*NET Database|onet_software_skills|2.E.5.b|Laserfiche software,O*NET Database,31.0,technology,onet_software_skills,2.E.5.b|Laserfiche software,Laserfiche software,Document management software,,No approved automatic normalization match.
O*NET Database|onet_software_skills|2.E.2.b|Lawson ERP,O*NET Database,31.0,technology,onet_software_skills,2.E.2.b|Lawson ERP,Lawson ERP,Enterprise resource planning ERP software,,No approved automatic normalization match.
O*NET Database|onet_software_skills|2.E.1.c|Lawson Human Resource Management,O*NET Database,31.0,technology,onet_software_skills,2.E.1.c|Lawson Human Resource Management,Lawson Human Resource Management,Human resources software,,No approved automatic normalization match.
O*NET Database|onet_software_skills|2.E.2.a|Lead Activity Analyzer,O*NET Database,31.0,technology,onet_software_skills,2.E.2.a|Lead Activity Analyzer,Lead Activity Analyzer,Accounting software,,No approved automatic normalization match.
O*NET Database|onet_software_skills|2.E.2.a|Lead Business Analyzer,O*NET Database,31.0,technology,onet_software_skills,2.E.2.a|Lead Business Analyzer,Lead Business Analyzer,Accounting software,,No approved automatic normalization match.
O*NET Database|onet_software_skills|2.E.9.i|LeonardoMD Renaissance,O*NET Database,31.0,technology,onet_software_skills,2.E.9.i|LeonardoMD Renaissance,LeonardoMD Renaissance,Medical software,,No approved automatic normalization match.
O*NET Database|onet_software_skills|2.E.6.h|LexisNexis,O*NET Database,31.0,technology,onet_software_skills,2.E.6.h|LexisNexis,LexisNexis,Information retrieval or search software,,No approved automatic normalization match.
O*NET Database|onet_software_skills|2.E.9.i|Lexrotech LxPediatric,O*NET Database,31.0,technology,onet_software_skills,2.E.9.i|Lexrotech LxPediatric,Lexrotech LxPediatric,Medical software,,No approved automatic normalization match.
O*NET Database|onet_software_skills|2.E.1.k|LibreOffice,O*NET Database,31.0,technology,onet_software_skills,2.E.1.k|LibreOffice,LibreOffice,Office suite software,,No approved automatic normalization match.
O*NET Database|onet_software_skills|2.E.9.d|Life cycle cost software,O*NET Database,31.0,technology,onet_software_skills,2.E.9.d|Life cycle cost software,Life cycle cost software,Analytical or scientific software,,No approved automatic normalization match.
O*NET Database|onet_software_skills|2.E.14.d|Link encryption software,O*NET Database,31.0,technology,onet_software_skills,2.E.14.d|Link encryption software,Link encryption software,Transaction security and virus protection software,,No approved automatic normalization match.
O*NET Database|onet_software_skills|2.E.13.c|Linux,O*NET Database,31.0,technology,onet_software_skills,2.E.13.c|Linux,Linux,Operating system software,,No approved automatic normalization match.
O*NET Database|onet_software_skills|2.E.7.b|List processing language LISP,O*NET Database,31.0,technology,onet_software_skills,2.E.7.b|List processing language LISP,List processing language LISP,Development environment software,,No approved automatic normalization match.
O*NET Database|onet_software_skills|2.E.7.f|Load testing software,O*NET Database,31.0,technology,onet_software_skills,2.E.7.f|Load testing software,Load testing software,Program testing software,,No approved automatic normalization match.
O*NET Database|onet_software_skills|2.E.12.e|Local area network LAN software,O*NET Database,31.0,technology,onet_software_skills,2.E.12.e|Local area network LAN software,Local area network LAN software,LAN software,,No approved automatic normalization match.
O*NET Database|onet_software_skills|2.E.7.f|Logic programming software,O*NET Database,31.0,technology,onet_software_skills,2.E.7.f|Logic programming software,Logic programming software,Program testing software,,No approved automatic normalization match.
O*NET Database|onet_software_skills|2.E.9.d|Logic synthesis software,O*NET Database,31.0,technology,onet_software_skills,2.E.9.d|Logic synthesis software,Logic synthesis software,Analytical or scientific software,,No approved automatic normalization match.
O*NET Database|onet_software_skills|2.E.1.d|Logisuite Enterprise,O*NET Database,31.0,technology,onet_software_skills,2.E.1.d|Logisuite Enterprise,Logisuite Enterprise,Materials requirements planning logistics and supply chain software,,No approved automatic normalization match.
O*NET Database|onet_software_skills|2.E.1.d|Logisuite Forwarder,O*NET Database,31.0,technology,onet_software_skills,2.E.1.d|Logisuite Forwarder,Logisuite Forwarder,Materials requirements planning logistics and supply chain software,,No approved automatic normalization match.
O*NET Database|onet_software_skills|2.E.4.k|LogiXML Ad-HOC,O*NET Database,31.0,technology,onet_software_skills,2.E.4.k|LogiXML Ad-HOC,LogiXML Ad-HOC,Desktop publishing software,,No approved automatic normalization match.
O*NET Database|onet_software_skills|2.E.16.b|LogMeIn GoToMeeting,O*NET Database,31.0,technology,onet_software_skills,2.E.16.b|LogMeIn GoToMeeting,LogMeIn GoToMeeting,Video conferencing software,,No approved automatic normalization match.
O*NET Database|onet_software_skills|2.E.16.c|LogMeIn GoToWebinar,O*NET Database,31.0,technology,onet_software_skills,2.E.16.c|LogMeIn GoToWebinar,LogMeIn GoToWebinar,Network conferencing software,,No approved automatic normalization match.
O*NET Database|onet_software_skills|2.E.4.c|Loom,O*NET Database,31.0,technology,onet_software_skills,2.E.4.c|Loom,Loom,Video creation and editing software,,No approved automatic normalization match.
O*NET Database|onet_software_skills|2.E.9.e|Lumigent Entegra,O*NET Database,31.0,technology,onet_software_skills,2.E.9.e|Lumigent Entegra,Lumigent Entegra,Compliance software,,No approved automatic normalization match.
O*NET Database|onet_software_skills|2.E.4.b|Luxology Modo,O*NET Database,31.0,technology,onet_software_skills,2.E.4.b|Luxology Modo,Luxology Modo,Graphics or photo imaging software,,No approved automatic normalization match.
O*NET Database|onet_software_skills|2.E.4.b|Luxrender,O*NET Database,31.0,technology,onet_software_skills,2.E.4.b|Luxrender,Luxrender,Graphics or photo imaging software,,No approved automatic normalization match.
O*NET Database|onet_software_skills|2.E.13.c|Magellan Firmware,O*NET Database,31.0,technology,onet_software_skills,2.E.13.c|Magellan Firmware,Magellan Firmware,Operating system software,,No approved automatic normalization match.
O*NET Database|onet_software_skills|2.E.9.c|MAGIC,O*NET Database,31.0,technology,onet_software_skills,2.E.9.c|MAGIC,MAGIC,Computer aided design CAD software,,No approved automatic normalization match.
O*NET Database|onet_software_skills|2.E.4.b|MagicTracer,O*NET Database,31.0,technology,onet_software_skills,2.E.4.b|MagicTracer,MagicTracer,Graphics or photo imaging software,,No approved automatic normalization match.
O*NET Database|onet_software_skills|2.E.9.d|MAGMA MAGMASOFT,O*NET Database,31.0,technology,onet_software_skills,2.E.9.d|MAGMA MAGMASOFT,MAGMA MAGMASOFT,Analytical or scientific software,,No approved automatic normalization match.
O*NET Database|onet_software_skills|2.E.9.c|Main Injector Neutrino Oscillation Search MINOS software,O*NET Database,31.0,technology,onet_software_skills,2.E.9.c|Main Injector Neutrino Oscillation Search MINOS software,Main Injector Neutrino Oscillation Search MINOS software,Computer aided design CAD software,,No approved automatic normalization match.
O*NET Database|onet_software_skills|2.E.1.c|Main Sequence Technologies PCRecruiter,O*NET Database,31.0,technology,onet_software_skills,2.E.1.c|Main Sequence Technologies PCRecruiter,Main Sequence Technologies PCRecruiter,Human resources software,,No approved automatic normalization match.
O*NET Database|onet_software_skills|2.E.1.c|Main Sequence Technologies PCRecruiter Resume Inhaler,O*NET Database,31.0,technology,onet_software_skills,2.E.1.c|Main Sequence Technologies PCRecruiter Resume Inhaler,Main Sequence Technologies PCRecruiter Resume Inhaler,Human resources software,,No approved automatic normalization match.
O*NET Database|onet_software_skills|2.E.7.h|Majestic SEO,O*NET Database,31.0,technology,onet_software_skills,2.E.7.h|Majestic SEO,Majestic SEO,Web platform development software,,No approved automatic normalization match.
O*NET Database|onet_software_skills|2.E.2.b|Management information systems MIS,O*NET Database,31.0,technology,onet_software_skills,2.E.2.b|Management information systems MIS,Management information systems MIS,Enterprise resource planning ERP software,,No approved automatic normalization match.
O*NET Database|onet_software_skills|2.E.1.f|Manhattan Associates PkMS Pickticket,O*NET Database,31.0,technology,onet_software_skills,2.E.1.f|Manhattan Associates PkMS Pickticket,Manhattan Associates PkMS Pickticket,Inventory management software,,No approved automatic normalization match.
O*NET Database|onet_software_skills|2.E.6.a|Map Maker,O*NET Database,31.0,technology,onet_software_skills,2.E.6.a|Map Maker,Map Maker,Categorization or classification software,,No approved automatic normalization match.
O*NET Database|onet_software_skills|2.E.9.d|Maplesoft Maple,O*NET Database,31.0,technology,onet_software_skills,2.E.9.d|Maplesoft Maple,Maplesoft Maple,Analytical or scientific software,,No approved automatic normalization match.
O*NET Database|onet_software_skills|2.E.6.d|MapR Converged Data Platform,O*NET Database,31.0,technology,onet_software_skills,2.E.6.d|MapR Converged Data Platform,MapR Converged Data Platform,Data base management system software,,No approved automatic normalization match.
O*NET Database|onet_software_skills|2.E.6.m|MapReduce big data software,O*NET Database,31.0,technology,onet_software_skills,2.E.6.m|MapReduce big data software,MapReduce big data software,Business intelligence and data analysis software,,No approved automatic normalization match.
O*NET Database|onet_software_skills|2.E.6.d|MariaDB,O*NET Database,31.0,technology,onet_software_skills,2.E.6.d|MariaDB,MariaDB,Data base management system software,,No approved automatic normalization match.
O*NET Database|onet_software_skills|2.E.1.l|Marketo Marketing Automation,O*NET Database,31.0,technology,onet_software_skills,2.E.1.l|Marketo Marketing Automation,Marketo Marketing Automation,Sales and marketing software,,No approved automatic normalization match.
O*NET Database|onet_software_skills|2.E.6.f|MarkLogic,O*NET Database,31.0,technology,onet_software_skills,2.E.6.f|MarkLogic,MarkLogic,Data base user interface and query software,,No approved automatic normalization match.
O*NET Database|onet_software_skills|2.E.4.b|Massive Jet,O*NET Database,31.0,technology,onet_software_skills,2.E.4.b|Massive Jet,Massive Jet,Graphics or photo imaging software,,No approved automatic normalization match.
O*NET Database|onet_software_skills|2.E.1.d|Materials requirement planning MRP software,O*NET Database,31.0,technology,onet_software_skills,2.E.1.d|Materials requirement planning MRP software,Materials requirement planning MRP software,Materials requirements planning logistics and supply chain software,,No approved automatic normalization match.
O*NET Database|onet_software_skills|2.E.8.b|Math educational software,O*NET Database,31.0,technology,onet_software_skills,2.E.8.b|Math educational software,Math educational software,Computer based training software,,No approved automatic normalization match.
O*NET Database|onet_software_skills|2.E.9.d|Mathematical software,O*NET Database,31.0,technology,onet_software_skills,2.E.9.d|Mathematical software,Mathematical software,Analytical or scientific software,,No approved automatic normalization match.
O*NET Database|onet_software_skills|2.E.9.c|Mathsoft Mathcad,O*NET Database,31.0,technology,onet_software_skills,2.E.9.c|Mathsoft Mathcad,Mathsoft Mathcad,Computer aided design CAD software,,No approved automatic normalization match.
O*NET Database|onet_software_skills|2.E.9.d|MathWorks Simulink,O*NET Database,31.0,technology,onet_software_skills,2.E.9.d|MathWorks Simulink,MathWorks Simulink,Analytical or scientific software,,No approved automatic normalization match.
O*NET Database|onet_software_skills|2.E.9.d|Matrix calculation software,O*NET Database,31.0,technology,onet_software_skills,2.E.9.d|Matrix calculation software,Matrix calculation software,Analytical or scientific software,,No approved automatic normalization match.
O*NET Database|onet_software_skills|2.E.4.b|Maxon BodyPaint 3D,O*NET Database,31.0,technology,onet_software_skills,2.E.4.b|Maxon BodyPaint 3D,Maxon BodyPaint 3D,Graphics or photo imaging software,,No approved automatic normalization match.
O*NET Database|onet_software_skills|2.E.4.c|Maxon Cinema 4D,O*NET Database,31.0,technology,onet_software_skills,2.E.4.c|Maxon Cinema 4D,Maxon Cinema 4D,Video creation and editing software,,No approved automatic normalization match.
O*NET Database|onet_software_skills|2.E.7.b|MaxScript,O*NET Database,31.0,technology,onet_software_skills,2.E.7.b|MaxScript,MaxScript,Development environment software,,No approved automatic normalization match.
O*NET Database|onet_software_skills|2.E.7.b|Maya Embedded Language MEL,O*NET Database,31.0,technology,onet_software_skills,2.E.7.b|Maya Embedded Language MEL,Maya Embedded Language MEL,Development environment software,,No approved automatic normalization match.
O*NET Database|onet_software_skills|2.E.9.d|Maya HTT I-DEAS,O*NET Database,31.0,technology,onet_software_skills,2.E.9.d|Maya HTT I-DEAS,Maya HTT I-DEAS,Analytical or scientific software,,No approved automatic normalization match.
O*NET Database|onet_software_skills|2.E.9.d|MAYA Nastran,O*NET Database,31.0,technology,onet_software_skills,2.E.9.d|MAYA Nastran,MAYA Nastran,Analytical or scientific software,,No approved automatic normalization match.
O*NET Database|onet_software_skills|2.E.4.b|Mayer-Johnson Boardmaker,O*NET Database,31.0,technology,onet_software_skills,2.E.4.b|Mayer-Johnson Boardmaker,Mayer-Johnson Boardmaker,Graphics or photo imaging software,,No approved automatic normalization match.
O*NET Database|onet_software_skills|2.E.14.d|McAfee,O*NET Database,31.0,technology,onet_software_skills,2.E.14.d|McAfee,McAfee,Transaction security and virus protection software,,No approved automatic normalization match.
O*NET Database|onet_software_skills|2.E.9.o|McAfee Enterprise Security Manager,O*NET Database,31.0,technology,onet_software_skills,2.E.9.o|McAfee Enterprise Security Manager,McAfee Enterprise Security Manager,Risk management data and analysis software,,No approved automatic normalization match.
O*NET Database|onet_software_skills|2.E.14.d|McAfee VirusScan,O*NET Database,31.0,technology,onet_software_skills,2.E.14.d|McAfee VirusScan,McAfee VirusScan,Transaction security and virus protection software,,No approved automatic normalization match.
O*NET Database|onet_software_skills|2.E.4.h|MD Synergy Medical Appointment Scheduling,O*NET Database,31.0,technology,onet_software_skills,2.E.4.h|MD Synergy Medical Appointment Scheduling,MD Synergy Medical Appointment Scheduling,Calendar and scheduling software,,No approved automatic normalization match.
O*NET Database|onet_software_skills|2.E.9.d|Mean time between failures MBTF software,O*NET Database,31.0,technology,onet_software_skills,2.E.9.d|Mean time between failures MBTF software,Mean time between failures MBTF software,Analytical or scientific software,,No approved automatic normalization match.
O*NET Database|onet_software_skills|2.E.9.d|Mean time to failure MTTF software,O*NET Database,31.0,technology,onet_software_skills,2.E.9.d|Mean time to failure MTTF software,Mean time to failure MTTF software,Analytical or scientific software,,No approved automatic normalization match.
O*NET Database|onet_software_skills|2.E.9.i|Mediasoft mediOFFICE,O*NET Database,31.0,technology,onet_software_skills,2.E.9.i|Mediasoft mediOFFICE,Mediasoft mediOFFICE,Medical software,,No approved automatic normalization match.
O*NET Database|onet_software_skills|2.E.9.i|Medical condition coding software,O*NET Database,31.0,technology,onet_software_skills,2.E.9.i|Medical condition coding software,Medical condition coding software,Medical software,,No approved automatic normalization match.
O*NET Database|onet_software_skills|2.E.9.i|Medical procedure coding software,O*NET Database,31.0,technology,onet_software_skills,2.E.9.i|Medical procedure coding software,Medical procedure coding software,Medical software,,No approved automatic normalization match.
O*NET Database|onet_software_skills|2.E.9.i|MedicWare EMR,O*NET Database,31.0,technology,onet_software_skills,2.E.9.i|MedicWare EMR,MedicWare EMR,Medical software,,No approved automatic normalization match.
O*NET Database|onet_software_skills|2.E.2.a|MediGraph,O*NET Database,31.0,technology,onet_software_skills,2.E.2.a|MediGraph,MediGraph,Accounting software,,No approved automatic normalization match.
O*NET Database|onet_software_skills|2.E.9.i|MEDITECH software,O*NET Database,31.0,technology,onet_software_skills,2.E.9.i|MEDITECH software,MEDITECH software,Medical software,,No approved automatic normalization match.
O*NET Database|onet_software_skills|2.E.9.i|Medscribbler Enterprise,O*NET Database,31.0,technology,onet_software_skills,2.E.9.i|Medscribbler Enterprise,Medscribbler Enterprise,Medical software,,No approved automatic normalization match.
O*NET Database|onet_software_skills|2.E.9.i|MedStar Systems DrWorks,O*NET Database,31.0,technology,onet_software_skills,2.E.9.i|MedStar Systems DrWorks,MedStar Systems DrWorks,Medical software,,No approved automatic normalization match.
O*NET Database|onet_software_skills|2.E.6.h|Medstat/INFORUM,O*NET Database,31.0,technology,onet_software_skills,2.E.6.h|Medstat/INFORUM,Medstat/INFORUM,Information retrieval or search software,,No approved automatic normalization match.
O*NET Database|onet_software_skills|2.E.4.b|Mental Images Mental Ray,O*NET Database,31.0,technology,onet_software_skills,2.E.4.b|Mental Images Mental Ray,Mental Images Mental Ray,Graphics or photo imaging software,,No approved automatic normalization match.
O*NET Database|onet_software_skills|2.E.4.f|Mentimeter,O*NET Database,31.0,technology,onet_software_skills,2.E.4.f|Mentimeter,Mentimeter,Presentation software,,No approved automatic normalization match.
O*NET Database|onet_software_skills|2.E.9.c|Mentor Graphics software,O*NET Database,31.0,technology,onet_software_skills,2.E.9.c|Mentor Graphics software,Mentor Graphics software,Computer aided design CAD software,,No approved automatic normalization match.
O*NET Database|onet_software_skills|2.E.9.d|Mesh generation software,O*NET Database,31.0,technology,onet_software_skills,2.E.9.d|Mesh generation software,Mesh generation software,Analytical or scientific software,,No approved automatic normalization match.
O*NET Database|onet_software_skills|2.E.14.d|Metasploit,O*NET Database,31.0,technology,onet_software_skills,2.E.14.d|Metasploit,Metasploit,Transaction security and virus protection software,,No approved automatic normalization match.
O*NET Database|onet_software_skills|2.E.7.h|MeteorJS,O*NET Database,31.0,technology,onet_software_skills,2.E.7.h|MeteorJS,MeteorJS,Web platform development software,,No approved automatic normalization match.
O*NET Database|onet_software_skills|2.E.2.d|MethodWare ProAudit Advisor,O*NET Database,31.0,technology,onet_software_skills,2.E.2.d|MethodWare ProAudit Advisor,MethodWare ProAudit Advisor,Financial analysis software,,No approved automatic normalization match.
O*NET Database|onet_software_skills|2.E.9.c|Metrix Imageware Surfacer,O*NET Database,31.0,technology,onet_software_skills,2.E.9.c|Metrix Imageware Surfacer,Metrix Imageware Surfacer,Computer aided design CAD software,,No approved automatic normalization match.
O*NET Database|onet_software_skills|2.E.6.m|Micosoft SQL Server Analysis Services SSAS,O*NET Database,31.0,technology,onet_software_skills,2.E.6.m|Micosoft SQL Server Analysis Services SSAS,Micosoft SQL Server Analysis Services SSAS,Business intelligence and data analysis software,,No approved automatic normalization match.
O*NET Database|onet_software_skills|2.E.11.a|Micro Focus OpenView,O*NET Database,31.0,technology,onet_software_skills,2.E.11.a|Micro Focus OpenView,Micro Focus OpenView,Network monitoring software,,No approved automatic normalization match.
O*NET Database|onet_software_skills|2.E.1.c|Micro J Systems PcHunter,O*NET Database,31.0,technology,onet_software_skills,2.E.1.c|Micro J Systems PcHunter,Micro J Systems PcHunter,Human resources software,,No approved automatic normalization match.
O*NET Database|onet_software_skills|2.E.16.a|MicroFocus GroupWise,O*NET Database,31.0,technology,onet_software_skills,2.E.16.a|MicroFocus GroupWise,MicroFocus GroupWise,Electronic mail software,,No approved automatic normalization match.
O*NET Database|onet_software_skills|2.E.9.i|MicroFour PracticeStudio.NET EMR,O*NET Database,31.0,technology,onet_software_skills,2.E.9.i|MicroFour PracticeStudio.NET EMR,MicroFour PracticeStudio.NET EMR,Medical software,,No approved automatic normalization match.
O*NET Database|onet_software_skills|2.E.2.a|Micronetics Xpert Write-up,O*NET Database,31.0,technology,onet_software_skills,2.E.2.a|Micronetics Xpert Write-up,Micronetics Xpert Write-up,Accounting software,,No approved automatic normalization match.
O*NET Database|onet_software_skills|2.E.1.c|Micropact entellitrak Labor Relations Edition,O*NET Database,31.0,technology,onet_software_skills,2.E.1.c|Micropact entellitrak Labor Relations Edition,Micropact entellitrak Labor Relations Edition,Human resources software,,No approved automatic normalization match.
O*NET Database|onet_software_skills|2.E.10.a|Microservices Architecture,O*NET Database,31.0,technology,onet_software_skills,2.E.10.a|Microservices Architecture,Microservices Architecture,Application server software,,No approved automatic normalization match.
O*NET Database|onet_software_skills|2.E.7.b|Microsoft .NET Framework,O*NET Database,31.0,technology,onet_software_skills,2.E.7.b|Microsoft .NET Framework,Microsoft .NET Framework,Development environment software,,No approved automatic normalization match.
O*NET Database|onet_software_skills|2.E.6.f|Microsoft Access,O*NET Database,31.0,technology,onet_software_skills,2.E.6.f|Microsoft Access,Microsoft Access,Data base user interface and query software,,No approved automatic normalization match.
O*NET Database|onet_software_skills|2.E.10.d|Microsoft Active Directory,O*NET Database,31.0,technology,onet_software_skills,2.E.10.d|Microsoft Active Directory,Microsoft Active Directory,Internet directory services software,,No approved automatic normalization match.
O*NET Database|onet_software_skills|2.E.7.h|Microsoft Active Server Pages ASP,O*NET Database,31.0,technology,onet_software_skills,2.E.7.h|Microsoft Active Server Pages ASP,Microsoft Active Server Pages ASP,Web platform development software,,No approved automatic normalization match.
O*NET Database|onet_software_skills|2.E.7.e|Microsoft ActiveX,O*NET Database,31.0,technology,onet_software_skills,2.E.7.e|Microsoft ActiveX,Microsoft ActiveX,Object or component oriented development software,,No approved automatic normalization match.
O*NET Database|onet_software_skills|2.E.7.h|Microsoft ASP.NET,O*NET Database,31.0,technology,onet_software_skills,2.E.7.h|Microsoft ASP.NET,Microsoft ASP.NET,Web platform development software,,No approved automatic normalization match.
O*NET Database|onet_software_skills|2.E.7.h|Microsoft ASP.NET Core MVC,O*NET Database,31.0,technology,onet_software_skills,2.E.7.h|Microsoft ASP.NET Core MVC,Microsoft ASP.NET Core MVC,Web platform development software,,No approved automatic normalization match.
O*NET Database|onet_software_skills|2.E.7.b|Microsoft Azure DevOps Services,O*NET Database,31.0,technology,onet_software_skills,2.E.7.b|Microsoft Azure DevOps Services,Microsoft Azure DevOps Services,Development environment software,,No approved automatic normalization match.
O*NET Database|onet_software_skills|2.E.11.a|Microsoft Azure Sentinel,O*NET Database,31.0,technology,onet_software_skills,2.E.11.a|Microsoft Azure Sentinel,Microsoft Azure Sentinel,Network monitoring software,,No approved automatic normalization match.
O*NET Database|onet_software_skills|2.E.7.b|Microsoft Azure software,O*NET Database,31.0,technology,onet_software_skills,2.E.7.b|Microsoft Azure software,Microsoft Azure software,Development environment software,,No approved automatic normalization match.
O*NET Database|onet_software_skills|2.E.6.f|Microsoft Bing,O*NET Database,31.0,technology,onet_software_skills,2.E.6.f|Microsoft Bing,Microsoft Bing,Data base user interface and query software,,No approved automatic normalization match.
O*NET Database|onet_software_skills|2.E.2.b|Microsoft Business Intelligence BI,O*NET Database,31.0,technology,onet_software_skills,2.E.2.b|Microsoft Business Intelligence BI,Microsoft Business Intelligence BI,Enterprise resource planning ERP software,,No approved automatic normalization match.
O*NET Database|onet_software_skills|2.E.7.h|Microsoft Commerce Server,O*NET Database,31.0,technology,onet_software_skills,2.E.7.h|Microsoft Commerce Server,Microsoft Commerce Server,Web platform development software,,No approved automatic normalization match.
O*NET Database|onet_software_skills|2.E.14.d|Microsoft Defender Antivirus,O*NET Database,31.0,technology,onet_software_skills,2.E.14.d|Microsoft Defender Antivirus,Microsoft Defender Antivirus,Transaction security and virus protection software,,No approved automatic normalization match.
O*NET Database|onet_software_skills|2.E.15.c|Microsoft DirectX,O*NET Database,31.0,technology,onet_software_skills,2.E.15.c|Microsoft DirectX,Microsoft DirectX,Device drivers or system software,,No approved automatic normalization match.
O*NET Database|onet_software_skills|2.E.2.b|Microsoft Dynamics GP,O*NET Database,31.0,technology,onet_software_skills,2.E.2.b|Microsoft Dynamics GP,Microsoft Dynamics GP,Enterprise resource planning ERP software,,No approved automatic normalization match.
O*NET Database|onet_software_skills|2.E.2.b|Microsoft Dynamics NAV,O*NET Database,31.0,technology,onet_software_skills,2.E.2.b|Microsoft Dynamics NAV,Microsoft Dynamics NAV,Enterprise resource planning ERP software,,No approved automatic normalization match.
O*NET Database|onet_software_skills|2.E.2.b|Microsoft Dynamics SL,O*NET Database,31.0,technology,onet_software_skills,2.E.2.b|Microsoft Dynamics SL,Microsoft Dynamics SL,Enterprise resource planning ERP software,,No approved automatic normalization match.
O*NET Database|onet_software_skills|2.E.7.b|Microsoft ESP SDK,O*NET Database,31.0,technology,onet_software_skills,2.E.7.b|Microsoft ESP SDK,Microsoft ESP SDK,Development environment software,,No approved automatic normalization match.
O*NET Database|onet_software_skills|2.E.4.i|Microsoft Excel,O*NET Database,31.0,technology,onet_software_skills,2.E.4.i|Microsoft Excel,Microsoft Excel,Spreadsheet software,,No approved automatic normalization match.
O*NET Database|onet_software_skills|2.E.16.a|Microsoft Exchange,O*NET Database,31.0,technology,onet_software_skills,2.E.16.a|Microsoft Exchange,Microsoft Exchange,Electronic mail software,,No approved automatic normalization match.
O*NET Database|onet_software_skills|2.E.4.b|Microsoft Expression Design,O*NET Database,31.0,technology,onet_software_skills,2.E.4.b|Microsoft Expression Design,Microsoft Expression Design,Graphics or photo imaging software,,No approved automatic normalization match.
O*NET Database|onet_software_skills|2.E.2.d|Microsoft FRx,O*NET Database,31.0,technology,onet_software_skills,2.E.2.d|Microsoft FRx,Microsoft FRx,Financial analysis software,,No approved automatic normalization match.
O*NET Database|onet_software_skills|2.E.13.c|Microsoft Hyper-V Server,O*NET Database,31.0,technology,onet_software_skills,2.E.13.c|Microsoft Hyper-V Server,Microsoft Hyper-V Server,Operating system software,,No approved automatic normalization match.
O*NET Database|onet_software_skills|2.E.10.e|Microsoft Internet Explorer,O*NET Database,31.0,technology,onet_software_skills,2.E.10.e|Microsoft Internet Explorer,Microsoft Internet Explorer,Internet browser software,,No approved automatic normalization match.
O*NET Database|onet_software_skills|2.E.6.l|Microsoft Internet Information Services (IIS),O*NET Database,31.0,technology,onet_software_skills,2.E.6.l|Microsoft Internet Information Services (IIS),Microsoft Internet Information Services (IIS),Transaction server software,,No approved automatic normalization match.
O*NET Database|onet_software_skills|2.E.1.k|Microsoft Office software,O*NET Database,31.0,technology,onet_software_skills,2.E.1.k|Microsoft Office software,Microsoft Office software,Office suite software,,No approved automatic normalization match.
O*NET Database|onet_software_skills|2.E.4.d|Microsoft OneNote,O*NET Database,31.0,technology,onet_software_skills,2.E.4.d|Microsoft OneNote,Microsoft OneNote,Word processing software,,No approved automatic normalization match.
O*NET Database|onet_software_skills|2.E.16.a|Microsoft Outlook,O*NET Database,31.0,technology,onet_software_skills,2.E.16.a|Microsoft Outlook,Microsoft Outlook,Electronic mail software,,No approved automatic normalization match.
O*NET Database|onet_software_skills|2.E.7.c|Microsoft Power Automate,O*NET Database,31.0,technology,onet_software_skills,2.E.7.c|Microsoft Power Automate,Microsoft Power Automate,Enterprise application integration software,,No approved automatic normalization match.
O*NET Database|onet_software_skills|2.E.6.m|Microsoft Power BI,O*NET Database,31.0,technology,onet_software_skills,2.E.6.m|Microsoft Power BI,Microsoft Power BI,Business intelligence and data analysis software,,No approved automatic normalization match.
O*NET Database|onet_software_skills|2.E.7.c|Microsoft Power Platform software,O*NET Database,31.0,technology,onet_software_skills,2.E.7.c|Microsoft Power Platform software,Microsoft Power Platform software,Enterprise application integration software,,No approved automatic normalization match.
O*NET Database|onet_software_skills|2.E.4.f|Microsoft PowerPoint,O*NET Database,31.0,technology,onet_software_skills,2.E.4.f|Microsoft PowerPoint,Microsoft PowerPoint,Presentation software,,No approved automatic normalization match.
O*NET Database|onet_software_skills|2.E.7.b|Microsoft PowerShell,O*NET Database,31.0,technology,onet_software_skills,2.E.7.b|Microsoft PowerShell,Microsoft PowerShell,Development environment software,,No approved automatic normalization match.
O*NET Database|onet_software_skills|2.E.6.e|Microsoft Proclarity,O*NET Database,31.0,technology,onet_software_skills,2.E.6.e|Microsoft Proclarity,Microsoft Proclarity,Data base reporting software,,No approved automatic normalization match.
O*NET Database|onet_software_skills|2.E.1.e|Microsoft Project,O*NET Database,31.0,technology,onet_software_skills,2.E.1.e|Microsoft Project,Microsoft Project,Project management software,,No approved automatic normalization match.
O*NET Database|onet_software_skills|2.E.4.k|Microsoft Publisher,O*NET Database,31.0,technology,onet_software_skills,2.E.4.k|Microsoft Publisher,Microsoft Publisher,Desktop publishing software,,No approved automatic normalization match.
O*NET Database|onet_software_skills|2.E.14.d|Microsoft Security Esssentials,O*NET Database,31.0,technology,onet_software_skills,2.E.14.d|Microsoft Security Esssentials,Microsoft Security Esssentials,Transaction security and virus protection software,,No approved automatic normalization match.
O*NET Database|onet_software_skills|2.E.5.b|Microsoft SharePoint,O*NET Database,31.0,technology,onet_software_skills,2.E.5.b|Microsoft SharePoint,Microsoft SharePoint,Document management software,,No approved automatic normalization match.
O*NET Database|onet_software_skills|2.E.7.h|Microsoft Silverlight,O*NET Database,31.0,technology,onet_software_skills,2.E.7.h|Microsoft Silverlight,Microsoft Silverlight,Web platform development software,,No approved automatic normalization match.
O*NET Database|onet_software_skills|2.E.6.f|Microsoft SQL Server,O*NET Database,31.0,technology,onet_software_skills,2.E.6.f|Microsoft SQL Server,Microsoft SQL Server,Data base user interface and query software,,No approved automatic normalization match.
O*NET Database|onet_software_skills|2.E.7.c|Microsoft SQL Server Integration Services SSIS,O*NET Database,31.0,technology,onet_software_skills,2.E.7.c|Microsoft SQL Server Integration Services SSIS,Microsoft SQL Server Integration Services SSIS,Enterprise application integration software,,No approved automatic normalization match.
O*NET Database|onet_software_skills|2.E.6.e|Microsoft SQL Server Reporting Services SSRS,O*NET Database,31.0,technology,onet_software_skills,2.E.6.e|Microsoft SQL Server Reporting Services SSRS,Microsoft SQL Server Reporting Services SSRS,Data base reporting software,,No approved automatic normalization match.
O*NET Database|onet_software_skills|2.E.1.e|Microsoft Team Foundation Server,O*NET Database,31.0,technology,onet_software_skills,2.E.1.e|Microsoft Team Foundation Server,Microsoft Team Foundation Server,Project management software,,No approved automatic normalization match.
O*NET Database|onet_software_skills|2.E.1.e|Microsoft Teams,O*NET Database,31.0,technology,onet_software_skills,2.E.1.e|Microsoft Teams,Microsoft Teams,Project management software,,No approved automatic normalization match.
O*NET Database|onet_software_skills|2.E.6.d|Microsoft transact-structural query language T-SQL,O*NET Database,31.0,technology,onet_software_skills,2.E.6.d|Microsoft transact-structural query language T-SQL,Microsoft transact-structural query language T-SQL,Data base management system software,,No approved automatic normalization match.
O*NET Database|onet_software_skills|2.E.7.b|Microsoft Visual Basic,O*NET Database,31.0,technology,onet_software_skills,2.E.7.b|Microsoft Visual Basic,Microsoft Visual Basic,Development environment software,,No approved automatic normalization match.
O*NET Database|onet_software_skills|2.E.7.b|Microsoft Visual Basic for Applications VBA,O*NET Database,31.0,technology,onet_software_skills,2.E.7.b|Microsoft Visual Basic for Applications VBA,Microsoft Visual Basic for Applications VBA,Development environment software,,No approved automatic normalization match.
O*NET Database|onet_software_skills|2.E.7.b|Microsoft Visual Basic Scripting Edition VBScript,O*NET Database,31.0,technology,onet_software_skills,2.E.7.b|Microsoft Visual Basic Scripting Edition VBScript,Microsoft Visual Basic Scripting Edition VBScript,Development environment software,,No approved automatic normalization match.
O*NET Database|onet_software_skills|2.E.7.e|Microsoft Visual Basic.NET,O*NET Database,31.0,technology,onet_software_skills,2.E.7.e|Microsoft Visual Basic.NET,Microsoft Visual Basic.NET,Object or component oriented development software,,No approved automatic normalization match.
O*NET Database|onet_software_skills|2.E.7.e|Microsoft Visual C# .NET,O*NET Database,31.0,technology,onet_software_skills,2.E.7.e|Microsoft Visual C# .NET,Microsoft Visual C# .NET,Object or component oriented development software,,No approved automatic normalization match.
O*NET Database|onet_software_skills|2.E.6.j|Microsoft Visual FoxPro,O*NET Database,31.0,technology,onet_software_skills,2.E.6.j|Microsoft Visual FoxPro,Microsoft Visual FoxPro,Object oriented data base management software,,No approved automatic normalization match.
O*NET Database|onet_software_skills|2.E.7.h|Microsoft Visual InterDev,O*NET Database,31.0,technology,onet_software_skills,2.E.7.h|Microsoft Visual InterDev,Microsoft Visual InterDev,Web platform development software,,No approved automatic normalization match.
O*NET Database|onet_software_skills|2.E.7.b|Microsoft Visual SourceSafe,O*NET Database,31.0,technology,onet_software_skills,2.E.7.b|Microsoft Visual SourceSafe,Microsoft Visual SourceSafe,Development environment software,,No approved automatic normalization match.
O*NET Database|onet_software_skills|2.E.7.b|Microsoft Visual Studio,O*NET Database,31.0,technology,onet_software_skills,2.E.7.b|Microsoft Visual Studio,Microsoft Visual Studio,Development environment software,,No approved automatic normalization match.
O*NET Database|onet_software_skills|2.E.13.c|Microsoft Windows,O*NET Database,31.0,technology,onet_software_skills,2.E.13.c|Microsoft Windows,Microsoft Windows,Operating system software,,No approved automatic normalization match.
O*NET Database|onet_software_skills|2.E.13.c|Microsoft Windows Server,O*NET Database,31.0,technology,onet_software_skills,2.E.13.c|Microsoft Windows Server,Microsoft Windows Server,Operating system software,,No approved automatic normalization match.
O*NET Database|onet_software_skills|2.E.4.d|Microsoft Word,O*NET Database,31.0,technology,onet_software_skills,2.E.4.d|Microsoft Word,Microsoft Word,Word processing software,,No approved automatic normalization match.
O*NET Database|onet_software_skills|2.E.1.k|Microsoft Works,O*NET Database,31.0,technology,onet_software_skills,2.E.1.k|Microsoft Works,Microsoft Works,Office suite software,,No approved automatic normalization match.
O*NET Database|onet_software_skills|2.E.6.m|MicroStrategy,O*NET Database,31.0,technology,onet_software_skills,2.E.6.m|MicroStrategy,MicroStrategy,Business intelligence and data analysis software,,No approved automatic normalization match.
O*NET Database|onet_software_skills|2.E.9.d|Microwave circuit simulation software,O*NET Database,31.0,technology,onet_software_skills,2.E.9.d|Microwave circuit simulation software,Microwave circuit simulation software,Analytical or scientific software,,No approved automatic normalization match.
O*NET Database|onet_software_skills|2.E.12.m|Migration software,O*NET Database,31.0,technology,onet_software_skills,2.E.12.m|Migration software,Migration software,Platform interconnectivity software,,No approved automatic normalization match.
O*NET Database|onet_software_skills|2.E.7.f|Migration testing software,O*NET Database,31.0,technology,onet_software_skills,2.E.7.f|Migration testing software,Migration testing software,Program testing software,,No approved automatic normalization match.
O*NET Database|onet_software_skills|2.E.9.d|Minitab,O*NET Database,31.0,technology,onet_software_skills,2.E.9.d|Minitab,Minitab,Analytical or scientific software,,No approved automatic normalization match.
O*NET Database|onet_software_skills|2.E.6.h|Mintel Reports,O*NET Database,31.0,technology,onet_software_skills,2.E.6.h|Mintel Reports,Mintel Reports,Information retrieval or search software,,No approved automatic normalization match.
O*NET Database|onet_software_skills|2.E.7.f|MITRE ATT&CK software,O*NET Database,31.0,technology,onet_software_skills,2.E.7.f|MITRE ATT&CK software,MITRE ATT&CK software,Program testing software,,No approved automatic normalization match.
O*NET Database|onet_software_skills|2.E.9.d|Mlflow,O*NET Database,31.0,technology,onet_software_skills,2.E.9.d|Mlflow,Mlflow,Analytical or scientific software,,No approved automatic normalization match.
O*NET Database|onet_software_skills|2.E.9.d|Modal analysis software,O*NET Database,31.0,technology,onet_software_skills,2.E.9.d|Modal analysis software,Modal analysis software,Analytical or scientific software,,No approved automatic normalization match.
O*NET Database|onet_software_skills|2.E.7.e|Modula,O*NET Database,31.0,technology,onet_software_skills,2.E.7.e|Modula,Modula,Object or component oriented development software,,No approved automatic normalization match.
O*NET Database|onet_software_skills|2.E.9.d|Modular arrangement of predetermined time standards software MODAPTS,O*NET Database,31.0,technology,onet_software_skills,2.E.9.d|Modular arrangement of predetermined time standards software MODAPTS,Modular arrangement of predetermined time standards software MODAPTS,Analytical or scientific software,,No approved automatic normalization match.
O*NET Database|onet_software_skills|2.E.6.d|MongoDB,O*NET Database,31.0,technology,onet_software_skills,2.E.6.d|MongoDB,MongoDB,Data base management system software,,No approved automatic normalization match.
O*NET Database|onet_software_skills|2.E.8.b|Moodle,O*NET Database,31.0,technology,onet_software_skills,2.E.8.b|Moodle,Moodle,Computer based training software,,No approved automatic normalization match.
O*NET Database|onet_software_skills|2.E.9.d|Motion analysis software,O*NET Database,31.0,technology,onet_software_skills,2.E.9.d|Motion analysis software,Motion analysis software,Analytical or scientific software,,No approved automatic normalization match.
O*NET Database|onet_software_skills|2.E.7.h|Moz search engine optimization SEO software,O*NET Database,31.0,technology,onet_software_skills,2.E.7.h|Moz search engine optimization SEO software,Moz search engine optimization SEO software,Web platform development software,,No approved automatic normalization match.
O*NET Database|onet_software_skills|2.E.2.e|MPAY Millennium,O*NET Database,31.0,technology,onet_software_skills,2.E.2.e|MPAY Millennium,MPAY Millennium,Time accounting software,,No approved automatic normalization match.
O*NET Database|onet_software_skills|2.E.2.d|MRO Audit Tracker,O*NET Database,31.0,technology,onet_software_skills,2.E.2.d|MRO Audit Tracker,MRO Audit Tracker,Financial analysis software,,No approved automatic normalization match.
O*NET Database|onet_software_skills|2.E.7.c|MuleSoft software,O*NET Database,31.0,technology,onet_software_skills,2.E.7.c|MuleSoft software,MuleSoft software,Enterprise application integration software,,No approved automatic normalization match.
O*NET Database|onet_software_skills|2.E.6.d|Multidimensional Expressions MDX,O*NET Database,31.0,technology,onet_software_skills,2.E.6.d|Multidimensional Expressions MDX,Multidimensional Expressions MDX,Data base management system software,,No approved automatic normalization match.
O*NET Database|onet_software_skills|2.E.2.a|Multiview Accounts Receivable,O*NET Database,31.0,technology,onet_software_skills,2.E.2.a|Multiview Accounts Receivable,Multiview Accounts Receivable,Accounting software,,No approved automatic normalization match.
O*NET Database|onet_software_skills|2.E.7.b|MUMPS M,O*NET Database,31.0,technology,onet_software_skills,2.E.7.b|MUMPS M,MUMPS M,Development environment software,,No approved automatic normalization match.
O*NET Database|onet_software_skills|2.E.3.b|Music software,O*NET Database,31.0,technology,onet_software_skills,2.E.3.b|Music software,Music software,Music or sound editing software,,No approved automatic normalization match.
O*NET Database|onet_software_skills|2.E.7.f|Mutation testing software,O*NET Database,31.0,technology,onet_software_skills,2.E.7.f|Mutation testing software,Mutation testing software,Program testing software,,No approved automatic normalization match.
O*NET Database|onet_software_skills|2.E.11.a|Nagios,O*NET Database,31.0,technology,onet_software_skills,2.E.11.a|Nagios,Nagios,Network monitoring software,,No approved automatic normalization match.
O*NET Database|onet_software_skills|2.E.7.b|National Instruments LabVIEW,O*NET Database,31.0,technology,onet_software_skills,2.E.7.b|National Instruments LabVIEW,National Instruments LabVIEW,Development environment software,,No approved automatic normalization match.
O*NET Database|onet_software_skills|2.E.9.i|NCG Medical Systems d-Chart,O*NET Database,31.0,technology,onet_software_skills,2.E.9.i|NCG Medical Systems d-Chart,NCG Medical Systems d-Chart,Medical software,,No approved automatic normalization match.
O*NET Database|onet_software_skills|2.E.6.g|NCR Teradata Warehouse Miner,O*NET Database,31.0,technology,onet_software_skills,2.E.6.g|NCR Teradata Warehouse Miner,NCR Teradata Warehouse Miner,Data mining software,,No approved automatic normalization match.
O*NET Database|onet_software_skills|2.E.2.a|NDCMedisoft,O*NET Database,31.0,technology,onet_software_skills,2.E.2.a|NDCMedisoft,NDCMedisoft,Accounting software,,No approved automatic normalization match.
O*NET Database|onet_software_skills|2.E.8.e|Nearpod,O*NET Database,31.0,technology,onet_software_skills,2.E.8.e|Nearpod,Nearpod,Multi-media educational software,,No approved automatic normalization match.
O*NET Database|onet_software_skills|2.E.6.f|Neo4j,O*NET Database,31.0,technology,onet_software_skills,2.E.6.f|Neo4j,Neo4j,Data base user interface and query software,,No approved automatic normalization match.
O*NET Database|onet_software_skills|2.E.6.h|Neoforma Healthcare Products Information Services HPIS Market Intelligence,O*NET Database,31.0,technology,onet_software_skills,2.E.6.h|Neoforma Healthcare Products Information Services HPIS Market Intelligence,Neoforma Healthcare Products Information Services HPIS Market Intelligence,Information retrieval or search software,,No approved automatic normalization match.
O*NET Database|onet_software_skills|2.E.2.b|NetSuite ERP,O*NET Database,31.0,technology,onet_software_skills,2.E.2.b|NetSuite ERP,NetSuite ERP,Enterprise resource planning ERP software,,No approved automatic normalization match.
O*NET Database|onet_software_skills|2.E.14.b|Network and system vulnerability assessment software,O*NET Database,31.0,technology,onet_software_skills,2.E.14.b|Network and system vulnerability assessment software,Network and system vulnerability assessment software,Network security or virtual private network VPN management software,,No approved automatic normalization match.
O*NET Database|onet_software_skills|2.E.10.d|Network directory services software,O*NET Database,31.0,technology,onet_software_skills,2.E.10.d|Network directory services software,Network directory services software,Internet directory services software,,No approved automatic normalization match.
O*NET Database|onet_software_skills|2.E.11.a|Network intrusion prevention systems NIPS,O*NET Database,31.0,technology,onet_software_skills,2.E.11.a|Network intrusion prevention systems NIPS,Network intrusion prevention systems NIPS,Network monitoring software,,No approved automatic normalization match.
O*NET Database|onet_software_skills|2.E.14.b|Network security auditing software,O*NET Database,31.0,technology,onet_software_skills,2.E.14.b|Network security auditing software,Network security auditing software,Network security or virtual private network VPN management software,,No approved automatic normalization match.
"O*NET Database|onet_software_skills|2.E.11.a|Network, hardware, and software auditing software",O*NET Database,31.0,technology,onet_software_skills,"2.E.11.a|Network, hardware, and software auditing software","Network, hardware, and software auditing software",Network monitoring software,,No approved automatic normalization match.
O*NET Database|onet_software_skills|2.E.9.d|Neural network modeling software,O*NET Database,31.0,technology,onet_software_skills,2.E.9.d|Neural network modeling software,Neural network modeling software,Analytical or scientific software,,No approved automatic normalization match.
O*NET Database|onet_software_skills|2.E.9.d|NeuralWare,O*NET Database,31.0,technology,onet_software_skills,2.E.9.d|NeuralWare,NeuralWare,Analytical or scientific software,,No approved automatic normalization match.
O*NET Database|onet_software_skills|2.E.4.b|Nevercenter Silo,O*NET Database,31.0,technology,onet_software_skills,2.E.4.b|Nevercenter Silo,Nevercenter Silo,Graphics or photo imaging software,,No approved automatic normalization match.
O*NET Database|onet_software_skills|2.E.2.a|New Millennium Communications Genesis Accounting,O*NET Database,31.0,technology,onet_software_skills,2.E.2.a|New Millennium Communications Genesis Accounting,New Millennium Communications Genesis Accounting,Accounting software,,No approved automatic normalization match.
O*NET Database|onet_software_skills|2.E.2.c|NewPortWave Year End Solutions,O*NET Database,31.0,technology,onet_software_skills,2.E.2.c|NewPortWave Year End Solutions,NewPortWave Year End Solutions,Tax preparation software,,No approved automatic normalization match.
O*NET Database|onet_software_skills|2.E.4.b|NewTek Lightwave 3D,O*NET Database,31.0,technology,onet_software_skills,2.E.4.b|NewTek Lightwave 3D,NewTek Lightwave 3D,Graphics or photo imaging software,,No approved automatic normalization match.
O*NET Database|onet_software_skills|2.E.4.b|Next Limit Maxwell Render,O*NET Database,31.0,technology,onet_software_skills,2.E.4.b|Next Limit Maxwell Render,Next Limit Maxwell Render,Graphics or photo imaging software,,No approved automatic normalization match.
O*NET Database|onet_software_skills|2.E.9.i|NextGen Healthcare Information Systems EMR,O*NET Database,31.0,technology,onet_software_skills,2.E.9.i|NextGen Healthcare Information Systems EMR,NextGen Healthcare Information Systems EMR,Medical software,,No approved automatic normalization match.
O*NET Database|onet_software_skills|2.E.7.h|Node.js,O*NET Database,31.0,technology,onet_software_skills,2.E.7.h|Node.js,Node.js,Web platform development software,,No approved automatic normalization match.
O*NET Database|onet_software_skills|2.E.4.b|NodeBox,O*NET Database,31.0,technology,onet_software_skills,2.E.4.b|NodeBox,NodeBox,Graphics or photo imaging software,,No approved automatic normalization match.
O*NET Database|onet_software_skills|2.E.14.d|Norton AntiVirus,O*NET Database,31.0,technology,onet_software_skills,2.E.14.d|Norton AntiVirus,Norton AntiVirus,Transaction security and virus protection software,,No approved automatic normalization match.
O*NET Database|onet_software_skills|2.E.14.d|NortonLifeLock cybersecurity software,O*NET Database,31.0,technology,onet_software_skills,2.E.14.d|NortonLifeLock cybersecurity software,NortonLifeLock cybersecurity software,Transaction security and virus protection software,,No approved automatic normalization match.
O*NET Database|onet_software_skills|2.E.6.d|NoSQL,O*NET Database,31.0,technology,onet_software_skills,2.E.6.d|NoSQL,NoSQL,Data base management system software,,No approved automatic normalization match.
O*NET Database|onet_software_skills|2.E.4.j|Nuance OmniPage Professional,O*NET Database,31.0,technology,onet_software_skills,2.E.4.j|Nuance OmniPage Professional,Nuance OmniPage Professional,Optical character reader OCR or scanning software,,No approved automatic normalization match.
O*NET Database|onet_software_skills|2.E.9.g|Numerical control software,O*NET Database,31.0,technology,onet_software_skills,2.E.9.g|Numerical control software,Numerical control software,Industrial control software,,No approved automatic normalization match.
O*NET Database|onet_software_skills|2.E.6.f|NumPy,O*NET Database,31.0,technology,onet_software_skills,2.E.6.f|NumPy,NumPy,Data base user interface and query software,,No approved automatic normalization match.
O*NET Database|onet_software_skills|2.E.7.h|Nunjucks,O*NET Database,31.0,technology,onet_software_skills,2.E.7.h|Nunjucks,Nunjucks,Web platform development software,,No approved automatic normalization match.
O*NET Database|onet_software_skills|2.E.9.g|Nupro CastView,O*NET Database,31.0,technology,onet_software_skills,2.E.9.g|Nupro CastView,Nupro CastView,Industrial control software,,No approved automatic normalization match.
O*NET Database|onet_software_skills|2.E.4.b|NVDIA Gelato,O*NET Database,31.0,technology,onet_software_skills,2.E.4.b|NVDIA Gelato,NVDIA Gelato,Graphics or photo imaging software,,No approved automatic normalization match.
O*NET Database|onet_software_skills|2.E.7.e|Oberon,O*NET Database,31.0,technology,onet_software_skills,2.E.7.e|Oberon,Oberon,Object or component oriented development software,,No approved automatic normalization match.
O*NET Database|onet_software_skills|2.E.6.j|Object database management system ODBMS,O*NET Database,31.0,technology,onet_software_skills,2.E.6.j|Object database management system ODBMS,Object database management system ODBMS,Object oriented data base management software,,No approved automatic normalization match.
O*NET Database|onet_software_skills|2.E.6.l|Object Management Group Object Request Broker,O*NET Database,31.0,technology,onet_software_skills,2.E.6.l|Object Management Group Object Request Broker,Object Management Group Object Request Broker,Transaction server software,,No approved automatic normalization match.
O*NET Database|onet_software_skills|2.E.7.e|Object-oriented programming languages,O*NET Database,31.0,technology,onet_software_skills,2.E.7.e|Object-oriented programming languages,Object-oriented programming languages,Object or component oriented development software,,No approved automatic normalization match.
O*NET Database|onet_software_skills|2.E.7.e|Objective C,O*NET Database,31.0,technology,onet_software_skills,2.E.7.e|Objective C,Objective C,Object or component oriented development software,,No approved automatic normalization match.
O*NET Database|onet_software_skills|2.E.7.e|Objective Caml,O*NET Database,31.0,technology,onet_software_skills,2.E.7.e|Objective Caml,Objective Caml,Object or component oriented development software,,No approved automatic normalization match.
O*NET Database|onet_software_skills|2.E.4.a|Omni Group OmniGraffle,O*NET Database,31.0,technology,onet_software_skills,2.E.4.a|Omni Group OmniGraffle,Omni Group OmniGraffle,Pattern design software,,No approved automatic normalization match.
O*NET Database|onet_software_skills|2.E.5.b|OmniRIM Records Management Suite,O*NET Database,31.0,technology,onet_software_skills,2.E.5.b|OmniRIM Records Management Suite,OmniRIM Records Management Suite,Document management software,,No approved automatic normalization match.
O*NET Database|onet_software_skills|2.E.6.f|Online databases,O*NET Database,31.0,technology,onet_software_skills,2.E.6.f|Online databases,Online databases,Data base user interface and query software,,No approved automatic normalization match.
O*NET Database|onet_software_skills|2.E.4.b|Open Graphics Library OpenGL,O*NET Database,31.0,technology,onet_software_skills,2.E.4.b|Open Graphics Library OpenGL,Open Graphics Library OpenGL,Graphics or photo imaging software,,No approved automatic normalization match.
O*NET Database|onet_software_skills|2.E.5.b|Open Source Matters Joomla!,O*NET Database,31.0,technology,onet_software_skills,2.E.5.b|Open Source Matters Joomla!,Open Source Matters Joomla!,Document management software,,No approved automatic normalization match.
O*NET Database|onet_software_skills|2.E.7.b|OpenAI ChatGPT,O*NET Database,31.0,technology,onet_software_skills,2.E.7.b|OpenAI ChatGPT,OpenAI ChatGPT,Development environment software,,No approved automatic normalization match.
O*NET Database|onet_software_skills|2.E.4.d|OpenOffice WRITER,O*NET Database,31.0,technology,onet_software_skills,2.E.4.d|OpenOffice WRITER,OpenOffice WRITER,Word processing software,,No approved automatic normalization match.
O*NET Database|onet_software_skills|2.E.13.c|Operating system shells,O*NET Database,31.0,technology,onet_software_skills,2.E.13.c|Operating system shells,Operating system shells,Operating system software,,No approved automatic normalization match.
O*NET Database|onet_software_skills|2.E.6.f|Operational Data Store ODS software,O*NET Database,31.0,technology,onet_software_skills,2.E.6.f|Operational Data Store ODS software,Operational Data Store ODS software,Data base user interface and query software,,No approved automatic normalization match.
O*NET Database|onet_software_skills|2.E.9.c|Optical analysis software,O*NET Database,31.0,technology,onet_software_skills,2.E.9.c|Optical analysis software,Optical analysis software,Computer aided design CAD software,,No approved automatic normalization match.
O*NET Database|onet_software_skills|2.E.9.d|Optimization software,O*NET Database,31.0,technology,onet_software_skills,2.E.9.d|Optimization software,Optimization software,Analytical or scientific software,,No approved automatic normalization match.
O*NET Database|onet_software_skills|2.E.2.b|Oracle Agile Product Lifecycle Management PLM,O*NET Database,31.0,technology,onet_software_skills,2.E.2.b|Oracle Agile Product Lifecycle Management PLM,Oracle Agile Product Lifecycle Management PLM,Enterprise resource planning ERP software,,No approved automatic normalization match.
O*NET Database|onet_software_skills|2.E.7.h|Oracle Application Express APEX,O*NET Database,31.0,technology,onet_software_skills,2.E.7.h|Oracle Application Express APEX,Oracle Application Express APEX,Web platform development software,,No approved automatic normalization match.
O*NET Database|onet_software_skills|2.E.10.a|Oracle Application Server,O*NET Database,31.0,technology,onet_software_skills,2.E.10.a|Oracle Application Server,Oracle Application Server,Application server software,,No approved automatic normalization match.
O*NET Database|onet_software_skills|2.E.6.e|Oracle Business Intelligence Discoverer,O*NET Database,31.0,technology,onet_software_skills,2.E.6.e|Oracle Business Intelligence Discoverer,Oracle Business Intelligence Discoverer,Data base reporting software,,No approved automatic normalization match.
O*NET Database|onet_software_skills|2.E.6.m|Oracle Business Intelligence Enterprise Edition,O*NET Database,31.0,technology,onet_software_skills,2.E.6.m|Oracle Business Intelligence Enterprise Edition,Oracle Business Intelligence Enterprise Edition,Business intelligence and data analysis software,,No approved automatic normalization match.
O*NET Database|onet_software_skills|2.E.2.b|Oracle Business Intelligence Publisher,O*NET Database,31.0,technology,onet_software_skills,2.E.2.b|Oracle Business Intelligence Publisher,Oracle Business Intelligence Publisher,Enterprise resource planning ERP software,,No approved automatic normalization match.
O*NET Database|onet_software_skills|2.E.6.e|Oracle Business Intelligence Suite,O*NET Database,31.0,technology,onet_software_skills,2.E.6.e|Oracle Business Intelligence Suite,Oracle Business Intelligence Suite,Data base reporting software,,No approved automatic normalization match.
O*NET Database|onet_software_skills|2.E.11.e|Oracle Cloud software,O*NET Database,31.0,technology,onet_software_skills,2.E.11.e|Oracle Cloud software,Oracle Cloud software,Cloud-based management software,,No approved automatic normalization match.
O*NET Database|onet_software_skills|2.E.6.g|Oracle Darwin,O*NET Database,31.0,technology,onet_software_skills,2.E.6.g|Oracle Darwin,Oracle Darwin,Data mining software,,No approved automatic normalization match.
O*NET Database|onet_software_skills|2.E.15.f|Oracle Data Guard,O*NET Database,31.0,technology,onet_software_skills,2.E.15.f|Oracle Data Guard,Oracle Data Guard,Backup or archival software,,No approved automatic normalization match.
O*NET Database|onet_software_skills|2.E.7.c|Oracle Data Integrator,O*NET Database,31.0,technology,onet_software_skills,2.E.7.c|Oracle Data Integrator,Oracle Data Integrator,Enterprise application integration software,,No approved automatic normalization match.
O*NET Database|onet_software_skills|2.E.7.h|Oracle Designer,O*NET Database,31.0,technology,onet_software_skills,2.E.7.h|Oracle Designer,Oracle Designer,Web platform development software,,No approved automatic normalization match.
O*NET Database|onet_software_skills|2.E.2.d|Oracle E-Business Suite Financials,O*NET Database,31.0,technology,onet_software_skills,2.E.2.d|Oracle E-Business Suite Financials,Oracle E-Business Suite Financials,Financial analysis software,,No approved automatic normalization match.
O*NET Database|onet_software_skills|2.E.1.d|Oracle E-Business Suite Logistics,O*NET Database,31.0,technology,onet_software_skills,2.E.1.d|Oracle E-Business Suite Logistics,Oracle E-Business Suite Logistics,Materials requirements planning logistics and supply chain software,,No approved automatic normalization match.
O*NET Database|onet_software_skills|2.E.6.c|Oracle Eloqua,O*NET Database,31.0,technology,onet_software_skills,2.E.6.c|Oracle Eloqua,Oracle Eloqua,Customer relationship management CRM software,,No approved automatic normalization match.
O*NET Database|onet_software_skills|2.E.6.d|Oracle Enterprise Manager,O*NET Database,31.0,technology,onet_software_skills,2.E.6.d|Oracle Enterprise Manager,Oracle Enterprise Manager,Data base management system software,,No approved automatic normalization match.
O*NET Database|onet_software_skills|2.E.6.d|Oracle Enterprise Manager Cloud Control,O*NET Database,31.0,technology,onet_software_skills,2.E.6.d|Oracle Enterprise Manager Cloud Control,Oracle Enterprise Manager Cloud Control,Data base management system software,,No approved automatic normalization match.
O*NET Database|onet_software_skills|2.E.6.f|Oracle Essbase,O*NET Database,31.0,technology,onet_software_skills,2.E.6.f|Oracle Essbase,Oracle Essbase,Data base user interface and query software,,No approved automatic normalization match.
O*NET Database|onet_software_skills|2.E.2.b|Oracle Fusion Applications,O*NET Database,31.0,technology,onet_software_skills,2.E.2.b|Oracle Fusion Applications,Oracle Fusion Applications,Enterprise resource planning ERP software,,No approved automatic normalization match.
O*NET Database|onet_software_skills|2.E.7.c|Oracle Fusion Middleware,O*NET Database,31.0,technology,onet_software_skills,2.E.7.c|Oracle Fusion Middleware,Oracle Fusion Middleware,Enterprise application integration software,,No approved automatic normalization match.
O*NET Database|onet_software_skills|2.E.6.d|Oracle Golden Gate,O*NET Database,31.0,technology,onet_software_skills,2.E.6.d|Oracle Golden Gate,Oracle Golden Gate,Data base management system software,,No approved automatic normalization match.
O*NET Database|onet_software_skills|2.E.1.c|Oracle HRIS,O*NET Database,31.0,technology,onet_software_skills,2.E.1.c|Oracle HRIS,Oracle HRIS,Human resources software,,No approved automatic normalization match.
O*NET Database|onet_software_skills|2.E.2.b|Oracle Hyperion,O*NET Database,31.0,technology,onet_software_skills,2.E.2.b|Oracle Hyperion,Oracle Hyperion,Enterprise resource planning ERP software,,No approved automatic normalization match.
O*NET Database|onet_software_skills|2.E.7.e|Oracle Java,O*NET Database,31.0,technology,onet_software_skills,2.E.7.e|Oracle Java,Oracle Java,Object or component oriented development software,,No approved automatic normalization match.
O*NET Database|onet_software_skills|2.E.7.b|Oracle Java 2 Platform Enterprise Edition J2EE,O*NET Database,31.0,technology,onet_software_skills,2.E.7.b|Oracle Java 2 Platform Enterprise Edition J2EE,Oracle Java 2 Platform Enterprise Edition J2EE,Development environment software,,No approved automatic normalization match.
O*NET Database|onet_software_skills|2.E.7.e|Oracle Java Message Service JMS,O*NET Database,31.0,technology,onet_software_skills,2.E.7.e|Oracle Java Message Service JMS,Oracle Java Message Service JMS,Object or component oriented development software,,No approved automatic normalization match.
O*NET Database|onet_software_skills|2.E.7.h|Oracle JavaServer Pages JSP,O*NET Database,31.0,technology,onet_software_skills,2.E.7.h|Oracle JavaServer Pages JSP,Oracle JavaServer Pages JSP,Web platform development software,,No approved automatic normalization match.
O*NET Database|onet_software_skills|2.E.2.b|Oracle JD Edwards EnterpriseOne,O*NET Database,31.0,technology,onet_software_skills,2.E.2.b|Oracle JD Edwards EnterpriseOne,Oracle JD Edwards EnterpriseOne,Enterprise resource planning ERP software,,No approved automatic normalization match.
O*NET Database|onet_software_skills|2.E.6.f|Oracle JDBC,O*NET Database,31.0,technology,onet_software_skills,2.E.6.f|Oracle JDBC,Oracle JDBC,Data base user interface and query software,,No approved automatic normalization match.
O*NET Database|onet_software_skills|2.E.7.b|Oracle Jdeveloper,O*NET Database,31.0,technology,onet_software_skills,2.E.7.b|Oracle Jdeveloper,Oracle Jdeveloper,Development environment software,,No approved automatic normalization match.
O*NET Database|onet_software_skills|2.E.6.i|Oracle Master Data Management MDM Suite,O*NET Database,31.0,technology,onet_software_skills,2.E.6.i|Oracle Master Data Management MDM Suite,Oracle Master Data Management MDM Suite,Metadata management software,,No approved automatic normalization match.
O*NET Database|onet_software_skills|2.E.6.d|Oracle Migration Workbench,O*NET Database,31.0,technology,onet_software_skills,2.E.6.d|Oracle Migration Workbench,Oracle Migration Workbench,Data base management system software,,No approved automatic normalization match.
O*NET Database|onet_software_skills|2.E.11.a|Oracle Net Manager,O*NET Database,31.0,technology,onet_software_skills,2.E.11.a|Oracle Net Manager,Oracle Net Manager,Network monitoring software,,No approved automatic normalization match.
O*NET Database|onet_software_skills|2.E.2.b|Oracle PeopleSoft,O*NET Database,31.0,technology,onet_software_skills,2.E.2.b|Oracle PeopleSoft,Oracle PeopleSoft,Enterprise resource planning ERP software,,No approved automatic normalization match.
O*NET Database|onet_software_skills|2.E.2.b|Oracle PeopleSoft Financials,O*NET Database,31.0,technology,onet_software_skills,2.E.2.b|Oracle PeopleSoft Financials,Oracle PeopleSoft Financials,Enterprise resource planning ERP software,,No approved automatic normalization match.
O*NET Database|onet_software_skills|2.E.2.b|Oracle PeopleSoft Human Capital Management,O*NET Database,31.0,technology,onet_software_skills,2.E.2.b|Oracle PeopleSoft Human Capital Management,Oracle PeopleSoft Human Capital Management,Enterprise resource planning ERP software,,No approved automatic normalization match.
O*NET Database|onet_software_skills|2.E.6.d|Oracle PL/SQL,O*NET Database,31.0,technology,onet_software_skills,2.E.6.d|Oracle PL/SQL,Oracle PL/SQL,Data base management system software,,No approved automatic normalization match.
O*NET Database|onet_software_skills|2.E.1.e|Oracle Primavera Enterprise Project Portfolio Management,O*NET Database,31.0,technology,onet_software_skills,2.E.1.e|Oracle Primavera Enterprise Project Portfolio Management,Oracle Primavera Enterprise Project Portfolio Management,Project management software,,No approved automatic normalization match.
O*NET Database|onet_software_skills|2.E.6.b|Oracle Real Application Cluster RAC,O*NET Database,31.0,technology,onet_software_skills,2.E.6.b|Oracle Real Application Cluster RAC,Oracle Real Application Cluster RAC,Clustering software,,No approved automatic normalization match.
O*NET Database|onet_software_skills|2.E.15.f|Oracle Recovery Manager,O*NET Database,31.0,technology,onet_software_skills,2.E.15.f|Oracle Recovery Manager,Oracle Recovery Manager,Backup or archival software,,No approved automatic normalization match.
O*NET Database|onet_software_skills|2.E.6.e|Oracle Reports,O*NET Database,31.0,technology,onet_software_skills,2.E.6.e|Oracle Reports,Oracle Reports,Data base reporting software,,No approved automatic normalization match.
O*NET Database|onet_software_skills|2.E.1.f|Oracle Retek,O*NET Database,31.0,technology,onet_software_skills,2.E.1.f|Oracle Retek,Oracle Retek,Inventory management software,,No approved automatic normalization match.
O*NET Database|onet_software_skills|2.E.6.c|Oracle Siebel Marketing Resource Management,O*NET Database,31.0,technology,onet_software_skills,2.E.6.c|Oracle Siebel Marketing Resource Management,Oracle Siebel Marketing Resource Management,Customer relationship management CRM software,,No approved automatic normalization match.
O*NET Database|onet_software_skills|2.E.13.c|Oracle Solaris,O*NET Database,31.0,technology,onet_software_skills,2.E.13.c|Oracle Solaris,Oracle Solaris,Operating system software,,No approved automatic normalization match.
O*NET Database|onet_software_skills|2.E.7.b|Oracle SQL Developer,O*NET Database,31.0,technology,onet_software_skills,2.E.7.b|Oracle SQL Developer,Oracle SQL Developer,Development environment software,,No approved automatic normalization match.
O*NET Database|onet_software_skills|2.E.6.e|Oracle SQL Loader,O*NET Database,31.0,technology,onet_software_skills,2.E.6.e|Oracle SQL Loader,Oracle SQL Loader,Data base reporting software,,No approved automatic normalization match.
O*NET Database|onet_software_skills|2.E.6.e|Oracle SQL Plus,O*NET Database,31.0,technology,onet_software_skills,2.E.6.e|Oracle SQL Plus,Oracle SQL Plus,Data base reporting software,,No approved automatic normalization match.
O*NET Database|onet_software_skills|2.E.1.c|Oracle Taleo,O*NET Database,31.0,technology,onet_software_skills,2.E.1.c|Oracle Taleo,Oracle Taleo,Human resources software,,No approved automatic normalization match.
O*NET Database|onet_software_skills|2.E.10.d|Oracle Unified Directory,O*NET Database,31.0,technology,onet_software_skills,2.E.10.d|Oracle Unified Directory,Oracle Unified Directory,Internet directory services software,,No approved automatic normalization match.
O*NET Database|onet_software_skills|2.E.6.i|Oracle Warehouse Builder,O*NET Database,31.0,technology,onet_software_skills,2.E.6.i|Oracle Warehouse Builder,Oracle Warehouse Builder,Metadata management software,,No approved automatic normalization match.
O*NET Database|onet_software_skills|2.E.10.a|Oracle WebLogic Server,O*NET Database,31.0,technology,onet_software_skills,2.E.10.a|Oracle WebLogic Server,Oracle WebLogic Server,Application server software,,No approved automatic normalization match.
O*NET Database|onet_software_skills|2.E.9.c|OrCAD Capture,O*NET Database,31.0,technology,onet_software_skills,2.E.9.c|OrCAD Capture,OrCAD Capture,Computer aided design CAD software,,No approved automatic normalization match.
O*NET Database|onet_software_skills|2.E.2.d|OSI TrustWise,O*NET Database,31.0,technology,onet_software_skills,2.E.2.d|OSI TrustWise,OSI TrustWise,Financial analysis software,,No approved automatic normalization match.
O*NET Database|onet_software_skills|2.E.2.d|Paisley AutoAudit,O*NET Database,31.0,technology,onet_software_skills,2.E.2.d|Paisley AutoAudit,Paisley AutoAudit,Financial analysis software,,No approved automatic normalization match.
O*NET Database|onet_software_skills|2.E.9.e|Paisley Cardmap,O*NET Database,31.0,technology,onet_software_skills,2.E.9.e|Paisley Cardmap,Paisley Cardmap,Compliance software,,No approved automatic normalization match.
O*NET Database|onet_software_skills|2.E.9.e|Paisley Focus Control Assurance,O*NET Database,31.0,technology,onet_software_skills,2.E.9.e|Paisley Focus Control Assurance,Paisley Focus Control Assurance,Compliance software,,No approved automatic normalization match.
O*NET Database|onet_software_skills|2.E.2.d|Paisley IssueTrack,O*NET Database,31.0,technology,onet_software_skills,2.E.2.d|Paisley IssueTrack,Paisley IssueTrack,Financial analysis software,,No approved automatic normalization match.
O*NET Database|onet_software_skills|2.E.9.e|Paisley RiskNavigator,O*NET Database,31.0,technology,onet_software_skills,2.E.9.e|Paisley RiskNavigator,Paisley RiskNavigator,Compliance software,,No approved automatic normalization match.
O*NET Database|onet_software_skills|2.E.2.d|Palisade @Risk,O*NET Database,31.0,technology,onet_software_skills,2.E.2.d|Palisade @Risk,Palisade @Risk,Financial analysis software,,No approved automatic normalization match.
O*NET Database|onet_software_skills|2.E.9.d|Palisade StatTools,O*NET Database,31.0,technology,onet_software_skills,2.E.9.d|Palisade StatTools,Palisade StatTools,Analytical or scientific software,,No approved automatic normalization match.
O*NET Database|onet_software_skills|2.E.14.c|Palo Alto Networks Next-Generation Security Platform,O*NET Database,31.0,technology,onet_software_skills,2.E.14.c|Palo Alto Networks Next-Generation Security Platform,Palo Alto Networks Next-Generation Security Platform,Network security and virtual private network VPN equipment software,,No approved automatic normalization match.
O*NET Database|onet_software_skills|2.E.6.f|pandas,O*NET Database,31.0,technology,onet_software_skills,2.E.6.f|pandas,pandas,Data base user interface and query software,,No approved automatic normalization match.
O*NET Database|onet_software_skills|2.E.6.e|Panorama NovaView,O*NET Database,31.0,technology,onet_software_skills,2.E.6.e|Panorama NovaView,Panorama NovaView,Data base reporting software,,No approved automatic normalization match.
O*NET Database|onet_software_skills|2.E.6.d|ParAccel Analytic Database,O*NET Database,31.0,technology,onet_software_skills,2.E.6.d|ParAccel Analytic Database,ParAccel Analytic Database,Data base management system software,,No approved automatic normalization match.
O*NET Database|onet_software_skills|2.E.7.b|Pascal,O*NET Database,31.0,technology,onet_software_skills,2.E.7.b|Pascal,Pascal,Development environment software,,No approved automatic normalization match.
O*NET Database|onet_software_skills|2.E.14.d|Password cracker software,O*NET Database,31.0,technology,onet_software_skills,2.E.14.d|Password cracker software,Password cracker software,Transaction security and virus protection software,,No approved automatic normalization match.
O*NET Database|onet_software_skills|2.E.14.a|Password management software,O*NET Database,31.0,technology,onet_software_skills,2.E.14.a|Password management software,Password management software,Authentication server software,,No approved automatic normalization match.
O*NET Database|onet_software_skills|2.E.7.a|Patch and update management software,O*NET Database,31.0,technology,onet_software_skills,2.E.7.a|Patch and update management software,Patch and update management software,Configuration management software,,No approved automatic normalization match.
O*NET Database|onet_software_skills|2.E.7.a|Patch management software,O*NET Database,31.0,technology,onet_software_skills,2.E.7.a|Patch management software,Patch management software,Configuration management software,,No approved automatic normalization match.
O*NET Database|onet_software_skills|2.E.9.i|Patient charting software,O*NET Database,31.0,technology,onet_software_skills,2.E.9.i|Patient charting software,Patient charting software,Medical software,,No approved automatic normalization match.
O*NET Database|onet_software_skills|2.E.2.e|Payroll software,O*NET Database,31.0,technology,onet_software_skills,2.E.2.e|Payroll software,Payroll software,Time accounting software,,No approved automatic normalization match.
O*NET Database|onet_software_skills|2.E.9.i|PCC EHR,O*NET Database,31.0,technology,onet_software_skills,2.E.9.i|PCC EHR,PCC EHR,Medical software,,No approved automatic normalization match.
O*NET Database|onet_software_skills|2.E.9.i|PCC Pediatric Partner,O*NET Database,31.0,technology,onet_software_skills,2.E.9.i|PCC Pediatric Partner,PCC Pediatric Partner,Medical software,,No approved automatic normalization match.
O*NET Database|onet_software_skills|2.E.5.b|PDF readers,O*NET Database,31.0,technology,onet_software_skills,2.E.5.b|PDF readers,PDF readers,Document management software,,No approved automatic normalization match.
O*NET Database|onet_software_skills|2.E.14.d|Penetration testing software,O*NET Database,31.0,technology,onet_software_skills,2.E.14.d|Penetration testing software,Penetration testing software,Transaction security and virus protection software,,No approved automatic normalization match.
O*NET Database|onet_software_skills|2.E.6.i|Pentaho Kettle,O*NET Database,31.0,technology,onet_software_skills,2.E.6.i|Pentaho Kettle,Pentaho Kettle,Metadata management software,,No approved automatic normalization match.
O*NET Database|onet_software_skills|2.E.2.d|Pentana audit work system PAWS,O*NET Database,31.0,technology,onet_software_skills,2.E.2.d|Pentana audit work system PAWS,Pentana audit work system PAWS,Financial analysis software,,No approved automatic normalization match.
O*NET Database|onet_software_skills|2.E.7.a|Perforce Helix software,O*NET Database,31.0,technology,onet_software_skills,2.E.7.a|Perforce Helix software,Perforce Helix software,Configuration management software,,No approved automatic normalization match.
O*NET Database|onet_software_skills|2.E.7.e|Perl,O*NET Database,31.0,technology,onet_software_skills,2.E.7.e|Perl,Perl,Object or component oriented development software,,No approved automatic normalization match.
O*NET Database|onet_software_skills|2.E.13.c|Perl shell,O*NET Database,31.0,technology,onet_software_skills,2.E.13.c|Perl shell,Perl shell,Operating system software,,No approved automatic normalization match.
O*NET Database|onet_software_skills|2.E.1.e|Perseus SurveySolutions,O*NET Database,31.0,technology,onet_software_skills,2.E.1.e|Perseus SurveySolutions,Perseus SurveySolutions,Project management software,,No approved automatic normalization match.
O*NET Database|onet_software_skills|2.E.7.f|Personal computer diagnostic software,O*NET Database,31.0,technology,onet_software_skills,2.E.7.f|Personal computer diagnostic software,Personal computer diagnostic software,Program testing software,,No approved automatic normalization match.
O*NET Database|onet_software_skills|2.E.1.c|Personnel scheduling software,O*NET Database,31.0,technology,onet_software_skills,2.E.1.c|Personnel scheduling software,Personnel scheduling software,Human resources software,,No approved automatic normalization match.
O*NET Database|onet_software_skills|2.E.7.h|PhantomJS,O*NET Database,31.0,technology,onet_software_skills,2.E.7.h|PhantomJS,PhantomJS,Web platform development software,,No approved automatic normalization match.
O*NET Database|onet_software_skills|2.E.7.h|PHP,O*NET Database,31.0,technology,onet_software_skills,2.E.7.h|PHP,PHP,Web platform development software,,No approved automatic normalization match.
O*NET Database|onet_software_skills|2.E.9.c|Physical design software,O*NET Database,31.0,technology,onet_software_skills,2.E.9.c|Physical design software,Physical design software,Computer aided design CAD software,,No approved automatic normalization match.
O*NET Database|onet_software_skills|2.E.8.b|Physical education educational software,O*NET Database,31.0,technology,onet_software_skills,2.E.8.b|Physical education educational software,Physical education educational software,Computer based training software,,No approved automatic normalization match.
O*NET Database|onet_software_skills|2.E.14.d|Ping Identity,O*NET Database,31.0,technology,onet_software_skills,2.E.14.d|Ping Identity,Ping Identity,Transaction security and virus protection software,,No approved automatic normalization match.
O*NET Database|onet_software_skills|2.E.6.h|Pinterest,O*NET Database,31.0,technology,onet_software_skills,2.E.6.h|Pinterest,Pinterest,Information retrieval or search software,,No approved automatic normalization match.
O*NET Database|onet_software_skills|2.E.4.c|Pixar RenderMan Studio,O*NET Database,31.0,technology,onet_software_skills,2.E.4.c|Pixar RenderMan Studio,Pixar RenderMan Studio,Video creation and editing software,,No approved automatic normalization match.
O*NET Database|onet_software_skills|2.E.4.b|Pixarra TwistedBrush,O*NET Database,31.0,technology,onet_software_skills,2.E.4.b|Pixarra TwistedBrush,Pixarra TwistedBrush,Graphics or photo imaging software,,No approved automatic normalization match.
O*NET Database|onet_software_skills|2.E.4.b|Pixelmator,O*NET Database,31.0,technology,onet_software_skills,2.E.4.b|Pixelmator,Pixelmator,Graphics or photo imaging software,,No approved automatic normalization match.
O*NET Database|onet_software_skills|2.E.4.b|Pixologic Zbrush,O*NET Database,31.0,technology,onet_software_skills,2.E.4.b|Pixologic Zbrush,Pixologic Zbrush,Graphics or photo imaging software,,No approved automatic normalization match.
O*NET Database|onet_software_skills|2.E.16.i|Platform as a service PaaS,O*NET Database,31.0,technology,onet_software_skills,2.E.16.i|Platform as a service PaaS,Platform as a service PaaS,Cloud-based data access and sharing software,,No approved automatic normalization match.
O*NET Database|onet_software_skills|2.E.2.d|Pleier Audit Management System,O*NET Database,31.0,technology,onet_software_skills,2.E.2.d|Pleier Audit Management System,Pleier Audit Management System,Financial analysis software,,No approved automatic normalization match.
O*NET Database|onet_software_skills|2.E.9.d|PMC KanbanSIM,O*NET Database,31.0,technology,onet_software_skills,2.E.9.d|PMC KanbanSIM,PMC KanbanSIM,Analytical or scientific software,,No approved automatic normalization match.
O*NET Database|onet_software_skills|2.E.7.g|Popkin System Architect,O*NET Database,31.0,technology,onet_software_skills,2.E.7.g|Popkin System Architect,Popkin System Architect,Requirements analysis and system architecture software,,No approved automatic normalization match.
O*NET Database|onet_software_skills|2.E.14.d|Portswigger BurP Suite,O*NET Database,31.0,technology,onet_software_skills,2.E.14.d|Portswigger BurP Suite,Portswigger BurP Suite,Transaction security and virus protection software,,No approved automatic normalization match.
O*NET Database|onet_software_skills|2.E.1.c|Post Once,O*NET Database,31.0,technology,onet_software_skills,2.E.1.c|Post Once,Post Once,Human resources software,,No approved automatic normalization match.
O*NET Database|onet_software_skills|2.E.1.c|PostingPal,O*NET Database,31.0,technology,onet_software_skills,2.E.1.c|PostingPal,PostingPal,Human resources software,,No approved automatic normalization match.
O*NET Database|onet_software_skills|2.E.9.d|Power analysis software,O*NET Database,31.0,technology,onet_software_skills,2.E.9.d|Power analysis software,Power analysis software,Analytical or scientific software,,No approved automatic normalization match.
O*NET Database|onet_software_skills|2.E.9.i|PowerMed,O*NET Database,31.0,technology,onet_software_skills,2.E.9.i|PowerMed,PowerMed,Medical software,,No approved automatic normalization match.
O*NET Database|onet_software_skills|2.E.1.c|PowerPlace Professional,O*NET Database,31.0,technology,onet_software_skills,2.E.1.c|PowerPlace Professional,PowerPlace Professional,Human resources software,,No approved automatic normalization match.
O*NET Database|onet_software_skills|2.E.9.d|Powersim PSIM,O*NET Database,31.0,technology,onet_software_skills,2.E.9.d|Powersim PSIM,Powersim PSIM,Analytical or scientific software,,No approved automatic normalization match.
O*NET Database|onet_software_skills|2.E.6.f|Practice management software PMS,O*NET Database,31.0,technology,onet_software_skills,2.E.6.f|Practice management software PMS,Practice management software PMS,Data base user interface and query software,,No approved automatic normalization match.
O*NET Database|onet_software_skills|2.E.9.i|Practice Partner Patient Records,O*NET Database,31.0,technology,onet_software_skills,2.E.9.i|Practice Partner Patient Records,Practice Partner Patient Records,Medical software,,No approved automatic normalization match.
O*NET Database|onet_software_skills|2.E.2.d|PricewaterhouseCoopers TeamMate,O*NET Database,31.0,technology,onet_software_skills,2.E.2.d|PricewaterhouseCoopers TeamMate,PricewaterhouseCoopers TeamMate,Financial analysis software,,No approved automatic normalization match.
O*NET Database|onet_software_skills|2.E.9.c|Printed circuit board design software,O*NET Database,31.0,technology,onet_software_skills,2.E.9.c|Printed circuit board design software,Printed circuit board design software,Computer aided design CAD software,,No approved automatic normalization match.
O*NET Database|onet_software_skills|2.E.2.a|Pro Systems Client Write-Up System for Windows,O*NET Database,31.0,technology,onet_software_skills,2.E.2.a|Pro Systems Client Write-Up System for Windows,Pro Systems Client Write-Up System for Windows,Accounting software,,No approved automatic normalization match.
O*NET Database|onet_software_skills|2.E.1.e|Process reengineering software,O*NET Database,31.0,technology,onet_software_skills,2.E.1.e|Process reengineering software,Process reengineering software,Project management software,,No approved automatic normalization match.
O*NET Database|onet_software_skills|2.E.9.d|Procore software,O*NET Database,31.0,technology,onet_software_skills,2.E.9.d|Procore software,Procore software,Analytical or scientific software,,No approved automatic normalization match.
O*NET Database|onet_software_skills|2.E.9.d|Production flow analysis software,O*NET Database,31.0,technology,onet_software_skills,2.E.9.d|Production flow analysis software,Production flow analysis software,Analytical or scientific software,,No approved automatic normalization match.
O*NET Database|onet_software_skills|2.E.1.d|Production scheduling and planning software,O*NET Database,31.0,technology,onet_software_skills,2.E.1.d|Production scheduling and planning software,Production scheduling and planning software,Materials requirements planning logistics and supply chain software,,No approved automatic normalization match.
O*NET Database|onet_software_skills|2.E.2.a|Profit Developers Electronic File Interchange,O*NET Database,31.0,technology,onet_software_skills,2.E.2.a|Profit Developers Electronic File Interchange,Profit Developers Electronic File Interchange,Accounting software,,No approved automatic normalization match.
O*NET Database|onet_software_skills|2.E.9.i|Prognosis Innovation Healthcare ChartAccess,O*NET Database,31.0,technology,onet_software_skills,2.E.9.i|Prognosis Innovation Healthcare ChartAccess,Prognosis Innovation Healthcare ChartAccess,Medical software,,No approved automatic normalization match.
O*NET Database|onet_software_skills|2.E.14.d|Program checksumming software,O*NET Database,31.0,technology,onet_software_skills,2.E.14.d|Program checksumming software,Program checksumming software,Transaction security and virus protection software,,No approved automatic normalization match.
O*NET Database|onet_software_skills|2.E.7.b|Programmable logic controller PLC code generation software,O*NET Database,31.0,technology,onet_software_skills,2.E.7.b|Programmable logic controller PLC code generation software,Programmable logic controller PLC code generation software,Development environment software,,No approved automatic normalization match.
O*NET Database|onet_software_skills|2.E.9.g|Programmable logic controller PLC software,O*NET Database,31.0,technology,onet_software_skills,2.E.9.g|Programmable logic controller PLC software,Programmable logic controller PLC software,Industrial control software,,No approved automatic normalization match.
O*NET Database|onet_software_skills|2.E.7.b|Programming language one PL/I,O*NET Database,31.0,technology,onet_software_skills,2.E.7.b|Programming language one PL/I,Programming language one PL/I,Development environment software,,No approved automatic normalization match.
O*NET Database|onet_software_skills|2.E.7.b|Prolog,O*NET Database,31.0,technology,onet_software_skills,2.E.7.b|Prolog,Prolog,Development environment software,,No approved automatic normalization match.
O*NET Database|onet_software_skills|2.E.6.f|Prometheus,O*NET Database,31.0,technology,onet_software_skills,2.E.6.f|Prometheus,Prometheus,Data base user interface and query software,,No approved automatic normalization match.
O*NET Database|onet_software_skills|2.E.1.p|ProModel,O*NET Database,31.0,technology,onet_software_skills,2.E.1.p|ProModel,ProModel,Process mapping and design software,,No approved automatic normalization match.
O*NET Database|onet_software_skills|2.E.2.a|PROPHIX Enterprise,O*NET Database,31.0,technology,onet_software_skills,2.E.2.a|PROPHIX Enterprise,PROPHIX Enterprise,Accounting software,,No approved automatic normalization match.
O*NET Database|onet_software_skills|2.E.9.d|Provalis Research Simstat,O*NET Database,31.0,technology,onet_software_skills,2.E.9.d|Provalis Research Simstat,Provalis Research Simstat,Analytical or scientific software,,No approved automatic normalization match.
O*NET Database|onet_software_skills|2.E.9.c|PTC Creo Parametric,O*NET Database,31.0,technology,onet_software_skills,2.E.9.c|PTC Creo Parametric,PTC Creo Parametric,Computer aided design CAD software,,No approved automatic normalization match.
O*NET Database|onet_software_skills|2.E.7.a|Puppet,O*NET Database,31.0,technology,onet_software_skills,2.E.7.a|Puppet,Puppet,Configuration management software,,No approved automatic normalization match.
O*NET Database|onet_software_skills|2.E.6.f|Purkinje Dossier,O*NET Database,31.0,technology,onet_software_skills,2.E.6.f|Purkinje Dossier,Purkinje Dossier,Data base user interface and query software,,No approved automatic normalization match.
O*NET Database|onet_software_skills|2.E.12.a|PuTTY,O*NET Database,31.0,technology,onet_software_skills,2.E.12.a|PuTTY,PuTTY,Access software,,No approved automatic normalization match.
O*NET Database|onet_software_skills|2.E.6.f|PySpark,O*NET Database,31.0,technology,onet_software_skills,2.E.6.f|PySpark,PySpark,Data base user interface and query software,,No approved automatic normalization match.
O*NET Database|onet_software_skills|2.E.6.f|PyTorch,O*NET Database,31.0,technology,onet_software_skills,2.E.6.f|PyTorch,PyTorch,Data base user interface and query software,,No approved automatic normalization match.
O*NET Database|onet_software_skills|2.E.6.m|Qlik Tech QlikView,O*NET Database,31.0,technology,onet_software_skills,2.E.6.m|Qlik Tech QlikView,Qlik Tech QlikView,Business intelligence and data analysis software,,No approved automatic normalization match.
O*NET Database|onet_software_skills|2.E.2.a|QMSoftware Receivables Management,O*NET Database,31.0,technology,onet_software_skills,2.E.2.a|QMSoftware Receivables Management,QMSoftware Receivables Management,Accounting software,,No approved automatic normalization match.
O*NET Database|onet_software_skills|2.E.13.c|QNX,O*NET Database,31.0,technology,onet_software_skills,2.E.13.c|QNX,QNX,Operating system software,,No approved automatic normalization match.
O*NET Database|onet_software_skills|2.E.4.b|Quad Software Grome,O*NET Database,31.0,technology,onet_software_skills,2.E.4.b|Quad Software Grome,Quad Software Grome,Graphics or photo imaging software,,No approved automatic normalization match.
O*NET Database|onet_software_skills|2.E.9.g|Quality control software,O*NET Database,31.0,technology,onet_software_skills,2.E.9.g|Quality control software,Quality control software,Industrial control software,,No approved automatic normalization match.
O*NET Database|onet_software_skills|2.E.14.e|Qualys Cloud Platform,O*NET Database,31.0,technology,onet_software_skills,2.E.14.e|Qualys Cloud Platform,Qualys Cloud Platform,Cloud-based protection or security software,,No approved automatic normalization match.
O*NET Database|onet_software_skills|2.E.4.k|QuarkXPress,O*NET Database,31.0,technology,onet_software_skills,2.E.4.k|QuarkXPress,QuarkXPress,Desktop publishing software,,No approved automatic normalization match.
O*NET Database|onet_software_skills|2.E.11.a|Quest BigBrother,O*NET Database,31.0,technology,onet_software_skills,2.E.11.a|Quest BigBrother,Quest BigBrother,Network monitoring software,,No approved automatic normalization match.
O*NET Database|onet_software_skills|2.E.6.d|Quest Central,O*NET Database,31.0,technology,onet_software_skills,2.E.6.d|Quest Central,Quest Central,Data base management system software,,No approved automatic normalization match.
O*NET Database|onet_software_skills|2.E.6.i|Quest Erwin Data Modeler,O*NET Database,31.0,technology,onet_software_skills,2.E.6.i|Quest Erwin Data Modeler,Quest Erwin Data Modeler,Metadata management software,,No approved automatic normalization match.
O*NET Database|onet_software_skills|2.E.6.d|Quest SharePlex,O*NET Database,31.0,technology,onet_software_skills,2.E.6.d|Quest SharePlex,Quest SharePlex,Data base management system software,,No approved automatic normalization match.
O*NET Database|onet_software_skills|2.E.7.b|Quest SQL Optimizer for Oracle,O*NET Database,31.0,technology,onet_software_skills,2.E.7.b|Quest SQL Optimizer for Oracle,Quest SQL Optimizer for Oracle,Development environment software,,No approved automatic normalization match.
O*NET Database|onet_software_skills|2.E.7.e|R,O*NET Database,31.0,technology,onet_software_skills,2.E.7.e|R,R,Object or component oriented development software,,No approved automatic normalization match.
O*NET Database|onet_software_skills|2.E.7.e|RabbitMQ,O*NET Database,31.0,technology,onet_software_skills,2.E.7.e|RabbitMQ,RabbitMQ,Object or component oriented development software,,No approved automatic normalization match.
O*NET Database|onet_software_skills|2.E.9.k|Rapid prototyping software,O*NET Database,31.0,technology,onet_software_skills,2.E.9.k|Rapid prototyping software,Rapid prototyping software,Computer aided manufacturing CAM software,,No approved automatic normalization match.
O*NET Database|onet_software_skills|2.E.6.g|Rapid-I RapidMiner,O*NET Database,31.0,technology,onet_software_skills,2.E.6.g|Rapid-I RapidMiner,Rapid-I RapidMiner,Data mining software,,No approved automatic normalization match.
O*NET Database|onet_software_skills|2.E.14.d|Rapid7 Nexpose,O*NET Database,31.0,technology,onet_software_skills,2.E.14.d|Rapid7 Nexpose,Rapid7 Nexpose,Transaction security and virus protection software,,No approved automatic normalization match.
O*NET Database|onet_software_skills|2.E.7.e|Rapide,O*NET Database,31.0,technology,onet_software_skills,2.E.7.e|Rapide,Rapide,Object or component oriented development software,,No approved automatic normalization match.
O*NET Database|onet_software_skills|2.E.7.h|React Native,O*NET Database,31.0,technology,onet_software_skills,2.E.7.h|React Native,React Native,Web platform development software,,No approved automatic normalization match.
O*NET Database|onet_software_skills|2.E.7.h|React Redux,O*NET Database,31.0,technology,onet_software_skills,2.E.7.h|React Redux,React Redux,Web platform development software,,No approved automatic normalization match.
O*NET Database|onet_software_skills|2.E.13.c|Real time operating system RTOS software,O*NET Database,31.0,technology,onet_software_skills,2.E.13.c|Real time operating system RTOS software,Real time operating system RTOS software,Operating system software,,No approved automatic normalization match.
O*NET Database|onet_software_skills|2.E.4.b|RealFlow,O*NET Database,31.0,technology,onet_software_skills,2.E.4.b|RealFlow,RealFlow,Graphics or photo imaging software,,No approved automatic normalization match.
O*NET Database|onet_software_skills|2.E.9.i|Recordkeeping software,O*NET Database,31.0,technology,onet_software_skills,2.E.9.i|Recordkeeping software,Recordkeeping software,Medical software,,No approved automatic normalization match.
O*NET Database|onet_software_skills|2.E.2.d|Recovery audit software,O*NET Database,31.0,technology,onet_software_skills,2.E.2.d|Recovery audit software,Recovery audit software,Financial analysis software,,No approved automatic normalization match.
O*NET Database|onet_software_skills|2.E.7.f|Recovery testing software,O*NET Database,31.0,technology,onet_software_skills,2.E.7.f|Recovery testing software,Recovery testing software,Program testing software,,No approved automatic normalization match.
O*NET Database|onet_software_skills|2.E.1.c|Recruit Wizard,O*NET Database,31.0,technology,onet_software_skills,2.E.1.c|Recruit Wizard,Recruit Wizard,Human resources software,,No approved automatic normalization match.
O*NET Database|onet_software_skills|2.E.1.c|Recruitment management software,O*NET Database,31.0,technology,onet_software_skills,2.E.1.c|Recruitment management software,Recruitment management software,Human resources software,,No approved automatic normalization match.
O*NET Database|onet_software_skills|2.E.1.c|Recruitpoint.net,O*NET Database,31.0,technology,onet_software_skills,2.E.1.c|Recruitpoint.net,Recruitpoint.net,Human resources software,,No approved automatic normalization match.
O*NET Database|onet_software_skills|2.E.1.c|RecruitTrack,O*NET Database,31.0,technology,onet_software_skills,2.E.1.c|RecruitTrack,RecruitTrack,Human resources software,,No approved automatic normalization match.
O*NET Database|onet_software_skills|2.E.6.e|ReCrystallize Crystal Reports,O*NET Database,31.0,technology,onet_software_skills,2.E.6.e|ReCrystallize Crystal Reports,ReCrystallize Crystal Reports,Data base reporting software,,No approved automatic normalization match.
O*NET Database|onet_software_skills|2.E.7.a|Red Hat Ansible Engine,O*NET Database,31.0,technology,onet_software_skills,2.E.7.a|Red Hat Ansible Engine,Red Hat Ansible Engine,Configuration management software,,No approved automatic normalization match.
O*NET Database|onet_software_skills|2.E.13.c|Red Hat Enterprise Linux,O*NET Database,31.0,technology,onet_software_skills,2.E.13.c|Red Hat Enterprise Linux,Red Hat Enterprise Linux,Operating system software,,No approved automatic normalization match.
O*NET Database|onet_software_skills|2.E.10.a|Red Hat OpenShift,O*NET Database,31.0,technology,onet_software_skills,2.E.10.a|Red Hat OpenShift,Red Hat OpenShift,Application server software,,No approved automatic normalization match.
O*NET Database|onet_software_skills|2.E.10.a|Red Hat WildFly,O*NET Database,31.0,technology,onet_software_skills,2.E.10.a|Red Hat WildFly,Red Hat WildFly,Application server software,,No approved automatic normalization match.
O*NET Database|onet_software_skills|2.E.11.c|Redgate SQL Server,O*NET Database,31.0,technology,onet_software_skills,2.E.11.c|Redgate SQL Server,Redgate SQL Server,Administration software,,No approved automatic normalization match.
O*NET Database|onet_software_skills|2.E.6.d|Redis,O*NET Database,31.0,technology,onet_software_skills,2.E.6.d|Redis,Redis,Data base management system software,,No approved automatic normalization match.
O*NET Database|onet_software_skills|2.E.7.f|Regression testing software,O*NET Database,31.0,technology,onet_software_skills,2.E.7.f|Regression testing software,Regression testing software,Program testing software,,No approved automatic normalization match.
O*NET Database|onet_software_skills|2.E.9.i|Rehab Documentation Company ReDoc Suite,O*NET Database,31.0,technology,onet_software_skills,2.E.9.i|Rehab Documentation Company ReDoc Suite,Rehab Documentation Company ReDoc Suite,Medical software,,No approved automatic normalization match.
O*NET Database|onet_software_skills|2.E.6.d|Relational database management software,O*NET Database,31.0,technology,onet_software_skills,2.E.6.d|Relational database management software,Relational database management software,Data base management system software,,No approved automatic normalization match.
O*NET Database|onet_software_skills|2.E.6.d|Relational database management system software,O*NET Database,31.0,technology,onet_software_skills,2.E.6.d|Relational database management system software,Relational database management system software,Data base management system software,,No approved automatic normalization match.
O*NET Database|onet_software_skills|2.E.9.d|Reliability analysis software,O*NET Database,31.0,technology,onet_software_skills,2.E.9.d|Reliability analysis software,Reliability analysis software,Analytical or scientific software,,No approved automatic normalization match.
O*NET Database|onet_software_skills|2.E.9.d|ReliaSoft Alta 6 Pro,O*NET Database,31.0,technology,onet_software_skills,2.E.9.d|ReliaSoft Alta 6 Pro,ReliaSoft Alta 6 Pro,Analytical or scientific software,,No approved automatic normalization match.
O*NET Database|onet_software_skills|2.E.9.d|ReliaSoft BlockSim,O*NET Database,31.0,technology,onet_software_skills,2.E.9.d|ReliaSoft BlockSim,ReliaSoft BlockSim,Analytical or scientific software,,No approved automatic normalization match.
O*NET Database|onet_software_skills|2.E.9.d|ReliaSoft Weibull++ 6,O*NET Database,31.0,technology,onet_software_skills,2.E.9.d|ReliaSoft Weibull++ 6,ReliaSoft Weibull++ 6,Analytical or scientific software,,No approved automatic normalization match.
O*NET Database|onet_software_skills|2.E.14.a|Remote authentication dial-in user service RADIUS software,O*NET Database,31.0,technology,onet_software_skills,2.E.14.a|Remote authentication dial-in user service RADIUS software,Remote authentication dial-in user service RADIUS software,Authentication server software,,No approved automatic normalization match.
O*NET Database|onet_software_skills|2.E.10.b|Remote control software,O*NET Database,31.0,technology,onet_software_skills,2.E.10.b|Remote control software,Remote control software,Desktop communications software,,No approved automatic normalization match.
O*NET Database|onet_software_skills|2.E.6.e|Reporting software,O*NET Database,31.0,technology,onet_software_skills,2.E.6.e|Reporting software,Reporting software,Data base reporting software,,No approved automatic normalization match.
O*NET Database|onet_software_skills|2.E.7.h|RequireJS,O*NET Database,31.0,technology,onet_software_skills,2.E.7.h|RequireJS,RequireJS,Web platform development software,,No approved automatic normalization match.
O*NET Database|onet_software_skills|2.E.7.g|Requirements management software,O*NET Database,31.0,technology,onet_software_skills,2.E.7.g|Requirements management software,Requirements management software,Requirements analysis and system architecture software,,No approved automatic normalization match.
O*NET Database|onet_software_skills|2.E.1.c|Resource Edge TalentHook Sphere,O*NET Database,31.0,technology,onet_software_skills,2.E.1.c|Resource Edge TalentHook Sphere,Resource Edge TalentHook Sphere,Human resources software,,No approved automatic normalization match.
O*NET Database|onet_software_skills|2.E.7.h|RESTful API,O*NET Database,31.0,technology,onet_software_skills,2.E.7.h|RESTful API,RESTful API,Web platform development software,,No approved automatic normalization match.
O*NET Database|onet_software_skills|2.E.7.b|Restructured extended executor REXX,O*NET Database,31.0,technology,onet_software_skills,2.E.7.b|Restructured extended executor REXX,Restructured extended executor REXX,Development environment software,,No approved automatic normalization match.
O*NET Database|onet_software_skills|2.E.1.c|Resume converter software,O*NET Database,31.0,technology,onet_software_skills,2.E.1.c|Resume converter software,Resume converter software,Human resources software,,No approved automatic normalization match.
O*NET Database|onet_software_skills|2.E.1.c|Resume extraction and search software,O*NET Database,31.0,technology,onet_software_skills,2.E.1.c|Resume extraction and search software,Resume extraction and search software,Human resources software,,No approved automatic normalization match.
O*NET Database|onet_software_skills|2.E.1.c|Resume processing software,O*NET Database,31.0,technology,onet_software_skills,2.E.1.c|Resume processing software,Resume processing software,Human resources software,,No approved automatic normalization match.
O*NET Database|onet_software_skills|2.E.1.c|ResumeRobot,O*NET Database,31.0,technology,onet_software_skills,2.E.1.c|ResumeRobot,ResumeRobot,Human resources software,,No approved automatic normalization match.
O*NET Database|onet_software_skills|2.E.9.c|Reverse engineering software,O*NET Database,31.0,technology,onet_software_skills,2.E.9.c|Reverse engineering software,Reverse engineering software,Computer aided design CAD software,,No approved automatic normalization match.
O*NET Database|onet_software_skills|2.E.9.c|Road design software,O*NET Database,31.0,technology,onet_software_skills,2.E.9.c|Road design software,Road design software,Computer aided design CAD software,,No approved automatic normalization match.
O*NET Database|onet_software_skills|2.E.9.g|Robotic control software,O*NET Database,31.0,technology,onet_software_skills,2.E.9.g|Robotic control software,Robotic control software,Industrial control software,,No approved automatic normalization match.
O*NET Database|onet_software_skills|2.E.9.d|Robotic simulation software,O*NET Database,31.0,technology,onet_software_skills,2.E.9.d|Robotic simulation software,Robotic simulation software,Analytical or scientific software,,No approved automatic normalization match.
O*NET Database|onet_software_skills|2.E.9.d|Rockwell Automation Arena,O*NET Database,31.0,technology,onet_software_skills,2.E.9.d|Rockwell Automation Arena,Rockwell Automation Arena,Analytical or scientific software,,No approved automatic normalization match.
O*NET Database|onet_software_skills|2.E.7.b|Rockwell Automation software,O*NET Database,31.0,technology,onet_software_skills,2.E.7.b|Rockwell Automation software,Rockwell Automation software,Development environment software,,No approved automatic normalization match.
O*NET Database|onet_software_skills|2.E.7.f|Rockwell RSLogix,O*NET Database,31.0,technology,onet_software_skills,2.E.7.f|Rockwell RSLogix,Rockwell RSLogix,Program testing software,,No approved automatic normalization match.
O*NET Database|onet_software_skills|2.E.9.d|Rogue Wave Software IMSL Numerical Libraries,O*NET Database,31.0,technology,onet_software_skills,2.E.9.d|Rogue Wave Software IMSL Numerical Libraries,Rogue Wave Software IMSL Numerical Libraries,Analytical or scientific software,,No approved automatic normalization match.
O*NET Database|onet_software_skills|2.E.14.d|Root kit detection software,O*NET Database,31.0,technology,onet_software_skills,2.E.14.d|Root kit detection software,Root kit detection software,Transaction security and virus protection software,,No approved automatic normalization match.
O*NET Database|onet_software_skills|2.E.2.a|Roundtable Software Advantage Accounting System,O*NET Database,31.0,technology,onet_software_skills,2.E.2.a|Roundtable Software Advantage Accounting System,Roundtable Software Advantage Accounting System,Accounting software,,No approved automatic normalization match.
O*NET Database|onet_software_skills|2.E.2.d|RSM McGladrey Advanced Practice Solutions Paperless Audit,O*NET Database,31.0,technology,onet_software_skills,2.E.2.d|RSM McGladrey Advanced Practice Solutions Paperless Audit,RSM McGladrey Advanced Practice Solutions Paperless Audit,Financial analysis software,,No approved automatic normalization match.
O*NET Database|onet_software_skills|2.E.2.d|RSM McGladrey Auditor Assistant,O*NET Database,31.0,technology,onet_software_skills,2.E.2.d|RSM McGladrey Auditor Assistant,RSM McGladrey Auditor Assistant,Financial analysis software,,No approved automatic normalization match.
O*NET Database|onet_software_skills|2.E.7.b|Ruby,O*NET Database,31.0,technology,onet_software_skills,2.E.7.b|Ruby,Ruby,Development environment software,,No approved automatic normalization match.
O*NET Database|onet_software_skills|2.E.7.h|Ruby on Rails,O*NET Database,31.0,technology,onet_software_skills,2.E.7.h|Ruby on Rails,Ruby on Rails,Web platform development software,,No approved automatic normalization match.
O*NET Database|onet_software_skills|2.E.1.c|Safari Software Products Safari,O*NET Database,31.0,technology,onet_software_skills,2.E.1.c|Safari Software Products Safari,Safari Software Products Safari,Human resources software,,No approved automatic normalization match.
O*NET Database|onet_software_skills|2.E.9.d|Safe Software FME,O*NET Database,31.0,technology,onet_software_skills,2.E.9.d|Safe Software FME,Safe Software FME,Analytical or scientific software,,No approved automatic normalization match.
O*NET Database|onet_software_skills|2.E.6.f|Sage 300 Construction and Real Estate,O*NET Database,31.0,technology,onet_software_skills,2.E.6.f|Sage 300 Construction and Real Estate,Sage 300 Construction and Real Estate,Data base user interface and query software,,No approved automatic normalization match.
O*NET Database|onet_software_skills|2.E.2.a|Sage 50 Accounting,O*NET Database,31.0,technology,onet_software_skills,2.E.2.a|Sage 50 Accounting,Sage 50 Accounting,Accounting software,,No approved automatic normalization match.
O*NET Database|onet_software_skills|2.E.2.a|Sage BusinessWorks,O*NET Database,31.0,technology,onet_software_skills,2.E.2.a|Sage BusinessWorks,Sage BusinessWorks,Accounting software,,No approved automatic normalization match.
O*NET Database|onet_software_skills|2.E.2.a|Sage CPAAccounts Payable,O*NET Database,31.0,technology,onet_software_skills,2.E.2.a|Sage CPAAccounts Payable,Sage CPAAccounts Payable,Accounting software,,No approved automatic normalization match.
O*NET Database|onet_software_skills|2.E.2.a|Sage CPAAccounts Receivable,O*NET Database,31.0,technology,onet_software_skills,2.E.2.a|Sage CPAAccounts Receivable,Sage CPAAccounts Receivable,Accounting software,,No approved automatic normalization match.
O*NET Database|onet_software_skills|2.E.2.a|Sage CPAClient Checkbook,O*NET Database,31.0,technology,onet_software_skills,2.E.2.a|Sage CPAClient Checkbook,Sage CPAClient Checkbook,Accounting software,,No approved automatic normalization match.
O*NET Database|onet_software_skills|2.E.5.b|Sage CPADocument Manager,O*NET Database,31.0,technology,onet_software_skills,2.E.5.b|Sage CPADocument Manager,Sage CPADocument Manager,Document management software,,No approved automatic normalization match.
O*NET Database|onet_software_skills|2.E.9.e|Sage EDP Payroll Tax,O*NET Database,31.0,technology,onet_software_skills,2.E.9.e|Sage EDP Payroll Tax,Sage EDP Payroll Tax,Compliance software,,No approved automatic normalization match.
O*NET Database|onet_software_skills|2.E.2.b|Sage ERP Accpac,O*NET Database,31.0,technology,onet_software_skills,2.E.2.b|Sage ERP Accpac,Sage ERP Accpac,Enterprise resource planning ERP software,,No approved automatic normalization match.
O*NET Database|onet_software_skills|2.E.9.e|Sage HandiSoft HandiLedger,O*NET Database,31.0,technology,onet_software_skills,2.E.9.e|Sage HandiSoft HandiLedger,Sage HandiSoft HandiLedger,Compliance software,,No approved automatic normalization match.
O*NET Database|onet_software_skills|2.E.1.c|Sage HRMS,O*NET Database,31.0,technology,onet_software_skills,2.E.1.c|Sage HRMS,Sage HRMS,Human resources software,,No approved automatic normalization match.
O*NET Database|onet_software_skills|2.E.2.b|Sage MAS 200 ERP,O*NET Database,31.0,technology,onet_software_skills,2.E.2.b|Sage MAS 200 ERP,Sage MAS 200 ERP,Enterprise resource planning ERP software,,No approved automatic normalization match.
O*NET Database|onet_software_skills|2.E.2.d|Sage MAS 500,O*NET Database,31.0,technology,onet_software_skills,2.E.2.d|Sage MAS 500,Sage MAS 500,Financial analysis software,,No approved automatic normalization match.
O*NET Database|onet_software_skills|2.E.2.b|Sage Platinum for Windows PFW,O*NET Database,31.0,technology,onet_software_skills,2.E.2.b|Sage Platinum for Windows PFW,Sage Platinum for Windows PFW,Enterprise resource planning ERP software,,No approved automatic normalization match.
O*NET Database|onet_software_skills|2.E.2.a|Sageworks ProfitCents,O*NET Database,31.0,technology,onet_software_skills,2.E.2.a|Sageworks ProfitCents,Sageworks ProfitCents,Accounting software,,No approved automatic normalization match.
O*NET Database|onet_software_skills|2.E.6.c|Salesforce software,O*NET Database,31.0,technology,onet_software_skills,2.E.6.c|Salesforce software,Salesforce software,Customer relationship management CRM software,,No approved automatic normalization match.
O*NET Database|onet_software_skills|2.E.7.d|Salesforce Visualforce,O*NET Database,31.0,technology,onet_software_skills,2.E.7.d|Salesforce Visualforce,Salesforce Visualforce,Graphical user interface development software,,No approved automatic normalization match.
O*NET Database|onet_software_skills|2.E.2.d|Sampson Data Pattern Index software,O*NET Database,31.0,technology,onet_software_skills,2.E.2.d|Sampson Data Pattern Index software,Sampson Data Pattern Index software,Financial analysis software,,No approved automatic normalization match.
O*NET Database|onet_software_skills|2.E.6.d|SAND,O*NET Database,31.0,technology,onet_software_skills,2.E.6.d|SAND,SAND,Data base management system software,,No approved automatic normalization match.
O*NET Database|onet_software_skills|2.E.6.d|SAP Adaptive Server Enterprise,O*NET Database,31.0,technology,onet_software_skills,2.E.6.d|SAP Adaptive Server Enterprise,SAP Adaptive Server Enterprise,Data base management system software,,No approved automatic normalization match.
O*NET Database|onet_software_skills|2.E.6.e|SAP Business Intelligence,O*NET Database,31.0,technology,onet_software_skills,2.E.6.e|SAP Business Intelligence,SAP Business Intelligence,Data base reporting software,,No approved automatic normalization match.
O*NET Database|onet_software_skills|2.E.2.b|SAP Business Objects,O*NET Database,31.0,technology,onet_software_skills,2.E.2.b|SAP Business Objects,SAP Business Objects,Enterprise resource planning ERP software,,No approved automatic normalization match.
O*NET Database|onet_software_skills|2.E.7.c|SAP BusinessObjects Data Integrator,O*NET Database,31.0,technology,onet_software_skills,2.E.7.c|SAP BusinessObjects Data Integrator,SAP BusinessObjects Data Integrator,Enterprise application integration software,,No approved automatic normalization match.
O*NET Database|onet_software_skills|2.E.6.f|SAP BusinessObjects Desktop Intelligence,O*NET Database,31.0,technology,onet_software_skills,2.E.6.f|SAP BusinessObjects Desktop Intelligence,SAP BusinessObjects Desktop Intelligence,Data base user interface and query software,,No approved automatic normalization match.
O*NET Database|onet_software_skills|2.E.2.a|SAP Concur,O*NET Database,31.0,technology,onet_software_skills,2.E.2.a|SAP Concur,SAP Concur,Accounting software,,No approved automatic normalization match.
O*NET Database|onet_software_skills|2.E.6.e|SAP Crystal Reports,O*NET Database,31.0,technology,onet_software_skills,2.E.6.e|SAP Crystal Reports,SAP Crystal Reports,Data base reporting software,,No approved automatic normalization match.
O*NET Database|onet_software_skills|2.E.2.b|SAP ERP,O*NET Database,31.0,technology,onet_software_skills,2.E.2.b|SAP ERP,SAP ERP,Enterprise resource planning ERP software,,No approved automatic normalization match.
O*NET Database|onet_software_skills|2.E.1.c|SAP ERP Human Capital Management,O*NET Database,31.0,technology,onet_software_skills,2.E.1.c|SAP ERP Human Capital Management,SAP ERP Human Capital Management,Human resources software,,No approved automatic normalization match.
O*NET Database|onet_software_skills|2.E.6.d|SAP IQ,O*NET Database,31.0,technology,onet_software_skills,2.E.6.d|SAP IQ,SAP IQ,Data base management system software,,No approved automatic normalization match.
O*NET Database|onet_software_skills|2.E.6.i|SAP Master Data Management MDM,O*NET Database,31.0,technology,onet_software_skills,2.E.6.i|SAP Master Data Management MDM,SAP Master Data Management MDM,Metadata management software,,No approved automatic normalization match.
O*NET Database|onet_software_skills|2.E.7.c|SAP NetWeaver,O*NET Database,31.0,technology,onet_software_skills,2.E.7.c|SAP NetWeaver,SAP NetWeaver,Enterprise application integration software,,No approved automatic normalization match.
O*NET Database|onet_software_skills|2.E.7.e|SAP PowerBuilder,O*NET Database,31.0,technology,onet_software_skills,2.E.7.e|SAP PowerBuilder,SAP PowerBuilder,Object or component oriented development software,,No approved automatic normalization match.
O*NET Database|onet_software_skills|2.E.6.i|SAP PowerDesigner,O*NET Database,31.0,technology,onet_software_skills,2.E.6.i|SAP PowerDesigner,SAP PowerDesigner,Metadata management software,,No approved automatic normalization match.
O*NET Database|onet_software_skills|2.E.6.d|SAP Replication Server,O*NET Database,31.0,technology,onet_software_skills,2.E.6.d|SAP Replication Server,SAP Replication Server,Data base management system software,,No approved automatic normalization match.
O*NET Database|onet_software_skills|2.E.2.b|SAP software,O*NET Database,31.0,technology,onet_software_skills,2.E.2.b|SAP software,SAP software,Enterprise resource planning ERP software,,No approved automatic normalization match.
O*NET Database|onet_software_skills|2.E.9.d|SAS,O*NET Database,31.0,technology,onet_software_skills,2.E.9.d|SAS,SAS,Analytical or scientific software,,No approved automatic normalization match.
O*NET Database|onet_software_skills|2.E.6.i|SAS Data Integration Server,O*NET Database,31.0,technology,onet_software_skills,2.E.6.i|SAS Data Integration Server,SAS Data Integration Server,Metadata management software,,No approved automatic normalization match.
O*NET Database|onet_software_skills|2.E.7.c|SAS Data Integration Studio,O*NET Database,31.0,technology,onet_software_skills,2.E.7.c|SAS Data Integration Studio,SAS Data Integration Studio,Enterprise application integration software,,No approved automatic normalization match.
O*NET Database|onet_software_skills|2.E.4.b|Satori Paint,O*NET Database,31.0,technology,onet_software_skills,2.E.4.b|Satori Paint,Satori Paint,Graphics or photo imaging software,,No approved automatic normalization match.
O*NET Database|onet_software_skills|2.E.9.d|Sawtooth Choice-Base Conjoint CBS,O*NET Database,31.0,technology,onet_software_skills,2.E.9.d|Sawtooth Choice-Base Conjoint CBS,Sawtooth Choice-Base Conjoint CBS,Analytical or scientific software,,No approved automatic normalization match.
O*NET Database|onet_software_skills|2.E.9.d|Sawtooth Composite Product Mapping CPM,O*NET Database,31.0,technology,onet_software_skills,2.E.9.d|Sawtooth Composite Product Mapping CPM,Sawtooth Composite Product Mapping CPM,Analytical or scientific software,,No approved automatic normalization match.
O*NET Database|onet_software_skills|2.E.4.k|Sawtooth SSI Web,O*NET Database,31.0,technology,onet_software_skills,2.E.4.k|Sawtooth SSI Web,Sawtooth SSI Web,Desktop publishing software,,No approved automatic normalization match.
O*NET Database|onet_software_skills|2.E.7.e|Scala,O*NET Database,31.0,technology,onet_software_skills,2.E.7.e|Scala,Scala,Object or component oriented development software,,No approved automatic normalization match.
O*NET Database|onet_software_skills|2.E.15.d|ScanSoft Naturally Speaking,O*NET Database,31.0,technology,onet_software_skills,2.E.15.d|ScanSoft Naturally Speaking,ScanSoft Naturally Speaking,Voice recognition software,,No approved automatic normalization match.
O*NET Database|onet_software_skills|2.E.4.j|Scantron imaging software,O*NET Database,31.0,technology,onet_software_skills,2.E.4.j|Scantron imaging software,Scantron imaging software,Optical character reader OCR or scanning software,,No approved automatic normalization match.
O*NET Database|onet_software_skills|2.E.4.h|Scheduling software,O*NET Database,31.0,technology,onet_software_skills,2.E.4.h|Scheduling software,Scheduling software,Calendar and scheduling software,,No approved automatic normalization match.
O*NET Database|onet_software_skills|2.E.9.c|Schematic design entry software,O*NET Database,31.0,technology,onet_software_skills,2.E.9.c|Schematic design entry software,Schematic design entry software,Computer aided design CAD software,,No approved automatic normalization match.
O*NET Database|onet_software_skills|2.E.7.b|Scheme,O*NET Database,31.0,technology,onet_software_skills,2.E.7.b|Scheme,Scheme,Development environment software,,No approved automatic normalization match.
O*NET Database|onet_software_skills|2.E.8.b|Science educational software,O*NET Database,31.0,technology,onet_software_skills,2.E.8.b|Science educational software,Science educational software,Computer based training software,,No approved automatic normalization match.
O*NET Database|onet_software_skills|2.E.7.b|Scikit-learn,O*NET Database,31.0,technology,onet_software_skills,2.E.7.b|Scikit-learn,Scikit-learn,Development environment software,,No approved automatic normalization match.
O*NET Database|onet_software_skills|2.E.7.e|SciPy,O*NET Database,31.0,technology,onet_software_skills,2.E.7.e|SciPy,SciPy,Object or component oriented development software,,No approved automatic normalization match.
O*NET Database|onet_software_skills|2.E.7.h|Screaming Frog SEO Spider,O*NET Database,31.0,technology,onet_software_skills,2.E.7.h|Screaming Frog SEO Spider,Screaming Frog SEO Spider,Web platform development software,,No approved automatic normalization match.
O*NET Database|onet_software_skills|2.E.15.c|Screen magnification software,O*NET Database,31.0,technology,onet_software_skills,2.E.15.c|Screen magnification software,Screen magnification software,Device drivers or system software,,No approved automatic normalization match.
O*NET Database|onet_software_skills|2.E.15.c|Screen reader software,O*NET Database,31.0,technology,onet_software_skills,2.E.15.c|Screen reader software,Screen reader software,Device drivers or system software,,No approved automatic normalization match.
O*NET Database|onet_software_skills|2.E.4.c|Screencast-O-Matic,O*NET Database,31.0,technology,onet_software_skills,2.E.4.c|Screencast-O-Matic,Screencast-O-Matic,Video creation and editing software,,No approved automatic normalization match.
O*NET Database|onet_software_skills|2.E.4.c|Screencastify,O*NET Database,31.0,technology,onet_software_skills,2.E.4.c|Screencastify,Screencastify,Video creation and editing software,,No approved automatic normalization match.
O*NET Database|onet_software_skills|2.E.6.i|Scriptella,O*NET Database,31.0,technology,onet_software_skills,2.E.6.i|Scriptella,Scriptella,Metadata management software,,No approved automatic normalization match.
O*NET Database|onet_software_skills|2.E.6.m|Searchmetrics Suite,O*NET Database,31.0,technology,onet_software_skills,2.E.6.m|Searchmetrics Suite,Searchmetrics Suite,Business intelligence and data analysis software,,No approved automatic normalization match.
O*NET Database|onet_software_skills|2.E.14.d|Secure internet filtering software,O*NET Database,31.0,technology,onet_software_skills,2.E.14.d|Secure internet filtering software,Secure internet filtering software,Transaction security and virus protection software,,No approved automatic normalization match.
O*NET Database|onet_software_skills|2.E.10.b|Secure shell SSH software,O*NET Database,31.0,technology,onet_software_skills,2.E.10.b|Secure shell SSH software,Secure shell SSH software,Desktop communications software,,No approved automatic normalization match.
O*NET Database|onet_software_skills|2.E.7.h|Security assertion markup language SAML,O*NET Database,31.0,technology,onet_software_skills,2.E.7.h|Security assertion markup language SAML,Security assertion markup language SAML,Web platform development software,,No approved automatic normalization match.
O*NET Database|onet_software_skills|2.E.14.b|Security incident management software,O*NET Database,31.0,technology,onet_software_skills,2.E.14.b|Security incident management software,Security incident management software,Network security or virtual private network VPN management software,,No approved automatic normalization match.
O*NET Database|onet_software_skills|2.E.14.d|Security risk assessment software,O*NET Database,31.0,technology,onet_software_skills,2.E.14.d|Security risk assessment software,Security risk assessment software,Transaction security and virus protection software,,No approved automatic normalization match.
O*NET Database|onet_software_skills|2.E.7.f|Security testing software,O*NET Database,31.0,technology,onet_software_skills,2.E.7.f|Security testing software,Security testing software,Program testing software,,No approved automatic normalization match.
O*NET Database|onet_software_skills|2.E.7.f|Selenium,O*NET Database,31.0,technology,onet_software_skills,2.E.7.f|Selenium,Selenium,Program testing software,,No approved automatic normalization match.
O*NET Database|onet_software_skills|2.E.7.h|Semrush,O*NET Database,31.0,technology,onet_software_skills,2.E.7.h|Semrush,Semrush,Web platform development software,,No approved automatic normalization match.
O*NET Database|onet_software_skills|2.E.1.c|Sendouts Recruiting,O*NET Database,31.0,technology,onet_software_skills,2.E.1.c|Sendouts Recruiting,Sendouts Recruiting,Human resources software,,No approved automatic normalization match.
O*NET Database|onet_software_skills|2.E.6.d|SentryOne SQL Sentry,O*NET Database,31.0,technology,onet_software_skills,2.E.6.d|SentryOne SQL Sentry,SentryOne SQL Sentry,Data base management system software,,No approved automatic normalization match.
O*NET Database|onet_software_skills|2.E.7.h|seoClarity,O*NET Database,31.0,technology,onet_software_skills,2.E.7.h|seoClarity,seoClarity,Web platform development software,,No approved automatic normalization match.
O*NET Database|onet_software_skills|2.E.4.b|Serif DrawPlus,O*NET Database,31.0,technology,onet_software_skills,2.E.4.b|Serif DrawPlus,Serif DrawPlus,Graphics or photo imaging software,,No approved automatic normalization match.
O*NET Database|onet_software_skills|2.E.6.f|ServiceNow,O*NET Database,31.0,technology,onet_software_skills,2.E.6.f|ServiceNow,ServiceNow,Data base user interface and query software,,No approved automatic normalization match.
O*NET Database|onet_software_skills|2.E.13.c|Shell script,O*NET Database,31.0,technology,onet_software_skills,2.E.13.c|Shell script,Shell script,Operating system software,,No approved automatic normalization match.
O*NET Database|onet_software_skills|2.E.7.e|Shiny,O*NET Database,31.0,technology,onet_software_skills,2.E.7.e|Shiny,Shiny,Object or component oriented development software,,No approved automatic normalization match.
O*NET Database|onet_software_skills|2.E.4.b|Side Effects Software Houdini,O*NET Database,31.0,technology,onet_software_skills,2.E.4.b|Side Effects Software Houdini,Side Effects Software Houdini,Graphics or photo imaging software,,No approved automatic normalization match.
O*NET Database|onet_software_skills|2.E.4.b|SideFX Houdini,O*NET Database,31.0,technology,onet_software_skills,2.E.4.b|SideFX Houdini,SideFX Houdini,Graphics or photo imaging software,,No approved automatic normalization match.
O*NET Database|onet_software_skills|2.E.9.d|Siemens ModelSim,O*NET Database,31.0,technology,onet_software_skills,2.E.9.d|Siemens ModelSim,Siemens ModelSim,Analytical or scientific software,,No approved automatic normalization match.
O*NET Database|onet_software_skills|2.E.2.a|Siemens Soarian Financials,O*NET Database,31.0,technology,onet_software_skills,2.E.2.a|Siemens Soarian Financials,Siemens Soarian Financials,Accounting software,,No approved automatic normalization match.
O*NET Database|onet_software_skills|2.E.4.h|Siemens Soarian Scheduling,O*NET Database,31.0,technology,onet_software_skills,2.E.4.h|Siemens Soarian Scheduling,Siemens Soarian Scheduling,Calendar and scheduling software,,No approved automatic normalization match.
O*NET Database|onet_software_skills|2.E.9.d|Siemens UGS Jack,O*NET Database,31.0,technology,onet_software_skills,2.E.9.d|Siemens UGS Jack,Siemens UGS Jack,Analytical or scientific software,,No approved automatic normalization match.
O*NET Database|onet_software_skills|2.E.9.d|Sigmetrix CETOL 6 Sigma,O*NET Database,31.0,technology,onet_software_skills,2.E.9.d|Sigmetrix CETOL 6 Sigma,Sigmetrix CETOL 6 Sigma,Analytical or scientific software,,No approved automatic normalization match.
O*NET Database|onet_software_skills|2.E.9.d|Signal integrity simulation software,O*NET Database,31.0,technology,onet_software_skills,2.E.9.d|Signal integrity simulation software,Signal integrity simulation software,Analytical or scientific software,,No approved automatic normalization match.
O*NET Database|onet_software_skills|2.E.9.c|SignCAD Systems SignCAD,O*NET Database,31.0,technology,onet_software_skills,2.E.9.c|SignCAD Systems SignCAD,SignCAD Systems SignCAD,Computer aided design CAD software,,No approved automatic normalization match.
O*NET Database|onet_software_skills|2.E.1.c|Silk Road technology OpenHire,O*NET Database,31.0,technology,onet_software_skills,2.E.1.c|Silk Road technology OpenHire,Silk Road technology OpenHire,Human resources software,,No approved automatic normalization match.
O*NET Database|onet_software_skills|2.E.7.e|Simple API for XML SAX,O*NET Database,31.0,technology,onet_software_skills,2.E.7.e|Simple API for XML SAX,Simple API for XML SAX,Object or component oriented development software,,No approved automatic normalization match.
O*NET Database|onet_software_skills|2.E.9.d|Simulation program with integrated circuit emphasis SPICE,O*NET Database,31.0,technology,onet_software_skills,2.E.9.d|Simulation program with integrated circuit emphasis SPICE,Simulation program with integrated circuit emphasis SPICE,Analytical or scientific software,,No approved automatic normalization match.
O*NET Database|onet_software_skills|2.E.14.a|Single sign-on SSO,O*NET Database,31.0,technology,onet_software_skills,2.E.14.a|Single sign-on SSO,Single sign-on SSO,Authentication server software,,No approved automatic normalization match.
O*NET Database|onet_software_skills|2.E.6.e|SiSense Prism,O*NET Database,31.0,technology,onet_software_skills,2.E.6.e|SiSense Prism,SiSense Prism,Data base reporting software,,No approved automatic normalization match.
O*NET Database|onet_software_skills|2.E.5.a|Sitecore CMS,O*NET Database,31.0,technology,onet_software_skills,2.E.5.a|Sitecore CMS,Sitecore CMS,Content workflow software,,No approved automatic normalization match.
O*NET Database|onet_software_skills|2.E.4.b|sK1,O*NET Database,31.0,technology,onet_software_skills,2.E.4.b|sK1,sK1,Graphics or photo imaging software,,No approved automatic normalization match.
O*NET Database|onet_software_skills|2.E.4.b|Skencil,O*NET Database,31.0,technology,onet_software_skills,2.E.4.b|Skencil,Skencil,Graphics or photo imaging software,,No approved automatic normalization match.
O*NET Database|onet_software_skills|2.E.9.d|SKM Systems Analysis Power Tools,O*NET Database,31.0,technology,onet_software_skills,2.E.9.d|SKM Systems Analysis Power Tools,SKM Systems Analysis Power Tools,Analytical or scientific software,,No approved automatic normalization match.
O*NET Database|onet_software_skills|2.E.10.b|Skype,O*NET Database,31.0,technology,onet_software_skills,2.E.10.b|Skype,Skype,Desktop communications software,,No approved automatic normalization match.
O*NET Database|onet_software_skills|2.E.16.i|Slack,O*NET Database,31.0,technology,onet_software_skills,2.E.16.i|Slack,Slack,Cloud-based data access and sharing software,,No approved automatic normalization match.
O*NET Database|onet_software_skills|2.E.16.c|Slido interaction software,O*NET Database,31.0,technology,onet_software_skills,2.E.16.c|Slido interaction software,Slido interaction software,Network conferencing software,,No approved automatic normalization match.
O*NET Database|onet_software_skills|2.E.7.e|Smalltalk,O*NET Database,31.0,technology,onet_software_skills,2.E.7.e|Smalltalk,Smalltalk,Object or component oriented development software,,No approved automatic normalization match.
O*NET Database|onet_software_skills|2.E.9.j|Smart card management software,O*NET Database,31.0,technology,onet_software_skills,2.E.9.j|Smart card management software,Smart card management software,Point of sale POS software,,No approved automatic normalization match.
O*NET Database|onet_software_skills|2.E.4.b|SmithMicro Anime Studio,O*NET Database,31.0,technology,onet_software_skills,2.E.4.b|SmithMicro Anime Studio,SmithMicro Anime Studio,Graphics or photo imaging software,,No approved automatic normalization match.
O*NET Database|onet_software_skills|2.E.4.b|SmithMicro Manga Studio,O*NET Database,31.0,technology,onet_software_skills,2.E.4.b|SmithMicro Manga Studio,SmithMicro Manga Studio,Graphics or photo imaging software,,No approved automatic normalization match.
O*NET Database|onet_software_skills|2.E.4.b|SmithMicro SoftwarePoser,O*NET Database,31.0,technology,onet_software_skills,2.E.4.b|SmithMicro SoftwarePoser,SmithMicro SoftwarePoser,Graphics or photo imaging software,,No approved automatic normalization match.
O*NET Database|onet_software_skills|2.E.7.c|SMSi Twister Data Integrator,O*NET Database,31.0,technology,onet_software_skills,2.E.7.c|SMSi Twister Data Integrator,SMSi Twister Data Integrator,Enterprise application integration software,,No approved automatic normalization match.
O*NET Database|onet_software_skills|2.E.4.b|SmugMug Flickr,O*NET Database,31.0,technology,onet_software_skills,2.E.4.b|SmugMug Flickr,SmugMug Flickr,Graphics or photo imaging software,,No approved automatic normalization match.
O*NET Database|onet_software_skills|2.E.11.a|Sniffer Investigator,O*NET Database,31.0,technology,onet_software_skills,2.E.11.a|Sniffer Investigator,Sniffer Investigator,Network monitoring software,,No approved automatic normalization match.
O*NET Database|onet_software_skills|2.E.11.a|Snort,O*NET Database,31.0,technology,onet_software_skills,2.E.11.a|Snort,Snort,Network monitoring software,,No approved automatic normalization match.
O*NET Database|onet_software_skills|2.E.6.g|Snowflake,O*NET Database,31.0,technology,onet_software_skills,2.E.6.g|Snowflake,Snowflake,Data mining software,,No approved automatic normalization match.
O*NET Database|onet_software_skills|2.E.9.i|SOAPware EMR,O*NET Database,31.0,technology,onet_software_skills,2.E.9.i|SOAPware EMR,SOAPware EMR,Medical software,,No approved automatic normalization match.
O*NET Database|onet_software_skills|2.E.4.g|Social media sites,O*NET Database,31.0,technology,onet_software_skills,2.E.4.g|Social media sites,Social media sites,Web page creation and editing software,,No approved automatic normalization match.
O*NET Database|onet_software_skills|2.E.8.b|Social studies educational software,O*NET Database,31.0,technology,onet_software_skills,2.E.8.b|Social studies educational software,Social studies educational software,Computer based training software,,No approved automatic normalization match.
O*NET Database|onet_software_skills|2.E.5.b|SoftMed ChartLocater,O*NET Database,31.0,technology,onet_software_skills,2.E.5.b|SoftMed ChartLocater,SoftMed ChartLocater,Document management software,,No approved automatic normalization match.
O*NET Database|onet_software_skills|2.E.6.e|SoftMed ChartRelease,O*NET Database,31.0,technology,onet_software_skills,2.E.6.e|SoftMed ChartRelease,SoftMed ChartRelease,Data base reporting software,,No approved automatic normalization match.
O*NET Database|onet_software_skills|2.E.5.b|SoftMed ChartReserve,O*NET Database,31.0,technology,onet_software_skills,2.E.5.b|SoftMed ChartReserve,SoftMed ChartReserve,Document management software,,No approved automatic normalization match.
O*NET Database|onet_software_skills|2.E.2.a|Softrax Revenue Management,O*NET Database,31.0,technology,onet_software_skills,2.E.2.a|Softrax Revenue Management,Softrax Revenue Management,Accounting software,,No approved automatic normalization match.
O*NET Database|onet_software_skills|2.E.16.i|Software as a service SaaS,O*NET Database,31.0,technology,onet_software_skills,2.E.16.i|Software as a service SaaS,Software as a service SaaS,Cloud-based data access and sharing software,,No approved automatic normalization match.
O*NET Database|onet_software_skills|2.E.6.f|Software asset management SAM software,O*NET Database,31.0,technology,onet_software_skills,2.E.6.f|Software asset management SAM software,Software asset management SAM software,Data base user interface and query software,,No approved automatic normalization match.
O*NET Database|onet_software_skills|2.E.7.b|Software development tools,O*NET Database,31.0,technology,onet_software_skills,2.E.7.b|Software development tools,Software development tools,Development environment software,,No approved automatic normalization match.
O*NET Database|onet_software_skills|2.E.11.c|Software distribution management software,O*NET Database,31.0,technology,onet_software_skills,2.E.11.c|Software distribution management software,Software distribution management software,Administration software,,No approved automatic normalization match.
O*NET Database|onet_software_skills|2.E.7.a|Software distribution software,O*NET Database,31.0,technology,onet_software_skills,2.E.7.a|Software distribution software,Software distribution software,Configuration management software,,No approved automatic normalization match.
O*NET Database|onet_software_skills|2.E.7.b|Software libraries,O*NET Database,31.0,technology,onet_software_skills,2.E.7.b|Software libraries,Software libraries,Development environment software,,No approved automatic normalization match.
O*NET Database|onet_software_skills|2.E.14.e|SolarWinds,O*NET Database,31.0,technology,onet_software_skills,2.E.14.e|SolarWinds,SolarWinds,Cloud-based protection or security software,,No approved automatic normalization match.
O*NET Database|onet_software_skills|2.E.9.c|solidThinking,O*NET Database,31.0,technology,onet_software_skills,2.E.9.c|solidThinking,solidThinking,Computer aided design CAD software,,No approved automatic normalization match.
O*NET Database|onet_software_skills|2.E.9.c|SolidWorks COSMOSWorks,O*NET Database,31.0,technology,onet_software_skills,2.E.9.c|SolidWorks COSMOSWorks,SolidWorks COSMOSWorks,Computer aided design CAD software,,No approved automatic normalization match.
O*NET Database|onet_software_skills|2.E.2.d|Solutions Technology & Software HR Premier,O*NET Database,31.0,technology,onet_software_skills,2.E.2.d|Solutions Technology & Software HR Premier,Solutions Technology & Software HR Premier,Financial analysis software,,No approved automatic normalization match.
O*NET Database|onet_software_skills|2.E.7.f|SonarQube,O*NET Database,31.0,technology,onet_software_skills,2.E.7.f|SonarQube,SonarQube,Program testing software,,No approved automatic normalization match.
O*NET Database|onet_software_skills|2.E.7.f|Source code editor software,O*NET Database,31.0,technology,onet_software_skills,2.E.7.f|Source code editor software,Source code editor software,Program testing software,,No approved automatic normalization match.
O*NET Database|onet_software_skills|2.E.7.e|spaCy,O*NET Database,31.0,technology,onet_software_skills,2.E.7.e|spaCy,spaCy,Object or component oriented development software,,No approved automatic normalization match.
O*NET Database|onet_software_skills|2.E.8.b|Special education educational software,O*NET Database,31.0,technology,onet_software_skills,2.E.8.b|Special education educational software,Special education educational software,Computer based training software,,No approved automatic normalization match.
O*NET Database|onet_software_skills|2.E.9.c|SpectraQuest,O*NET Database,31.0,technology,onet_software_skills,2.E.9.c|SpectraQuest,SpectraQuest,Computer aided design CAD software,,No approved automatic normalization match.
O*NET Database|onet_software_skills|2.E.4.h|SpectraSoft AppointmentsCS,O*NET Database,31.0,technology,onet_software_skills,2.E.4.h|SpectraSoft AppointmentsCS,SpectraSoft AppointmentsCS,Calendar and scheduling software,,No approved automatic normalization match.
O*NET Database|onet_software_skills|2.E.15.d|Speech recognition software,O*NET Database,31.0,technology,onet_software_skills,2.E.15.d|Speech recognition software,Speech recognition software,Voice recognition software,,No approved automatic normalization match.
O*NET Database|onet_software_skills|2.E.4.b|SplutterFish Brazil,O*NET Database,31.0,technology,onet_software_skills,2.E.4.b|SplutterFish Brazil,SplutterFish Brazil,Graphics or photo imaging software,,No approved automatic normalization match.
O*NET Database|onet_software_skills|2.E.10.a|Spring Boot,O*NET Database,31.0,technology,onet_software_skills,2.E.10.a|Spring Boot,Spring Boot,Application server software,,No approved automatic normalization match.
O*NET Database|onet_software_skills|2.E.7.h|Spring Framework,O*NET Database,31.0,technology,onet_software_skills,2.E.7.h|Spring Framework,Spring Framework,Web platform development software,,No approved automatic normalization match.
O*NET Database|onet_software_skills|2.E.10.b|Stac Software ReachOut,O*NET Database,31.0,technology,onet_software_skills,2.E.10.b|Stac Software ReachOut,Stac Software ReachOut,Desktop communications software,,No approved automatic normalization match.
O*NET Database|onet_software_skills|2.E.14.d|Stack smashing protection SSP software,O*NET Database,31.0,technology,onet_software_skills,2.E.14.d|Stack smashing protection SSP software,Stack smashing protection SSP software,Transaction security and virus protection software,,No approved automatic normalization match.
O*NET Database|onet_software_skills|2.E.1.c|Staffing Solutions Enterprises Staff Matrix,O*NET Database,31.0,technology,onet_software_skills,2.E.1.c|Staffing Solutions Enterprises Staff Matrix,Staffing Solutions Enterprises Staff Matrix,Human resources software,,No approved automatic normalization match.
O*NET Database|onet_software_skills|2.E.1.c|StaffingSoft Staffing Edition,O*NET Database,31.0,technology,onet_software_skills,2.E.1.c|StaffingSoft Staffing Edition,StaffingSoft Staffing Edition,Human resources software,,No approved automatic normalization match.
O*NET Database|onet_software_skills|2.E.2.d|Star Software Fixed Asset Depreciation,O*NET Database,31.0,technology,onet_software_skills,2.E.2.d|Star Software Fixed Asset Depreciation,Star Software Fixed Asset Depreciation,Financial analysis software,,No approved automatic normalization match.
O*NET Database|onet_software_skills|2.E.2.d|Star Software Materiality Calculator,O*NET Database,31.0,technology,onet_software_skills,2.E.2.d|Star Software Materiality Calculator,Star Software Materiality Calculator,Financial analysis software,,No approved automatic normalization match.
O*NET Database|onet_software_skills|2.E.9.i|STAT! Systems QD Clinical,O*NET Database,31.0,technology,onet_software_skills,2.E.9.i|STAT! Systems QD Clinical,STAT! Systems QD Clinical,Medical software,,No approved automatic normalization match.
O*NET Database|onet_software_skills|2.E.9.d|StataCorp Stata,O*NET Database,31.0,technology,onet_software_skills,2.E.9.d|StataCorp Stata,StataCorp Stata,Analytical or scientific software,,No approved automatic normalization match.
O*NET Database|onet_software_skills|2.E.9.i|StatCom Patient Flow Logistics Enterprise Suite,O*NET Database,31.0,technology,onet_software_skills,2.E.9.i|StatCom Patient Flow Logistics Enterprise Suite,StatCom Patient Flow Logistics Enterprise Suite,Medical software,,No approved automatic normalization match.
O*NET Database|onet_software_skills|2.E.9.d|Statgraphics,O*NET Database,31.0,technology,onet_software_skills,2.E.9.d|Statgraphics,Statgraphics,Analytical or scientific software,,No approved automatic normalization match.
O*NET Database|onet_software_skills|2.E.7.f|Static analysis software,O*NET Database,31.0,technology,onet_software_skills,2.E.7.f|Static analysis software,Static analysis software,Program testing software,,No approved automatic normalization match.
O*NET Database|onet_software_skills|2.E.9.d|Statistical energy analysis SEA software,O*NET Database,31.0,technology,onet_software_skills,2.E.9.d|Statistical energy analysis SEA software,Statistical energy analysis SEA software,Analytical or scientific software,,No approved automatic normalization match.
O*NET Database|onet_software_skills|2.E.9.d|Statistical software,O*NET Database,31.0,technology,onet_software_skills,2.E.9.d|Statistical software,Statistical software,Analytical or scientific software,,No approved automatic normalization match.
O*NET Database|onet_software_skills|2.E.9.d|StatPac,O*NET Database,31.0,technology,onet_software_skills,2.E.9.d|StatPac,StatPac,Analytical or scientific software,,No approved automatic normalization match.
O*NET Database|onet_software_skills|2.E.12.f|Storage area network SAN software,O*NET Database,31.0,technology,onet_software_skills,2.E.12.f|Storage area network SAN software,Storage area network SAN software,Storage networking software,,No approved automatic normalization match.
O*NET Database|onet_software_skills|2.E.15.f|Storage management software,O*NET Database,31.0,technology,onet_software_skills,2.E.15.f|Storage management software,Storage management software,Backup or archival software,,No approved automatic normalization match.
O*NET Database|onet_software_skills|2.E.9.c|Stormwater hydrology software,O*NET Database,31.0,technology,onet_software_skills,2.E.9.c|Stormwater hydrology software,Stormwater hydrology software,Computer aided design CAD software,,No approved automatic normalization match.
O*NET Database|onet_software_skills|2.E.9.d|Stratasys FDM MedModeler,O*NET Database,31.0,technology,onet_software_skills,2.E.9.d|Stratasys FDM MedModeler,Stratasys FDM MedModeler,Analytical or scientific software,,No approved automatic normalization match.
O*NET Database|onet_software_skills|2.E.7.f|Stress testing software,O*NET Database,31.0,technology,onet_software_skills,2.E.7.f|Stress testing software,Stress testing software,Program testing software,,No approved automatic normalization match.
O*NET Database|onet_software_skills|2.E.7.b|String oriented symbolic language SNOBOL,O*NET Database,31.0,technology,onet_software_skills,2.E.7.b|String oriented symbolic language SNOBOL,String oriented symbolic language SNOBOL,Development environment software,,No approved automatic normalization match.
O*NET Database|onet_software_skills|2.E.9.d|Structure prediction software,O*NET Database,31.0,technology,onet_software_skills,2.E.9.d|Structure prediction software,Structure prediction software,Analytical or scientific software,,No approved automatic normalization match.
O*NET Database|onet_software_skills|2.E.6.f|Structured query language SQL,O*NET Database,31.0,technology,onet_software_skills,2.E.6.f|Structured query language SQL,Structured query language SQL,Data base user interface and query software,,No approved automatic normalization match.
O*NET Database|onet_software_skills|2.E.6.d|Structured Query Report SQR,O*NET Database,31.0,technology,onet_software_skills,2.E.6.d|Structured Query Report SQR,Structured Query Report SQR,Data base management system software,,No approved automatic normalization match.
O*NET Database|onet_software_skills|2.E.2.a|Summit Software Summit Biofuels Accounting,O*NET Database,31.0,technology,onet_software_skills,2.E.2.a|Summit Software Summit Biofuels Accounting,Summit Software Summit Biofuels Accounting,Accounting software,,No approved automatic normalization match.
O*NET Database|onet_software_skills|2.E.7.e|Sun Microsystems Java,O*NET Database,31.0,technology,onet_software_skills,2.E.7.e|Sun Microsystems Java,Sun Microsystems Java,Object or component oriented development software,,No approved automatic normalization match.
O*NET Database|onet_software_skills|2.E.7.e|Sun Microsystems Java Persistence API,O*NET Database,31.0,technology,onet_software_skills,2.E.7.e|Sun Microsystems Java Persistence API,Sun Microsystems Java Persistence API,Object or component oriented development software,,No approved automatic normalization match.
O*NET Database|onet_software_skills|2.E.6.l|Sun Microsystems Sun ONE,O*NET Database,31.0,technology,onet_software_skills,2.E.6.l|Sun Microsystems Sun ONE,Sun Microsystems Sun ONE,Transaction server software,,No approved automatic normalization match.
O*NET Database|onet_software_skills|2.E.4.b|Sunflow Render System,O*NET Database,31.0,technology,onet_software_skills,2.E.4.b|Sunflow Render System,Sunflow Render System,Graphics or photo imaging software,,No approved automatic normalization match.
O*NET Database|onet_software_skills|2.E.9.g|Supervisory control and data acquisition SCADA software,O*NET Database,31.0,technology,onet_software_skills,2.E.9.g|Supervisory control and data acquisition SCADA software,Supervisory control and data acquisition SCADA software,Industrial control software,,No approved automatic normalization match.
O*NET Database|onet_software_skills|2.E.1.d|Supply chain capacity planning software,O*NET Database,31.0,technology,onet_software_skills,2.E.1.d|Supply chain capacity planning software,Supply chain capacity planning software,Materials requirements planning logistics and supply chain software,,No approved automatic normalization match.
O*NET Database|onet_software_skills|2.E.9.d|Survey software,O*NET Database,31.0,technology,onet_software_skills,2.E.9.d|Survey software,Survey software,Analytical or scientific software,,No approved automatic normalization match.
O*NET Database|onet_software_skills|2.E.7.e|Swift,O*NET Database,31.0,technology,onet_software_skills,2.E.7.e|Swift,Swift,Object or component oriented development software,,No approved automatic normalization match.
O*NET Database|onet_software_skills|2.E.11.a|Symantec Blue Coat Data Loss Prevention,O*NET Database,31.0,technology,onet_software_skills,2.E.11.a|Symantec Blue Coat Data Loss Prevention,Symantec Blue Coat Data Loss Prevention,Network monitoring software,,No approved automatic normalization match.
O*NET Database|onet_software_skills|2.E.14.d|Symantec Endpoint Protection,O*NET Database,31.0,technology,onet_software_skills,2.E.14.d|Symantec Endpoint Protection,Symantec Endpoint Protection,Transaction security and virus protection software,,No approved automatic normalization match.
O*NET Database|onet_software_skills|2.E.10.b|Symantec pcAnywhere,O*NET Database,31.0,technology,onet_software_skills,2.E.10.b|Symantec pcAnywhere,Symantec pcAnywhere,Desktop communications software,,No approved automatic normalization match.
O*NET Database|onet_software_skills|2.E.7.b|Symantec Visual Cafe,O*NET Database,31.0,technology,onet_software_skills,2.E.7.b|Symantec Visual Cafe,Symantec Visual Cafe,Development environment software,,No approved automatic normalization match.
O*NET Database|onet_software_skills|2.E.12.a|Symark PowerBroker,O*NET Database,31.0,technology,onet_software_skills,2.E.12.a|Symark PowerBroker,Symark PowerBroker,Access software,,No approved automatic normalization match.
O*NET Database|onet_software_skills|2.E.9.i|SynaMed EMR,O*NET Database,31.0,technology,onet_software_skills,2.E.9.i|SynaMed EMR,SynaMed EMR,Medical software,,No approved automatic normalization match.
O*NET Database|onet_software_skills|2.E.10.e|Synapse Adaptive Connect Outloud,O*NET Database,31.0,technology,onet_software_skills,2.E.10.e|Synapse Adaptive Connect Outloud,Synapse Adaptive Connect Outloud,Internet browser software,,No approved automatic normalization match.
O*NET Database|onet_software_skills|2.E.2.d|Sync Essentials Trade Accountant,O*NET Database,31.0,technology,onet_software_skills,2.E.2.d|Sync Essentials Trade Accountant,Sync Essentials Trade Accountant,Financial analysis software,,No approved automatic normalization match.
O*NET Database|onet_software_skills|2.E.9.d|Synopsys Design Compiler,O*NET Database,31.0,technology,onet_software_skills,2.E.9.d|Synopsys Design Compiler,Synopsys Design Compiler,Analytical or scientific software,,No approved automatic normalization match.
O*NET Database|onet_software_skills|2.E.9.d|Synopsys PrimeTime,O*NET Database,31.0,technology,onet_software_skills,2.E.9.d|Synopsys PrimeTime,Synopsys PrimeTime,Analytical or scientific software,,No approved automatic normalization match.
O*NET Database|onet_software_skills|2.E.15.f|System and data disaster recovery software,O*NET Database,31.0,technology,onet_software_skills,2.E.15.f|System and data disaster recovery software,System and data disaster recovery software,Backup or archival software,,No approved automatic normalization match.
O*NET Database|onet_software_skills|2.E.7.f|System testing software,O*NET Database,31.0,technology,onet_software_skills,2.E.7.f|System testing software,System testing software,Program testing software,,No approved automatic normalization match.
O*NET Database|onet_software_skills|2.E.9.d|Systems analysis programs for hands on integrated reliability evaluation software SAPHIRE,O*NET Database,31.0,technology,onet_software_skills,2.E.9.d|Systems analysis programs for hands on integrated reliability evaluation software SAPHIRE,Systems analysis programs for hands on integrated reliability evaluation software SAPHIRE,Analytical or scientific software,,No approved automatic normalization match.
O*NET Database|onet_software_skills|2.E.7.a|Systems and application deployment and migration software,O*NET Database,31.0,technology,onet_software_skills,2.E.7.a|Systems and application deployment and migration software,Systems and application deployment and migration software,Configuration management software,,No approved automatic normalization match.
O*NET Database|onet_software_skills|2.E.15.f|Systems and data disaster recovery software,O*NET Database,31.0,technology,onet_software_skills,2.E.15.f|Systems and data disaster recovery software,Systems and data disaster recovery software,Backup or archival software,,No approved automatic normalization match.
O*NET Database|onet_software_skills|2.E.6.m|Tableau,O*NET Database,31.0,technology,onet_software_skills,2.E.6.m|Tableau,Tableau,Business intelligence and data analysis software,,No approved automatic normalization match.
O*NET Database|onet_software_skills|2.E.4.a|Tactile graphic production kits software,O*NET Database,31.0,technology,onet_software_skills,2.E.4.a|Tactile graphic production kits software,Tactile graphic production kits software,Pattern design software,,No approved automatic normalization match.
O*NET Database|onet_software_skills|2.E.6.d|Talend Big Data Integration,O*NET Database,31.0,technology,onet_software_skills,2.E.6.d|Talend Big Data Integration,Talend Big Data Integration,Data base management system software,,No approved automatic normalization match.
O*NET Database|onet_software_skills|2.E.6.i|Talend Data Fabric,O*NET Database,31.0,technology,onet_software_skills,2.E.6.i|Talend Data Fabric,Talend Data Fabric,Metadata management software,,No approved automatic normalization match.
O*NET Database|onet_software_skills|2.E.7.c|Talend Open Studio,O*NET Database,31.0,technology,onet_software_skills,2.E.7.c|Talend Open Studio,Talend Open Studio,Enterprise application integration software,,No approved automatic normalization match.
O*NET Database|onet_software_skills|2.E.6.d|TalendForge,O*NET Database,31.0,technology,onet_software_skills,2.E.6.d|TalendForge,TalendForge,Data base management system software,,No approved automatic normalization match.
O*NET Database|onet_software_skills|2.E.1.c|Talent Technology HireDesk,O*NET Database,31.0,technology,onet_software_skills,2.E.1.c|Talent Technology HireDesk,Talent Technology HireDesk,Human resources software,,No approved automatic normalization match.
O*NET Database|onet_software_skills|2.E.1.c|Talent Technology Resume Mirror,O*NET Database,31.0,technology,onet_software_skills,2.E.1.c|Talent Technology Resume Mirror,Talent Technology Resume Mirror,Human resources software,,No approved automatic normalization match.
O*NET Database|onet_software_skills|2.E.1.c|Talent Technology Talemetry,O*NET Database,31.0,technology,onet_software_skills,2.E.1.c|Talent Technology Talemetry,Talent Technology Talemetry,Human resources software,,No approved automatic normalization match.
O*NET Database|onet_software_skills|2.E.1.c|TalentHook,O*NET Database,31.0,technology,onet_software_skills,2.E.1.c|TalentHook,TalentHook,Human resources software,,No approved automatic normalization match.
O*NET Database|onet_software_skills|2.E.17.a|Tanium software,O*NET Database,31.0,technology,onet_software_skills,2.E.17.a|Tanium software,Tanium software,Enterprise system management software,,No approved automatic normalization match.
O*NET Database|onet_software_skills|2.E.9.d|Task analysis software,O*NET Database,31.0,technology,onet_software_skills,2.E.9.d|Task analysis software,Task analysis software,Analytical or scientific software,,No approved automatic normalization match.
O*NET Database|onet_software_skills|2.E.9.e|Tax compliance property tax management software,O*NET Database,31.0,technology,onet_software_skills,2.E.9.e|Tax compliance property tax management software,Tax compliance property tax management software,Compliance software,,No approved automatic normalization match.
O*NET Database|onet_software_skills|2.E.2.a|Tax software,O*NET Database,31.0,technology,onet_software_skills,2.E.2.a|Tax software,Tax software,Accounting software,,No approved automatic normalization match.
O*NET Database|onet_software_skills|2.E.11.a|Tcpdump,O*NET Database,31.0,technology,onet_software_skills,2.E.11.a|Tcpdump,Tcpdump,Network monitoring software,,No approved automatic normalization match.
O*NET Database|onet_software_skills|2.E.6.c|TechExcel ServiceWise,O*NET Database,31.0,technology,onet_software_skills,2.E.6.c|TechExcel ServiceWise,TechExcel ServiceWise,Customer relationship management CRM software,,No approved automatic normalization match.
O*NET Database|onet_software_skills|2.E.1.c|Technomedia Hodes iQ,O*NET Database,31.0,technology,onet_software_skills,2.E.1.c|Technomedia Hodes iQ,Technomedia Hodes iQ,Human resources software,,No approved automatic normalization match.
O*NET Database|onet_software_skills|2.E.4.c|TechSmith Camtasia,O*NET Database,31.0,technology,onet_software_skills,2.E.4.c|TechSmith Camtasia,TechSmith Camtasia,Video creation and editing software,,No approved automatic normalization match.
O*NET Database|onet_software_skills|2.E.9.d|Tektronix EZ-TEST,O*NET Database,31.0,technology,onet_software_skills,2.E.9.d|Tektronix EZ-TEST,Tektronix EZ-TEST,Analytical or scientific software,,No approved automatic normalization match.
O*NET Database|onet_software_skills|2.E.1.c|TempWorks recruiting and staffing software,O*NET Database,31.0,technology,onet_software_skills,2.E.1.c|TempWorks recruiting and staffing software,TempWorks recruiting and staffing software,Human resources software,,No approved automatic normalization match.
O*NET Database|onet_software_skills|2.E.14.d|Tenable Nessus,O*NET Database,31.0,technology,onet_software_skills,2.E.14.d|Tenable Nessus,Tenable Nessus,Transaction security and virus protection software,,No approved automatic normalization match.
O*NET Database|onet_software_skills|2.E.9.d|TensorFlow,O*NET Database,31.0,technology,onet_software_skills,2.E.9.d|TensorFlow,TensorFlow,Analytical or scientific software,,No approved automatic normalization match.
O*NET Database|onet_software_skills|2.E.6.f|Teradata Active Enterprise Data Warehouse,O*NET Database,31.0,technology,onet_software_skills,2.E.6.f|Teradata Active Enterprise Data Warehouse,Teradata Active Enterprise Data Warehouse,Data base user interface and query software,,No approved automatic normalization match.
O*NET Database|onet_software_skills|2.E.6.f|Teradata BTEQ,O*NET Database,31.0,technology,onet_software_skills,2.E.6.f|Teradata BTEQ,Teradata BTEQ,Data base user interface and query software,,No approved automatic normalization match.
O*NET Database|onet_software_skills|2.E.6.d|Teradata Database,O*NET Database,31.0,technology,onet_software_skills,2.E.6.d|Teradata Database,Teradata Database,Data base management system software,,No approved automatic normalization match.
O*NET Database|onet_software_skills|2.E.5.b|Teradata FastExport,O*NET Database,31.0,technology,onet_software_skills,2.E.5.b|Teradata FastExport,Teradata FastExport,Document management software,,No approved automatic normalization match.
O*NET Database|onet_software_skills|2.E.6.g|Teradata FastLoad,O*NET Database,31.0,technology,onet_software_skills,2.E.6.g|Teradata FastLoad,Teradata FastLoad,Data mining software,,No approved automatic normalization match.
O*NET Database|onet_software_skills|2.E.6.g|Teradata Parallel Transporter,O*NET Database,31.0,technology,onet_software_skills,2.E.6.g|Teradata Parallel Transporter,Teradata Parallel Transporter,Data mining software,,No approved automatic normalization match.
O*NET Database|onet_software_skills|2.E.6.g|Teradata Tpump,O*NET Database,31.0,technology,onet_software_skills,2.E.6.g|Teradata Tpump,Teradata Tpump,Data mining software,,No approved automatic normalization match.
O*NET Database|onet_software_skills|2.E.9.d|Test automation software,O*NET Database,31.0,technology,onet_software_skills,2.E.9.d|Test automation software,Test automation software,Analytical or scientific software,,No approved automatic normalization match.
O*NET Database|onet_software_skills|2.E.9.d|Test data generator software,O*NET Database,31.0,technology,onet_software_skills,2.E.9.d|Test data generator software,Test data generator software,Analytical or scientific software,,No approved automatic normalization match.
O*NET Database|onet_software_skills|2.E.7.f|Test design software,O*NET Database,31.0,technology,onet_software_skills,2.E.7.f|Test design software,Test design software,Program testing software,,No approved automatic normalization match.
O*NET Database|onet_software_skills|2.E.7.f|Test implementation software,O*NET Database,31.0,technology,onet_software_skills,2.E.7.f|Test implementation software,Test implementation software,Program testing software,,No approved automatic normalization match.
O*NET Database|onet_software_skills|2.E.9.i|Texas Medical Software SpringCharts EMR,O*NET Database,31.0,technology,onet_software_skills,2.E.9.i|Texas Medical Software SpringCharts EMR,Texas Medical Software SpringCharts EMR,Medical software,,No approved automatic normalization match.
O*NET Database|onet_software_skills|2.E.8.b|Text reader software,O*NET Database,31.0,technology,onet_software_skills,2.E.8.b|Text reader software,Text reader software,Computer based training software,,No approved automatic normalization match.
O*NET Database|onet_software_skills|2.E.4.j|Text scanning software,O*NET Database,31.0,technology,onet_software_skills,2.E.4.j|Text scanning software,Text scanning software,Optical character reader OCR or scanning software,,No approved automatic normalization match.
O*NET Database|onet_software_skills|2.E.8.b|Text to speech software,O*NET Database,31.0,technology,onet_software_skills,2.E.8.b|Text to speech software,Text to speech software,Computer based training software,,No approved automatic normalization match.
O*NET Database|onet_software_skills|2.E.1.e|The Gordian Group PROGEN Online,O*NET Database,31.0,technology,onet_software_skills,2.E.1.e|The Gordian Group PROGEN Online,The Gordian Group PROGEN Online,Project management software,,No approved automatic normalization match.
O*NET Database|onet_software_skills|2.E.9.d|The MathWorks MATLAB,O*NET Database,31.0,technology,onet_software_skills,2.E.9.d|The MathWorks MATLAB,The MathWorks MATLAB,Analytical or scientific software,,No approved automatic normalization match.
O*NET Database|onet_software_skills|2.E.2.d|Thomson Creative Solutions Engagement CS,O*NET Database,31.0,technology,onet_software_skills,2.E.2.d|Thomson Creative Solutions Engagement CS,Thomson Creative Solutions Engagement CS,Financial analysis software,,No approved automatic normalization match.
O*NET Database|onet_software_skills|2.E.2.d|Thomson Creative Solutions Financial Analysis CS,O*NET Database,31.0,technology,onet_software_skills,2.E.2.d|Thomson Creative Solutions Financial Analysis CS,Thomson Creative Solutions Financial Analysis CS,Financial analysis software,,No approved automatic normalization match.
O*NET Database|onet_software_skills|2.E.4.b|Thomson Dialog,O*NET Database,31.0,technology,onet_software_skills,2.E.4.b|Thomson Dialog,Thomson Dialog,Graphics or photo imaging software,,No approved automatic normalization match.
O*NET Database|onet_software_skills|2.E.6.h|Thomson Financial Investext,O*NET Database,31.0,technology,onet_software_skills,2.E.6.h|Thomson Financial Investext,Thomson Financial Investext,Information retrieval or search software,,No approved automatic normalization match.
O*NET Database|onet_software_skills|2.E.2.c|Thomson GoSystem Tax,O*NET Database,31.0,technology,onet_software_skills,2.E.2.c|Thomson GoSystem Tax,Thomson GoSystem Tax,Tax preparation software,,No approved automatic normalization match.
O*NET Database|onet_software_skills|2.E.2.d|Thomson PPC e-Tools Suite,O*NET Database,31.0,technology,onet_software_skills,2.E.2.d|Thomson PPC e-Tools Suite,Thomson PPC e-Tools Suite,Financial analysis software,,No approved automatic normalization match.
O*NET Database|onet_software_skills|2.E.9.o|Thomson Reuters Risk Management,O*NET Database,31.0,technology,onet_software_skills,2.E.9.o|Thomson Reuters Risk Management,Thomson Reuters Risk Management,Risk management data and analysis software,,No approved automatic normalization match.
O*NET Database|onet_software_skills|2.E.4.b|Three-dimensional graphics software,O*NET Database,31.0,technology,onet_software_skills,2.E.4.b|Three-dimensional graphics software,Three-dimensional graphics software,Graphics or photo imaging software,,No approved automatic normalization match.
O*NET Database|onet_software_skills|2.E.9.d|Three-dimensional simulation translation software,O*NET Database,31.0,technology,onet_software_skills,2.E.9.d|Three-dimensional simulation translation software,Three-dimensional simulation translation software,Analytical or scientific software,,No approved automatic normalization match.
O*NET Database|onet_software_skills|2.E.6.m|TIBCO Spotfire,O*NET Database,31.0,technology,onet_software_skills,2.E.6.m|TIBCO Spotfire,TIBCO Spotfire,Business intelligence and data analysis software,,No approved automatic normalization match.
O*NET Database|onet_software_skills|2.E.4.c|TikTok,O*NET Database,31.0,technology,onet_software_skills,2.E.4.c|TikTok,TikTok,Video creation and editing software,,No approved automatic normalization match.
O*NET Database|onet_software_skills|2.E.9.d|Time and motion analysis software,O*NET Database,31.0,technology,onet_software_skills,2.E.9.d|Time and motion analysis software,Time and motion analysis software,Analytical or scientific software,,No approved automatic normalization match.
O*NET Database|onet_software_skills|2.E.7.i|Time sharing option TSO software,O*NET Database,31.0,technology,onet_software_skills,2.E.7.i|Time sharing option TSO software,Time sharing option TSO software,Compiler and decompiler software,,No approved automatic normalization match.
O*NET Database|onet_software_skills|2.E.2.d|TimeValue software,O*NET Database,31.0,technology,onet_software_skills,2.E.2.d|TimeValue software,TimeValue software,Financial analysis software,,No approved automatic normalization match.
O*NET Database|onet_software_skills|2.E.9.d|TNS MarketWhys,O*NET Database,31.0,technology,onet_software_skills,2.E.9.d|TNS MarketWhys,TNS MarketWhys,Analytical or scientific software,,No approved automatic normalization match.
O*NET Database|onet_software_skills|2.E.9.d|TNS Miriad,O*NET Database,31.0,technology,onet_software_skills,2.E.9.d|TNS Miriad,TNS Miriad,Analytical or scientific software,,No approved automatic normalization match.
O*NET Database|onet_software_skills|2.E.7.b|ToadSoft Toad,O*NET Database,31.0,technology,onet_software_skills,2.E.7.b|ToadSoft Toad,ToadSoft Toad,Development environment software,,No approved automatic normalization match.
O*NET Database|onet_software_skills|2.E.2.d|TopCAATs,O*NET Database,31.0,technology,onet_software_skills,2.E.2.d|TopCAATs,TopCAATs,Financial analysis software,,No approved automatic normalization match.
O*NET Database|onet_software_skills|2.E.6.f|Transact-SQL,O*NET Database,31.0,technology,onet_software_skills,2.E.6.f|Transact-SQL,Transact-SQL,Data base user interface and query software,,No approved automatic normalization match.
O*NET Database|onet_software_skills|2.E.6.f|TranspoLink BidLeads,O*NET Database,31.0,technology,onet_software_skills,2.E.6.f|TranspoLink BidLeads,TranspoLink BidLeads,Data base user interface and query software,,No approved automatic normalization match.
O*NET Database|onet_software_skills|2.E.4.b|Trapcode Particular,O*NET Database,31.0,technology,onet_software_skills,2.E.4.b|Trapcode Particular,Trapcode Particular,Graphics or photo imaging software,,No approved automatic normalization match.
O*NET Database|onet_software_skills|2.E.7.f|Travis,O*NET Database,31.0,technology,onet_software_skills,2.E.7.f|Travis,Travis,Program testing software,,No approved automatic normalization match.
O*NET Database|onet_software_skills|2.E.14.c|Trend Micro TippingPoint,O*NET Database,31.0,technology,onet_software_skills,2.E.14.c|Trend Micro TippingPoint,Trend Micro TippingPoint,Network security and virtual private network VPN equipment software,,No approved automatic normalization match.
O*NET Database|onet_software_skills|2.E.9.e|TrendTracker Compliance Solution,O*NET Database,31.0,technology,onet_software_skills,2.E.9.e|TrendTracker Compliance Solution,TrendTracker Compliance Solution,Compliance software,,No approved automatic normalization match.
O*NET Database|onet_software_skills|2.E.9.d|Trimble Geomatics Office,O*NET Database,31.0,technology,onet_software_skills,2.E.9.d|Trimble Geomatics Office,Trimble Geomatics Office,Analytical or scientific software,,No approved automatic normalization match.
O*NET Database|onet_software_skills|2.E.4.b|Trimble SketchUp Pro,O*NET Database,31.0,technology,onet_software_skills,2.E.4.b|Trimble SketchUp Pro,Trimble SketchUp Pro,Graphics or photo imaging software,,No approved automatic normalization match.
O*NET Database|onet_software_skills|2.E.9.c|Trimble Terramodel,O*NET Database,31.0,technology,onet_software_skills,2.E.9.c|Trimble Terramodel,Trimble Terramodel,Computer aided design CAD software,,No approved automatic normalization match.
O*NET Database|onet_software_skills|2.E.2.d|Tropics workers' compensation software,O*NET Database,31.0,technology,onet_software_skills,2.E.2.d|Tropics workers' compensation software,Tropics workers' compensation software,Financial analysis software,,No approved automatic normalization match.
O*NET Database|onet_software_skills|2.E.6.l|Tumbleweed SecureTransport,O*NET Database,31.0,technology,onet_software_skills,2.E.6.l|Tumbleweed SecureTransport,Tumbleweed SecureTransport,Transaction server software,,No approved automatic normalization match.
O*NET Database|onet_software_skills|2.E.16.d|Twitter,O*NET Database,31.0,technology,onet_software_skills,2.E.16.d|Twitter,Twitter,Instant messaging software,,No approved automatic normalization match.
O*NET Database|onet_software_skills|2.E.4.b|Two-dimensional graphics software,O*NET Database,31.0,technology,onet_software_skills,2.E.4.b|Two-dimensional graphics software,Two-dimensional graphics software,Graphics or photo imaging software,,No approved automatic normalization match.
O*NET Database|onet_software_skills|2.E.7.e|TypeScript,O*NET Database,31.0,technology,onet_software_skills,2.E.7.e|TypeScript,TypeScript,Object or component oriented development software,,No approved automatic normalization match.
O*NET Database|onet_software_skills|2.E.2.a|UA Business Software Professional Edition,O*NET Database,31.0,technology,onet_software_skills,2.E.2.a|UA Business Software Professional Edition,UA Business Software Professional Edition,Accounting software,,No approved automatic normalization match.
O*NET Database|onet_software_skills|2.E.13.c|Ubuntu,O*NET Database,31.0,technology,onet_software_skills,2.E.13.c|Ubuntu,Ubuntu,Operating system software,,No approved automatic normalization match.
O*NET Database|onet_software_skills|2.E.9.c|UGS I-DEAS,O*NET Database,31.0,technology,onet_software_skills,2.E.9.c|UGS I-DEAS,UGS I-DEAS,Computer aided design CAD software,,No approved automatic normalization match.
O*NET Database|onet_software_skills|2.E.9.c|UGS Solid Edge,O*NET Database,31.0,technology,onet_software_skills,2.E.9.c|UGS Solid Edge,UGS Solid Edge,Computer aided design CAD software,,No approved automatic normalization match.
O*NET Database|onet_software_skills|2.E.7.g|Unified modeling language UML,O*NET Database,31.0,technology,onet_software_skills,2.E.7.g|Unified modeling language UML,Unified modeling language UML,Requirements analysis and system architecture software,,No approved automatic normalization match.
O*NET Database|onet_software_skills|2.E.9.d|UNISTAT Statistical Package,O*NET Database,31.0,technology,onet_software_skills,2.E.9.d|UNISTAT Statistical Package,UNISTAT Statistical Package,Analytical or scientific software,,No approved automatic normalization match.
O*NET Database|onet_software_skills|2.E.7.f|Unit testing software,O*NET Database,31.0,technology,onet_software_skills,2.E.7.f|Unit testing software,Unit testing software,Program testing software,,No approved automatic normalization match.
O*NET Database|onet_software_skills|2.E.7.b|Unity Technologies Unity,O*NET Database,31.0,technology,onet_software_skills,2.E.7.b|Unity Technologies Unity,Unity Technologies Unity,Development environment software,,No approved automatic normalization match.
O*NET Database|onet_software_skills|2.E.2.c|Universal Tax Systems TaxWise,O*NET Database,31.0,technology,onet_software_skills,2.E.2.c|Universal Tax Systems TaxWise,Universal Tax Systems TaxWise,Tax preparation software,,No approved automatic normalization match.
O*NET Database|onet_software_skills|2.E.13.c|UNIX,O*NET Database,31.0,technology,onet_software_skills,2.E.13.c|UNIX,UNIX,Operating system software,,No approved automatic normalization match.
O*NET Database|onet_software_skills|2.E.13.c|UNIX Shell,O*NET Database,31.0,technology,onet_software_skills,2.E.13.c|UNIX Shell,UNIX Shell,Operating system software,,No approved automatic normalization match.
O*NET Database|onet_software_skills|2.E.7.b|Unreal Technology Unreal Engine,O*NET Database,31.0,technology,onet_software_skills,2.E.7.b|Unreal Technology Unreal Engine,Unreal Technology Unreal Engine,Development environment software,,No approved automatic normalization match.
O*NET Database|onet_software_skills|2.E.7.f|Usability testing software,O*NET Database,31.0,technology,onet_software_skills,2.E.7.f|Usability testing software,Usability testing software,Program testing software,,No approved automatic normalization match.
O*NET Database|onet_software_skills|2.E.7.f|User interface design software,O*NET Database,31.0,technology,onet_software_skills,2.E.7.f|User interface design software,User interface design software,Program testing software,,No approved automatic normalization match.
O*NET Database|onet_software_skills|2.E.7.f|UserZoom,O*NET Database,31.0,technology,onet_software_skills,2.E.7.f|UserZoom,UserZoom,Program testing software,,No approved automatic normalization match.
O*NET Database|onet_software_skills|2.E.6.c|Vantage MCIF,O*NET Database,31.0,technology,onet_software_skills,2.E.6.c|Vantage MCIF,Vantage MCIF,Customer relationship management CRM software,,No approved automatic normalization match.
O*NET Database|onet_software_skills|2.E.9.i|VantageMed ChartKeeper,O*NET Database,31.0,technology,onet_software_skills,2.E.9.i|VantageMed ChartKeeper,VantageMed ChartKeeper,Medical software,,No approved automatic normalization match.
O*NET Database|onet_software_skills|2.E.1.c|VCG Pointwing,O*NET Database,31.0,technology,onet_software_skills,2.E.1.c|VCG Pointwing,VCG Pointwing,Human resources software,,No approved automatic normalization match.
O*NET Database|onet_software_skills|2.E.4.b|VectorDesigner,O*NET Database,31.0,technology,onet_software_skills,2.E.4.b|VectorDesigner,VectorDesigner,Graphics or photo imaging software,,No approved automatic normalization match.
O*NET Database|onet_software_skills|2.E.6.c|Vendor management system software,O*NET Database,31.0,technology,onet_software_skills,2.E.6.c|Vendor management system software,Vendor management system software,Customer relationship management CRM software,,No approved automatic normalization match.
O*NET Database|onet_software_skills|2.E.7.b|Verilog,O*NET Database,31.0,technology,onet_software_skills,2.E.7.b|Verilog,Verilog,Development environment software,,No approved automatic normalization match.
O*NET Database|onet_software_skills|2.E.6.h|Verispan Patient Parameters,O*NET Database,31.0,technology,onet_software_skills,2.E.6.h|Verispan Patient Parameters,Verispan Patient Parameters,Information retrieval or search software,,No approved automatic normalization match.
O*NET Database|onet_software_skills|2.E.15.f|Veritas NetBackup,O*NET Database,31.0,technology,onet_software_skills,2.E.15.f|Veritas NetBackup,Veritas NetBackup,Backup or archival software,,No approved automatic normalization match.
O*NET Database|onet_software_skills|2.E.5.c|Version control software,O*NET Database,31.0,technology,onet_software_skills,2.E.5.c|Version control software,Version control software,File versioning software,,No approved automatic normalization match.
O*NET Database|onet_software_skills|2.E.7.b|Very high-speed integrated circuit VHSIC hardware description language VHDL,O*NET Database,31.0,technology,onet_software_skills,2.E.7.b|Very high-speed integrated circuit VHSIC hardware description language VHDL,Very high-speed integrated circuit VHSIC hardware description language VHDL,Development environment software,,No approved automatic normalization match.
O*NET Database|onet_software_skills|2.E.9.d|Video analysis software,O*NET Database,31.0,technology,onet_software_skills,2.E.9.d|Video analysis software,Video analysis software,Analytical or scientific software,,No approved automatic normalization match.
O*NET Database|onet_software_skills|2.E.14.d|Virus scanning software,O*NET Database,31.0,technology,onet_software_skills,2.E.14.d|Virus scanning software,Virus scanning software,Transaction security and virus protection software,,No approved automatic normalization match.
O*NET Database|onet_software_skills|2.E.7.a|Visible Razor,O*NET Database,31.0,technology,onet_software_skills,2.E.7.a|Visible Razor,Visible Razor,Configuration management software,,No approved automatic normalization match.
O*NET Database|onet_software_skills|2.E.9.i|Visionary Medical Systems Visionary OFFICE PM,O*NET Database,31.0,technology,onet_software_skills,2.E.9.i|Visionary Medical Systems Visionary OFFICE PM,Visionary Medical Systems Visionary OFFICE PM,Medical software,,No approved automatic normalization match.
O*NET Database|onet_software_skills|2.E.1.p|Visual Paradigm DB Visual ARCHITECT,O*NET Database,31.0,technology,onet_software_skills,2.E.1.p|Visual Paradigm DB Visual ARCHITECT,Visual Paradigm DB Visual ARCHITECT,Process mapping and design software,,No approved automatic normalization match.
O*NET Database|onet_software_skills|2.E.6.b|VMware,O*NET Database,31.0,technology,onet_software_skills,2.E.6.b|VMware,VMware,Clustering software,,No approved automatic normalization match.
O*NET Database|onet_software_skills|2.E.10.a|VMWare ESX Server,O*NET Database,31.0,technology,onet_software_skills,2.E.10.a|VMWare ESX Server,VMWare ESX Server,Application server software,,No approved automatic normalization match.
O*NET Database|onet_software_skills|2.E.15.d|Voice dictation software,O*NET Database,31.0,technology,onet_software_skills,2.E.15.d|Voice dictation software,Voice dictation software,Voice recognition software,,No approved automatic normalization match.
O*NET Database|onet_software_skills|2.E.11.d|Voice over internet protocol VoIP system software,O*NET Database,31.0,technology,onet_software_skills,2.E.11.d|Voice over internet protocol VoIP system software,Voice over internet protocol VoIP system software,Internet protocol IP multimedia subsystem software,,No approved automatic normalization match.
O*NET Database|onet_software_skills|2.E.7.h|Vue.js,O*NET Database,31.0,technology,onet_software_skills,2.E.7.h|Vue.js,Vue.js,Web platform development software,,No approved automatic normalization match.
O*NET Database|onet_software_skills|2.E.6.h|Walmart Retail Link,O*NET Database,31.0,technology,onet_software_skills,2.E.6.h|Walmart Retail Link,Walmart Retail Link,Information retrieval or search software,,No approved automatic normalization match.
O*NET Database|onet_software_skills|2.E.7.b|Web application software,O*NET Database,31.0,technology,onet_software_skills,2.E.7.b|Web application software,Web application software,Development environment software,,No approved automatic normalization match.
O*NET Database|onet_software_skills|2.E.10.e|Web browser software,O*NET Database,31.0,technology,onet_software_skills,2.E.10.e|Web browser software,Web browser software,Internet browser software,,No approved automatic normalization match.
O*NET Database|onet_software_skills|2.E.6.l|Web server software,O*NET Database,31.0,technology,onet_software_skills,2.E.6.l|Web server software,Web server software,Transaction server software,,No approved automatic normalization match.
O*NET Database|onet_software_skills|2.E.7.b|Web service definition language WDSL,O*NET Database,31.0,technology,onet_software_skills,2.E.7.b|Web service definition language WDSL,Web service definition language WDSL,Development environment software,,No approved automatic normalization match.
O*NET Database|onet_software_skills|2.E.7.c|WebFOCUS,O*NET Database,31.0,technology,onet_software_skills,2.E.7.c|WebFOCUS,WebFOCUS,Enterprise application integration software,,No approved automatic normalization match.
O*NET Database|onet_software_skills|2.E.14.b|Websense Data Loss Prevention,O*NET Database,31.0,technology,onet_software_skills,2.E.14.b|Websense Data Loss Prevention,Websense Data Loss Prevention,Network security or virtual private network VPN management software,,No approved automatic normalization match.
O*NET Database|onet_software_skills|2.E.9.i|Welford Chart Notes,O*NET Database,31.0,technology,onet_software_skills,2.E.9.i|Welford Chart Notes,Welford Chart Notes,Medical software,,No approved automatic normalization match.
O*NET Database|onet_software_skills|2.E.4.c|WeVideo,O*NET Database,31.0,technology,onet_software_skills,2.E.4.c|WeVideo,WeVideo,Video creation and editing software,,No approved automatic normalization match.
O*NET Database|onet_software_skills|2.E.16.d|WhatsApp,O*NET Database,31.0,technology,onet_software_skills,2.E.16.d|WhatsApp,WhatsApp,Instant messaging software,,No approved automatic normalization match.
O*NET Database|onet_software_skills|2.E.12.h|Wide area network WAN software,O*NET Database,31.0,technology,onet_software_skills,2.E.12.h|Wide area network WAN software,Wide area network WAN software,WAN switching software and firmware,,No approved automatic normalization match.
O*NET Database|onet_software_skills|2.E.13.c|Win CE,O*NET Database,31.0,technology,onet_software_skills,2.E.13.c|Win CE,Win CE,Operating system software,,No approved automatic normalization match.
O*NET Database|onet_software_skills|2.E.9.d|WinCross,O*NET Database,31.0,technology,onet_software_skills,2.E.9.d|WinCross,WinCross,Analytical or scientific software,,No approved automatic normalization match.
O*NET Database|onet_software_skills|2.E.13.c|Wind River VxWorks,O*NET Database,31.0,technology,onet_software_skills,2.E.13.c|Wind River VxWorks,Wind River VxWorks,Operating system software,,No approved automatic normalization match.
O*NET Database|onet_software_skills|2.E.9.d|Windward Technologies GRG2,O*NET Database,31.0,technology,onet_software_skills,2.E.9.d|Windward Technologies GRG2,Windward Technologies GRG2,Analytical or scientific software,,No approved automatic normalization match.
O*NET Database|onet_software_skills|2.E.5.c|WinMerge,O*NET Database,31.0,technology,onet_software_skills,2.E.5.c|WinMerge,WinMerge,File versioning software,,No approved automatic normalization match.
O*NET Database|onet_software_skills|2.E.9.d|WinTR-55,O*NET Database,31.0,technology,onet_software_skills,2.E.9.d|WinTR-55,WinTR-55,Analytical or scientific software,,No approved automatic normalization match.
O*NET Database|onet_software_skills|2.E.11.a|Wireshark,O*NET Database,31.0,technology,onet_software_skills,2.E.11.a|Wireshark,Wireshark,Network monitoring software,,No approved automatic normalization match.
O*NET Database|onet_software_skills|2.E.6.i|WisdomForce DatabaseSync System,O*NET Database,31.0,technology,onet_software_skills,2.E.6.i|WisdomForce DatabaseSync System,WisdomForce DatabaseSync System,Metadata management software,,No approved automatic normalization match.
O*NET Database|onet_software_skills|2.E.7.a|Wise Solutions Wise for Windows Installer,O*NET Database,31.0,technology,onet_software_skills,2.E.7.a|Wise Solutions Wise for Windows Installer,Wise Solutions Wise for Windows Installer,Configuration management software,,No approved automatic normalization match.
O*NET Database|onet_software_skills|2.E.9.d|WizSoft WizRule,O*NET Database,31.0,technology,onet_software_skills,2.E.9.d|WizSoft WizRule,WizSoft WizRule,Analytical or scientific software,,No approved automatic normalization match.
O*NET Database|onet_software_skills|2.E.6.g|WizSoft WizWhy,O*NET Database,31.0,technology,onet_software_skills,2.E.6.g|WizSoft WizWhy,WizSoft WizWhy,Data mining software,,No approved automatic normalization match.
O*NET Database|onet_software_skills|2.E.9.d|Wolfram Research Mathematica,O*NET Database,31.0,technology,onet_software_skills,2.E.9.d|Wolfram Research Mathematica,Wolfram Research Mathematica,Analytical or scientific software,,No approved automatic normalization match.
O*NET Database|onet_software_skills|2.E.4.g|WordPress,O*NET Database,31.0,technology,onet_software_skills,2.E.4.g|WordPress,WordPress,Web page creation and editing software,,No approved automatic normalization match.
O*NET Database|onet_software_skills|2.E.9.d|Workcell simulation software,O*NET Database,31.0,technology,onet_software_skills,2.E.9.d|Workcell simulation software,Workcell simulation software,Analytical or scientific software,,No approved automatic normalization match.
O*NET Database|onet_software_skills|2.E.2.b|Workday software,O*NET Database,31.0,technology,onet_software_skills,2.E.2.b|Workday software,Workday software,Enterprise resource planning ERP software,,No approved automatic normalization match.
O*NET Database|onet_software_skills|2.E.2.e|WorkForce Software EmpCenter Time and Attendance,O*NET Database,31.0,technology,onet_software_skills,2.E.2.e|WorkForce Software EmpCenter Time and Attendance,WorkForce Software EmpCenter Time and Attendance,Time accounting software,,No approved automatic normalization match.
O*NET Database|onet_software_skills|2.E.6.f|WorldAPP KeySurvey Suite,O*NET Database,31.0,technology,onet_software_skills,2.E.6.f|WorldAPP KeySurvey Suite,WorldAPP KeySurvey Suite,Data base user interface and query software,,No approved automatic normalization match.
O*NET Database|onet_software_skills|2.E.12.h|X.25 Protocol,O*NET Database,31.0,technology,onet_software_skills,2.E.12.h|X.25 Protocol,X.25 Protocol,WAN switching software and firmware,,No approved automatic normalization match.
O*NET Database|onet_software_skills|2.E.4.b|Xara Designer Pro,O*NET Database,31.0,technology,onet_software_skills,2.E.4.b|Xara Designer Pro,Xara Designer Pro,Graphics or photo imaging software,,No approved automatic normalization match.
O*NET Database|onet_software_skills|2.E.7.b|Xcode,O*NET Database,31.0,technology,onet_software_skills,2.E.7.b|Xcode,Xcode,Development environment software,,No approved automatic normalization match.
O*NET Database|onet_software_skills|2.E.7.b|XGBoost,O*NET Database,31.0,technology,onet_software_skills,2.E.7.b|XGBoost,XGBoost,Development environment software,,No approved automatic normalization match.
O*NET Database|onet_software_skills|2.E.7.b|XML Path Language XPATH,O*NET Database,31.0,technology,onet_software_skills,2.E.7.b|XML Path Language XPATH,XML Path Language XPATH,Development environment software,,No approved automatic normalization match.
O*NET Database|onet_software_skills|2.E.7.b|XML User Interface XUI,O*NET Database,31.0,technology,onet_software_skills,2.E.7.b|XML User Interface XUI,XML User Interface XUI,Development environment software,,No approved automatic normalization match.
O*NET Database|onet_software_skills|2.E.6.f|xQuery,O*NET Database,31.0,technology,onet_software_skills,2.E.6.f|xQuery,xQuery,Data base user interface and query software,,No approved automatic normalization match.
O*NET Database|onet_software_skills|2.E.16.a|Yahoo! Email,O*NET Database,31.0,technology,onet_software_skills,2.E.16.a|Yahoo! Email,Yahoo! Email,Electronic mail software,,No approved automatic normalization match.
O*NET Database|onet_software_skills|2.E.6.f|Yardi software,O*NET Database,31.0,technology,onet_software_skills,2.E.6.f|Yardi software,Yardi software,Data base user interface and query software,,No approved automatic normalization match.
O*NET Database|onet_software_skills|2.E.6.f|Yardi Systems Yardi Enterprise,O*NET Database,31.0,technology,onet_software_skills,2.E.6.f|Yardi Systems Yardi Enterprise,Yardi Systems Yardi Enterprise,Data base user interface and query software,,No approved automatic normalization match.
O*NET Database|onet_software_skills|2.E.1.e|Yield management systems,O*NET Database,31.0,technology,onet_software_skills,2.E.1.e|Yield management systems,Yield management systems,Project management software,,No approved automatic normalization match.
O*NET Database|onet_software_skills|2.E.4.c|YouTube,O*NET Database,31.0,technology,onet_software_skills,2.E.4.c|YouTube,YouTube,Video creation and editing software,,No approved automatic normalization match.
O*NET Database|onet_software_skills|2.E.11.a|Zabbix,O*NET Database,31.0,technology,onet_software_skills,2.E.11.a|Zabbix,Zabbix,Network monitoring software,,No approved automatic normalization match.
O*NET Database|onet_software_skills|2.E.9.c|Zemax,O*NET Database,31.0,technology,onet_software_skills,2.E.9.c|Zemax,Zemax,Computer aided design CAD software,,No approved automatic normalization match.
O*NET Database|onet_software_skills|2.E.7.h|Zend Framework,O*NET Database,31.0,technology,onet_software_skills,2.E.7.h|Zend Framework,Zend Framework,Web platform development software,,No approved automatic normalization match.
O*NET Database|onet_software_skills|2.E.16.b|Zoom,O*NET Database,31.0,technology,onet_software_skills,2.E.16.b|Zoom,Zoom,Video conferencing software,,No approved automatic normalization match.
O*NET Database|onet_software_skills|2.E.9.c|Zuken E3.schematic,O*NET Database,31.0,technology,onet_software_skills,2.E.9.c|Zuken E3.schematic,Zuken E3.schematic,Computer aided design CAD software,,No approved automatic normalization match.
ESCO|esco_skills|http://data.europa.eu/esco/skill/6e53fd99-b646-4327-9580-ac062ab21188,ESCO,1.2.1,knowledge,esco_skills,http://data.europa.eu/esco/skill/6e53fd99-b646-4327-9580-ac062ab21188,3D lighting,sector-specific,The arrangement or digital effect which simulates lighting in a 3D environment.,No approved automatic normalization match.
ESCO|esco_skills|http://data.europa.eu/esco/skill/97965983-0da4-4902-9daf-d5cd2693ef73,ESCO,1.2.1,knowledge,esco_skills,http://data.europa.eu/esco/skill/97965983-0da4-4902-9daf-d5cd2693ef73,3D modelling,cross-sector,The process of developing a mathematical representation of any three-dimensional surface of an object via specialised software. The product is called a 3D model. It can be displayed as a two-dimensional image through a process called 3D rendering or used in a computer simulation of physical phenomena. The model can also be physically created using 3D printing devices.,No approved automatic normalization match.
ESCO|esco_skills|http://data.europa.eu/esco/skill/2afb2b59-c9a3-4cf3-b1dd-1a2fad51e583,ESCO,1.2.1,knowledge,esco_skills,http://data.europa.eu/esco/skill/2afb2b59-c9a3-4cf3-b1dd-1a2fad51e583,3D printing process,sector-specific,The process of reproducing 3D objects by using 3D printing technologies.,No approved automatic normalization match.
ESCO|esco_skills|http://data.europa.eu/esco/skill/eb0e5615-1575-4a86-a1a2-7d39595033c5,ESCO,1.2.1,knowledge,esco_skills,http://data.europa.eu/esco/skill/eb0e5615-1575-4a86-a1a2-7d39595033c5,ABAP,sector-specific,"The techniques and principles of software development, such as analysis, algorithms, coding, testing and compiling of programming paradigms in ABAP.",No approved automatic normalization match.
ESCO|esco_skills|http://data.europa.eu/esco/skill/08371fe9-c658-4f6a-966f-71dbb0ab683d,ESCO,1.2.1,knowledge,esco_skills,http://data.europa.eu/esco/skill/08371fe9-c658-4f6a-966f-71dbb0ab683d,accounting department processes,sector-specific,"The different processes, duties, jargon, role in an organisation, and other specificities of the accounting department within an organisation such as bookkeeping, invoices, recording, and taxing.",No approved automatic normalization match.
ESCO|esco_skills|http://data.europa.eu/esco/skill/99b163e8-7815-43e2-83f3-a47f3076354c,ESCO,1.2.1,knowledge,esco_skills,http://data.europa.eu/esco/skill/99b163e8-7815-43e2-83f3-a47f3076354c,accounting entries,cross-sector,"The financial transactions recorded in accounting systems or books of a company together with the metadata linked to the entry such as the date, the amount, the accounts affected, and a description of the transaction.",No approved automatic normalization match.
ESCO|esco_skills|http://data.europa.eu/esco/skill/880c54f9-866e-4f37-b5fa-25ef8a7d49b6,ESCO,1.2.1,knowledge,esco_skills,http://data.europa.eu/esco/skill/880c54f9-866e-4f37-b5fa-25ef8a7d49b6,accounting techniques,cross-sector,"The techniques of recording and summarising business and financial transactions and analysing, verifying, and reporting the results.",No approved automatic normalization match.
ESCO|esco_skills|http://data.europa.eu/esco/skill/9b9244b4-6f62-4834-839b-19e9eba0a407,ESCO,1.2.1,knowledge,esco_skills,http://data.europa.eu/esco/skill/9b9244b4-6f62-4834-839b-19e9eba0a407,acute care,sector-specific,The type of care administered to patients for a brief and critical sequence of illness such as trauma or recovery from surgery.,No approved automatic normalization match.
ESCO|esco_skills|http://data.europa.eu/esco/skill/719d8699-a221-4b5a-8fc3-68a8645cbe03,ESCO,1.2.1,knowledge,esco_skills,http://data.europa.eu/esco/skill/719d8699-a221-4b5a-8fc3-68a8645cbe03,adobe creative suite,sector-specific,"The set of software applications that are used to create visual content for personal or business use. Examples of items that can be generated are flyers, brochures, books, websites and videos.",No approved automatic normalization match.
ESCO|esco_skills|http://data.europa.eu/esco/skill/27b913f0-3c52-448b-ad27-fc6ef08fb326,ESCO,1.2.1,knowledge,esco_skills,http://data.europa.eu/esco/skill/27b913f0-3c52-448b-ad27-fc6ef08fb326,Adobe Illustrator,sector-specific,The computer program Adobe Illustrator CC is a graphical ICT tool which enables digital editing and composition of graphics to generate both 2D raster or 2D vector graphics. It is developed by the software company Adobe.,No approved automatic normalization match.
ESCO|esco_skills|http://data.europa.eu/esco/skill/14ced458-5f4b-495f-bd3d-9c240614bda0,ESCO,1.2.1,knowledge,esco_skills,http://data.europa.eu/esco/skill/14ced458-5f4b-495f-bd3d-9c240614bda0,Adobe Photoshop,sector-specific,The computer program Adobe Photoshop is a graphical ICT tool which enables digital editing and composition of graphics to generate both 2D raster or 2D vector graphics. It is developed by the software company Adobe.,No approved automatic normalization match.
ESCO|esco_skills|http://data.europa.eu/esco/skill/d4ae4774-a81d-4255-8491-cade3580685a,ESCO,1.2.1,knowledge,esco_skills,http://data.europa.eu/esco/skill/d4ae4774-a81d-4255-8491-cade3580685a,Adobe Photoshop Lightroom,sector-specific,The computer program Adobe Photoshop Lightroom is a graphical ICT tool which enables digital editing and composition of graphics to generate both 2D raster or 2D vector graphics. It is developed by the software company Adobe.,No approved automatic normalization match.
ESCO|esco_skills|http://data.europa.eu/esco/skill/52047630-b880-4939-bb19-6700187af031,ESCO,1.2.1,knowledge,esco_skills,http://data.europa.eu/esco/skill/52047630-b880-4939-bb19-6700187af031,adolescence medicine,cross-sector,"Topics related to the adolescent period of development such as sexually transmitted diseases, unintended pregnancy, contraception, substance abuse, menstrual disorders, acnee, eating disorders.",No approved automatic normalization match.
ESCO|esco_skills|http://data.europa.eu/esco/skill/aba1f05b-f312-47d8-be71-7c574134de8f,ESCO,1.2.1,knowledge,esco_skills,http://data.europa.eu/esco/skill/aba1f05b-f312-47d8-be71-7c574134de8f,advertising techniques,cross-sector,"The communication strategies intended to persuade or encourage an audience, and the different media which are used to achieve this goal.",No approved automatic normalization match.
ESCO|esco_skills|http://data.europa.eu/esco/skill/80466be3-825a-456a-94ec-9c83c0007f0c,ESCO,1.2.1,knowledge,esco_skills,http://data.europa.eu/esco/skill/80466be3-825a-456a-94ec-9c83c0007f0c,aerodynamics,cross-sector,"The scientific field that deals with the way gases interact with moving bodies. As we usually deal with atmospheric air, aerodynamics is primarily concerned with the forces of drag and lift, which are caused by air passing over and around solid bodies.",No approved automatic normalization match.
ESCO|esco_skills|http://data.europa.eu/esco/skill/5dd96c59-5955-474b-8cf5-e986a5b50f1a,ESCO,1.2.1,knowledge,esco_skills,http://data.europa.eu/esco/skill/5dd96c59-5955-474b-8cf5-e986a5b50f1a,aerospace engineering,cross-sector,"The engineering discipline that combines various technologies and engineering disciplines such as avionics, materials science and aerodynamics in order to design, develop and manufacture aircraft, spacecraft, missiles and satillites.",No approved automatic normalization match.
ESCO|esco_skills|http://data.europa.eu/esco/skill/6db3ac8e-8636-4ced-965b-75e35c3193c3,ESCO,1.2.1,knowledge,esco_skills,http://data.europa.eu/esco/skill/6db3ac8e-8636-4ced-965b-75e35c3193c3,aesthetics,cross-sector,Set of principles based on which something is appealing and beautiful.,No approved automatic normalization match.
ESCO|esco_skills|http://data.europa.eu/esco/skill/dba46f87-0831-49cd-a1c7-340a653c0221,ESCO,1.2.1,knowledge,esco_skills,http://data.europa.eu/esco/skill/dba46f87-0831-49cd-a1c7-340a653c0221,Agile development,sector-specific,The agile development model is a methodology to design software systems and applications.,No approved automatic normalization match.
ESCO|esco_skills|http://data.europa.eu/esco/skill/0a9acb6b-1139-4be9-b431-3a80a959f2f4,ESCO,1.2.1,knowledge,esco_skills,http://data.europa.eu/esco/skill/0a9acb6b-1139-4be9-b431-3a80a959f2f4,Agile project management,sector-specific,"The agile project management approach is a methodology for planning, managing and overseeing of ICT resources in order to meet specific goals and using project management ICT tools.",No approved automatic normalization match.
ESCO|esco_skills|http://data.europa.eu/esco/skill/532bcdca-a889-4dea-8f7f-4e03d8cfd0d2,ESCO,1.2.1,knowledge,esco_skills,http://data.europa.eu/esco/skill/532bcdca-a889-4dea-8f7f-4e03d8cfd0d2,aircraft mechanics,cross-sector,Technicalities over mechanics in aircrafts and related topics in order to perform a wide range of repais in aircrafts.,No approved automatic normalization match.
ESCO|esco_skills|http://data.europa.eu/esco/skill/b4dc6e4f-dc7d-445f-8ce2-d7b9d225e282,ESCO,1.2.1,knowledge,esco_skills,http://data.europa.eu/esco/skill/b4dc6e4f-dc7d-445f-8ce2-d7b9d225e282,AJAX,sector-specific,"The techniques and principles of software development, such as analysis, algorithms, coding, testing and compiling of programming paradigms in AJAX.",No approved automatic normalization match.
ESCO|esco_skills|http://data.europa.eu/esco/skill/8c88d336-c249-4537-b26e-d679a85c4b9b,ESCO,1.2.1,knowledge,esco_skills,http://data.europa.eu/esco/skill/8c88d336-c249-4537-b26e-d679a85c4b9b,Ajax Framework,sector-specific,The Ajax software development environments which provide specific features and components that support and guide web applications development.,No approved automatic normalization match.
ESCO|esco_skills|http://data.europa.eu/esco/skill/6f8a40d6-f9ce-43ec-a72f-d4213a53f3ed,ESCO,1.2.1,knowledge,esco_skills,http://data.europa.eu/esco/skill/6f8a40d6-f9ce-43ec-a72f-d4213a53f3ed,Ansible,sector-specific,"The tool Ansible is a software program to perform configuration identification, control, status accounting and audit.",No approved automatic normalization match.
ESCO|esco_skills|http://data.europa.eu/esco/skill/0d168770-4d9c-4096-b048-a6577818d306,ESCO,1.2.1,knowledge,esco_skills,http://data.europa.eu/esco/skill/0d168770-4d9c-4096-b048-a6577818d306,Apache Maven,sector-specific,"The tool Apache Maven is a software program to perform configuration identification, control, status accounting and audit of software during its development and maintenance.",No approved automatic normalization match.
ESCO|esco_skills|http://data.europa.eu/esco/skill/0fb753a1-2ef2-4429-84d2-ecb2b24daf7a,ESCO,1.2.1,knowledge,esco_skills,http://data.europa.eu/esco/skill/0fb753a1-2ef2-4429-84d2-ecb2b24daf7a,Apache Tomcat,sector-specific,"The open-source web server Apache Tomcat provides a Java web server environment which uses a built in container where HTTP requests are loaded, allowing the Java web applications to run on local and server based systems.",No approved automatic normalization match.
ESCO|esco_skills|http://data.europa.eu/esco/skill/58d7a289-dafd-4363-833f-d1dc4140885e,ESCO,1.2.1,knowledge,esco_skills,http://data.europa.eu/esco/skill/58d7a289-dafd-4363-833f-d1dc4140885e,APL,sector-specific,"The techniques and principles of software development, such as analysis, algorithms, coding, testing and compiling of programming paradigms in APL.",No approved automatic normalization match.
ESCO|esco_skills|http://data.europa.eu/esco/skill/c4b626c1-e71c-44ec-9f88-042766f37fcc,ESCO,1.2.1,knowledge,esco_skills,http://data.europa.eu/esco/skill/c4b626c1-e71c-44ec-9f88-042766f37fcc,application usability,sector-specific,"The process through which the learnability, efficiency, usefulness and ease of use of a software application can be defined and measured.",No approved automatic normalization match.
ESCO|esco_skills|http://data.europa.eu/esco/skill/829d1376-41bf-4c41-9bc3-62dce647677c,ESCO,1.2.1,knowledge,esco_skills,http://data.europa.eu/esco/skill/829d1376-41bf-4c41-9bc3-62dce647677c,artificial lighting systems,sector-specific,"Types of artificial lighting and their power consumption. HF fluorescent lighting, LED lighting, natural daylight and programmed control systems allow an efficient use of energy.",No approved automatic normalization match.
ESCO|esco_skills|http://data.europa.eu/esco/skill/56a7f561-1d55-43c9-9cd7-36a0a9bc6c50,ESCO,1.2.1,knowledge,esco_skills,http://data.europa.eu/esco/skill/56a7f561-1d55-43c9-9cd7-36a0a9bc6c50,ASP.NET,sector-specific,"The techniques and principles of software development, such as analysis, algorithms, coding, testing and compiling of programming paradigms in ASP.NET.",No approved automatic normalization match.
ESCO|esco_skills|http://data.europa.eu/esco/skill/47b9bbcf-356c-4782-83a4-7f5a1b2b51a3,ESCO,1.2.1,knowledge,esco_skills,http://data.europa.eu/esco/skill/47b9bbcf-356c-4782-83a4-7f5a1b2b51a3,Assembly (computer programming),sector-specific,"The techniques and principles of software development, such as analysis, algorithms, coding, testing and compiling of programming paradigms in Assembly.",No approved automatic normalization match.
ESCO|esco_skills|http://data.europa.eu/esco/skill/7f27f1ff-2e17-4b69-990e-c23334478313,ESCO,1.2.1,knowledge,esco_skills,http://data.europa.eu/esco/skill/7f27f1ff-2e17-4b69-990e-c23334478313,assessment of risks and threats,cross-sector,The security documentation and any security-related communications and information.,No approved automatic normalization match.
ESCO|esco_skills|http://data.europa.eu/esco/skill/501537a7-9d63-491d-ae02-09f04767ff1e,ESCO,1.2.1,knowledge,esco_skills,http://data.europa.eu/esco/skill/501537a7-9d63-491d-ae02-09f04767ff1e,attack vectors,sector-specific,"Paths or methods that threat actors use to exploit vulnerabilities in information networks or systems from a concrete organisation and impact its availability, integrity and confidentiality. Attack vectors may include social engineering tactics such as phishing mails or pretexting, technical exploits as SQL injection as well as buffer overflow attacks.",No approved automatic normalization match.
ESCO|esco_skills|http://data.europa.eu/esco/skill/cae4c053-05d1-413d-8499-f37793aad56e,ESCO,1.2.1,knowledge,esco_skills,http://data.europa.eu/esco/skill/cae4c053-05d1-413d-8499-f37793aad56e,audio editing software,cross-sector,"The various software for editing and generating audio, such as Adobe Audition, Soundforge, and Power Sound Editor.",No approved automatic normalization match.
ESCO|esco_skills|http://data.europa.eu/esco/skill/6a536b36-c5c7-4d10-bf67-a4fb0f8549b2,ESCO,1.2.1,knowledge,esco_skills,http://data.europa.eu/esco/skill/6a536b36-c5c7-4d10-bf67-a4fb0f8549b2,audit techniques,cross-sector,"The techniques and methods that support a systematic and independent examination of data, policies, operations and performances using computer-assisted audit tools and techniques (CAATs) such as spreadsheets, databases, statistical analysis and business intelligence software.",No approved automatic normalization match.
ESCO|esco_skills|http://data.europa.eu/esco/skill/abdc7ac8-151f-40c6-bc1a-1e9b4b073290,ESCO,1.2.1,knowledge,esco_skills,http://data.europa.eu/esco/skill/abdc7ac8-151f-40c6-bc1a-1e9b4b073290,augmented reality,cross-sector,"The process of adding diverse digital content (such as images, 3D objects, etc) on surfaces that exist in the real world. The user can interact in real-time with the technology by using devices such as mobile phones.",No approved automatic normalization match.
ESCO|esco_skills|http://data.europa.eu/esco/skill/d4789070-2ff7-4bbb-94ca-8bb1739826a9,ESCO,1.2.1,knowledge,esco_skills,http://data.europa.eu/esco/skill/d4789070-2ff7-4bbb-94ca-8bb1739826a9,authoring software,cross-sector,"The software that provides pre-programmed elements which allow the development of interactive multimedia applications in order to edit, structure and lay out content intended for publication.",No approved automatic normalization match.
ESCO|esco_skills|http://data.europa.eu/esco/skill/f4a6e9f7-5cff-46c0-894c-59c20bb78694,ESCO,1.2.1,knowledge,esco_skills,http://data.europa.eu/esco/skill/f4a6e9f7-5cff-46c0-894c-59c20bb78694,automation technology,cross-sector,"Set of technologies that make a process, system, or apparatus operate automatically through the use of control systems.",No approved automatic normalization match.
ESCO|esco_skills|http://data.europa.eu/esco/skill/0864c444-c22f-46ee-ae1e-c0eeffd49c34,ESCO,1.2.1,knowledge,esco_skills,http://data.europa.eu/esco/skill/0864c444-c22f-46ee-ae1e-c0eeffd49c34,battery design,sector-specific,"The techniques used to design batteries, characterise their properties and performance, including electrochemical analysis and physical measurements, as well as to devise the integration of various components, in order to meet specific requirements for different applications.",No approved automatic normalization match.
ESCO|esco_skills|http://data.europa.eu/esco/skill/1cdd0afe-196f-4d8a-924f-4d7473cce3c7,ESCO,1.2.1,knowledge,esco_skills,http://data.europa.eu/esco/skill/1cdd0afe-196f-4d8a-924f-4d7473cce3c7,battery management systems,sector-specific,The electronic system that manages and monitors the performance of a battery.,No approved automatic normalization match.
ESCO|esco_skills|http://data.europa.eu/esco/skill/269b8734-fa1d-4c6f-a843-523fa3bbae6e,ESCO,1.2.1,knowledge,esco_skills,http://data.europa.eu/esco/skill/269b8734-fa1d-4c6f-a843-523fa3bbae6e,behavioural science,cross-sector,The investigation and analysis of subject behaviour through regulated and lifelike observations and disciplined scientific experiments.,No approved automatic normalization match.
ESCO|esco_skills|http://data.europa.eu/esco/skill/1d4b74b0-1a48-48ec-a3cd-26cca0c212a3,ESCO,1.2.1,knowledge,esco_skills,http://data.europa.eu/esco/skill/1d4b74b0-1a48-48ec-a3cd-26cca0c212a3,biological chemistry,sector-specific,Biological chemistry is a medical specialty mentioned in the EU Directive 2005/36/EC.,No approved automatic normalization match.
ESCO|esco_skills|http://data.europa.eu/esco/skill/8a06c621-adfe-41df-8fe9-6b33f1ea3f0a,ESCO,1.2.1,knowledge,esco_skills,http://data.europa.eu/esco/skill/8a06c621-adfe-41df-8fe9-6b33f1ea3f0a,biomechanics,cross-sector,The use of mechanical means to understand the function and structure of biological organisms.,No approved automatic normalization match.
ESCO|esco_skills|http://data.europa.eu/esco/skill/61bef658-d7f9-4759-b1b0-0f9cb3bc581a,ESCO,1.2.1,knowledge,esco_skills,http://data.europa.eu/esco/skill/61bef658-d7f9-4759-b1b0-0f9cb3bc581a,biotechnology,cross-sector,"The technology that uses, modifies or harnesses biological systems, organisms and cellular components to develop new technologies and products for specific uses.",No approved automatic normalization match.
ESCO|esco_skills|http://data.europa.eu/esco/skill/3c2e6f38-42c1-46ec-b782-5854b2db330d,ESCO,1.2.1,knowledge,esco_skills,http://data.europa.eu/esco/skill/3c2e6f38-42c1-46ec-b782-5854b2db330d,blockchain openness,sector-specific,"The different levels of openness of a blockchain, their differences, and their advantages and disadvantages. Examples are permissionless, permissioned, and hybrid blockchains.",No approved automatic normalization match.
ESCO|esco_skills|http://data.europa.eu/esco/skill/9035afc4-5317-455d-ab60-f32e2ecc6bfc,ESCO,1.2.1,knowledge,esco_skills,http://data.europa.eu/esco/skill/9035afc4-5317-455d-ab60-f32e2ecc6bfc,blockchain platforms,sector-specific,"The different integrated infrastructures, each with their own characteristics, that allow the development of blockchain applications. Examples are multichain, ehtereum, hyperledger, corda, ripple, openchain, etc.",No approved automatic normalization match.
ESCO|esco_skills|http://data.europa.eu/esco/skill/d1072655-88ce-4445-8803-e6273da273e7,ESCO,1.2.1,knowledge,esco_skills,http://data.europa.eu/esco/skill/d1072655-88ce-4445-8803-e6273da273e7,blueprints,cross-sector,"Must be able to read and understand blueprints, drawings and plans and maintain simple written records.",No approved automatic normalization match.
ESCO|esco_skills|http://data.europa.eu/esco/skill/1492f016-379c-4dbe-a3f6-6b486c103b8f,ESCO,1.2.1,knowledge,esco_skills,http://data.europa.eu/esco/skill/1492f016-379c-4dbe-a3f6-6b486c103b8f,bobath therapy,sector-specific,The therapy used to help children and adults after stroke who have movement disorders (cerebral palsy) to improve their ability to move and develop their (lost) skills.,No approved automatic normalization match.
ESCO|esco_skills|http://data.europa.eu/esco/skill/2ff405ec-f59c-4a7b-84b6-9776a49582c4,ESCO,1.2.1,knowledge,esco_skills,http://data.europa.eu/esco/skill/2ff405ec-f59c-4a7b-84b6-9776a49582c4,bookkeeping regulations,cross-sector,The methods and regulations involved in the process of accurate bookkeeping.,No approved automatic normalization match.
ESCO|esco_skills|http://data.europa.eu/esco/skill/9242ad54-dc3d-41b3-9cfe-142fa8582511,ESCO,1.2.1,knowledge,esco_skills,http://data.europa.eu/esco/skill/9242ad54-dc3d-41b3-9cfe-142fa8582511,brand marketing techniques,cross-sector,The methods and systems used in researching and establishing a brand identity for marketing purposes.,No approved automatic normalization match.
ESCO|esco_skills|http://data.europa.eu/esco/skill/3eb03076-6fb4-48a1-8b36-36b5a5031ead,ESCO,1.2.1,knowledge,esco_skills,http://data.europa.eu/esco/skill/3eb03076-6fb4-48a1-8b36-36b5a5031ead,bridge engineering,sector-specific,"Thoroughly understand principles and characteristics of bridge management, bridge deck loading, bridge durability, steel and composite bridge design, long span bridges, etc.",No approved automatic normalization match.
ESCO|esco_skills|http://data.europa.eu/esco/skill/6709e92c-7546-46a4-aa57-5e951bd4cb0f,ESCO,1.2.1,knowledge,esco_skills,http://data.europa.eu/esco/skill/6709e92c-7546-46a4-aa57-5e951bd4cb0f,building automation,cross-sector,"Type of automatic control system where through a Building Managements System or Building Automation System (BAS) the control of a building's ventilation, humidity, heating, lighting and other systems is being automated at centralized location and monitored through electronic systems. Can be set to optimize energy consumption.",No approved automatic normalization match.
ESCO|esco_skills|http://data.europa.eu/esco/skill/633a3637-2c6b-40ae-ac38-289eb2a62aa6,ESCO,1.2.1,knowledge,esco_skills,http://data.europa.eu/esco/skill/633a3637-2c6b-40ae-ac38-289eb2a62aa6,business analysis,cross-sector,"The research field which addresses the identification of business needs and problems and the determination of the solutions that would mitigate or prevent the smooth functioning of a business. Business analysis comprises IT solutions, market challenges, policy development and strategic matters.",No approved automatic normalization match.
ESCO|esco_skills|http://data.europa.eu/esco/skill/98a1dec3-8138-4f46-a596-5e2a83b884b9,ESCO,1.2.1,knowledge,esco_skills,http://data.europa.eu/esco/skill/98a1dec3-8138-4f46-a596-5e2a83b884b9,business analytics,sector-specific,The disciplines and technologies for solving business problems through employing quantitative methods such as data analysis and statistical models.,No approved automatic normalization match.
ESCO|esco_skills|http://data.europa.eu/esco/skill/b17f4305-741a-4a1c-8fe8-6f11cb3d5c0a,ESCO,1.2.1,knowledge,esco_skills,http://data.europa.eu/esco/skill/b17f4305-741a-4a1c-8fe8-6f11cb3d5c0a,business communication,cross-sector,The process of effectively communicating within the workplace and to external bodies to achieve organisational goals.,No approved automatic normalization match.
ESCO|esco_skills|http://data.europa.eu/esco/skill/ccdbd9bb-4faf-403c-a968-e8bf487f8a53,ESCO,1.2.1,knowledge,esco_skills,http://data.europa.eu/esco/skill/ccdbd9bb-4faf-403c-a968-e8bf487f8a53,business ICT systems,sector-specific,"The software packages, hardware devices and new technologies used in supporting business processes such as enterprise resource planning (ERP), customer relationship management (CRM), mobile devices and network solutions.",No approved automatic normalization match.
ESCO|esco_skills|http://data.europa.eu/esco/skill/61ddacb8-c89f-48c2-afe8-9e1b14c0c8fb,ESCO,1.2.1,knowledge,esco_skills,http://data.europa.eu/esco/skill/61ddacb8-c89f-48c2-afe8-9e1b14c0c8fb,business incubation,cross-sector,"The process through which an individual or an organization contributes to the development and growth of a business start-up. It includes physical facility support (such as offices), networking support (such as connecting with partners or investors) and support services (such as providing coaching session on business development, technological innovation, scaling up a business, etc).",No approved automatic normalization match.
ESCO|esco_skills|http://data.europa.eu/esco/skill/143769cb-b61e-47d8-a61e-eedfbec1016c,ESCO,1.2.1,knowledge,esco_skills,http://data.europa.eu/esco/skill/143769cb-b61e-47d8-a61e-eedfbec1016c,business intelligence,cross-sector,The tools used to transform large amounts of raw data into relevant and helpful business information.,No approved automatic normalization match.
ESCO|esco_skills|http://data.europa.eu/esco/skill/341c4478-c976-4ff0-a102-cfd92174d873,ESCO,1.2.1,knowledge,esco_skills,http://data.europa.eu/esco/skill/341c4478-c976-4ff0-a102-cfd92174d873,business law,cross-sector,"The field of law concerned with the trade and commerce activities of businesses and private persons and their legal interactions. This relates to numerous legal disciplines, including tax and employment law.",No approved automatic normalization match.
ESCO|esco_skills|http://data.europa.eu/esco/skill/0a48d064-dd04-47fb-a00d-85e9b4874033,ESCO,1.2.1,knowledge,esco_skills,http://data.europa.eu/esco/skill/0a48d064-dd04-47fb-a00d-85e9b4874033,business management principles,cross-sector,"Principles governing business management methods such as strategy planning, methods of efficient production, people and resources coordination.",No approved automatic normalization match.
ESCO|esco_skills|http://data.europa.eu/esco/skill/98301d4a-2cc3-439d-8d7f-0b6ac76302bb,ESCO,1.2.1,knowledge,esco_skills,http://data.europa.eu/esco/skill/98301d4a-2cc3-439d-8d7f-0b6ac76302bb,business process modelling,sector-specific,"The tools, methods and notations such as Business Process Model and Notation (BPMN) and Business Process Execution Language (BPEL), used to describe and analyse the characteristics of a business process and model its further development.",No approved automatic normalization match.
ESCO|esco_skills|http://data.europa.eu/esco/skill/9e84a506-df06-4be3-874a-fa01293e3dd5,ESCO,1.2.1,knowledge,esco_skills,http://data.europa.eu/esco/skill/9e84a506-df06-4be3-874a-fa01293e3dd5,business processes,cross-sector,"Processes which an organisation applies to improve efficiency, set new objectives and reach goals in a profitable and timely manner.",No approved automatic normalization match.
ESCO|esco_skills|http://data.europa.eu/esco/skill/0ee94c0a-3716-494a-95a2-dcbab9e58be2,ESCO,1.2.1,knowledge,esco_skills,http://data.europa.eu/esco/skill/0ee94c0a-3716-494a-95a2-dcbab9e58be2,business requirements techniques,sector-specific,The procedures required to identify and analyse business and organisational needs.,No approved automatic normalization match.
ESCO|esco_skills|http://data.europa.eu/esco/skill/bd698bbe-7003-4508-b422-46c2ff4d5e95,ESCO,1.2.1,knowledge,esco_skills,http://data.europa.eu/esco/skill/bd698bbe-7003-4508-b422-46c2ff4d5e95,business strategy concepts,cross-sector,"The terminology related to the design and implementation of major trends and aims which are taken by an organisation's executives, while keeping in mind its resources, competition and environments.",No approved automatic normalization match.
ESCO|esco_skills|http://data.europa.eu/esco/skill/4c016b68-4116-468c-9dc6-42710c239e4a,ESCO,1.2.1,knowledge,esco_skills,http://data.europa.eu/esco/skill/4c016b68-4116-468c-9dc6-42710c239e4a,C#,sector-specific,"The techniques and principles of software development, such as analysis, algorithms, coding, testing and compiling of programming paradigms in C#.",No approved automatic normalization match.
ESCO|esco_skills|http://data.europa.eu/esco/skill/b633eb55-8f1f-4ae6-ab4c-2022ffe2cb7f,ESCO,1.2.1,knowledge,esco_skills,http://data.europa.eu/esco/skill/b633eb55-8f1f-4ae6-ab4c-2022ffe2cb7f,C++,sector-specific,"The techniques and principles of software development, such as analysis, algorithms, coding, testing and compiling of programming paradigms in C++.",No approved automatic normalization match.
ESCO|esco_skills|http://data.europa.eu/esco/skill/c5ed451b-ef39-47a3-aee7-8f5be0aa8431,ESCO,1.2.1,knowledge,esco_skills,http://data.europa.eu/esco/skill/c5ed451b-ef39-47a3-aee7-8f5be0aa8431,CA Datacom/DB,sector-specific,"The computer program CA Datacom/DB is a tool for creating, updating and managing databases, currently developed by the software company CA Technologies.",No approved automatic normalization match.
ESCO|esco_skills|http://data.europa.eu/esco/skill/a2b5dcf3-5b6a-453d-876c-cff540c0faf1,ESCO,1.2.1,knowledge,esco_skills,http://data.europa.eu/esco/skill/a2b5dcf3-5b6a-453d-876c-cff540c0faf1,CAD software,cross-sector,"The computer-aided design (CAD) software for creating, modifying, analysing or optimising a design.",No approved automatic normalization match.
ESCO|esco_skills|http://data.europa.eu/esco/skill/82313e12-9d39-47d1-b7c9-78bbd6bb50e2,ESCO,1.2.1,knowledge,esco_skills,http://data.europa.eu/esco/skill/82313e12-9d39-47d1-b7c9-78bbd6bb50e2,CAE software,cross-sector,The software to perform computer-aided engineering (CAE) analysis tasks such as Finite Element Analysis and Computional Fluid Dynamics.,No approved automatic normalization match.
ESCO|esco_skills|http://data.europa.eu/esco/skill/27065048-bca8-4b0a-891a-b192b9ceadfd,ESCO,1.2.1,knowledge,esco_skills,http://data.europa.eu/esco/skill/27065048-bca8-4b0a-891a-b192b9ceadfd,CAM software,sector-specific,"Different tools for computer-aided manufacturing (CAM) to control machinery and machine tools in the creation, modification, analysis, or optimisation as part of the manufacturing processes of workpieces.",No approved automatic normalization match.
ESCO|esco_skills|http://data.europa.eu/esco/skill/ffc1e455-ced2-4e67-bdb3-1c50f9683859,ESCO,1.2.1,knowledge,esco_skills,http://data.europa.eu/esco/skill/ffc1e455-ced2-4e67-bdb3-1c50f9683859,Capture One,sector-specific,The computer program Capture One is a graphical ICT tool which enables digital editing and composition of graphics to generate both 2D raster or 2D vector graphics.,No approved automatic normalization match.
ESCO|esco_skills|http://data.europa.eu/esco/skill/2dfa5bd5-c87c-461c-bce9-69b2c58732bd,ESCO,1.2.1,knowledge,esco_skills,http://data.europa.eu/esco/skill/2dfa5bd5-c87c-461c-bce9-69b2c58732bd,cartography,sector-specific,"The study of interpreting the elements depicted in maps, the measures and technical specifications.",No approved automatic normalization match.
ESCO|esco_skills|http://data.europa.eu/esco/skill/9af252ce-bf4d-411b-8daa-beb91df4257d,ESCO,1.2.1,knowledge,esco_skills,http://data.europa.eu/esco/skill/9af252ce-bf4d-411b-8daa-beb91df4257d,channel marketing,cross-sector,"The strategies and practices, including channel sales, that involve distributing products directly and indirectly through partners in order to bring the products to the end consumer.",No approved automatic normalization match.
ESCO|esco_skills|http://data.europa.eu/esco/skill/572c3e87-61ed-4271-9c95-148837deae5e,ESCO,1.2.1,knowledge,esco_skills,http://data.europa.eu/esco/skill/572c3e87-61ed-4271-9c95-148837deae5e,citizen involvement in healthcare,occupation-specific,The means and methods required to raise the participatory levels of the population in healthcare matters and strenghten their involvement.,No approved automatic normalization match.
ESCO|esco_skills|http://data.europa.eu/esco/skill/82887396-e5bf-4306-af51-3fe8d82790b2,ESCO,1.2.1,knowledge,esco_skills,http://data.europa.eu/esco/skill/82887396-e5bf-4306-af51-3fe8d82790b2,civil engineering,cross-sector,"The engineering discipline that studies the design, construction and maintenance of naturally built works such as roads, buildings, and canals.",No approved automatic normalization match.
ESCO|esco_skills|http://data.europa.eu/esco/skill/cf0b92de-4bd0-46ee-b383-7765b4cbcac9,ESCO,1.2.1,knowledge,esco_skills,http://data.europa.eu/esco/skill/cf0b92de-4bd0-46ee-b383-7765b4cbcac9,clinical coding,sector-specific,The matching of clinical statements with standard codes of illnesses and treatments through use of a classification system.,No approved automatic normalization match.
ESCO|esco_skills|http://data.europa.eu/esco/skill/8efa6a7a-6556-4cb8-908d-59d3b5c58d2f,ESCO,1.2.1,knowledge,esco_skills,http://data.europa.eu/esco/skill/8efa6a7a-6556-4cb8-908d-59d3b5c58d2f,cloud monitoring and reporting,sector-specific,"The metrics and alarms utilizing cloud monitoring services, in particular performance and availability metrics.",No approved automatic normalization match.
ESCO|esco_skills|http://data.europa.eu/esco/skill/1c2978b8-bb0d-4249-9c23-877571a4dffa,ESCO,1.2.1,knowledge,esco_skills,http://data.europa.eu/esco/skill/1c2978b8-bb0d-4249-9c23-877571a4dffa,cloud security and compliance,sector-specific,"Cloud security and compliance concepts, including shared responsibility model, cloud access management capabilities, and resources for security support.",No approved automatic normalization match.
ESCO|esco_skills|http://data.europa.eu/esco/skill/bd14968e-e409-45af-b362-3495ed7b10e0,ESCO,1.2.1,knowledge,esco_skills,http://data.europa.eu/esco/skill/bd14968e-e409-45af-b362-3495ed7b10e0,cloud technologies,sector-specific,"The technologies which enable access to hardware, software, data and services through remote servers and software networks irrespective of their location and architecture.",No approved automatic normalization match.
ESCO|esco_skills|http://data.europa.eu/esco/skill/def007fa-5fed-4a5f-91a2-b0d7e3db1be1,ESCO,1.2.1,knowledge,esco_skills,http://data.europa.eu/esco/skill/def007fa-5fed-4a5f-91a2-b0d7e3db1be1,COBOL,sector-specific,"The techniques and principles of software development, such as analysis, algorithms, coding, testing and compiling of programming paradigms in COBOL.",No approved automatic normalization match.
ESCO|esco_skills|http://data.europa.eu/esco/skill/993b1e23-f2de-4bd8-b33f-f86dde1c8e9d,ESCO,1.2.1,knowledge,esco_skills,http://data.europa.eu/esco/skill/993b1e23-f2de-4bd8-b33f-f86dde1c8e9d,CoffeeScript,sector-specific,"The techniques and principles of software development, such as analysis, algorithms, coding, testing and compiling of programming paradigms in CoffeeScript.",No approved automatic normalization match.
ESCO|esco_skills|http://data.europa.eu/esco/skill/2618f336-8e71-4666-83b5-f368edb0906d,ESCO,1.2.1,knowledge,esco_skills,http://data.europa.eu/esco/skill/2618f336-8e71-4666-83b5-f368edb0906d,cognitive psychology,cross-sector,"The human mental processes such as attention, memory, language use, perception, problem solving, creativity and thinking.",No approved automatic normalization match.
ESCO|esco_skills|http://data.europa.eu/esco/skill/4eba4667-402e-4aea-a15d-c9fb82da60dd,ESCO,1.2.1,knowledge,esco_skills,http://data.europa.eu/esco/skill/4eba4667-402e-4aea-a15d-c9fb82da60dd,combined heat and power generation,sector-specific,"Technology that generates electricity and captures the heat that would otherwise be wasted to provide steam or hot water, that can be used for space heating, cooling, domestic hot water and industrial processes, thus contributing to energy performance.",No approved automatic normalization match.
ESCO|esco_skills|http://data.europa.eu/esco/skill/d63c2bad-817d-4116-b4d8-b927cb01212d,ESCO,1.2.1,knowledge,esco_skills,http://data.europa.eu/esco/skill/d63c2bad-817d-4116-b4d8-b927cb01212d,commercial law,sector-specific,The legal regulations that govern a specific commercial activity.,No approved automatic normalization match.
ESCO|esco_skills|http://data.europa.eu/esco/skill/0cd6dcf1-5778-42a5-b685-4d01ae4a4871,ESCO,1.2.1,knowledge,esco_skills,http://data.europa.eu/esco/skill/0cd6dcf1-5778-42a5-b685-4d01ae4a4871,Common Lisp,sector-specific,"The techniques and principles of software development, such as analysis, algorithms, coding, testing and compiling of programming paradigms in Common Lisp.",No approved automatic normalization match.
ESCO|esco_skills|http://data.europa.eu/esco/skill/3e20dad4-2b69-41d8-906f-bea6a317c884,ESCO,1.2.1,knowledge,esco_skills,http://data.europa.eu/esco/skill/3e20dad4-2b69-41d8-906f-bea6a317c884,community-based rehabilitation,sector-specific,The method of rehabilitation which involves the creation of social programs for the impaired or disabled persons to allow them integration into the community.,No approved automatic normalization match.
ESCO|esco_skills|http://data.europa.eu/esco/skill/f75b740c-b36c-495e-bc67-efe347bbc6b5,ESCO,1.2.1,knowledge,esco_skills,http://data.europa.eu/esco/skill/f75b740c-b36c-495e-bc67-efe347bbc6b5,company policies,sector-specific,The set of rules that govern the activity of a company.,No approved automatic normalization match.
ESCO|esco_skills|http://data.europa.eu/esco/skill/ce5598ec-5ca4-4f3e-92a2-c55c90ce6038,ESCO,1.2.1,knowledge,esco_skills,http://data.europa.eu/esco/skill/ce5598ec-5ca4-4f3e-92a2-c55c90ce6038,competition law,cross-sector,The legal regulations that maintain market competition by regulating anti-competitive behaviour of companies and organisations.,No approved automatic normalization match.
ESCO|esco_skills|http://data.europa.eu/esco/skill/e464363b-8346-421d-9035-52118b76d8c8,ESCO,1.2.1,knowledge,esco_skills,http://data.europa.eu/esco/skill/e464363b-8346-421d-9035-52118b76d8c8,computational biology,sector-specific,The interdisciplinary scientific field that focus on employing data analytics and theories to investigate biological systems obtained through experiments.,No approved automatic normalization match.
ESCO|esco_skills|http://data.europa.eu/esco/skill/89f6560b-2194-45c9-9ece-d33049a73eef,ESCO,1.2.1,knowledge,esco_skills,http://data.europa.eu/esco/skill/89f6560b-2194-45c9-9ece-d33049a73eef,computer engineering,cross-sector,"Engineering discipline that combines computer science with electrical engineering to develop computer hardware and software. Computer engineering occupies itself with electronics, software design, and the integration of hardware and software.",No approved automatic normalization match.
ESCO|esco_skills|http://data.europa.eu/esco/skill/118a9b27-1c5a-4214-b685-1a4d9e6365ea,ESCO,1.2.1,knowledge,esco_skills,http://data.europa.eu/esco/skill/118a9b27-1c5a-4214-b685-1a4d9e6365ea,computer forensics,sector-specific,The process of examining and recovering digital data from sources for legal evidence and crime investigation.,No approved automatic normalization match.
ESCO|esco_skills|http://data.europa.eu/esco/skill/afda6ca0-7aa8-41ef-ba5e-8dc607839daf,ESCO,1.2.1,knowledge,esco_skills,http://data.europa.eu/esco/skill/afda6ca0-7aa8-41ef-ba5e-8dc607839daf,computer graphics,cross-sector,"The field that merges approaches from computer science and design. It involves the process of creating images, 3D models generation, as well as the rendering, texturing and lighting them. Its applications vary from digital photography, film and video games, and the display of images on electronic devices.",No approved automatic normalization match.
ESCO|esco_skills|http://data.europa.eu/esco/skill/21d2f96d-35f7-4e3f-9745-c533d2dd6e97,ESCO,1.2.1,knowledge,esco_skills,http://data.europa.eu/esco/skill/21d2f96d-35f7-4e3f-9745-c533d2dd6e97,computer programming,cross-sector,"The techniques and principles of software development, such as analysis, algorithms, coding, testing and compiling of programming paradigms (e.g. object oriented programming, functional programming) and of programming languages.",No approved automatic normalization match.
ESCO|esco_skills|http://data.europa.eu/esco/skill/7b5cce4d-c7fe-4119-b48f-70aa05391787,ESCO,1.2.1,knowledge,esco_skills,http://data.europa.eu/esco/skill/7b5cce4d-c7fe-4119-b48f-70aa05391787,computer science,cross-sector,"The scientific and practical study that deals with the foundations of information and computation, namely algorithms, data structures, programming, and data architecture. It deals with the practicability, structure and mechanisation of the methodical procedures that manage the acquisition, processing, and access to information.",No approved automatic normalization match.
ESCO|esco_skills|http://data.europa.eu/esco/skill/0823ccef-813f-4f22-afef-ac0d68615e8f,ESCO,1.2.1,knowledge,esco_skills,http://data.europa.eu/esco/skill/0823ccef-813f-4f22-afef-ac0d68615e8f,computer simulation,cross-sector,"A programme run on a computer that represents dynamic responses of a system to explore a mathematical model behaviour, using a model of a real system, composed of mathematical equations.",No approved automatic normalization match.
ESCO|esco_skills|http://data.europa.eu/esco/skill/ddc3119d-1d6e-4324-9125-a3380d299ac5,ESCO,1.2.1,knowledge,esco_skills,http://data.europa.eu/esco/skill/ddc3119d-1d6e-4324-9125-a3380d299ac5,computer technology,cross-sector,"Computers, computer networks and other information technologies and equipment that can store, retrieve, transmit and manipulate data.",No approved automatic normalization match.
ESCO|esco_skills|http://data.europa.eu/esco/skill/cc173f61-3386-44c5-a048-3889e1ec9114,ESCO,1.2.1,knowledge,esco_skills,http://data.europa.eu/esco/skill/cc173f61-3386-44c5-a048-3889e1ec9114,construction methods,cross-sector,The various techniques and methods for erecting buildings and other constructions.,No approved automatic normalization match.
ESCO|esco_skills|http://data.europa.eu/esco/skill/5ac07f1a-6436-4103-b891-c59a7ac505f0,ESCO,1.2.1,knowledge,esco_skills,http://data.europa.eu/esco/skill/5ac07f1a-6436-4103-b891-c59a7ac505f0,construction products,sector-specific,"The offered construction materials, their functionalities, properties and legal and regulatory requirements.",No approved automatic normalization match.
ESCO|esco_skills|http://data.europa.eu/esco/skill/38788a64-6271-40ff-9e0b-5644c38322ff,ESCO,1.2.1,knowledge,esco_skills,http://data.europa.eu/esco/skill/38788a64-6271-40ff-9e0b-5644c38322ff,consultation methods,sector-specific,"Techniques used to facilitate clear and open communication and the provision of advice between individuals, communities or the government, such as discussion groups or one-on-one interviews.",No approved automatic normalization match.
ESCO|esco_skills|http://data.europa.eu/esco/skill/0dd4d328-f015-463d-9a7e-06b7041f0b26,ESCO,1.2.1,knowledge,esco_skills,http://data.europa.eu/esco/skill/0dd4d328-f015-463d-9a7e-06b7041f0b26,consumer goods industry,cross-sector,"The consumer goods industry refers to a concrete economic sector that produce and sell goods to consumers for they direct consumption, enjoyment or use. Industry that covers a wide range of activities whose target is the final consumption of products by households. It includes food production, clothing and leather, electronics, and household equipment, among other sectors.",No approved automatic normalization match.
ESCO|esco_skills|http://data.europa.eu/esco/skill/b0560439-14eb-41d1-aa53-1938efc24123,ESCO,1.2.1,knowledge,esco_skills,http://data.europa.eu/esco/skill/b0560439-14eb-41d1-aa53-1938efc24123,content marketing strategy,cross-sector,The process of creation and share of media and publishing content in order to acquire customers.,No approved automatic normalization match.
ESCO|esco_skills|http://data.europa.eu/esco/skill/0550431f-9c8b-4204-9c45-59bc5feacf06,ESCO,1.2.1,knowledge,esco_skills,http://data.europa.eu/esco/skill/0550431f-9c8b-4204-9c45-59bc5feacf06,continuous improvement philosophies,cross-sector,"Underlying ideas of quality management systems. Implementation process of lean manufacturing, Kanban, Kaizen, Total Quality Management (TQM) and other continuous improvement systems.",No approved automatic normalization match.
ESCO|esco_skills|http://data.europa.eu/esco/skill/e3bcd26a-d16d-4f60-ae65-d41364931551,ESCO,1.2.1,knowledge,esco_skills,http://data.europa.eu/esco/skill/e3bcd26a-d16d-4f60-ae65-d41364931551,continuum mechanics,sector-specific,The study of the behaviour of materials disregarding their specific nature. It aims to create mathematical models to predict this behaviour particularly in relation to material deformation and motion.,No approved automatic normalization match.
ESCO|esco_skills|http://data.europa.eu/esco/skill/e2103a1d-4a84-47a9-b4f7-774787573449,ESCO,1.2.1,knowledge,esco_skills,http://data.europa.eu/esco/skill/e2103a1d-4a84-47a9-b4f7-774787573449,copyright legislation,cross-sector,"Legislation describing the protection of the rights of original authors over their work, and how others can use it.",No approved automatic normalization match.
ESCO|esco_skills|http://data.europa.eu/esco/skill/d77d7685-04fb-43a4-a1ac-09a10811f646,ESCO,1.2.1,knowledge,esco_skills,http://data.europa.eu/esco/skill/d77d7685-04fb-43a4-a1ac-09a10811f646,corporate law,cross-sector,"The legal rules that govern how corporate stakeholders (such as shareholders, employees, directors, consumers, etc) interact with one another, and the responsibilities corporations have to their stakeholders.",No approved automatic normalization match.
ESCO|esco_skills|http://data.europa.eu/esco/skill/7d35602d-bc94-4975-aa7c-f4e8e05ce8e0,ESCO,1.2.1,knowledge,esco_skills,http://data.europa.eu/esco/skill/7d35602d-bc94-4975-aa7c-f4e8e05ce8e0,cost management,sector-specific,"The process of planning, monitoring and adjusting the expenses and revenues of a business in order to achieve cost efficiency and capability.",No approved automatic normalization match.
ESCO|esco_skills|http://data.europa.eu/esco/skill/e5d1f825-60ed-4bdd-872a-e748c387f777,ESCO,1.2.1,knowledge,esco_skills,http://data.europa.eu/esco/skill/e5d1f825-60ed-4bdd-872a-e748c387f777,CSS,sector-specific,"The computer language CSS is a style sheet language that conveys the presentation of structured documents. These documents have to adhere to style sheets, a set of stylistic rules such as font, color and layout.",No approved automatic normalization match.
ESCO|esco_skills|http://data.europa.eu/esco/skill/05fc6f8d-639c-4329-a6de-dfdd800ed091,ESCO,1.2.1,knowledge,esco_skills,http://data.europa.eu/esco/skill/05fc6f8d-639c-4329-a6de-dfdd800ed091,customer insight,sector-specific,"The marketing concept referring to the deep understanding of the customer's motivations, behaviours, beliefs, preferences, and values that help understand the reasons why the way they do. This information is then useful for commercial purposes.",No approved automatic normalization match.
ESCO|esco_skills|http://data.europa.eu/esco/skill/136e0cab-0b19-48f7-9086-745d615f416b,ESCO,1.2.1,knowledge,esco_skills,http://data.europa.eu/esco/skill/136e0cab-0b19-48f7-9086-745d615f416b,customer segmentation,cross-sector,The process whereby a target market is divided into specific sets of consumers for further market analysis.,No approved automatic normalization match.
ESCO|esco_skills|http://data.europa.eu/esco/skill/15a33d76-4640-438d-ae64-fdc0c1d3eebc,ESCO,1.2.1,knowledge,esco_skills,http://data.europa.eu/esco/skill/15a33d76-4640-438d-ae64-fdc0c1d3eebc,customer service,sector-specific,"Processes and principles related to the customer, client, service user and to personal services; these may include procedures to evaluate customer's or service user's satisfaction.",No approved automatic normalization match.
ESCO|esco_skills|http://data.europa.eu/esco/skill/5898d99a-62a4-4e10-a2e3-0d815ce44248,ESCO,1.2.1,knowledge,esco_skills,http://data.europa.eu/esco/skill/5898d99a-62a4-4e10-a2e3-0d815ce44248,cyber attack counter-measures,sector-specific,"Methods, technologies and techniques used to defend (detect, monitor and recover) against cyber attacks. These cyber attacks include several attack vectors such as malware, denial of service (DoS) attacks and phishing. Intrusion prevention systems (IPS), firewall, antivirus, intrusion detection systems (IDS), cybersecurity training, backup, Information Security Management System (ISM), multi-factor authentication and employ awareness, are some examples of the methods used.",No approved automatic normalization match.
ESCO|esco_skills|http://data.europa.eu/esco/skill/8088750d-8388-4170-a76f-48354c469c44,ESCO,1.2.1,knowledge,esco_skills,http://data.europa.eu/esco/skill/8088750d-8388-4170-a76f-48354c469c44,cyber security,sector-specific,"The methods and best practices that protect ICT systems, networks, computers, devices, services, processes and people against unauthorised access, modification and/or denial of service of assets.",No approved automatic normalization match.
ESCO|esco_skills|http://data.europa.eu/esco/skill/97bd1c21-66b2-4b7e-ad0f-e3cda590e378,ESCO,1.2.1,knowledge,esco_skills,http://data.europa.eu/esco/skill/97bd1c21-66b2-4b7e-ad0f-e3cda590e378,data analytics,cross-sector,The science of analysing and making decisions based on raw data collected from various sources. Includes knowledge of techniques using algorithms that derive insights or trends from that data to support decision-making processes.,No approved automatic normalization match.
ESCO|esco_skills|http://data.europa.eu/esco/skill/48db96bf-3314-45c6-bad8-fdb6e20e5639,ESCO,1.2.1,knowledge,esco_skills,http://data.europa.eu/esco/skill/48db96bf-3314-45c6-bad8-fdb6e20e5639,data engineering,cross-sector,The process of developing and constructing systems for implementing data collection and analysis at large scale.,No approved automatic normalization match.
ESCO|esco_skills|http://data.europa.eu/esco/skill/e9575f7f-053a-439e-8074-f93df3334e92,ESCO,1.2.1,knowledge,esco_skills,http://data.europa.eu/esco/skill/e9575f7f-053a-439e-8074-f93df3334e92,data ethics,cross-sector,"The subfield of ethics that assess whether data practices are considerable ethical. It assesses processes such as collecting, analysing and disseminating structured and unstructured data that might negatively impact the society.",No approved automatic normalization match.
ESCO|esco_skills|http://data.europa.eu/esco/skill/25f0ea33-b4a2-4f31-b7b4-7d20e827b180,ESCO,1.2.1,knowledge,esco_skills,http://data.europa.eu/esco/skill/25f0ea33-b4a2-4f31-b7b4-7d20e827b180,data mining,sector-specific,"The methods of artificial intelligence, machine learning, statistics and databases used to extract content from a dataset.",No approved automatic normalization match.
ESCO|esco_skills|http://data.europa.eu/esco/skill/fecf8a0d-62c4-4e71-9b03-0f4fc2ad7bf5,ESCO,1.2.1,knowledge,esco_skills,http://data.europa.eu/esco/skill/fecf8a0d-62c4-4e71-9b03-0f4fc2ad7bf5,data models,sector-specific,"The techniques and existing systems used for structuring data elements and showing relationships between them, as well as methods for interpreting the data structures and relationships.",No approved automatic normalization match.
ESCO|esco_skills|http://data.europa.eu/esco/skill/cc7370dd-69fa-4c67-a96f-d4d135d38700,ESCO,1.2.1,knowledge,esco_skills,http://data.europa.eu/esco/skill/cc7370dd-69fa-4c67-a96f-d4d135d38700,data quality assessment,sector-specific,"The process of revealing data issues using ​quality indicators, measures and metrics in order to plan data cleansing and data enrichment strategies according to data quality criteria.",No approved automatic normalization match.
ESCO|esco_skills|http://data.europa.eu/esco/skill/edebd83d-35f6-4ed5-a940-6c203d178c01,ESCO,1.2.1,knowledge,esco_skills,http://data.europa.eu/esco/skill/edebd83d-35f6-4ed5-a940-6c203d178c01,data science,cross-sector,The field of study that deals with big amount of data using AI techniques such as machine learning algorithms to predict patterns and obtain useful information to make business decisions.,No approved automatic normalization match.
ESCO|esco_skills|http://data.europa.eu/esco/skill/a7f0fbe0-c546-4f30-8e41-34a58c64567e,ESCO,1.2.1,knowledge,esco_skills,http://data.europa.eu/esco/skill/a7f0fbe0-c546-4f30-8e41-34a58c64567e,data storage,sector-specific,"The physical and technical concepts of how digital data storage is organised in specific schemes both locally, such as hard-drives and random-access memories (RAM) and remotely, via network, internet or cloud.",No approved automatic normalization match.
ESCO|esco_skills|http://data.europa.eu/esco/skill/65e58886-bd1e-4c5b-8ca5-8d9b353c8aa1,ESCO,1.2.1,knowledge,esco_skills,http://data.europa.eu/esco/skill/65e58886-bd1e-4c5b-8ca5-8d9b353c8aa1,data visualisation software,cross-sector,"A computer tool or application that creates a graphical and visual representation of data, allowing a better understanding and interpretation of complex data through visual elements such as maps, charts, infographics or graphs.",No approved automatic normalization match.
ESCO|esco_skills|http://data.europa.eu/esco/skill/3ec2e4d6-7000-4905-bf1a-c5b1679416de,ESCO,1.2.1,knowledge,esco_skills,http://data.europa.eu/esco/skill/3ec2e4d6-7000-4905-bf1a-c5b1679416de,data warehouse,occupation-specific,The data storage system that analyses and reports on data such as a data mart.,No approved automatic normalization match.
ESCO|esco_skills|http://data.europa.eu/esco/skill/43ae58b9-5e56-4524-b45a-b422777a0576,ESCO,1.2.1,knowledge,esco_skills,http://data.europa.eu/esco/skill/43ae58b9-5e56-4524-b45a-b422777a0576,database,cross-sector,"The classification of databases, that includes their purpose, characteristics, terminology, models and use such as XML databases, document-oriented databases and full text databases.",No approved automatic normalization match.
ESCO|esco_skills|http://data.europa.eu/esco/skill/9ef0f3a0-9ce2-4ef1-a987-0366b5cb2dbe,ESCO,1.2.1,knowledge,esco_skills,http://data.europa.eu/esco/skill/9ef0f3a0-9ce2-4ef1-a987-0366b5cb2dbe,database development tools,sector-specific,"The methodologies and tools used for creating logical and physical structure of databases, such as logical data structures, diagrams, modelling methodologies and entity-relationships.",No approved automatic normalization match.
ESCO|esco_skills|http://data.europa.eu/esco/skill/ab1e97ed-2319-4293-a8b7-072d2648822f,ESCO,1.2.1,knowledge,esco_skills,http://data.europa.eu/esco/skill/ab1e97ed-2319-4293-a8b7-072d2648822f,database management systems,sector-specific,"The tools for creating, updating and managing databases, such as Oracle, MySQL and Microsoft SQL Server.",No approved automatic normalization match.
ESCO|esco_skills|http://data.europa.eu/esco/skill/3cee858e-79e8-4a4b-b99f-93c7f735d58b,ESCO,1.2.1,knowledge,esco_skills,http://data.europa.eu/esco/skill/3cee858e-79e8-4a4b-b99f-93c7f735d58b,DB2,sector-specific,"The computer program IBM DB2 is a tool for creating, updating and managing databases, developed by the software company IBM.",No approved automatic normalization match.
ESCO|esco_skills|http://data.europa.eu/esco/skill/3ce1fe19-7f9e-4070-941d-651673a5693b,ESCO,1.2.1,knowledge,esco_skills,http://data.europa.eu/esco/skill/3ce1fe19-7f9e-4070-941d-651673a5693b,decision support systems,sector-specific,The ICT systems that can be used to support business or organisational decision making.,No approved automatic normalization match.
ESCO|esco_skills|http://data.europa.eu/esco/skill/17924c75-45f4-4593-afac-eea0d51f04b5,ESCO,1.2.1,knowledge,esco_skills,http://data.europa.eu/esco/skill/17924c75-45f4-4593-afac-eea0d51f04b5,defence standard procedures,sector-specific,"Methods and procedures typical for defence applications such as the NATO Standardization Agreements or STANAGs
Standard definitions of the processes, procedures, terms, and conditions for common military or technical procedures or equipment. Guidelines for capability planners, programme managers and test managers to prescribe the necessary technical standards and profiles to achieve interoperability of Communications and Information Systems.",No approved automatic normalization match.
ESCO|esco_skills|http://data.europa.eu/esco/skill/c94dd931-f568-48e2-9a1c-922f1ce21f67,ESCO,1.2.1,knowledge,esco_skills,http://data.europa.eu/esco/skill/c94dd931-f568-48e2-9a1c-922f1ce21f67,demography,cross-sector,"The scientific field of study that deals with studying the size, structure, and distribution of the human population, and its geographical and temporal changes.",No approved automatic normalization match.
ESCO|esco_skills|http://data.europa.eu/esco/skill/64be6a06-52e8-4f5c-b64d-caa516cfa291,ESCO,1.2.1,knowledge,esco_skills,http://data.europa.eu/esco/skill/64be6a06-52e8-4f5c-b64d-caa516cfa291,depreciation,sector-specific,The accounting method of dividing the value of an asset over its useful life for the allocation of cost per fiscal year and in parallel to decrease the value of the asset from the accounts of the company.,No approved automatic normalization match.
ESCO|esco_skills|http://data.europa.eu/esco/skill/3c333552-8d89-43f5-90bd-856e15bec433,ESCO,1.2.1,knowledge,esco_skills,http://data.europa.eu/esco/skill/3c333552-8d89-43f5-90bd-856e15bec433,design drawings,cross-sector,"The drawings detailing the design of products, tools, and engineering systems.",No approved automatic normalization match.
ESCO|esco_skills|http://data.europa.eu/esco/skill/33a0a2ea-025e-4107-8717-39ac45b3b78c,ESCO,1.2.1,knowledge,esco_skills,http://data.europa.eu/esco/skill/33a0a2ea-025e-4107-8717-39ac45b3b78c,design management,sector-specific,"The way in which design principles are incorporated to help achieve business objectives, create products and services, obtain new customers, and support marketing activities.",No approved automatic normalization match.
ESCO|esco_skills|http://data.europa.eu/esco/skill/4c58528e-bdaa-43ad-8f5a-8ad0b8cd4bbb,ESCO,1.2.1,knowledge,esco_skills,http://data.europa.eu/esco/skill/4c58528e-bdaa-43ad-8f5a-8ad0b8cd4bbb,design principles,cross-sector,"The elements used in design such as unity, scale, proportion, balance, symmetry, space, form, texture, colour, light, shade and congruence and their application into practice.",No approved automatic normalization match.
ESCO|esco_skills|http://data.europa.eu/esco/skill/c46cf6f9-8b1e-44b9-a529-f5774c9167dd,ESCO,1.2.1,knowledge,esco_skills,http://data.europa.eu/esco/skill/c46cf6f9-8b1e-44b9-a529-f5774c9167dd,desktop publishing,cross-sector,The creation of documents using page layout skills on a computer. Desktop publishing software can generate layouts and produce typographic quality text and images.,No approved automatic normalization match.
ESCO|esco_skills|http://data.europa.eu/esco/skill/f0de4973-0a70-4644-8fd4-3a97080476f4,ESCO,1.2.1,knowledge,esco_skills,http://data.europa.eu/esco/skill/f0de4973-0a70-4644-8fd4-3a97080476f4,DevOps,sector-specific,The DevOps development approach is a methodology to design software systems and applications focused on the collaboration and between software programmers and other ICT professionals and automation.,No approved automatic normalization match.
ESCO|esco_skills|http://data.europa.eu/esco/skill/f190355a-cea5-4cd0-b6cd-a5c3d9a14985,ESCO,1.2.1,knowledge,esco_skills,http://data.europa.eu/esco/skill/f190355a-cea5-4cd0-b6cd-a5c3d9a14985,dietetics,sector-specific,The human nutrition and dietary modification for optimising health in clinical or other environments. The role of nutrition in promoting health and preventing illness across the life spectrum.,No approved automatic normalization match.
ESCO|esco_skills|http://data.europa.eu/esco/skill/3cc1ee94-ab2c-4f35-8171-3cf4b5b664e4,ESCO,1.2.1,knowledge,esco_skills,http://data.europa.eu/esco/skill/3cc1ee94-ab2c-4f35-8171-3cf4b5b664e4,digital compositing,cross-sector,"The process and software for digitally assembling multiple images to make one, final image.",No approved automatic normalization match.
ESCO|esco_skills|http://data.europa.eu/esco/skill/8f6ed69b-29d0-4c01-81ba-f05920a185f3,ESCO,1.2.1,knowledge,esco_skills,http://data.europa.eu/esco/skill/8f6ed69b-29d0-4c01-81ba-f05920a185f3,digital curation,occupation-specific,"The field that deals with maintaining, preserving and adding value to digital research.",No approved automatic normalization match.
ESCO|esco_skills|http://data.europa.eu/esco/skill/43dfbe7f-9e10-4871-b171-e5076737b4cf,ESCO,1.2.1,knowledge,esco_skills,http://data.europa.eu/esco/skill/43dfbe7f-9e10-4871-b171-e5076737b4cf,digital marketing techniques,sector-specific,"The marketing techniques used on the web to reach and engage with stakeholders, customers and clients.",No approved automatic normalization match.
ESCO|esco_skills|http://data.europa.eu/esco/skill/a88da605-095f-4a4f-be1c-d1444df8228a,ESCO,1.2.1,knowledge,esco_skills,http://data.europa.eu/esco/skill/a88da605-095f-4a4f-be1c-d1444df8228a,digital media,cross-sector,The set of medias that are transmitted through electronic devices.,No approved automatic normalization match.
ESCO|esco_skills|http://data.europa.eu/esco/skill/397da142-ab35-48fe-b154-7c38f447adfb,ESCO,1.2.1,knowledge,esco_skills,http://data.europa.eu/esco/skill/397da142-ab35-48fe-b154-7c38f447adfb,digital systems,cross-sector,"Systems to store, process and spread information in digital form. They are hardware, software and networks, as well as the ways in which these can be employed.",No approved automatic normalization match.
ESCO|esco_skills|http://data.europa.eu/esco/skill/aa0d8201-5a8e-417f-81f4-c04601139582,ESCO,1.2.1,knowledge,esco_skills,http://data.europa.eu/esco/skill/aa0d8201-5a8e-417f-81f4-c04601139582,digitization,cross-sector,The process of transforming an object from its analogical form to a digital format. It creates a digital representation of the object without making in-kind changes to it.,No approved automatic normalization match.
ESCO|esco_skills|http://data.europa.eu/esco/skill/54411e8e-d62f-46d8-b87b-fce23f8e3bc8,ESCO,1.2.1,knowledge,esco_skills,http://data.europa.eu/esco/skill/54411e8e-d62f-46d8-b87b-fce23f8e3bc8,disability care,sector-specific,"The specific methods and practices used in providing care to people with physical, intellectual and learning disabilities.",No approved automatic normalization match.
ESCO|esco_skills|http://data.europa.eu/esco/skill/f1bc8d78-3310-4a91-aec7-a20df9146dd2,ESCO,1.2.1,knowledge,esco_skills,http://data.europa.eu/esco/skill/f1bc8d78-3310-4a91-aec7-a20df9146dd2,disorders affecting self-awareness,sector-specific,The consciousness process related to various medical disorders and illnesses and its manifestation and treatment options.,No approved automatic normalization match.
ESCO|esco_skills|http://data.europa.eu/esco/skill/ea1bf5e5-e7f0-4d2c-a415-1c39c00512b1,ESCO,1.2.1,knowledge,esco_skills,http://data.europa.eu/esco/skill/ea1bf5e5-e7f0-4d2c-a415-1c39c00512b1,document management,sector-specific,"The methodology of tracking, managing and storing documents in a systematic and organised manner as well as keeping a record of the versions created and modified by specific users (history tracking).",No approved automatic normalization match.
ESCO|esco_skills|http://data.europa.eu/esco/skill/327d15c8-29ff-4ad4-a4fe-6536d777a45f,ESCO,1.2.1,knowledge,esco_skills,http://data.europa.eu/esco/skill/327d15c8-29ff-4ad4-a4fe-6536d777a45f,documentation types,sector-specific,The characteristics of internal and external documentation types aligned with the product life cycle and their specific content types.,No approved automatic normalization match.
ESCO|esco_skills|http://data.europa.eu/esco/skill/071233c4-ad2b-4f50-b79f-768d2231163e,ESCO,1.2.1,knowledge,esco_skills,http://data.europa.eu/esco/skill/071233c4-ad2b-4f50-b79f-768d2231163e,domain name service,sector-specific,Naming database which maps internet domain names to Internet Protocol (IP) addresses. The Domain Name System allows internet users to utilise names such as website titles instead of remembering numeric IP addresses used by computers to locate a concrete website.,No approved automatic normalization match.
ESCO|esco_skills|http://data.europa.eu/esco/skill/ab1cb4c3-8a39-4e26-aa53-6e0680eb08dc,ESCO,1.2.1,knowledge,esco_skills,http://data.europa.eu/esco/skill/ab1cb4c3-8a39-4e26-aa53-6e0680eb08dc,domestic cooling systems,sector-specific,"The modern and traditional cooling systems such as air conditioning, ventilation, or radiant cooling, and their energy saving principles.",No approved automatic normalization match.
ESCO|esco_skills|http://data.europa.eu/esco/skill/1de3942b-99d8-41e8-9ef0-fbc9e9f6307b,ESCO,1.2.1,knowledge,esco_skills,http://data.europa.eu/esco/skill/1de3942b-99d8-41e8-9ef0-fbc9e9f6307b,Drupal,sector-specific,"The open-source web-based software system written in PHP, used for creating, editing, publishing and archiving blogs, articles, web pages or press releases, which requires a higher level of technical understanding of HTML, CSS and PHP.",No approved automatic normalization match.
ESCO|esco_skills|http://data.europa.eu/esco/skill/b1272de4-1f5f-408b-8b26-061f2550fc72,ESCO,1.2.1,knowledge,esco_skills,http://data.europa.eu/esco/skill/b1272de4-1f5f-408b-8b26-061f2550fc72,e-commerce systems,sector-specific,"Basic digital architecture and commercial transactions for trading products or services conducted via Internet, e-mail, mobile devices, social media, etc.",No approved automatic normalization match.
ESCO|esco_skills|http://data.europa.eu/esco/skill/6b6a9252-2ed7-4862-a02f-1578f4a532ea,ESCO,1.2.1,knowledge,esco_skills,http://data.europa.eu/esco/skill/6b6a9252-2ed7-4862-a02f-1578f4a532ea,Eclipse (integrated development environment software),sector-specific,"The computer program Eclipse is a suite of software development tools for writing programs, such as compiler, debugger, code editor, code highlights, packaged in a unified user interface. It is developed by the Eclipse Foundation.",No approved automatic normalization match.
ESCO|esco_skills|http://data.europa.eu/esco/skill/57869946-cec2-4121-981c-84c9846c58d0,ESCO,1.2.1,knowledge,esco_skills,http://data.europa.eu/esco/skill/57869946-cec2-4121-981c-84c9846c58d0,electric current,cross-sector,"Flow of electric charge, carried by electrons or ions in a medium such as an electrolyte or a plasma.",No approved automatic normalization match.
ESCO|esco_skills|http://data.europa.eu/esco/skill/b979d9ae-37c2-4d1f-b8b8-7539f913cb19,ESCO,1.2.1,knowledge,esco_skills,http://data.europa.eu/esco/skill/b979d9ae-37c2-4d1f-b8b8-7539f913cb19,electric drives,sector-specific,Electromechanical systems that utilise electric motors to control the movement and processes of electrical machinery.,No approved automatic normalization match.
ESCO|esco_skills|http://data.europa.eu/esco/skill/c8c18b8d-a813-49f8-a702-689564dcf8b2,ESCO,1.2.1,knowledge,esco_skills,http://data.europa.eu/esco/skill/c8c18b8d-a813-49f8-a702-689564dcf8b2,electric generators,cross-sector,"The principles and operations of devices that can convert mechanical energy into electrical energy, such as dynamos and alternators, rotors, stators, armatures, and fields.",No approved automatic normalization match.
ESCO|esco_skills|http://data.europa.eu/esco/skill/2bc626f8-32ce-4131-9f65-c52929d55a95,ESCO,1.2.1,knowledge,esco_skills,http://data.europa.eu/esco/skill/2bc626f8-32ce-4131-9f65-c52929d55a95,electric heating systems,sector-specific,"Electric heating systems contribute to indoor comfort and energy saving under the right conditions (low frequency use, or very highly insulated buildings). They include InfraRed and electric floor/wall heating.",No approved automatic normalization match.
ESCO|esco_skills|http://data.europa.eu/esco/skill/2e55bf22-45f2-43f6-8aa0-28894263313d,ESCO,1.2.1,knowledge,esco_skills,http://data.europa.eu/esco/skill/2e55bf22-45f2-43f6-8aa0-28894263313d,electric motors,sector-specific,Motors which are able to convert electrical energy into mechanical energy.,No approved automatic normalization match.
ESCO|esco_skills|http://data.europa.eu/esco/skill/3e40c7d0-0e36-4b33-bc33-0aa87eda0561,ESCO,1.2.1,knowledge,esco_skills,http://data.europa.eu/esco/skill/3e40c7d0-0e36-4b33-bc33-0aa87eda0561,electrical engineering,cross-sector,"The field of engineering that deals with the study and application of electricity, electronics, and electromagnetism.",No approved automatic normalization match.
ESCO|esco_skills|http://data.europa.eu/esco/skill/e5ad0cce-e3d5-4c60-8504-5d1c7e3b55b9,ESCO,1.2.1,knowledge,esco_skills,http://data.europa.eu/esco/skill/e5ad0cce-e3d5-4c60-8504-5d1c7e3b55b9,electrical equipment components,sector-specific,"The essential components of a certain electrical product, such as electrical wires, circuit breakers, and switches.",No approved automatic normalization match.
ESCO|esco_skills|http://data.europa.eu/esco/skill/2aff3316-15b8-4ca1-8ae2-270bd5fd22e1,ESCO,1.2.1,knowledge,esco_skills,http://data.europa.eu/esco/skill/2aff3316-15b8-4ca1-8ae2-270bd5fd22e1,electrical equipment regulations,cross-sector,"The national and international regulations with regards to the use and manufacture of electrical equipment on the workfloor. These regulations provide rules and guidelines on topics such as general risk management, electrical equipment manufacture, electrical equipment testing, electrical equipment installation, warning labels, and certificates.",No approved automatic normalization match.
ESCO|esco_skills|http://data.europa.eu/esco/skill/722be5b6-9492-46da-aeef-ddd880fdceb1,ESCO,1.2.1,knowledge,esco_skills,http://data.europa.eu/esco/skill/722be5b6-9492-46da-aeef-ddd880fdceb1,electrical instrumentation engineering,sector-specific,"The way in which electrical and instrumentation engineering (E and I engineering) modernises the production infrastructure from design to preparation of execution phase and the execution phase itself followed by the after-sales services, improvements obtain by using the electrical and instrumentation engineering.",No approved automatic normalization match.
ESCO|esco_skills|http://data.europa.eu/esco/skill/f0ab5d57-4be7-411b-afce-b4a76a142302,ESCO,1.2.1,knowledge,esco_skills,http://data.europa.eu/esco/skill/f0ab5d57-4be7-411b-afce-b4a76a142302,electrical machines,cross-sector,"Electrical apparatus that are able to convert mechanical energy to electrical energy (generators), electrical energy to mechanical energy (motors), and change the voltage level of an AC or alternating current (transformers).",No approved automatic normalization match.
ESCO|esco_skills|http://data.europa.eu/esco/skill/c8bd9f9f-0ec6-447a-ab78-ad6eeeed9aa8,ESCO,1.2.1,knowledge,esco_skills,http://data.europa.eu/esco/skill/c8bd9f9f-0ec6-447a-ab78-ad6eeeed9aa8,electrical testing methods,cross-sector,"Test procedures performed on electrical equipment and machinery in order to check the performance and quality of the electrical equipment and their adherence to specifications. During these tests electrical properties, such as voltage, current, resistance, capacitance, and inductance, are measured using electrical measuring equipment, such as multimeters, oscilloscopes, and voltmeters.",No approved automatic normalization match.
ESCO|esco_skills|http://data.europa.eu/esco/skill/ed291aa0-8b2f-4179-b2f7-540ea6f63bf3,ESCO,1.2.1,knowledge,esco_skills,http://data.europa.eu/esco/skill/ed291aa0-8b2f-4179-b2f7-540ea6f63bf3,electrical wiring diagrams,cross-sector,"The visual schematic representation of an electrical circuit, its components, and the connections between these components.",No approved automatic normalization match.
ESCO|esco_skills|http://data.europa.eu/esco/skill/d15e92c4-c8dc-48cd-a1f6-94fe13347f87,ESCO,1.2.1,knowledge,esco_skills,http://data.europa.eu/esco/skill/d15e92c4-c8dc-48cd-a1f6-94fe13347f87,electrical wiring plans,cross-sector,"Pictorial representation of an electrical circuit. It shows the components of the circuit as simplified shapes, and the power and signal connections between the devices. It gives information about the relative position and arrangement of devices and terminals on the devices, to help in building or servicing the device. A wiring diagram is often used to troubleshoot problems and to make sure that all the connections have been made and that everything is present.",No approved automatic normalization match.
ESCO|esco_skills|http://data.europa.eu/esco/skill/c8ac1986-38fa-43b2-89dc-50a4beeb420e,ESCO,1.2.1,knowledge,esco_skills,http://data.europa.eu/esco/skill/c8ac1986-38fa-43b2-89dc-50a4beeb420e,electricity,cross-sector,"The principles of electricity and electrical power circuits, as well as the associated risks.",No approved automatic normalization match.
ESCO|esco_skills|http://data.europa.eu/esco/skill/21c27eba-bd1f-42f5-a1d5-c250227030f7,ESCO,1.2.1,knowledge,esco_skills,http://data.europa.eu/esco/skill/21c27eba-bd1f-42f5-a1d5-c250227030f7,electricity consumption,cross-sector,"The different factors which are involved in the calculation and estimation of electricity consumption in a residence or facility, and methods in which electricity consumption can be lowered or made more efficient.",No approved automatic normalization match.
ESCO|esco_skills|http://data.europa.eu/esco/skill/1fea0bc2-a6fa-4fe8-b36f-7a3194f8ed1c,ESCO,1.2.1,knowledge,esco_skills,http://data.europa.eu/esco/skill/1fea0bc2-a6fa-4fe8-b36f-7a3194f8ed1c,electricity principles,cross-sector,"Electricity is created when electric current flows along a conductor. It entails the movement of free electrons between atoms. The more free electrons are present in a material, the better this material conducts. The three main parameters of electricity are the voltage, current (ampère), and resistance (ohm).",No approved automatic normalization match.
ESCO|esco_skills|http://data.europa.eu/esco/skill/c500f5d0-42d4-4341-904e-cd4ef2ff3181,ESCO,1.2.1,knowledge,esco_skills,http://data.europa.eu/esco/skill/c500f5d0-42d4-4341-904e-cd4ef2ff3181,electromagnetic spectrum,cross-sector,"The different electromagnetic wavelenghts or frequencies that are situated on the electromagnetic spectrum. Wavelenghts are divided in several categories according to their wavelength and energy level, starting from radio wavelenghts with a long wavelength and a low energy level, to microwaves, infrared, visible light, ultraviolet, X-rays, and finally Gamma-rays with a short wavelength and a high energy level.",No approved automatic normalization match.
ESCO|esco_skills|http://data.europa.eu/esco/skill/3edd4853-a8d2-4791-a5f0-af3a92f18245,ESCO,1.2.1,knowledge,esco_skills,http://data.europa.eu/esco/skill/3edd4853-a8d2-4791-a5f0-af3a92f18245,electromagnetism,sector-specific,The study of electromagnetic forces and the interaction between electric and magnetic fields. The interaction between electrically charged particles can create magnetic fields with a certain range or frequency and electricity can be produced by the changing of these magnetic fields.,No approved automatic normalization match.
ESCO|esco_skills|http://data.europa.eu/esco/skill/c3cad273-2cd4-4e4c-9d0a-4d7ed638fc36,ESCO,1.2.1,knowledge,esco_skills,http://data.europa.eu/esco/skill/c3cad273-2cd4-4e4c-9d0a-4d7ed638fc36,electromagnets,sector-specific,"Magnets in which magnetic fields are produced by electric current. By manipulating the electric current, the magnetic fields can be changed and manipulated as well, which allows more control than permanent non-electric magnets. Electromagnets are commonly used in electrical devices, such as loudspeakers, hard disks, MRI devices, and electric motors.",No approved automatic normalization match.
ESCO|esco_skills|http://data.europa.eu/esco/skill/2bbdea06-a265-42b5-bb4f-7241b661f069,ESCO,1.2.1,knowledge,esco_skills,http://data.europa.eu/esco/skill/2bbdea06-a265-42b5-bb4f-7241b661f069,electromechanics,cross-sector,The engineering processes that combine electrical and mechanical engineering in the application of electromechanics in devices that need electricity to create mechanical movement or devices that create electricity by mechanical movement.,No approved automatic normalization match.
ESCO|esco_skills|http://data.europa.eu/esco/skill/95c35c3a-035f-47c2-90cf-7e934d20fc08,ESCO,1.2.1,knowledge,esco_skills,http://data.europa.eu/esco/skill/95c35c3a-035f-47c2-90cf-7e934d20fc08,electronics,cross-sector,"The functioning of electronic circuit boards, processors, chips, and computer hardware and software, including programming and applications.",No approved automatic normalization match.
ESCO|esco_skills|http://data.europa.eu/esco/skill/28cd3cc4-5b92-47e6-9534-a0e1a4981103,ESCO,1.2.1,knowledge,esco_skills,http://data.europa.eu/esco/skill/28cd3cc4-5b92-47e6-9534-a0e1a4981103,emergency surgery,sector-specific,The characteristics and methods of a surgical intervention performed in emergency cases.,No approved automatic normalization match.
ESCO|esco_skills|http://data.europa.eu/esco/skill/f6ac6241-adb2-4ce2-b35f-09832cbb11ea,ESCO,1.2.1,knowledge,esco_skills,http://data.europa.eu/esco/skill/f6ac6241-adb2-4ce2-b35f-09832cbb11ea,empirical analysis,cross-sector,The evidence-based method that is used to analyse and interpret information with the aim of drawing conclusions about a specific issue.,No approved automatic normalization match.
ESCO|esco_skills|http://data.europa.eu/esco/skill/97b713f0-b9e8-4903-8dee-7e0b4019a1c0,ESCO,1.2.1,knowledge,esco_skills,http://data.europa.eu/esco/skill/97b713f0-b9e8-4903-8dee-7e0b4019a1c0,employment law,cross-sector,The law which mediates the relationship between employees and employers. It concerns employees' rights at work which are binding by the work contract.,No approved automatic normalization match.
ESCO|esco_skills|http://data.europa.eu/esco/skill/83fc0b2b-6cd2-46af-b1ff-d3fc83604c26,ESCO,1.2.1,knowledge,esco_skills,http://data.europa.eu/esco/skill/83fc0b2b-6cd2-46af-b1ff-d3fc83604c26,energy efficiency,sector-specific,"Field of information concerning the reduction of the use of energy. It encompasses calculating the consumption of energy, providing certificates and support measures, saving energy by reducing the demand, encouraging efficient use of fossil fuels, and promoting the use of renewable energy.",No approved automatic normalization match.
ESCO|esco_skills|http://data.europa.eu/esco/skill/4e09e2d2-e317-47d2-bf5e-1d6c66be3efc,ESCO,1.2.1,knowledge,esco_skills,http://data.europa.eu/esco/skill/4e09e2d2-e317-47d2-bf5e-1d6c66be3efc,energy performance of buildings,cross-sector,Factors that contribute to lower energy consumption of buildings. Building and renovation techniques used to achieve this. Legislation and procedures regarding energy performance of buildings.,No approved automatic normalization match.
ESCO|esco_skills|http://data.europa.eu/esco/skill/3c42d13b-d6e4-4ed9-bdc4-991251461dc4,ESCO,1.2.1,knowledge,esco_skills,http://data.europa.eu/esco/skill/3c42d13b-d6e4-4ed9-bdc4-991251461dc4,engineering control theory,sector-specific,The interdisciplinary branch of engineering that deals with the behaviour of dynamical systems with inputs and how their behaviour is modified by feedback.,No approved automatic normalization match.
ESCO|esco_skills|http://data.europa.eu/esco/skill/209a5498-3449-4689-8ed9-bd08cab4fd78,ESCO,1.2.1,knowledge,esco_skills,http://data.europa.eu/esco/skill/209a5498-3449-4689-8ed9-bd08cab4fd78,engineering principles,cross-sector,"The engineering elements like functionality, replicability, and costs in relation to the design and how they are applied in the completion of engineering projects.",No approved automatic normalization match.
ESCO|esco_skills|http://data.europa.eu/esco/skill/72a74f69-5cf1-43c5-99b9-62a444578919,ESCO,1.2.1,knowledge,esco_skills,http://data.europa.eu/esco/skill/72a74f69-5cf1-43c5-99b9-62a444578919,engineering processes,sector-specific,The systematic approach to the development and maintenance of engineering systems.,No approved automatic normalization match.
ESCO|esco_skills|http://data.europa.eu/esco/skill/b1b118c4-3291-484e-b64d-6d51fd5da8b3,ESCO,1.2.1,knowledge,esco_skills,http://data.europa.eu/esco/skill/b1b118c4-3291-484e-b64d-6d51fd5da8b3,environmental engineering,cross-sector,"The application of scientific and engineering theories and principles aimed at improving the environment and sustainability, such as the provision of clean habitation necessities (such as air, water, and land) for humans and other organisms, for environmental remediation in the event of pollution, sustainable energy development, and improved waste management and waste reduction methods.",No approved automatic normalization match.
ESCO|esco_skills|http://data.europa.eu/esco/skill/6f5850ea-5785-4e2c-b062-743066fd5bdb,ESCO,1.2.1,knowledge,esco_skills,http://data.europa.eu/esco/skill/6f5850ea-5785-4e2c-b062-743066fd5bdb,environmental legislation,cross-sector,The environmental policies and legislation applicable in a certain domain.,No approved automatic normalization match.
ESCO|esco_skills|http://data.europa.eu/esco/skill/081d7679-5070-4777-bece-a28c49f15636,ESCO,1.2.1,knowledge,esco_skills,http://data.europa.eu/esco/skill/081d7679-5070-4777-bece-a28c49f15636,environmental policy,cross-sector,"Local, national and international policies dealing with the promotion of environmental sustainability and the development of projects which reduce negative environmental impact and improve the state of the environment.",No approved automatic normalization match.
ESCO|esco_skills|http://data.europa.eu/esco/skill/fbdbed1c-442a-47b3-a26f-0e867d82bbea,ESCO,1.2.1,knowledge,esco_skills,http://data.europa.eu/esco/skill/fbdbed1c-442a-47b3-a26f-0e867d82bbea,ergonomics,cross-sector,"The science of designing systems, processes and products that complement the strengths of people so that they can use them easily and safely.",No approved automatic normalization match.
ESCO|esco_skills|http://data.europa.eu/esco/skill/034c29fa-c3ba-45ea-b8f3-bf8e3705e386,ESCO,1.2.1,knowledge,esco_skills,http://data.europa.eu/esco/skill/034c29fa-c3ba-45ea-b8f3-bf8e3705e386,Erlang,sector-specific,"The techniques and principles of software development, such as analysis, algorithms, coding, testing and compiling of programming paradigms in Erlang.",No approved automatic normalization match.
ESCO|esco_skills|http://data.europa.eu/esco/skill/0ffdb6ac-03b5-4f1c-bfcc-3d9cb874fdf9,ESCO,1.2.1,knowledge,esco_skills,http://data.europa.eu/esco/skill/0ffdb6ac-03b5-4f1c-bfcc-3d9cb874fdf9,ethical hacking principles,sector-specific,The set of actions that are carried out to detect vulnerabilities within a computerised system in order to improve security within an organisation. They aim to identify and address data breaches and threats in a network.,No approved automatic normalization match.
ESCO|esco_skills|http://data.europa.eu/esco/skill/cef5c0f8-1e40-4c09-b6a7-aa7811849e5d,ESCO,1.2.1,knowledge,esco_skills,http://data.europa.eu/esco/skill/cef5c0f8-1e40-4c09-b6a7-aa7811849e5d,ethics,cross-sector,"The philosophical study that deals with solving questions of human morality; it defines and systemises concepts such as right, wrong, and crime.",No approved automatic normalization match.
ESCO|esco_skills|http://data.europa.eu/esco/skill/b729d6bc-326b-46cd-aa63-ea280024b116,ESCO,1.2.1,knowledge,esco_skills,http://data.europa.eu/esco/skill/b729d6bc-326b-46cd-aa63-ea280024b116,evidence-based nursing care,occupation-specific,The nursing principles that require to apply quality decision-making and nursing care based on proven clinical expertise as well as the most recent research developments in the field.,No approved automatic normalization match.
ESCO|esco_skills|http://data.europa.eu/esco/skill/50a382c6-e848-467d-b156-7a1a3610b522,ESCO,1.2.1,knowledge,esco_skills,http://data.europa.eu/esco/skill/50a382c6-e848-467d-b156-7a1a3610b522,evolution of economic forecasts,cross-sector,"The ecological and economical changes in society and the way these factors evolved during the past, present and future economic forecasts.",No approved automatic normalization match.
ESCO|esco_skills|http://data.europa.eu/esco/skill/b8eb2517-37d8-43e6-9856-9c29d5c51fde,ESCO,1.2.1,knowledge,esco_skills,http://data.europa.eu/esco/skill/b8eb2517-37d8-43e6-9856-9c29d5c51fde,Filemaker (database management systems),sector-specific,"The computer program FileMaker is a tool for creating, updating and managing databases, developed by the software company FileMaker Inc.",No approved automatic normalization match.
ESCO|esco_skills|http://data.europa.eu/esco/skill/493b20c2-c435-449a-896e-0af057c41fef,ESCO,1.2.1,knowledge,esco_skills,http://data.europa.eu/esco/skill/493b20c2-c435-449a-896e-0af057c41fef,film production process,sector-specific,"The various development stages of making a film, such as scriptwriting, financing, shooting, editing, and distribution.",No approved automatic normalization match.
ESCO|esco_skills|http://data.europa.eu/esco/skill/811bdb9d-5bf7-4b5a-a3f5-4fc2002f6d57,ESCO,1.2.1,knowledge,esco_skills,http://data.europa.eu/esco/skill/811bdb9d-5bf7-4b5a-a3f5-4fc2002f6d57,financial capability,cross-sector,"Financial operations such as calculations, cost estimations, budget management taking relevant commercial and statistical data into account such as data for materials, supplies and manpower.",No approved automatic normalization match.
ESCO|esco_skills|http://data.europa.eu/esco/skill/39e43f7c-a95e-4583-be76-bb134ccce1ae,ESCO,1.2.1,knowledge,esco_skills,http://data.europa.eu/esco/skill/39e43f7c-a95e-4583-be76-bb134ccce1ae,financial department processes,sector-specific,"The different processes, duties, jargon, role in an organisation, and other specificities of the financial department within an organisation. Understanding of financial statements, investments, disclosing policies, etc.",No approved automatic normalization match.
ESCO|esco_skills|http://data.europa.eu/esco/skill/4b2db903-cd8e-48ce-97fb-a92db4def54e,ESCO,1.2.1,knowledge,esco_skills,http://data.europa.eu/esco/skill/4b2db903-cd8e-48ce-97fb-a92db4def54e,financial forecasting,cross-sector,The tool used in performing fiscal financial management to identify revenue trends and estimated financial conditions.,No approved automatic normalization match.
ESCO|esco_skills|http://data.europa.eu/esco/skill/4a460161-eaea-4fe2-bd0e-164ccc635be1,ESCO,1.2.1,knowledge,esco_skills,http://data.europa.eu/esco/skill/4a460161-eaea-4fe2-bd0e-164ccc635be1,financial statements,cross-sector,"The set of financial records disclosing the financial position of a company at the end of a set period or of the accounting year. The financial statements consisting of five parts which are the statement of financial position, the statement of comprehensive income, the statement of changes in equity (SOCE), the statement of cash flows and notes.",No approved automatic normalization match.
ESCO|esco_skills|http://data.europa.eu/esco/skill/f7464f30-662b-4177-85a0-3df9693e9e58,ESCO,1.2.1,knowledge,esco_skills,http://data.europa.eu/esco/skill/f7464f30-662b-4177-85a0-3df9693e9e58,first aid,cross-sector,"The emergency treatment given to a sick or injured person in the case of circulatory and/or respiratory failure, unconsciousness, wounds, bleeding, shock or poisoning.",No approved automatic normalization match.
ESCO|esco_skills|http://data.europa.eu/esco/skill/87b1c959-236d-4761-b3be-b1c729497f75,ESCO,1.2.1,knowledge,esco_skills,http://data.europa.eu/esco/skill/87b1c959-236d-4761-b3be-b1c729497f75,fluid mechanics,cross-sector,"The characteristics and properties of fluids, including gases, liquids and plasmas, at rest and in motion, and the forces on them.",No approved automatic normalization match.
ESCO|esco_skills|http://data.europa.eu/esco/skill/541cdc23-1eec-4520-81fc-3392eaf538ed,ESCO,1.2.1,knowledge,esco_skills,http://data.europa.eu/esco/skill/541cdc23-1eec-4520-81fc-3392eaf538ed,fraud detection,cross-sector,The techniques used to identify fraudulous activities.,No approved automatic normalization match.
ESCO|esco_skills|http://data.europa.eu/esco/skill/8b0f73ff-d36b-4196-bb83-464c3a6ef07d,ESCO,1.2.1,knowledge,esco_skills,http://data.europa.eu/esco/skill/8b0f73ff-d36b-4196-bb83-464c3a6ef07d,game theory,cross-sector,"The study of mathematical models of strategic decisions among stakeholders. It has applications in all fields of social science, as well as in systems science, computer science and logic. Essential concepts are the Nash Equilibrium and the Prisoner's Dilemma.",No approved automatic normalization match.
ESCO|esco_skills|http://data.europa.eu/esco/skill/4f7b14d8-f09c-49f7-abae-231e8c210e07,ESCO,1.2.1,knowledge,esco_skills,http://data.europa.eu/esco/skill/4f7b14d8-f09c-49f7-abae-231e8c210e07,general medicine,cross-sector,General medicine is a medical specialty mentioned in the EU Directive 2005/36/EC.,No approved automatic normalization match.
ESCO|esco_skills|http://data.europa.eu/esco/skill/73777be0-65f2-48b6-a9a7-50066ee521bd,ESCO,1.2.1,knowledge,esco_skills,http://data.europa.eu/esco/skill/73777be0-65f2-48b6-a9a7-50066ee521bd,geochemistry,cross-sector,The scientific discipline that studies the presence and distribution of chemical elements in the geological systems of Earth.,No approved automatic normalization match.
ESCO|esco_skills|http://data.europa.eu/esco/skill/7d4e4636-f136-46f6-ae23-2a7639d6b861,ESCO,1.2.1,knowledge,esco_skills,http://data.europa.eu/esco/skill/7d4e4636-f136-46f6-ae23-2a7639d6b861,geodesy,cross-sector,"The scientific discipline that combines applied mathematics and earth sciences in order to measure and represent the Earth. It studies phenomena such as gravitational fields, polar motion, and tides.",No approved automatic normalization match.
ESCO|esco_skills|http://data.europa.eu/esco/skill/8bdd25f8-4b6e-40fe-a2cf-c1badc594114,ESCO,1.2.1,knowledge,esco_skills,http://data.europa.eu/esco/skill/8bdd25f8-4b6e-40fe-a2cf-c1badc594114,geology,cross-sector,"Solid earth, rock types, structures and the processes by which they are altered.",No approved automatic normalization match.
ESCO|esco_skills|http://data.europa.eu/esco/skill/023f4870-b417-4bd2-b0ae-78e61587c79f,ESCO,1.2.1,knowledge,esco_skills,http://data.europa.eu/esco/skill/023f4870-b417-4bd2-b0ae-78e61587c79f,geomatics,cross-sector,"The scientific discipline that studies gathering, storing, and processing geographic information.",No approved automatic normalization match.
ESCO|esco_skills|http://data.europa.eu/esco/skill/82fc3feb-752b-4d49-803d-c08a717917aa,ESCO,1.2.1,knowledge,esco_skills,http://data.europa.eu/esco/skill/82fc3feb-752b-4d49-803d-c08a717917aa,geophysics,cross-sector,"The scientific field that deals with the physical processes and properties of, and spatial environment surrounding Earth. Geophysics also deals with the quantitative analysis of phenomena such as magnetic fields, the internal structure of Earth, and its hydrological cycle.",No approved automatic normalization match.
ESCO|esco_skills|http://data.europa.eu/esco/skill/52c19dc8-651f-4095-98fe-dcb2799d702e,ESCO,1.2.1,knowledge,esco_skills,http://data.europa.eu/esco/skill/52c19dc8-651f-4095-98fe-dcb2799d702e,geriatrics,cross-sector,Geriatrics is a medical specialty mentioned in the EU Directive 2005/36/EC.,No approved automatic normalization match.
ESCO|esco_skills|http://data.europa.eu/esco/skill/4a466c62-db7d-4905-9a41-f23214810acb,ESCO,1.2.1,knowledge,esco_skills,http://data.europa.eu/esco/skill/4a466c62-db7d-4905-9a41-f23214810acb,GIMP (graphics editor software),sector-specific,The computer program GIMP is a graphical ICT tool which enables digital editing and composition of graphics to generate both 2D raster or 2D vector graphics. It is developed by The GIMP Development Team.,No approved automatic normalization match.
ESCO|esco_skills|http://data.europa.eu/esco/skill/2be699a7-416a-4f32-967c-4edc65027b71,ESCO,1.2.1,knowledge,esco_skills,http://data.europa.eu/esco/skill/2be699a7-416a-4f32-967c-4edc65027b71,government policy implementation,cross-sector,The procedures related to the application of government policies at all levels of public administration.,No approved automatic normalization match.
ESCO|esco_skills|http://data.europa.eu/esco/skill/7fb699d9-182a-430e-b7a0-6d8ed05c284b,ESCO,1.2.1,knowledge,esco_skills,http://data.europa.eu/esco/skill/7fb699d9-182a-430e-b7a0-6d8ed05c284b,graphic design,cross-sector,The techniques to create a visual representation of ideas and messages.,No approved automatic normalization match.
ESCO|esco_skills|http://data.europa.eu/esco/skill/a71577b2-7550-4222-88ee-dcbd2d881516,ESCO,1.2.1,knowledge,esco_skills,http://data.europa.eu/esco/skill/a71577b2-7550-4222-88ee-dcbd2d881516,graphics editor software,sector-specific,"The field of graphical ICT tools which enable digital editing and composition of graphics, such as GIMP, Adobe Photoshop and Adobe Illustrator, to develop both 2D raster or 2D vector graphics.",No approved automatic normalization match.
ESCO|esco_skills|http://data.europa.eu/esco/skill/97902800-f9e0-4a73-8826-6cc42f874a18,ESCO,1.2.1,knowledge,esco_skills,http://data.europa.eu/esco/skill/97902800-f9e0-4a73-8826-6cc42f874a18,green logistics,cross-sector,The approaches and activities aimed at minimising the ecological impact of logistics activities.,No approved automatic normalization match.
ESCO|esco_skills|http://data.europa.eu/esco/skill/52cf3037-ab53-4806-85ed-7fd21ea7f6a1,ESCO,1.2.1,knowledge,esco_skills,http://data.europa.eu/esco/skill/52cf3037-ab53-4806-85ed-7fd21ea7f6a1,Groovy,sector-specific,"The techniques and principles of software development, such as analysis, algorithms, coding, testing and compiling of programming paradigms in Groovy.",No approved automatic normalization match.
ESCO|esco_skills|http://data.europa.eu/esco/skill/e46291c7-52b9-4174-bd59-178884861038,ESCO,1.2.1,knowledge,esco_skills,http://data.europa.eu/esco/skill/e46291c7-52b9-4174-bd59-178884861038,Hadoop,sector-specific,"The open-source data storing, analysis and processing framework which consists mainly in the MapReduce and Hadoop distributed file system (HDFS) components and it is used to provide support for managing and analysing large datasets.",No approved automatic normalization match.
ESCO|esco_skills|http://data.europa.eu/esco/skill/4b51e76e-9e8a-455f-a289-5b48246345c4,ESCO,1.2.1,knowledge,esco_skills,http://data.europa.eu/esco/skill/4b51e76e-9e8a-455f-a289-5b48246345c4,hardware components,cross-sector,"The essential components that make up a hardware system, such as liquid-crystal displays (LCD), camera sensors, microprocessors, memories, modems, batteries and their interconnections.",No approved automatic normalization match.
ESCO|esco_skills|http://data.europa.eu/esco/skill/61d6ef20-6cc7-40f8-919e-3360db6cf2b3,ESCO,1.2.1,knowledge,esco_skills,http://data.europa.eu/esco/skill/61d6ef20-6cc7-40f8-919e-3360db6cf2b3,hardware materials,sector-specific,"The characteristics, applications and environmental effects of materials used to develop hardware.",No approved automatic normalization match.
ESCO|esco_skills|http://data.europa.eu/esco/skill/000f1d3d-220f-4789-9c0a-cc742521fb02,ESCO,1.2.1,knowledge,esco_skills,http://data.europa.eu/esco/skill/000f1d3d-220f-4789-9c0a-cc742521fb02,Haskell,sector-specific,"The techniques and principles of software development, such as analysis, algorithms, coding, testing and compiling of programming paradigms in Haskell.",No approved automatic normalization match.
ESCO|esco_skills|http://data.europa.eu/esco/skill/1709f408-9965-489b-9805-8e1e5d9e483b,ESCO,1.2.1,knowledge,esco_skills,http://data.europa.eu/esco/skill/1709f408-9965-489b-9805-8e1e5d9e483b,health care legislation,cross-sector,The patients` rights and responsibilities of health practitioners and the possible repercussions and prosecutions in relation to medical treatment negligence or malpractice.,No approved automatic normalization match.
ESCO|esco_skills|http://data.europa.eu/esco/skill/33c01497-8264-4773-81dd-6096ad512f02,ESCO,1.2.1,knowledge,esco_skills,http://data.europa.eu/esco/skill/33c01497-8264-4773-81dd-6096ad512f02,health care occupation-specific ethics,cross-sector,"The moral standards and procedures, ethical questions and obligations specific to occupations in a health care setting such as respect for human dignity, self-determination, informed consent and patient confidentiality.",No approved automatic normalization match.
ESCO|esco_skills|http://data.europa.eu/esco/skill/9b63d92b-5a3a-46b0-b2ba-c98b39ea5aaf,ESCO,1.2.1,knowledge,esco_skills,http://data.europa.eu/esco/skill/9b63d92b-5a3a-46b0-b2ba-c98b39ea5aaf,health care system,cross-sector,The structure and function of health care services.,No approved automatic normalization match.
ESCO|esco_skills|http://data.europa.eu/esco/skill/5d7890d5-d229-4b79-a5da-6819e38a52b6,ESCO,1.2.1,knowledge,esco_skills,http://data.europa.eu/esco/skill/5d7890d5-d229-4b79-a5da-6819e38a52b6,health records management,sector-specific,"The procedures and importance of record keeping in a healthcare system such as hospitals or clinics, the information systems used to keep and process records and how to achieve maximum accuracy of records.",No approved automatic normalization match.
ESCO|esco_skills|http://data.europa.eu/esco/skill/6ec33857-420a-411b-a313-e8946de36357,ESCO,1.2.1,knowledge,esco_skills,http://data.europa.eu/esco/skill/6ec33857-420a-411b-a313-e8946de36357,healthcare administration,sector-specific,"The administration procedures of a healthcare facility to keep it operational. It involves leadership roles, regulatory compliance and the efficiency in the processes of the facility.",No approved automatic normalization match.
ESCO|esco_skills|http://data.europa.eu/esco/skill/a1eef0f4-133f-464a-a8f1-68fe3e8cc1b4,ESCO,1.2.1,knowledge,esco_skills,http://data.europa.eu/esco/skill/a1eef0f4-133f-464a-a8f1-68fe3e8cc1b4,healthcare analytics,sector-specific,"The use of qualitative and quantitative methods to analyse patterns in healthcare data to the aim of improving healthcare administration, quality in patient care and diseases diagnosis.",No approved automatic normalization match.
ESCO|esco_skills|http://data.europa.eu/esco/skill/9ec4252d-cbe8-4134-88fa-549dee1883f3,ESCO,1.2.1,knowledge,esco_skills,http://data.europa.eu/esco/skill/9ec4252d-cbe8-4134-88fa-549dee1883f3,human anatomy,cross-sector,"The dynamic relationship of human structure and function and the muscosceletal, cardiovascular, respiratory, digestive, endocrine, urinary, reproductive, integumentary and nervous systems; normal and altered anatomy and physiology throughout the human lifespan.",No approved automatic normalization match.
ESCO|esco_skills|http://data.europa.eu/esco/skill/51e53aff-6f8a-42ca-9cb9-47335130f4d7,ESCO,1.2.1,knowledge,esco_skills,http://data.europa.eu/esco/skill/51e53aff-6f8a-42ca-9cb9-47335130f4d7,human physiology,cross-sector,The science that studies the human organs and its interactions and mechanisms.,No approved automatic normalization match.
ESCO|esco_skills|http://data.europa.eu/esco/skill/e437eba1-3e22-41f2-8703-741e94785cba,ESCO,1.2.1,knowledge,esco_skills,http://data.europa.eu/esco/skill/e437eba1-3e22-41f2-8703-741e94785cba,human resource management,cross-sector,The function in an organisation concerned with the recruitment of employees and the optimisation of employee performance.,No approved automatic normalization match.
ESCO|esco_skills|http://data.europa.eu/esco/skill/c6e308b4-8799-4461-a9bd-560bdecb0dbb,ESCO,1.2.1,knowledge,esco_skills,http://data.europa.eu/esco/skill/c6e308b4-8799-4461-a9bd-560bdecb0dbb,human resources department processes,cross-sector,"The different processes, duties, jargon, role in an organisation, and other specificities of the human resources department within an organisation such as recruitment, pension systems, and personnel development programs.",No approved automatic normalization match.
ESCO|esco_skills|http://data.europa.eu/esco/skill/9136cbf1-7916-4f1c-bc9a-0318ee1d6016,ESCO,1.2.1,knowledge,esco_skills,http://data.europa.eu/esco/skill/9136cbf1-7916-4f1c-bc9a-0318ee1d6016,human-computer interaction,sector-specific,The study of the behaviour and interaction between digital devices and human beings.,No approved automatic normalization match.
ESCO|esco_skills|http://data.europa.eu/esco/skill/a2b566b0-1070-47a4-adc8-88839942ce25,ESCO,1.2.1,knowledge,esco_skills,http://data.europa.eu/esco/skill/a2b566b0-1070-47a4-adc8-88839942ce25,hybrid control systems,cross-sector,Control systems containing both subsystems with continuous dynamics as well as subsystems with discrete dynamics.,No approved automatic normalization match.
ESCO|esco_skills|http://data.europa.eu/esco/skill/67a118f4-8a5f-48f7-8e5f-de34b9ca2c37,ESCO,1.2.1,knowledge,esco_skills,http://data.europa.eu/esco/skill/67a118f4-8a5f-48f7-8e5f-de34b9ca2c37,hybrid model,sector-specific,"The hybrid model consists of principles and fundamentals of service-oriented modelling for business and software systems that allow the design and specification of service-oriented business systems within a variety of architectural styles, such as enterprise architecture.",No approved automatic normalization match.
ESCO|esco_skills|http://data.europa.eu/esco/skill/68e66ed6-a171-4350-8ec1-2cfc4cae50e4,ESCO,1.2.1,knowledge,esco_skills,http://data.europa.eu/esco/skill/68e66ed6-a171-4350-8ec1-2cfc4cae50e4,hydraulics,cross-sector,The power transmission systems that use the force of flowing liquids to transmit power.,No approved automatic normalization match.
ESCO|esco_skills|http://data.europa.eu/esco/skill/8ceaad7f-1d37-41e6-a1fe-4ab9707a959b,ESCO,1.2.1,knowledge,esco_skills,http://data.europa.eu/esco/skill/8ceaad7f-1d37-41e6-a1fe-4ab9707a959b,hydrotherapy,sector-specific,The practice used to treat diseases or maintain overall health using water.,No approved automatic normalization match.
ESCO|esco_skills|http://data.europa.eu/esco/skill/0450eaee-1a00-4622-8f4e-5356fce816d2,ESCO,1.2.1,knowledge,esco_skills,http://data.europa.eu/esco/skill/0450eaee-1a00-4622-8f4e-5356fce816d2,hygiene in a health care setting,cross-sector,The procedures related to maintaining a hygienic environment within a health care setting such as hospitals and clinics. It can range from hand washing to cleaning and disinfection of medical equipment used and infection control methods.,No approved automatic normalization match.
ESCO|esco_skills|http://data.europa.eu/esco/skill/84251cb1-babf-4d17-a3cd-baa642c24c8d,ESCO,1.2.1,knowledge,esco_skills,http://data.europa.eu/esco/skill/84251cb1-babf-4d17-a3cd-baa642c24c8d,IBM Informix,sector-specific,"The computer program IBM Informix is a tool for creating, updating and managing databases, developed by the software company IBM.",No approved automatic normalization match.
ESCO|esco_skills|http://data.europa.eu/esco/skill/a4e31589-3632-4926-91d0-15b889c90b9b,ESCO,1.2.1,knowledge,esco_skills,http://data.europa.eu/esco/skill/a4e31589-3632-4926-91d0-15b889c90b9b,IBM WebSphere,sector-specific,The application server IBM WebSphere provides flexible and secure Java EE runtime environments to support application infrastructure and deployments.,No approved automatic normalization match.
ESCO|esco_skills|http://data.europa.eu/esco/skill/3e23db60-0c3d-498a-a6ac-ffbed0ecb033,ESCO,1.2.1,knowledge,esco_skills,http://data.europa.eu/esco/skill/3e23db60-0c3d-498a-a6ac-ffbed0ecb033,ICT accessibility standards,sector-specific,"The recommendations for making ICT content and applications more accessible to a wider range of people, mostly with disabilities, such as blindness and low vision, deafness and hearing loss and cognitive limitations. It includes standards such as Web Content Accessibility Guidelines (WCAG).",No approved automatic normalization match.
ESCO|esco_skills|http://data.europa.eu/esco/skill/6e4f75b4-c60f-4623-a9ba-760c8245753b,ESCO,1.2.1,knowledge,esco_skills,http://data.europa.eu/esco/skill/6e4f75b4-c60f-4623-a9ba-760c8245753b,ICT communications protocols,sector-specific,The system of rules which allow the exchange of information between computers or other devices via computer networks.,No approved automatic normalization match.
ESCO|esco_skills|http://data.europa.eu/esco/skill/6014921e-1d25-4039-adc2-04852d61880e,ESCO,1.2.1,knowledge,esco_skills,http://data.europa.eu/esco/skill/6014921e-1d25-4039-adc2-04852d61880e,ICT debugging tools,sector-specific,"The ICT tools used to test and debug programs and software code, such as GNU Debugger (GDB), Intel Debugger (IDB), Microsoft Visual Studio Debugger, Valgrind and WinDbg.",No approved automatic normalization match.
ESCO|esco_skills|http://data.europa.eu/esco/skill/d32db06e-bd06-4415-a7ab-1b0ee68caa9a,ESCO,1.2.1,knowledge,esco_skills,http://data.europa.eu/esco/skill/d32db06e-bd06-4415-a7ab-1b0ee68caa9a,ICT encryption,sector-specific,"The conversion of electronic data into a format which is readable only by authorized parties which use key encryption techniques, such as Public Key Infrastructure (PKI) and Secure Socket Layer (SSL).",No approved automatic normalization match.
ESCO|esco_skills|http://data.europa.eu/esco/skill/e5609f89-0daf-40bb-bd6b-94f5d7498131,ESCO,1.2.1,knowledge,esco_skills,http://data.europa.eu/esco/skill/e5609f89-0daf-40bb-bd6b-94f5d7498131,ICT market,sector-specific,"The processes, stakeholders and the dynamics of the chain of goods and services in the ICT market sector.",No approved automatic normalization match.
ESCO|esco_skills|http://data.europa.eu/esco/skill/2ddb1226-1117-4eb4-ae65-3a2f5a5a3c80,ESCO,1.2.1,knowledge,esco_skills,http://data.europa.eu/esco/skill/2ddb1226-1117-4eb4-ae65-3a2f5a5a3c80,ICT network security risks,sector-specific,"The security risk factors, such as hardware and software components, devices, interfaces and policies in ICT networks, risk assessment techniques that can be applied to assess the severity and the consequences of security threats and contingency plans for each security risk factor.",No approved automatic normalization match.
ESCO|esco_skills|http://data.europa.eu/esco/skill/ed39edd3-44d0-4a16-9796-bfb99f92baf3,ESCO,1.2.1,knowledge,esco_skills,http://data.europa.eu/esco/skill/ed39edd3-44d0-4a16-9796-bfb99f92baf3,ICT performance analysis methods,sector-specific,"The methods used to analyse software, ICT system and network performance which provide guidance to root causes of issues within information systems. The methods can analyse resource bottlenecks, application times, wait latencies and benchmarking results.",No approved automatic normalization match.
ESCO|esco_skills|http://data.europa.eu/esco/skill/a3ce2bf7-5562-4639-9b52-fdb4850a3904,ESCO,1.2.1,knowledge,esco_skills,http://data.europa.eu/esco/skill/a3ce2bf7-5562-4639-9b52-fdb4850a3904,ICT problem management techniques,sector-specific,The techniques related to identifying the solutions of the root cause of ICT incidents.,No approved automatic normalization match.
ESCO|esco_skills|http://data.europa.eu/esco/skill/fafe0b9d-dbd9-46bd-b770-26299539ce66,ESCO,1.2.1,knowledge,esco_skills,http://data.europa.eu/esco/skill/fafe0b9d-dbd9-46bd-b770-26299539ce66,ICT process quality models,sector-specific,"The quality models for ICT services which address the maturity of the processes, the adoption of recommended practices and their definition and institutionalisation that allow the organisation to reliably and sustainably produce required outcomes. It includes models in a lot of ICT areas.",No approved automatic normalization match.
ESCO|esco_skills|http://data.europa.eu/esco/skill/94dd823c-148e-4614-a6e8-99249b16357d,ESCO,1.2.1,knowledge,esco_skills,http://data.europa.eu/esco/skill/94dd823c-148e-4614-a6e8-99249b16357d,ICT project management,sector-specific,"The methodologies for the planning, implementation, review and follow-up of ICT projects, such as the development, integration, modification and sales of ICT products and services, as well as projects relating technological innovation in the field of ICT.",No approved automatic normalization match.
ESCO|esco_skills|http://data.europa.eu/esco/skill/bec4359e-cb92-468f-a997-8fb28e32fba9,ESCO,1.2.1,knowledge,esco_skills,http://data.europa.eu/esco/skill/bec4359e-cb92-468f-a997-8fb28e32fba9,ICT project management methodologies,sector-specific,"The methodologies or models for planning, managing and overseeing of ICT resources in order to meet specific goals, such methodologies are Waterfall, Incremental, V-Model, Scrum or Agile and using project management ICT tools.",No approved automatic normalization match.
ESCO|esco_skills|http://data.europa.eu/esco/skill/3be6b84a-fa78-42b9-a8df-150cdb40b9d7,ESCO,1.2.1,knowledge,esco_skills,http://data.europa.eu/esco/skill/3be6b84a-fa78-42b9-a8df-150cdb40b9d7,ICT quality policy,sector-specific,"The quality policy of the organisation and its objectives, the acceptable level of quality and the techniques to measure it, its legal aspects and the duties of specific departments to ensure quality.",No approved automatic normalization match.
ESCO|esco_skills|http://data.europa.eu/esco/skill/c9e96450-421d-48af-9ee6-d9c50e29afc2,ESCO,1.2.1,knowledge,esco_skills,http://data.europa.eu/esco/skill/c9e96450-421d-48af-9ee6-d9c50e29afc2,ICT recovery techniques,sector-specific,"The techniques for recovering hardware or software components and data, after failure, corruption or damage.",No approved automatic normalization match.
ESCO|esco_skills|http://data.europa.eu/esco/skill/7814e88f-c133-4c3b-b27f-857afa145d42,ESCO,1.2.1,knowledge,esco_skills,http://data.europa.eu/esco/skill/7814e88f-c133-4c3b-b27f-857afa145d42,ICT security legislation,sector-specific,"The set of legislative rules that safeguards information technology, ICT networks and computer systems and legal consequences which result from their misuse. Regulated measures include firewalls, intrusion detection, anti-virus software and encryption.",No approved automatic normalization match.
ESCO|esco_skills|http://data.europa.eu/esco/skill/3ff589b7-68df-4ea5-ae41-b395bdb2378f,ESCO,1.2.1,knowledge,esco_skills,http://data.europa.eu/esco/skill/3ff589b7-68df-4ea5-ae41-b395bdb2378f,ICT security standards,sector-specific,"Best practices and guidelines established for securing information and communication technology (ICT) systems and data. Standards as is the case of ISO 27000 series, provide a framework for implementing effective security controls, including access control, risk assessment and incident management, as well as to provide compliance of anorganisation.",No approved automatic normalization match.
ESCO|esco_skills|http://data.europa.eu/esco/skill/9ce670ec-318c-4a91-9179-03437db728dc,ESCO,1.2.1,knowledge,esco_skills,http://data.europa.eu/esco/skill/9ce670ec-318c-4a91-9179-03437db728dc,ICT software specifications,sector-specific,"The characteristics, use and operations of various software products such as computer programmes and application software.",No approved automatic normalization match.
ESCO|esco_skills|http://data.europa.eu/esco/skill/6fa1c2c0-a012-4ca0-9642-e01569ba322c,ESCO,1.2.1,knowledge,esco_skills,http://data.europa.eu/esco/skill/6fa1c2c0-a012-4ca0-9642-e01569ba322c,ICT system integration,sector-specific,"The principles of integrating ICT components and products from a number of sources to create an operational ICT system, techniques which ensure interoperability and interfaces between components and the system.",No approved automatic normalization match.
ESCO|esco_skills|http://data.europa.eu/esco/skill/b105ec9b-0857-41d6-8d07-a83e58b73d90,ESCO,1.2.1,knowledge,esco_skills,http://data.europa.eu/esco/skill/b105ec9b-0857-41d6-8d07-a83e58b73d90,ICT system programming,sector-specific,"The methods and tools required to develop system software, specifications of system architectures and interfacing techniques between network and system modules and components.",No approved automatic normalization match.
ESCO|esco_skills|http://data.europa.eu/esco/skill/ca73ac82-867a-4afa-9732-834aebe896ff,ESCO,1.2.1,knowledge,esco_skills,http://data.europa.eu/esco/skill/ca73ac82-867a-4afa-9732-834aebe896ff,ICT system user requirements,sector-specific,"The process intended to match user and organisation's needs with system components and services, by taking into consideration the available technologies and the techniques required to elicit and specify requirements, interrogating users to establish symptoms of problem and analysing symptoms.",No approved automatic normalization match.
ESCO|esco_skills|http://data.europa.eu/esco/skill/45f1ae17-c20d-40fc-9307-7d33b6ca9213,ESCO,1.2.1,knowledge,esco_skills,http://data.europa.eu/esco/skill/45f1ae17-c20d-40fc-9307-7d33b6ca9213,image recognition,cross-sector,"A process designed to detect and identify a feature or object in an image or video. This process is used in medical imaging, security surveillance or defect detection, among other fields. Key technique for a wide range of applications such as automated driving, image classification, or visual inspection.",No approved automatic normalization match.
ESCO|esco_skills|http://data.europa.eu/esco/skill/27a638bc-6362-45f8-afce-5596a606269b,ESCO,1.2.1,knowledge,esco_skills,http://data.europa.eu/esco/skill/27a638bc-6362-45f8-afce-5596a606269b,impact of social contexts on health,cross-sector,"The social and cultural contexts of individuals` behaviours, and the impact on their health within their social and cultural context.",No approved automatic normalization match.
ESCO|esco_skills|http://data.europa.eu/esco/skill/00c04e40-35ea-4ed1-824c-82f936c8f876,ESCO,1.2.1,knowledge,esco_skills,http://data.europa.eu/esco/skill/00c04e40-35ea-4ed1-824c-82f936c8f876,incremental development,sector-specific,The incremental development model is a methodology to design software systems and applications.,No approved automatic normalization match.
ESCO|esco_skills|http://data.europa.eu/esco/skill/a1816dfd-dbdc-4499-bef3-ff81dd895b33,ESCO,1.2.1,knowledge,esco_skills,http://data.europa.eu/esco/skill/a1816dfd-dbdc-4499-bef3-ff81dd895b33,industrial engineering,cross-sector,"The field of engineering concerned with the development, improvement, and implementation of complex processes and systems of knowledge, people, equipment, etc.",No approved automatic normalization match.
ESCO|esco_skills|http://data.europa.eu/esco/skill/ec6df9cb-be92-4027-80fa-83b70aabce58,ESCO,1.2.1,knowledge,esco_skills,http://data.europa.eu/esco/skill/ec6df9cb-be92-4027-80fa-83b70aabce58,industrial research and development,cross-sector,The set of activities that companies carry out to do industrial innovation and introduce new engineering products and services or new industrial production processes.,No approved automatic normalization match.
ESCO|esco_skills|http://data.europa.eu/esco/skill/a125a4c2-3b0a-4996-9a63-57043d4d9159,ESCO,1.2.1,knowledge,esco_skills,http://data.europa.eu/esco/skill/a125a4c2-3b0a-4996-9a63-57043d4d9159,industrial tools,sector-specific,"The tools and equipment used for industrial purposes, both power and hand tools, and their various uses.",No approved automatic normalization match.
ESCO|esco_skills|http://data.europa.eu/esco/skill/6d13053b-ee35-492c-8976-8178420df398,ESCO,1.2.1,knowledge,esco_skills,http://data.europa.eu/esco/skill/6d13053b-ee35-492c-8976-8178420df398,infection control,cross-sector,The routes of transmission and methods of preventing spread of common and important infecting organisms together with the methods available for sterilisation and disinfection of pathogenic organisms in the prevention of infection.,No approved automatic normalization match.
ESCO|esco_skills|http://data.europa.eu/esco/skill/1bba98a7-92b9-450b-9235-e0c905f8f3c4,ESCO,1.2.1,knowledge,esco_skills,http://data.europa.eu/esco/skill/1bba98a7-92b9-450b-9235-e0c905f8f3c4,information architecture,sector-specific,"The methods through which information is generated, structured, stored, maintained, linked, exchanged and used.",No approved automatic normalization match.
ESCO|esco_skills|http://data.europa.eu/esco/skill/93aaf65c-5aad-4e6f-a7ba-ce9bf7c0e6e6,ESCO,1.2.1,knowledge,esco_skills,http://data.europa.eu/esco/skill/93aaf65c-5aad-4e6f-a7ba-ce9bf7c0e6e6,information categorisation,sector-specific,The process of classifying the information into categories and showing relationships between the data for some clearly defined purposes.,No approved automatic normalization match.
ESCO|esco_skills|http://data.europa.eu/esco/skill/a56dec32-05ef-45de-a256-ee6741f356db,ESCO,1.2.1,knowledge,esco_skills,http://data.europa.eu/esco/skill/a56dec32-05ef-45de-a256-ee6741f356db,information confidentiality,sector-specific,"The mechanisms and regulations which allow for selective access control and guarantee that only authorised parties (people, processes, systems and devices) have access to data, the way to comply with confidential information and the risks of non-compliance.",No approved automatic normalization match.
ESCO|esco_skills|http://data.europa.eu/esco/skill/696e3b5b-8b61-45af-ae4c-3ab700f197ec,ESCO,1.2.1,knowledge,esco_skills,http://data.europa.eu/esco/skill/696e3b5b-8b61-45af-ae4c-3ab700f197ec,information extraction,sector-specific,The techniques and methods used for eliciting and extracting information from unstructured or semi-structured digital documents and sources.,No approved automatic normalization match.
ESCO|esco_skills|http://data.europa.eu/esco/skill/11eebd42-44ab-401d-8a2c-bdb9fc9beb50,ESCO,1.2.1,knowledge,esco_skills,http://data.europa.eu/esco/skill/11eebd42-44ab-401d-8a2c-bdb9fc9beb50,information security strategy,sector-specific,"The plan defined by a company which sets the information security objectives and measures to mitigate risks, define control objectives, establish metrics and benchmarks while complying with legal, internal and contractual requirements.",No approved automatic normalization match.
ESCO|esco_skills|http://data.europa.eu/esco/skill/03ff0d53-573a-47a0-a0ad-1995815a4339,ESCO,1.2.1,knowledge,esco_skills,http://data.europa.eu/esco/skill/03ff0d53-573a-47a0-a0ad-1995815a4339,information structure,sector-specific,"The type of infrastructure which defines the format of data: semi-structured, unstructured and structured.",No approved automatic normalization match.
ESCO|esco_skills|http://data.europa.eu/esco/skill/bc7a6b88-a279-4b6e-ac5e-21666bc51dae,ESCO,1.2.1,knowledge,esco_skills,http://data.europa.eu/esco/skill/bc7a6b88-a279-4b6e-ac5e-21666bc51dae,innovation in nursing,cross-sector,The methods and tools used to bring about innovative changes and quality improvement in the nursing field.,No approved automatic normalization match.
ESCO|esco_skills|http://data.europa.eu/esco/skill/2fb8480e-de3c-462b-b169-e8bbb344da68,ESCO,1.2.1,knowledge,esco_skills,http://data.europa.eu/esco/skill/2fb8480e-de3c-462b-b169-e8bbb344da68,innovation processes,sector-specific,"The techniques, models, methods and strategies which contribute to the promotion of steps towards innovation.",No approved automatic normalization match.
ESCO|esco_skills|http://data.europa.eu/esco/skill/91003b4a-f2aa-4472-a9c1-4597abb518f2,ESCO,1.2.1,knowledge,esco_skills,http://data.europa.eu/esco/skill/91003b4a-f2aa-4472-a9c1-4597abb518f2,insolvency law,cross-sector,The legal rules regulating the incapacity to pay debts when they fall due.,No approved automatic normalization match.
ESCO|esco_skills|http://data.europa.eu/esco/skill/b7b381f5-7de2-4f91-9a8f-524041cb47d9,ESCO,1.2.1,knowledge,esco_skills,http://data.europa.eu/esco/skill/b7b381f5-7de2-4f91-9a8f-524041cb47d9,instrumentation engineering,cross-sector,The science and engineering discipline that attempts to control process variables of production and manufacturing. It also focuses on the design of systems with desired behaviours. These systems use sensors to measure the output performance of the device that is being controlled.,No approved automatic normalization match.
ESCO|esco_skills|http://data.europa.eu/esco/skill/16c8eade-5c2b-4c9c-a60d-6799dbc758a3,ESCO,1.2.1,knowledge,esco_skills,http://data.europa.eu/esco/skill/16c8eade-5c2b-4c9c-a60d-6799dbc758a3,instrumentation equipment,cross-sector,"The equipment and instruments used for the monitoring and controlling of processes, such as valves, regulators, circuit breakers, and relays.",No approved automatic normalization match.
ESCO|esco_skills|http://data.europa.eu/esco/skill/2b9f4584-da2e-44e2-a2fb-4dd4fc64c1a2,ESCO,1.2.1,knowledge,esco_skills,http://data.europa.eu/esco/skill/2b9f4584-da2e-44e2-a2fb-4dd4fc64c1a2,integrated circuits,cross-sector,"Electronic components, made up from a set of electronic circuits which are placed on semiconductor material, such as silicon. Integrated circuits (IC) can hold billions of electronic components on a microscale and are one of basic components of electronic devices.",No approved automatic normalization match.
ESCO|esco_skills|http://data.europa.eu/esco/skill/f03a3387-c4a7-41e3-a5d4-dd4577147940,ESCO,1.2.1,knowledge,esco_skills,http://data.europa.eu/esco/skill/f03a3387-c4a7-41e3-a5d4-dd4577147940,integrated design,sector-specific,"Approach to design which includes several related disciplines, with the aim to design and build according to the Near Zero Energy Building principles. The interplay between all aspects of building design, building use and outdoor climate.",No approved automatic normalization match.
ESCO|esco_skills|http://data.europa.eu/esco/skill/925463a7-d51f-4d5b-9f79-4d28cf30acde,ESCO,1.2.1,knowledge,esco_skills,http://data.europa.eu/esco/skill/925463a7-d51f-4d5b-9f79-4d28cf30acde,integrated development environment software,sector-specific,"The suite of software development tools for writing programs, such as compiler, debugger, code editor, code highlights, packaged in a unified user interface, such as Visual Studio or Eclipse.",No approved automatic normalization match.
ESCO|esco_skills|http://data.europa.eu/esco/skill/2ad081e6-0a3f-4612-ac15-7ace75d39e26,ESCO,1.2.1,knowledge,esco_skills,http://data.europa.eu/esco/skill/2ad081e6-0a3f-4612-ac15-7ace75d39e26,intellectual property law,cross-sector,The regulations that govern the set of rights protecting products of the intellect from unlawful infringement.,No approved automatic normalization match.
ESCO|esco_skills|http://data.europa.eu/esco/skill/e862fb43-5acd-4d37-a4a2-63684c164932,ESCO,1.2.1,knowledge,esco_skills,http://data.europa.eu/esco/skill/e862fb43-5acd-4d37-a4a2-63684c164932,intensive care medicine,sector-specific,Medical specialty dealing with the diagnosis and treatment of life-threatening conditions.,No approved automatic normalization match.
ESCO|esco_skills|http://data.europa.eu/esco/skill/123cf7c5-6a3b-419d-be4f-49a6cc020f9f,ESCO,1.2.1,knowledge,esco_skills,http://data.europa.eu/esco/skill/123cf7c5-6a3b-419d-be4f-49a6cc020f9f,interactive media,cross-sector,"The method of communication that takes place through digital medias and is based on customers interactions with them. The interactions take place with computerised elements (e.g., moving graphics, digital text and sound).",No approved automatic normalization match.
ESCO|esco_skills|http://data.europa.eu/esco/skill/0daaf096-1639-461c-bf1a-bbeea77e6b67,ESCO,1.2.1,knowledge,esco_skills,http://data.europa.eu/esco/skill/0daaf096-1639-461c-bf1a-bbeea77e6b67,internal risk management policy,sector-specific,"The internal risk management policies that identify, assess and prioritise risks in an IT environment. The methods used to minimise, monitor and control the possibility and the impact of disastrous events that affect the reaching of business goals.",No approved automatic normalization match.
ESCO|esco_skills|http://data.europa.eu/esco/skill/77931759-69af-4637-8b26-c8376f9240e2,ESCO,1.2.1,knowledge,esco_skills,http://data.europa.eu/esco/skill/77931759-69af-4637-8b26-c8376f9240e2,international business,cross-sector,The processes related to production or distribution of goods and services across borders.,No approved automatic normalization match.
ESCO|esco_skills|http://data.europa.eu/esco/skill/4a855abe-ac5b-4e95-ac10-3c1adceeee28,ESCO,1.2.1,knowledge,esco_skills,http://data.europa.eu/esco/skill/4a855abe-ac5b-4e95-ac10-3c1adceeee28,international financial reporting standards,cross-sector,The set of accounting standards and rules aimed at companies listed in the stock exchange which are required to publish and disclose their financial statements.,No approved automatic normalization match.
ESCO|esco_skills|http://data.europa.eu/esco/skill/0cf27a00-947f-473d-af1a-24028c17ba27,ESCO,1.2.1,knowledge,esco_skills,http://data.europa.eu/esco/skill/0cf27a00-947f-473d-af1a-24028c17ba27,international regulations for cargo handling,cross-sector,"The body of conventions, guidelines and rules which dictate the activity of loading and unloading cargo in international ports.",No approved automatic normalization match.
ESCO|esco_skills|http://data.europa.eu/esco/skill/11cbcf7f-8dc3-4c9a-9ec1-37f51b5cbc19,ESCO,1.2.1,knowledge,esco_skills,http://data.europa.eu/esco/skill/11cbcf7f-8dc3-4c9a-9ec1-37f51b5cbc19,international trade,cross-sector,"The economic practise and study field that address the exchange of goods and services across geographic borders. The general theories and schools of thought around the implications of international trade in terms of exports, imports, competitivity, GDP, and role of multinational companies.",No approved automatic normalization match.
ESCO|esco_skills|http://data.europa.eu/esco/skill/5063a99f-975b-4a7c-85e3-69ecb375b4d3,ESCO,1.2.1,knowledge,esco_skills,http://data.europa.eu/esco/skill/5063a99f-975b-4a7c-85e3-69ecb375b4d3,internet governance,sector-specific,"The principles, regulations, norms and programs that shape the evolution and use of internet, such as internet domain names management, registries and registrars, according to ICANN/IANA regulations and recommendations, IP addresses and names, name servers, DNS, TLDs and aspects of IDNs and DNSSEC.",No approved automatic normalization match.
ESCO|esco_skills|http://data.europa.eu/esco/skill/f049d050-12da-4e40-813a-2b5eb6df6b51,ESCO,1.2.1,knowledge,esco_skills,http://data.europa.eu/esco/skill/f049d050-12da-4e40-813a-2b5eb6df6b51,Internet of Things,sector-specific,"The general principles, categories, requirements, limitations and vulnerabilities of smart connected devices (most of them with intended internet connectivity).",No approved automatic normalization match.
ESCO|esco_skills|http://data.europa.eu/esco/skill/324f0243-1a21-4f5c-9f71-52eebc2596ed,ESCO,1.2.1,knowledge,esco_skills,http://data.europa.eu/esco/skill/324f0243-1a21-4f5c-9f71-52eebc2596ed,interview techniques,cross-sector,The techniques for getting information out of people by asking the right questions in the right way and to make them feel comfortable.,No approved automatic normalization match.
ESCO|esco_skills|http://data.europa.eu/esco/skill/bf12b461-1c53-4d81-a395-8ba77f7483c4,ESCO,1.2.1,knowledge,esco_skills,http://data.europa.eu/esco/skill/bf12b461-1c53-4d81-a395-8ba77f7483c4,investment analysis,sector-specific,The methods and tools for analysis of an investment compared to its potential return. Identification and calculation of profitability ratio and financial indicators in relation to associated risks to guide decision on investment.,No approved automatic normalization match.
ESCO|esco_skills|http://data.europa.eu/esco/skill/33d49d4f-31ec-473f-9b8a-b555aa5116bb,ESCO,1.2.1,knowledge,esco_skills,http://data.europa.eu/esco/skill/33d49d4f-31ec-473f-9b8a-b555aa5116bb,iterative development,sector-specific,The iterative development model is a methodology to design software systems and applications.,No approved automatic normalization match.
ESCO|esco_skills|http://data.europa.eu/esco/skill/19a8293b-8e95-4de3-983f-77484079c389,ESCO,1.2.1,knowledge,esco_skills,http://data.europa.eu/esco/skill/19a8293b-8e95-4de3-983f-77484079c389,Java (computer programming),sector-specific,"The techniques and principles of software development, such as analysis, algorithms, coding, testing and compiling of programming paradigms in Java.",No approved automatic normalization match.
ESCO|esco_skills|http://data.europa.eu/esco/skill/3cd569a2-4f88-4c1e-9995-8dce8c5e51a7,ESCO,1.2.1,knowledge,esco_skills,http://data.europa.eu/esco/skill/3cd569a2-4f88-4c1e-9995-8dce8c5e51a7,JavaScript,sector-specific,"The techniques and principles of software development, such as analysis, algorithms, coding, testing and compiling of programming paradigms in JavaScript.",No approved automatic normalization match.
ESCO|esco_skills|http://data.europa.eu/esco/skill/9b9de2a4-d8af-4a7b-933a-a8334ae60067,ESCO,1.2.1,knowledge,esco_skills,http://data.europa.eu/esco/skill/9b9de2a4-d8af-4a7b-933a-a8334ae60067,JavaScript Framework,sector-specific,"The JavaScript software development environments which provide specific features and components ( such as HTML generation tools, Canvas support or Visual design) that support and guide JavaScript web applications development.",No approved automatic normalization match.
ESCO|esco_skills|http://data.europa.eu/esco/skill/f47a1998-0beb-43be-9f46-380aa4d183da,ESCO,1.2.1,knowledge,esco_skills,http://data.europa.eu/esco/skill/f47a1998-0beb-43be-9f46-380aa4d183da,Jenkins (tools for software configuration management),sector-specific,"The tool Jenkins is a software program to perform configuration identification, control, status accounting and audit of software during its development and maintenance.",No approved automatic normalization match.
ESCO|esco_skills|http://data.europa.eu/esco/skill/38a5c459-c591-4f76-a358-37de342bb11d,ESCO,1.2.1,knowledge,esco_skills,http://data.europa.eu/esco/skill/38a5c459-c591-4f76-a358-37de342bb11d,job market offers,cross-sector,"Job opportunities available on the labour market, depending on the economic field concerned.",No approved automatic normalization match.
ESCO|esco_skills|http://data.europa.eu/esco/skill/d2adb565-a865-424d-aeb5-9fbcbf2afe2a,ESCO,1.2.1,knowledge,esco_skills,http://data.europa.eu/esco/skill/d2adb565-a865-424d-aeb5-9fbcbf2afe2a,Joomla,sector-specific,"The open-source web-based software system written in PHP, used for creating, editing, publishing and archiving blogs, articles, corporate or small business websites, social networking websites or press releases.",No approved automatic normalization match.
ESCO|esco_skills|http://data.europa.eu/esco/skill/8785ccda-6f9f-4cf3-9033-fda10653d0be,ESCO,1.2.1,knowledge,esco_skills,http://data.europa.eu/esco/skill/8785ccda-6f9f-4cf3-9033-fda10653d0be,JSSS,sector-specific,"The computer language JSSS is a style sheet language that conveys the presentation of structured documents. These documents have to adhere to style sheets, a set of stylistic rules such as font, color and layout.",No approved automatic normalization match.
ESCO|esco_skills|http://data.europa.eu/esco/skill/013441c1-1f13-47e9-80c4-9a53e8e1bc05,ESCO,1.2.1,knowledge,esco_skills,http://data.europa.eu/esco/skill/013441c1-1f13-47e9-80c4-9a53e8e1bc05,KDevelop,sector-specific,"The computer program KDevelop is a suite of software development tools for writing programs, such as compiler, debugger, code editor, code highlights, packaged in a unified user interface. It is developed by the software community KDE.",No approved automatic normalization match.
ESCO|esco_skills|http://data.europa.eu/esco/skill/06f33d6a-f7a7-4a2b-baa5-8c3c53bd1a9c,ESCO,1.2.1,knowledge,esco_skills,http://data.europa.eu/esco/skill/06f33d6a-f7a7-4a2b-baa5-8c3c53bd1a9c,keywords in digital content,sector-specific,The digital tools to conduct keyword research. The information retrieval systems identify the content of a document guided by keywords and metadata.,No approved automatic normalization match.
ESCO|esco_skills|http://data.europa.eu/esco/skill/56a46b02-ab98-4603-8816-c9daff1a119a,ESCO,1.2.1,knowledge,esco_skills,http://data.europa.eu/esco/skill/56a46b02-ab98-4603-8816-c9daff1a119a,kinetics,cross-sector,The study of movement and its causes.,No approved automatic normalization match.
ESCO|esco_skills|http://data.europa.eu/esco/skill/08fe5910-8c4c-4679-a988-eb2ded3c4909,ESCO,1.2.1,knowledge,esco_skills,http://data.europa.eu/esco/skill/08fe5910-8c4c-4679-a988-eb2ded3c4909,labour legislation,cross-sector,"Legislation, on a national or international level, that governs labour conditions in various fields between labour parties such as the government, employees, employers, and trade unions.",No approved automatic normalization match.
ESCO|esco_skills|http://data.europa.eu/esco/skill/a57a54b6-2f2e-43e4-9621-b52f4a63cb08,ESCO,1.2.1,knowledge,esco_skills,http://data.europa.eu/esco/skill/a57a54b6-2f2e-43e4-9621-b52f4a63cb08,LDAP,sector-specific,The computer language LDAP is a query language for retrieval of information from a database and of documents containing the needed information.,No approved automatic normalization match.
ESCO|esco_skills|http://data.europa.eu/esco/skill/cf6ca1fc-f2be-4deb-bb35-1fffe4099023,ESCO,1.2.1,knowledge,esco_skills,http://data.europa.eu/esco/skill/cf6ca1fc-f2be-4deb-bb35-1fffe4099023,leadership in nursing,occupation-specific,"The management and leadership principles and methods applied in nursing care, such as recognising and rewarding success to motivate nursing staff.",No approved automatic normalization match.
ESCO|esco_skills|http://data.europa.eu/esco/skill/82fea746-853f-4f1b-8ab7-55de8619cccd,ESCO,1.2.1,knowledge,esco_skills,http://data.europa.eu/esco/skill/82fea746-853f-4f1b-8ab7-55de8619cccd,lean manufacturing,cross-sector,Lean manufacturing is a methodology that focuses on minimizing waste within manufacturing systems while simultaneously maximizing productivity.,No approved automatic normalization match.
ESCO|esco_skills|http://data.europa.eu/esco/skill/da6393d5-a53c-4863-abc7-51f36281d74e,ESCO,1.2.1,knowledge,esco_skills,http://data.europa.eu/esco/skill/da6393d5-a53c-4863-abc7-51f36281d74e,lean project management,sector-specific,"The lean project management approach is a methodology for planning, managing and overseeing of ICT resources in order to meet specific goals and using project management ICT tools.",No approved automatic normalization match.
ESCO|esco_skills|http://data.europa.eu/esco/skill/a846cb9e-c152-41e7-bd34-45e7ff941e3b,ESCO,1.2.1,knowledge,esco_skills,http://data.europa.eu/esco/skill/a846cb9e-c152-41e7-bd34-45e7ff941e3b,legal requirements of ICT products,cross-sector,The international regulations related to the development and use of ICT products.,No approved automatic normalization match.
ESCO|esco_skills|http://data.europa.eu/esco/skill/26fa7a33-a426-4cd5-9792-33bf668612e1,ESCO,1.2.1,knowledge,esco_skills,http://data.europa.eu/esco/skill/26fa7a33-a426-4cd5-9792-33bf668612e1,LESS,sector-specific,"The computer language LESS is a style sheet language that conveys the presentation of structured documents. These documents have to adhere to style sheets, a set of stylistic rules such as font, color and layout.",No approved automatic normalization match.
ESCO|esco_skills|http://data.europa.eu/esco/skill/85f46538-ae70-498a-bfbc-b8ddafe96c7d,ESCO,1.2.1,knowledge,esco_skills,http://data.europa.eu/esco/skill/85f46538-ae70-498a-bfbc-b8ddafe96c7d,levels of software testing,sector-specific,"The levels of testing in the software development process, such as unit testing, integration testing, system testing and acceptance testing.",No approved automatic normalization match.
ESCO|esco_skills|http://data.europa.eu/esco/skill/c7d24594-0c11-4b27-9039-fe0bb903da8e,ESCO,1.2.1,knowledge,esco_skills,http://data.europa.eu/esco/skill/c7d24594-0c11-4b27-9039-fe0bb903da8e,LINQ,sector-specific,The computer language LINQ is a query language for retrieval of information from a database and of documents containing the needed information. It is developed by the software company Microsoft.,No approved automatic normalization match.
ESCO|esco_skills|http://data.europa.eu/esco/skill/781797f4-c2c3-49a4-a80d-eb81eb4f818c,ESCO,1.2.1,knowledge,esco_skills,http://data.europa.eu/esco/skill/781797f4-c2c3-49a4-a80d-eb81eb4f818c,liquidity management,cross-sector,The theory and practices around the management of liquidity in a company with the aim of facilitating meeting obligations with thirds parties without compromising the smooth functioning of the company nor incurring in substantial losses.,No approved automatic normalization match.
ESCO|esco_skills|http://data.europa.eu/esco/skill/0de61385-de6d-4146-ba32-1cc1bc102220,ESCO,1.2.1,knowledge,esco_skills,http://data.europa.eu/esco/skill/0de61385-de6d-4146-ba32-1cc1bc102220,Lisp,sector-specific,"The techniques and principles of software development, such as analysis, algorithms, coding, testing and compiling of programming paradigms in Lisp.",No approved automatic normalization match.
ESCO|esco_skills|http://data.europa.eu/esco/skill/e843973c-23dd-416a-8a9c-9e89512542fb,ESCO,1.2.1,knowledge,esco_skills,http://data.europa.eu/esco/skill/e843973c-23dd-416a-8a9c-9e89512542fb,logistics,cross-sector,"The management of resources such as materials, time, and information to control the flow of products between the point of origin and the point of use. This includes the production, packaging, storing and transportation of goods.",No approved automatic normalization match.
ESCO|esco_skills|http://data.europa.eu/esco/skill/add39442-b8ca-4412-8156-391db53b0c5d,ESCO,1.2.1,knowledge,esco_skills,http://data.europa.eu/esco/skill/add39442-b8ca-4412-8156-391db53b0c5d,manage healthcare staff,cross-sector,The managerial tasks and responsibilities required in a health care setting.,No approved automatic normalization match.
ESCO|esco_skills|http://data.europa.eu/esco/skill/c2617b44-886a-485e-8393-bc0fc6339539,ESCO,1.2.1,knowledge,esco_skills,http://data.europa.eu/esco/skill/c2617b44-886a-485e-8393-bc0fc6339539,management consulting,sector-specific,The process of giving paid advice with the aim of improving businesses performance and promote their growth.,No approved automatic normalization match.
ESCO|esco_skills|http://data.europa.eu/esco/skill/ff599c4c-f7bc-44fc-b75f-eea4b7178692,ESCO,1.2.1,knowledge,esco_skills,http://data.europa.eu/esco/skill/ff599c4c-f7bc-44fc-b75f-eea4b7178692,management systems standards,sector-specific,The standards that improve the performance of an organisation by outlining activities that helps to achieve goals and objectives. They also help to create an organisational culture that provides ground for continuous self-evaluation and improvement of the business operations.,No approved automatic normalization match.
ESCO|esco_skills|http://data.europa.eu/esco/skill/3786b61f-f22e-48d1-af8d-ad4c354534db,ESCO,1.2.1,knowledge,esco_skills,http://data.europa.eu/esco/skill/3786b61f-f22e-48d1-af8d-ad4c354534db,manufacturing processes,cross-sector,"The steps required through which a material is transformed into a product, its development and full-scale manufacturing.",No approved automatic normalization match.
ESCO|esco_skills|http://data.europa.eu/esco/skill/b011c8b4-76e1-4bbc-8bb9-1d205e7b618a,ESCO,1.2.1,knowledge,esco_skills,http://data.europa.eu/esco/skill/b011c8b4-76e1-4bbc-8bb9-1d205e7b618a,market analysis,cross-sector,The field of market analysis and research and its particular research methods.,No approved automatic normalization match.
ESCO|esco_skills|http://data.europa.eu/esco/skill/62bf2e21-2613-47f1-a624-fe0fc925e671,ESCO,1.2.1,knowledge,esco_skills,http://data.europa.eu/esco/skill/62bf2e21-2613-47f1-a624-fe0fc925e671,market entry strategies,cross-sector,"The ways to enter a new market and their implications, namely; exporting via representatives, franchising to third parties, collaborating joint ventures, and opening of fully-owned subsidiaries and flagships.",No approved automatic normalization match.
ESCO|esco_skills|http://data.europa.eu/esco/skill/d5111703-c344-484d-bef1-9565a278166a,ESCO,1.2.1,knowledge,esco_skills,http://data.europa.eu/esco/skill/d5111703-c344-484d-bef1-9565a278166a,market pricing,sector-specific,"Price volatility according to market and price elasticity, and the factors which influence pricing trends and changes in the market in the long and short term.",No approved automatic normalization match.
ESCO|esco_skills|http://data.europa.eu/esco/skill/8770350e-746f-4adb-9556-18ca68104be6,ESCO,1.2.1,knowledge,esco_skills,http://data.europa.eu/esco/skill/8770350e-746f-4adb-9556-18ca68104be6,market research,cross-sector,"The processes, techniques, and purposes comprised in the first step for developing marketing strategies such as the collection of information about customers and the definition of segments and targets.",No approved automatic normalization match.
ESCO|esco_skills|http://data.europa.eu/esco/skill/11c56452-fcec-4b00-9695-cca4728e5048,ESCO,1.2.1,knowledge,esco_skills,http://data.europa.eu/esco/skill/11c56452-fcec-4b00-9695-cca4728e5048,marketing analytics,cross-sector,The set of processes for employing data to improve the effectiveness of marketing activities. It involves analysing metrics such as the Return on Investment (ROI) for identify opportunities of improvement.,No approved automatic normalization match.
ESCO|esco_skills|http://data.europa.eu/esco/skill/84605f91-5ab4-4965-a1ad-cdc1901a820d,ESCO,1.2.1,knowledge,esco_skills,http://data.europa.eu/esco/skill/84605f91-5ab4-4965-a1ad-cdc1901a820d,marketing department processes,sector-specific,"The different processes, duties, jargon, role in an organisation, and other specificities of the marketing department within an organisation such as market research, marketing strategies, and advertising processes.",No approved automatic normalization match.
ESCO|esco_skills|http://data.europa.eu/esco/skill/d3e585e9-3a73-4511-b533-90f095e5aa09,ESCO,1.2.1,knowledge,esco_skills,http://data.europa.eu/esco/skill/d3e585e9-3a73-4511-b533-90f095e5aa09,marketing mix,cross-sector,"Principle of marketing that describes the four fundamental elements in marketing strategies which are the product, the place, the price and the promotion.",No approved automatic normalization match.
ESCO|esco_skills|http://data.europa.eu/esco/skill/de03f4fd-c147-4477-a048-7109e5ba2d6f,ESCO,1.2.1,knowledge,esco_skills,http://data.europa.eu/esco/skill/de03f4fd-c147-4477-a048-7109e5ba2d6f,marketing principles,cross-sector,The principles of managing the relationship between consumers and products or services for the purpose of increasing sales and improving advertising techniques.,No approved automatic normalization match.
ESCO|esco_skills|http://data.europa.eu/esco/skill/e819cc1e-09d9-47f2-b418-93972852daef,ESCO,1.2.1,knowledge,esco_skills,http://data.europa.eu/esco/skill/e819cc1e-09d9-47f2-b418-93972852daef,MarkLogic,sector-specific,"The NoSQL enterprise non-relational database used for creating, updating and managing large amounts of unstructured data stored in the cloud and which provides features such as semantics, flexible data models and Hadoop integration.",No approved automatic normalization match.
ESCO|esco_skills|http://data.europa.eu/esco/skill/2964011e-f828-4c6c-b98b-51e984d66365,ESCO,1.2.1,knowledge,esco_skills,http://data.europa.eu/esco/skill/2964011e-f828-4c6c-b98b-51e984d66365,material mechanics,cross-sector,"The behaviour of solid objects when subjected to stresses and strains, and the methods to calculate these stresses and strains.",No approved automatic normalization match.
ESCO|esco_skills|http://data.europa.eu/esco/skill/0760bfac-9a03-427a-ad84-ccd33a2f2ae8,ESCO,1.2.1,knowledge,esco_skills,http://data.europa.eu/esco/skill/0760bfac-9a03-427a-ad84-ccd33a2f2ae8,mathematical modelling,cross-sector,"The process of establishing a mathematical representation problem, such as equations, of a real-word to provide insights, discover new features about the problematic scenario, better understand the original problem or to make predictions about it.",No approved automatic normalization match.
ESCO|esco_skills|http://data.europa.eu/esco/skill/c3a03c5a-c260-4c26-9b9a-873abb396f4d,ESCO,1.2.1,knowledge,esco_skills,http://data.europa.eu/esco/skill/c3a03c5a-c260-4c26-9b9a-873abb396f4d,MATLAB,sector-specific,"The techniques and principles of software development, such as analysis, algorithms, coding, testing and compiling of programming paradigms in MATLAB.",No approved automatic normalization match.
ESCO|esco_skills|http://data.europa.eu/esco/skill/1b7c716e-af95-4cda-a42f-6479c8b139f5,ESCO,1.2.1,knowledge,esco_skills,http://data.europa.eu/esco/skill/1b7c716e-af95-4cda-a42f-6479c8b139f5,MDX,sector-specific,The computer language MDX is a query language for retrieval of information from a database and of documents containing the needed information. It is developed by the software company Microsoft.,No approved automatic normalization match.
ESCO|esco_skills|http://data.europa.eu/esco/skill/9c071f1d-eac3-449d-b004-c14775b5a3b9,ESCO,1.2.1,knowledge,esco_skills,http://data.europa.eu/esco/skill/9c071f1d-eac3-449d-b004-c14775b5a3b9,mechanical engineering,sector-specific,"Discipline that applies principles of physics, engineering and materials science to design, analyse, manufacture and maintain mechanical systems.",No approved automatic normalization match.
ESCO|esco_skills|http://data.europa.eu/esco/skill/efa141df-f382-418f-9121-bd88fd735669,ESCO,1.2.1,knowledge,esco_skills,http://data.europa.eu/esco/skill/efa141df-f382-418f-9121-bd88fd735669,mechanics,cross-sector,Theoretical and practical applications of the science studying the action of displacements and forces on physical bodies to the development of machinery and mechanical devices.,No approved automatic normalization match.
ESCO|esco_skills|http://data.europa.eu/esco/skill/7566f0b4-7f6e-455c-abb5-ec58e57f7e17,ESCO,1.2.1,knowledge,esco_skills,http://data.europa.eu/esco/skill/7566f0b4-7f6e-455c-abb5-ec58e57f7e17,mechanics of motor vehicles,cross-sector,"The way energy forces interact and affect components in motor vehicles such as cars, buses, invalid carriages and other motorised vehicles.",No approved automatic normalization match.
ESCO|esco_skills|http://data.europa.eu/esco/skill/af0bbc31-b54d-4e8d-82b1-2e91a1115523,ESCO,1.2.1,knowledge,esco_skills,http://data.europa.eu/esco/skill/af0bbc31-b54d-4e8d-82b1-2e91a1115523,mechanics of trains,cross-sector,The mechanical aspects and principles of the mechanics involved in trains.,No approved automatic normalization match.
ESCO|esco_skills|http://data.europa.eu/esco/skill/a10aabfa-beb1-41b1-b8a3-4442b52536e3,ESCO,1.2.1,knowledge,esco_skills,http://data.europa.eu/esco/skill/a10aabfa-beb1-41b1-b8a3-4442b52536e3,mechanotherapy,sector-specific,The medical treatments provided by manual means such as massage or other types of mechanical devices.,No approved automatic normalization match.
ESCO|esco_skills|http://data.europa.eu/esco/skill/d88cb3f1-8e02-4618-bf32-4b0488066934,ESCO,1.2.1,knowledge,esco_skills,http://data.europa.eu/esco/skill/d88cb3f1-8e02-4618-bf32-4b0488066934,mechatronics,cross-sector,"Multidisciplinary field of engineering that combines principles of electrical engineering, telecommunications engineering, control engineering, computer engineering, and mechanical engineering in the design of products and manufacturing processes. The combination of these areas of engineering allows for the design and development of ""smart"" devices and the achievement of an optimal balance between mechanical structure and control.",No approved automatic normalization match.
ESCO|esco_skills|http://data.europa.eu/esco/skill/b21e2984-c6b2-4352-bbe8-8f3b03bd50f6,ESCO,1.2.1,knowledge,esco_skills,http://data.europa.eu/esco/skill/b21e2984-c6b2-4352-bbe8-8f3b03bd50f6,medical informatics,cross-sector,The processes and tools used for the analysis and dissemination of medical data through computerized systems.,No approved automatic normalization match.
ESCO|esco_skills|http://data.europa.eu/esco/skill/2806260f-6399-4add-8f11-070141423f9d,ESCO,1.2.1,knowledge,esco_skills,http://data.europa.eu/esco/skill/2806260f-6399-4add-8f11-070141423f9d,medical terminology,cross-sector,"The meaning of medical terms and abbreviations, of medical prescriptions and various medical specialties and when to use it correctly.",No approved automatic normalization match.
ESCO|esco_skills|http://data.europa.eu/esco/skill/a181e89d-44ae-40e7-8d37-177071237c74,ESCO,1.2.1,knowledge,esco_skills,http://data.europa.eu/esco/skill/a181e89d-44ae-40e7-8d37-177071237c74,metrology,cross-sector,"The methods and theory of measurement in a scientific context, including internationally accepted units of measurement, practical realisation of these units, and interpretation of measurements.",No approved automatic normalization match.
ESCO|esco_skills|http://data.europa.eu/esco/skill/b8b2a035-38f0-4c0e-94ee-edefc266c643,ESCO,1.2.1,knowledge,esco_skills,http://data.europa.eu/esco/skill/b8b2a035-38f0-4c0e-94ee-edefc266c643,microelectromechanical systems,sector-specific,"Microelectromechanical systems (MEMS) are miniaturised electromechanical systems made using processes of microfabrication. MEMS consist of microsensors, microactuators, microstructures, and microelectronics. MEMS can be used in a range of appliances, such as ink jet printer heads, digital light processors, gyroscopes in smart phones, accelerometers for airbags, and miniature microphones.",No approved automatic normalization match.
ESCO|esco_skills|http://data.europa.eu/esco/skill/4b164a27-849f-4be2-ae79-d26a4969b677,ESCO,1.2.1,knowledge,esco_skills,http://data.europa.eu/esco/skill/4b164a27-849f-4be2-ae79-d26a4969b677,microelectronics,cross-sector,"Microelectronics is a subdiscipline of electronics and relates the study, design, and manufacture of small electronic components, such as microchips.",No approved automatic normalization match.
ESCO|esco_skills|http://data.europa.eu/esco/skill/4107d971-baf4-4118-a217-4025810d6256,ESCO,1.2.1,knowledge,esco_skills,http://data.europa.eu/esco/skill/4107d971-baf4-4118-a217-4025810d6256,micromechatronic engineering,sector-specific,Cross-disciplinary engineering which focuses on the miniaturisation of mechatronic systems.,No approved automatic normalization match.
ESCO|esco_skills|http://data.europa.eu/esco/skill/e763b5c3-cfb3-48d2-9b83-fff97553ad95,ESCO,1.2.1,knowledge,esco_skills,http://data.europa.eu/esco/skill/e763b5c3-cfb3-48d2-9b83-fff97553ad95,microsensors,cross-sector,"Devices with a size smaller than 1 mm that can convert a non-electric signal, such as temperature, into an electrical signal. Because of their size, microsensors offer better accuracy, range, and sensitivity compared to larger sensors.",No approved automatic normalization match.
ESCO|esco_skills|http://data.europa.eu/esco/skill/3d03c40c-1b83-4793-8902-2523f40af59e,ESCO,1.2.1,knowledge,esco_skills,http://data.europa.eu/esco/skill/3d03c40c-1b83-4793-8902-2523f40af59e,Microsoft Access,sector-specific,"The computer program Access is a tool for creating, updating and managing databases, developed by the software company Microsoft.",No approved automatic normalization match.
ESCO|esco_skills|http://data.europa.eu/esco/skill/86f7126d-97fd-4da5-be96-d1cf6ecd54e6,ESCO,1.2.1,knowledge,esco_skills,http://data.europa.eu/esco/skill/86f7126d-97fd-4da5-be96-d1cf6ecd54e6,Microsoft Visio,sector-specific,The computer program Microsoft Visio is a graphical ICT tool which enables digital editing and composition of graphics to generate both 2D raster or 2D vector graphics. It is developed by the software company Microsoft.,No approved automatic normalization match.
ESCO|esco_skills|http://data.europa.eu/esco/skill/8369ede5-4200-4a44-be2e-bc60ef959259,ESCO,1.2.1,knowledge,esco_skills,http://data.europa.eu/esco/skill/8369ede5-4200-4a44-be2e-bc60ef959259,Microsoft Visual C++,sector-specific,"The computer program Visual C++ is a suite of software development tools for writing programs, such as compiler, debugger, code editor, code highlights, packaged in a unified user interface. It is developed by the software company Microsoft.",No approved automatic normalization match.
ESCO|esco_skills|http://data.europa.eu/esco/skill/2ca4c857-1450-4004-9fdb-8500def6b8fa,ESCO,1.2.1,knowledge,esco_skills,http://data.europa.eu/esco/skill/2ca4c857-1450-4004-9fdb-8500def6b8fa,military logistics,cross-sector,"The operations of the supply and demand of goods and recources on military bases and during military operations on the field, the disruption of enemy supplies, cost analysis, equipment demands, and other military logistics activities.",No approved automatic normalization match.
ESCO|esco_skills|http://data.europa.eu/esco/skill/9be02d2d-9d45-400b-aa05-1e9aee7bd815,ESCO,1.2.1,knowledge,esco_skills,http://data.europa.eu/esco/skill/9be02d2d-9d45-400b-aa05-1e9aee7bd815,mini wind power generation,sector-specific,"Mini wind turbines for electricity generation on-site (on roofs etc.), and their contribution to energy performance.",No approved automatic normalization match.
ESCO|esco_skills|http://data.europa.eu/esco/skill/ce4990a4-bf69-4f5f-becb-e4fd96da3a74,ESCO,1.2.1,knowledge,esco_skills,http://data.europa.eu/esco/skill/ce4990a4-bf69-4f5f-becb-e4fd96da3a74,"mining, construction and civil engineering machinery products",sector-specific,"The offered mining, construction and civil engineering machinery products, their functionalities, properties and legal and regulatory requirements.",No approved automatic normalization match.
ESCO|esco_skills|http://data.europa.eu/esco/skill/a4d336a6-9ffd-402a-91cc-f359716ba4e0,ESCO,1.2.1,knowledge,esco_skills,http://data.europa.eu/esco/skill/a4d336a6-9ffd-402a-91cc-f359716ba4e0,ML (computer programming),sector-specific,"The techniques and principles of software development, such as analysis, algorithms, coding, testing and compiling of programming paradigms in ML.",No approved automatic normalization match.
ESCO|esco_skills|http://data.europa.eu/esco/skill/cf532795-a1fd-43bd-8407-6e43f877e6e3,ESCO,1.2.1,knowledge,esco_skills,http://data.europa.eu/esco/skill/cf532795-a1fd-43bd-8407-6e43f877e6e3,mobile device management,sector-specific,"The methods for managing the use of mobile devices within an organisation, while ensuring security.",No approved automatic normalization match.
ESCO|esco_skills|http://data.europa.eu/esco/skill/ef069fe6-305b-4452-8f7d-0c572e98effc,ESCO,1.2.1,knowledge,esco_skills,http://data.europa.eu/esco/skill/ef069fe6-305b-4452-8f7d-0c572e98effc,mobile marketing,sector-specific,"The study of marketing which uses mobile devices as a communication channel. This approach can provide potential customers with personalised information (using location or time context) which promotes products, services or ideas.",No approved automatic normalization match.
ESCO|esco_skills|http://data.europa.eu/esco/skill/8afe68ff-b261-4fa8-ab25-bb30b0e5c292,ESCO,1.2.1,knowledge,esco_skills,http://data.europa.eu/esco/skill/8afe68ff-b261-4fa8-ab25-bb30b0e5c292,motion graphics,cross-sector,"The techniques and software for creating the illusion of motion such as keyframing, Adobe After Effects, and Nuke.",No approved automatic normalization match.
ESCO|esco_skills|http://data.europa.eu/esco/skill/f150e743-1313-48e5-9948-4179a3c7ad95,ESCO,1.2.1,knowledge,esco_skills,http://data.europa.eu/esco/skill/f150e743-1313-48e5-9948-4179a3c7ad95,movement techniques,cross-sector,"The various types of movement and physical postures undertaken for relaxation, body-mind integration, stress reduction, flexibility, core support and rehabilitation purposes, and that are required for or underpin occupational performance.",No approved automatic normalization match.
ESCO|esco_skills|http://data.europa.eu/esco/skill/9fc400ac-8ed2-4aff-915f-aa4f2609ec7b,ESCO,1.2.1,knowledge,esco_skills,http://data.europa.eu/esco/skill/9fc400ac-8ed2-4aff-915f-aa4f2609ec7b,multidisciplinary research,cross-sector,The research technique where a common issue is investigated using approaches from different disciplines with the aim of finding a comprehensive solution to it.,No approved automatic normalization match.
ESCO|esco_skills|http://data.europa.eu/esco/skill/a59708e3-e654-4e37-8b8a-741c3b756eee,ESCO,1.2.1,knowledge,esco_skills,http://data.europa.eu/esco/skill/a59708e3-e654-4e37-8b8a-741c3b756eee,multimedia systems,cross-sector,"The methods, procedures and techniques pertaining to the operation of multimedia systems, usually a combination of software and hardware, presenting various types of media such as video and audio.",No approved automatic normalization match.
ESCO|esco_skills|http://data.europa.eu/esco/skill/4d6a1837-93df-4a81-b424-74e1a8ed2f03,ESCO,1.2.1,knowledge,esco_skills,http://data.europa.eu/esco/skill/4d6a1837-93df-4a81-b424-74e1a8ed2f03,multimodal transport logistics,cross-sector,"The logistical supporting activities related to multimodal transport. The different elements of a multimodal system for the movement of goods or people, and all related advantages in terms of time and cost reduction, increased security and reduced risks and reduction of administrative burdens.",No approved automatic normalization match.
ESCO|esco_skills|http://data.europa.eu/esco/skill/4da171e5-779c-4983-a76f-91c16751e99f,ESCO,1.2.1,knowledge,esco_skills,http://data.europa.eu/esco/skill/4da171e5-779c-4983-a76f-91c16751e99f,MySQL,sector-specific,"The computer program MySQL is a tool for creating, updating and managing databases, currently developed by the software company Oracle.",No approved automatic normalization match.
ESCO|esco_skills|http://data.europa.eu/esco/skill/f597f772-24d3-4cec-813c-cf5a7027c794,ESCO,1.2.1,knowledge,esco_skills,http://data.europa.eu/esco/skill/f597f772-24d3-4cec-813c-cf5a7027c794,N1QL,sector-specific,The computer language N1QL is a query language for retrieval of information from a database and of documents containing the needed information. It is developed by the software company Couchbase.,No approved automatic normalization match.
ESCO|esco_skills|http://data.europa.eu/esco/skill/a8da58c7-42fc-4fd6-b25a-b06b74c00179,ESCO,1.2.1,knowledge,esco_skills,http://data.europa.eu/esco/skill/a8da58c7-42fc-4fd6-b25a-b06b74c00179,nanotechnology,cross-sector,"Technologies, science, and engineering activities conducted on a nanoscale, where material or extremely small components are manipulated on an atomic, molecular, or supramolecular scale.",No approved automatic normalization match.
ESCO|esco_skills|http://data.europa.eu/esco/skill/d0c425c6-e3de-465e-923d-d4d30ec4be9b,ESCO,1.2.1,knowledge,esco_skills,http://data.europa.eu/esco/skill/d0c425c6-e3de-465e-923d-d4d30ec4be9b,national generally accepted accounting principles,cross-sector,The accounting standard accepted in a region or country specifying the rules and procedures to disclose financial data.,No approved automatic normalization match.
ESCO|esco_skills|http://data.europa.eu/esco/skill/fff0e2cd-d0bd-4b02-9daf-158b79d9688a,ESCO,1.2.1,knowledge,esco_skills,http://data.europa.eu/esco/skill/fff0e2cd-d0bd-4b02-9daf-158b79d9688a,natural language processing,sector-specific,The technologies which enable ICT devices to understand and interact with users through human language.,No approved automatic normalization match.
ESCO|esco_skills|http://data.europa.eu/esco/skill/5dfcc46a-4fb1-453c-961b-5d41bf077433,ESCO,1.2.1,knowledge,esco_skills,http://data.europa.eu/esco/skill/5dfcc46a-4fb1-453c-961b-5d41bf077433,neurology,cross-sector,Neurology is a medical specialty mentioned in the EU Directive 2005/36/EC.,No approved automatic normalization match.
ESCO|esco_skills|http://data.europa.eu/esco/skill/60efd7d3-eee4-4f7d-9373-66a54d13b3e0,ESCO,1.2.1,knowledge,esco_skills,http://data.europa.eu/esco/skill/60efd7d3-eee4-4f7d-9373-66a54d13b3e0,neuromarketing techniques,sector-specific,A field of marketing which uses medical technologies such as functional Magnetic Resonance Imaging (fMRI) to study the brain’s responses to marketing stimuli.,No approved automatic normalization match.
ESCO|esco_skills|http://data.europa.eu/esco/skill/e40d5ab6-957c-414f-9a6f-5e4c6208420f,ESCO,1.2.1,knowledge,esco_skills,http://data.europa.eu/esco/skill/e40d5ab6-957c-414f-9a6f-5e4c6208420f,neuropsychology,occupation-specific,"The way in which psychological processes affect the human brain, its structure and functioning mode.",No approved automatic normalization match.
ESCO|esco_skills|http://data.europa.eu/esco/skill/5ff6f551-f2a4-4cef-a72d-e81116155a43,ESCO,1.2.1,knowledge,esco_skills,http://data.europa.eu/esco/skill/5ff6f551-f2a4-4cef-a72d-e81116155a43,newborn care,cross-sector,The procedures required to take care of newborn infants immediately after their birth up to 28 days (WHO).,No approved automatic normalization match.
ESCO|esco_skills|http://data.europa.eu/esco/skill/76ef6ed3-1658-4a1a-9593-204d799c6d0c,ESCO,1.2.1,knowledge,esco_skills,http://data.europa.eu/esco/skill/76ef6ed3-1658-4a1a-9593-204d799c6d0c,NoSQL,sector-specific,"The Not Only SQL non-relational database used for creating, updating and managing large amounts of unstructured data stored in the cloud.",No approved automatic normalization match.
ESCO|esco_skills|http://data.europa.eu/esco/skill/8b3aefd2-5021-418f-b069-828fb7abc598,ESCO,1.2.1,knowledge,esco_skills,http://data.europa.eu/esco/skill/8b3aefd2-5021-418f-b069-828fb7abc598,nursing principles,cross-sector,"The ethics, the codes of conduct, the philosophy of nursing, the philosophy of human rights and nursing theories and concepts.",No approved automatic normalization match.
ESCO|esco_skills|http://data.europa.eu/esco/skill/d429b19a-132f-44d3-971b-bb0ccd94f979,ESCO,1.2.1,knowledge,esco_skills,http://data.europa.eu/esco/skill/d429b19a-132f-44d3-971b-bb0ccd94f979,nursing science,cross-sector,The factors that influence human health and the therapeutic interventions that promote health with the purpose to improve individual`s mental and physical health.,No approved automatic normalization match.
ESCO|esco_skills|http://data.europa.eu/esco/skill/5be3d306-6cf1-4b49-aa1d-01651dd4ba4c,ESCO,1.2.1,knowledge,esco_skills,http://data.europa.eu/esco/skill/5be3d306-6cf1-4b49-aa1d-01651dd4ba4c,object-oriented modelling,sector-specific,"The object-oriented paradigm, which is based on classes, objects, methods and interfaces and their application in software design and analysis, programming organisation and techniques.",No approved automatic normalization match.
ESCO|esco_skills|http://data.europa.eu/esco/skill/9973a5a2-7822-4161-99e9-95c781eb63f8,ESCO,1.2.1,knowledge,esco_skills,http://data.europa.eu/esco/skill/9973a5a2-7822-4161-99e9-95c781eb63f8,Objective-C,sector-specific,"The techniques and principles of software development, such as analysis, algorithms, coding, testing and compiling of programming paradigms in Objective-C.",No approved automatic normalization match.
ESCO|esco_skills|http://data.europa.eu/esco/skill/4959697d-3a24-4f46-af0c-b752318e6c54,ESCO,1.2.1,knowledge,esco_skills,http://data.europa.eu/esco/skill/4959697d-3a24-4f46-af0c-b752318e6c54,ObjectStore,sector-specific,"The computer program ObjectStore is a tool for creating, updating and managing databases, developed by the software company Object Design, Incorporated.",No approved automatic normalization match.
ESCO|esco_skills|http://data.europa.eu/esco/skill/6fa0f0de-5630-4a08-a042-a2e07de9208e,ESCO,1.2.1,knowledge,esco_skills,http://data.europa.eu/esco/skill/6fa0f0de-5630-4a08-a042-a2e07de9208e,obstetrics and gynaecology,sector-specific,Obstetrics and gynaecology is a medical specialty mentioned in the EU Directive 2005/36/EC.,No approved automatic normalization match.
ESCO|esco_skills|http://data.europa.eu/esco/skill/d5e39a53-4f54-4d5f-9df3-b49664c9559d,ESCO,1.2.1,knowledge,esco_skills,http://data.europa.eu/esco/skill/d5e39a53-4f54-4d5f-9df3-b49664c9559d,occupational health,sector-specific,The subfield of study of public health that focus on improving the wellbeing of individuals in the workplace for all the occupational profiles. It is concerned with health and safety in the workplace and prevention of hazards.,No approved automatic normalization match.
ESCO|esco_skills|http://data.europa.eu/esco/skill/1bd24c22-f065-4ef9-adf4-068f01581987,ESCO,1.2.1,knowledge,esco_skills,http://data.europa.eu/esco/skill/1bd24c22-f065-4ef9-adf4-068f01581987,occupational physiology,cross-sector,"The complex physiology of specific jobs and its relation to disorders and medical conditions and the way to optimize health, work ability, and productivity.",No approved automatic normalization match.
ESCO|esco_skills|http://data.europa.eu/esco/skill/b157439a-3b5f-4024-8b58-5b3b0182fb0e,ESCO,1.2.1,knowledge,esco_skills,http://data.europa.eu/esco/skill/b157439a-3b5f-4024-8b58-5b3b0182fb0e,occupational science,sector-specific,"The study of everyday activity including the behaviours, characteristics, and patterns of behaviour and productivity.",No approved automatic normalization match.
ESCO|esco_skills|http://data.europa.eu/esco/skill/50ed4d18-60a8-4f14-a94c-73fd0d561c23,ESCO,1.2.1,knowledge,esco_skills,http://data.europa.eu/esco/skill/50ed4d18-60a8-4f14-a94c-73fd0d561c23,occupational therapy theories,cross-sector,"The fundamental theories that underlie occupational therapy practice, occupation-based models, and frames of reference used in this context.'.",No approved automatic normalization match.
ESCO|esco_skills|http://data.europa.eu/esco/skill/750f86d2-18be-4015-84b1-d4a26d9b2d88,ESCO,1.2.1,knowledge,esco_skills,http://data.europa.eu/esco/skill/750f86d2-18be-4015-84b1-d4a26d9b2d88,online ads campaign techniques,cross-sector,Techniques to plan and implement a marketing campaign on online ads platforms.,No approved automatic normalization match.
ESCO|esco_skills|http://data.europa.eu/esco/skill/b0a3bb25-a02f-43ed-ab1f-994fa66a424a,ESCO,1.2.1,knowledge,esco_skills,http://data.europa.eu/esco/skill/b0a3bb25-a02f-43ed-ab1f-994fa66a424a,online analytical processing,sector-specific,"The online tools which analyse, aggregate and present multi-dimensional data enabling users to interactively and selectively extract and view data from specific points of view.",No approved automatic normalization match.
ESCO|esco_skills|http://data.europa.eu/esco/skill/b16200f4-4f39-4b8b-aa9d-3568054d6bdb,ESCO,1.2.1,knowledge,esco_skills,http://data.europa.eu/esco/skill/b16200f4-4f39-4b8b-aa9d-3568054d6bdb,Open source model,sector-specific,"The open source model consists of principles and fundamentals of service-oriented modelling for business and software systems that allow the design and specification of service-oriented business systems within a variety of architectural styles, such as enterprise architecture.",No approved automatic normalization match.
ESCO|esco_skills|http://data.europa.eu/esco/skill/300d432b-f457-4cd3-9cb1-1858c7d14954,ESCO,1.2.1,knowledge,esco_skills,http://data.europa.eu/esco/skill/300d432b-f457-4cd3-9cb1-1858c7d14954,OpenEdge Advanced Business Language,sector-specific,"The techniques and principles of software development, such as analysis, algorithms, coding, testing and compiling of programming paradigms in OpenEdge Advanced Business Language.",No approved automatic normalization match.
ESCO|esco_skills|http://data.europa.eu/esco/skill/43ec6db6-33f7-449b-a566-5779a7e8997a,ESCO,1.2.1,knowledge,esco_skills,http://data.europa.eu/esco/skill/43ec6db6-33f7-449b-a566-5779a7e8997a,OpenEdge Database,sector-specific,"The computer program OpenEdge Database is a tool for creating, updating and managing databases, developed by the software company Progress Software Corporation.",No approved automatic normalization match.
ESCO|esco_skills|http://data.europa.eu/esco/skill/f9a6f35b-01a7-40c9-8b61-b6ee46f97272,ESCO,1.2.1,knowledge,esco_skills,http://data.europa.eu/esco/skill/f9a6f35b-01a7-40c9-8b61-b6ee46f97272,operating systems,sector-specific,"The features, restrictions, architectures and other characteristics of operating systems such Linux, Windows, MacOS, etc.",No approved automatic normalization match.
ESCO|esco_skills|http://data.europa.eu/esco/skill/726abd5a-d23c-44b9-abb0-f22bbe95f1d3,ESCO,1.2.1,knowledge,esco_skills,http://data.europa.eu/esco/skill/726abd5a-d23c-44b9-abb0-f22bbe95f1d3,operational research,cross-sector,"The application of scientific methods to provide solutions to administrative and management issues of organised systems as industrial, commercial, or governmental processes.",No approved automatic normalization match.
ESCO|esco_skills|http://data.europa.eu/esco/skill/e66cd71d-371c-4f82-8bce-b220b8c2d6ea,ESCO,1.2.1,knowledge,esco_skills,http://data.europa.eu/esco/skill/e66cd71d-371c-4f82-8bce-b220b8c2d6ea,optoelectronics,cross-sector,Branch of electronics and optics dedicated to the study and use of electronic devices that detect and control light.,No approved automatic normalization match.
ESCO|esco_skills|http://data.europa.eu/esco/skill/8764d4b1-e069-44f2-8baa-fb1eee1850ec,ESCO,1.2.1,knowledge,esco_skills,http://data.europa.eu/esco/skill/8764d4b1-e069-44f2-8baa-fb1eee1850ec,Oracle Application Development Framework,sector-specific,"The Java framework software development environment which provide specific features and components (such as enhanced reusability features, visual and declarative programming) that support and guide enterprise applications development.",No approved automatic normalization match.
ESCO|esco_skills|http://data.europa.eu/esco/skill/de9f85ba-e77f-48fd-8c66-f5ebaf32d655,ESCO,1.2.1,knowledge,esco_skills,http://data.europa.eu/esco/skill/de9f85ba-e77f-48fd-8c66-f5ebaf32d655,Oracle Relational Database,sector-specific,"The computer program Oracle Rdb is a tool for creating, updating and managing databases, developed by the software company Oracle.",No approved automatic normalization match.
ESCO|esco_skills|http://data.europa.eu/esco/skill/70de94f5-9575-4edd-bca7-c797b023b9d6,ESCO,1.2.1,knowledge,esco_skills,http://data.europa.eu/esco/skill/70de94f5-9575-4edd-bca7-c797b023b9d6,Oracle WebLogic,sector-specific,The application server Oracle WebLogic is Java EE based application server which serves as a middle tier that links the back-end databases to the related applications.,No approved automatic normalization match.
ESCO|esco_skills|http://data.europa.eu/esco/skill/bdf5ca62-9053-4652-b5e4-4eb95c271945,ESCO,1.2.1,knowledge,esco_skills,http://data.europa.eu/esco/skill/bdf5ca62-9053-4652-b5e4-4eb95c271945,organisational learning,occupation-specific,The process for continuous improvement of an organisation through obtaining experience to be used to generate knowledge with the aim of sharing it within the organisation itself.,No approved automatic normalization match.
ESCO|esco_skills|http://data.europa.eu/esco/skill/3a5231a0-8c30-48ee-b671-08e2debd4441,ESCO,1.2.1,knowledge,esco_skills,http://data.europa.eu/esco/skill/3a5231a0-8c30-48ee-b671-08e2debd4441,organisational policies,sector-specific,The policies to achieve set of goals and targets regarding the development and maintenance of an organisation.,No approved automatic normalization match.
ESCO|esco_skills|http://data.europa.eu/esco/skill/79f24a62-7718-46e1-9b41-37be0560a5ca,ESCO,1.2.1,knowledge,esco_skills,http://data.europa.eu/esco/skill/79f24a62-7718-46e1-9b41-37be0560a5ca,organisational resilience,sector-specific,"The strategies, methods and techniques that increase the organisation's capacity to protect and sustain the services and operations that fulfil the organisational mission and create lasting values by effectively addressing the combined issues of security, preparedness, risk and disaster recovery.",No approved automatic normalization match.
ESCO|esco_skills|http://data.europa.eu/esco/skill/190be8c6-69a6-4aff-8320-473aee68d4c8,ESCO,1.2.1,knowledge,esco_skills,http://data.europa.eu/esco/skill/190be8c6-69a6-4aff-8320-473aee68d4c8,orthopaedic manual physiotherapy,occupation-specific,"A specialised area of physiotherapy for the management of neuro-musculoskeletal conditions, based on clinical reasoning, using highly specific treatment approaches including manual techniques and therapeutic exercises.",No approved automatic normalization match.
ESCO|esco_skills|http://data.europa.eu/esco/skill/2ed78f04-8282-40ab-89a6-9392fde00826,ESCO,1.2.1,knowledge,esco_skills,http://data.europa.eu/esco/skill/2ed78f04-8282-40ab-89a6-9392fde00826,orthopaedics,cross-sector,Orthopaedics is a medical specialty mentioned in the EU Directive 2005/36/EC.,No approved automatic normalization match.
ESCO|esco_skills|http://data.europa.eu/esco/skill/f40c7c6f-92c6-4c60-a21b-a837904d14c2,ESCO,1.2.1,knowledge,esco_skills,http://data.europa.eu/esco/skill/f40c7c6f-92c6-4c60-a21b-a837904d14c2,osteopathy,sector-specific,"The type of alternative medicine which manipulates the body`s muscle tissues, joints and bones.",No approved automatic normalization match.
ESCO|esco_skills|http://data.europa.eu/esco/skill/63f0aa84-5e4c-4eb6-8e8c-876d9feedf1f,ESCO,1.2.1,knowledge,esco_skills,http://data.europa.eu/esco/skill/63f0aa84-5e4c-4eb6-8e8c-876d9feedf1f,Outsourcing model,sector-specific,"The outsourcing model consists of principles and fundamentals of service-oriented modelling for business and software systems that allow the design and specification of service-oriented business systems within a variety of architectural styles, such as enterprise architecture.",No approved automatic normalization match.
ESCO|esco_skills|http://data.europa.eu/esco/skill/8671290a-ab17-42c2-9114-adcb741e7257,ESCO,1.2.1,knowledge,esco_skills,http://data.europa.eu/esco/skill/8671290a-ab17-42c2-9114-adcb741e7257,paediatrics,cross-sector,Paediatrics is a medical specialty mentioned in the EU Directive 2005/36/EC.,No approved automatic normalization match.
ESCO|esco_skills|http://data.europa.eu/esco/skill/c5a80bb0-31e6-4de0-868c-00a0f9b88b47,ESCO,1.2.1,knowledge,esco_skills,http://data.europa.eu/esco/skill/c5a80bb0-31e6-4de0-868c-00a0f9b88b47,palliative care,sector-specific,The methods of pain relief and quality of life improvement for the patients with serious illnesses.,No approved automatic normalization match.
ESCO|esco_skills|http://data.europa.eu/esco/skill/e8b89eb6-51e8-4c3a-babb-88b2e110376b,ESCO,1.2.1,knowledge,esco_skills,http://data.europa.eu/esco/skill/e8b89eb6-51e8-4c3a-babb-88b2e110376b,Pascal (computer programming),sector-specific,"The techniques and principles of software development, such as analysis, algorithms, coding, testing and compiling of programming paradigms in Pascal.",No approved automatic normalization match.
ESCO|esco_skills|http://data.europa.eu/esco/skill/db8a9ba7-96ad-4c53-b552-d4f1570dfefb,ESCO,1.2.1,knowledge,esco_skills,http://data.europa.eu/esco/skill/db8a9ba7-96ad-4c53-b552-d4f1570dfefb,pathology,cross-sector,"The components of a disease, the cause, mechanisms of development, morphologic changes, and the clinical consequences of those changes.",No approved automatic normalization match.
ESCO|esco_skills|http://data.europa.eu/esco/skill/2b1ce548-4e16-45fb-bfb2-f3141c8efe8d,ESCO,1.2.1,knowledge,esco_skills,http://data.europa.eu/esco/skill/2b1ce548-4e16-45fb-bfb2-f3141c8efe8d,patient autonomy,occupation-specific,"The patient`s safety, autonomy and rights to make the decisions about whether to follow a prescribed treatment or not.",No approved automatic normalization match.
ESCO|esco_skills|http://data.europa.eu/esco/skill/b394396b-fa83-4e35-b51c-789349f8c3d1,ESCO,1.2.1,knowledge,esco_skills,http://data.europa.eu/esco/skill/b394396b-fa83-4e35-b51c-789349f8c3d1,patient record storage,sector-specific,Field of information which monitors regulatory and legal changes regarding patient record compilation and storage.,No approved automatic normalization match.
ESCO|esco_skills|http://data.europa.eu/esco/skill/79fc83a3-9c76-4e21-b766-2e9c0f8d31eb,ESCO,1.2.1,knowledge,esco_skills,http://data.europa.eu/esco/skill/79fc83a3-9c76-4e21-b766-2e9c0f8d31eb,patient safety theories,sector-specific,"The knowledge of theories addressing the management of risk and safety in nursing operations, such as the normal accident theory, the high reliability theory and the grid-group cultural theory.",No approved automatic normalization match.
ESCO|esco_skills|http://data.europa.eu/esco/skill/a117f32c-662b-4dd9-b739-1230dd04cb60,ESCO,1.2.1,knowledge,esco_skills,http://data.europa.eu/esco/skill/a117f32c-662b-4dd9-b739-1230dd04cb60,pedagogy,cross-sector,The discipline that concerns the theory and practice of education including the various instructional methods for educating individuals or groups.,No approved automatic normalization match.
ESCO|esco_skills|http://data.europa.eu/esco/skill/401eb8d8-6daa-4f8b-90ad-60afc71eb4f8,ESCO,1.2.1,knowledge,esco_skills,http://data.europa.eu/esco/skill/401eb8d8-6daa-4f8b-90ad-60afc71eb4f8,Perl,sector-specific,"The techniques and principles of software development, such as analysis, algorithms, coding, testing and compiling of programming paradigms in Perl.",No approved automatic normalization match.
ESCO|esco_skills|http://data.europa.eu/esco/skill/8168333b-8257-48f6-82c5-6b5128c21ecc,ESCO,1.2.1,knowledge,esco_skills,http://data.europa.eu/esco/skill/8168333b-8257-48f6-82c5-6b5128c21ecc,person centred care,sector-specific,"The person centered care approach involves treating patients as equal partners in the planning and developing of care, patients and their needs being at the core of all decisions.",No approved automatic normalization match.
ESCO|esco_skills|http://data.europa.eu/esco/skill/b01444aa-6f62-4b7d-ab30-4385a9148580,ESCO,1.2.1,knowledge,esco_skills,http://data.europa.eu/esco/skill/b01444aa-6f62-4b7d-ab30-4385a9148580,personal reflection techniques based on feedback,cross-sector,"Self-evaluation and reflection processes based on 360-degree feedback from subordinates, colleagues, and supervisors that support personal and professional growth.",No approved automatic normalization match.
ESCO|esco_skills|http://data.europa.eu/esco/skill/88b406d0-72e2-4087-be19-d5992d259473,ESCO,1.2.1,knowledge,esco_skills,http://data.europa.eu/esco/skill/88b406d0-72e2-4087-be19-d5992d259473,personnel management,cross-sector,"The methodologies and procedures involved in the hiring and development of employees in order to ensure value for the organisation, as well as personnel needs, benefits, conflict resolution and ensuring a positive corporate climate.",No approved automatic normalization match.
ESCO|esco_skills|http://data.europa.eu/esco/skill/60c544c9-0815-479c-bcec-93c7891815ea,ESCO,1.2.1,knowledge,esco_skills,http://data.europa.eu/esco/skill/60c544c9-0815-479c-bcec-93c7891815ea,pharmacology,cross-sector,Pharmacology is a medical specialty mentioned in the EU Directive 2005/36/EC.,No approved automatic normalization match.
ESCO|esco_skills|http://data.europa.eu/esco/skill/0435fe96-523f-4888-a76f-22df1e92d9c4,ESCO,1.2.1,knowledge,esco_skills,http://data.europa.eu/esco/skill/0435fe96-523f-4888-a76f-22df1e92d9c4,photogrammetry,cross-sector,"The science of taking photographs from at least two different locations in order to measure land surfaces to be represented in a map, 3D model or physical model.",No approved automatic normalization match.
ESCO|esco_skills|http://data.europa.eu/esco/skill/38509fa4-7c06-4a4b-9622-f521f03c37b8,ESCO,1.2.1,knowledge,esco_skills,http://data.europa.eu/esco/skill/38509fa4-7c06-4a4b-9622-f521f03c37b8,photography,cross-sector,Art and practice of creating aesthetically appealing images by recording light or electromagnetic radiation.,No approved automatic normalization match.
ESCO|esco_skills|http://data.europa.eu/esco/skill/4350c38d-0fe9-4ca7-bab9-40ed7f72b04f,ESCO,1.2.1,knowledge,esco_skills,http://data.europa.eu/esco/skill/4350c38d-0fe9-4ca7-bab9-40ed7f72b04f,PHP,sector-specific,"The techniques and principles of software development, such as analysis, algorithms, coding, testing and compiling of programming paradigms in PHP.",No approved automatic normalization match.
ESCO|esco_skills|http://data.europa.eu/esco/skill/af5e7f45-325f-4424-8724-5692d62caada,ESCO,1.2.1,knowledge,esco_skills,http://data.europa.eu/esco/skill/af5e7f45-325f-4424-8724-5692d62caada,physical medicine,sector-specific,The diagnosis and treatment methods applied to individuals with physical impairments or disabilities in order to help them restore their body functions lost because of medical injuries or medical diseases.,No approved automatic normalization match.
ESCO|esco_skills|http://data.europa.eu/esco/skill/bf419e00-8548-491a-a06f-d72ab439df2f,ESCO,1.2.1,knowledge,esco_skills,http://data.europa.eu/esco/skill/bf419e00-8548-491a-a06f-d72ab439df2f,pneumatics,cross-sector,The application of pressurised gas to produce mechanical motion.,No approved automatic normalization match.
ESCO|esco_skills|http://data.europa.eu/esco/skill/a8d07b5a-c1a1-42c6-9d53-db9c7a2ca996,ESCO,1.2.1,knowledge,esco_skills,http://data.europa.eu/esco/skill/a8d07b5a-c1a1-42c6-9d53-db9c7a2ca996,PostgreSQL,sector-specific,"The computer program PostgreSQL is a free and open-source software tool for creating, updating and managing databases, developed by the PostgreSQL Global Development Group.",No approved automatic normalization match.
ESCO|esco_skills|http://data.europa.eu/esco/skill/dd6e5939-d19b-4e2f-a025-2014f0a2ec88,ESCO,1.2.1,knowledge,esco_skills,http://data.europa.eu/esco/skill/dd6e5939-d19b-4e2f-a025-2014f0a2ec88,power engineering,cross-sector,"Subdiscipline of energy and electrical engineering which specialises in the generation, transmission, distribution, and usage of electrical power through the connection of electrical devices to motors, generators, and transformers, such as an AC-DC power adapter.",No approved automatic normalization match.
ESCO|esco_skills|http://data.europa.eu/esco/skill/2fea2558-630e-480d-9e12-47a05bc19b55,ESCO,1.2.1,knowledge,esco_skills,http://data.europa.eu/esco/skill/2fea2558-630e-480d-9e12-47a05bc19b55,precision mechanics,cross-sector,Precision or fine mechanics is a subdiscipline in engineering that focuses on the design and development of smaller precision machines.,No approved automatic normalization match.
ESCO|esco_skills|http://data.europa.eu/esco/skill/1c460d2d-90c6-4fc9-ad49-febb6e15605a,ESCO,1.2.1,knowledge,esco_skills,http://data.europa.eu/esco/skill/1c460d2d-90c6-4fc9-ad49-febb6e15605a,pricing strategies,cross-sector,"The techniques, theories, and commonly accepted strategies regarding pricing of goods. The relation between pricing strategies and outcomes in the market such as profitability maximisation, deterrence of newcomers, or increase of market share.",No approved automatic normalization match.
ESCO|esco_skills|http://data.europa.eu/esco/skill/9c1e94ad-6c81-4fce-bc16-f7cf2e730cf0,ESCO,1.2.1,knowledge,esco_skills,http://data.europa.eu/esco/skill/9c1e94ad-6c81-4fce-bc16-f7cf2e730cf0,primary care,cross-sector,"The regular, routine medical care provided to patients, usually performed by a physician or a nurse, that leads to a decision on the following course of action required to solve the health problem of the patient.",No approved automatic normalization match.
ESCO|esco_skills|http://data.europa.eu/esco/skill/54804209-6aac-4ca4-bf3c-aef4fbe18f8c,ESCO,1.2.1,knowledge,esco_skills,http://data.europa.eu/esco/skill/54804209-6aac-4ca4-bf3c-aef4fbe18f8c,principles of mechanical engineering,cross-sector,"The principles of mechanical engineering, physics, and materials science.",No approved automatic normalization match.
ESCO|esco_skills|http://data.europa.eu/esco/skill/a507f45d-0894-4803-b1cd-9ca7f15c9299,ESCO,1.2.1,knowledge,esco_skills,http://data.europa.eu/esco/skill/a507f45d-0894-4803-b1cd-9ca7f15c9299,printed goods processes,cross-sector,"The various types and characteristics of producing printed goods such as catalogues, flyers, etc.",No approved automatic normalization match.
ESCO|esco_skills|http://data.europa.eu/esco/skill/d5a59ca8-2e91-472e-8571-d12ce4478679,ESCO,1.2.1,knowledge,esco_skills,http://data.europa.eu/esco/skill/d5a59ca8-2e91-472e-8571-d12ce4478679,Process-based management,sector-specific,"The process-based management approach is a methodology for planning, managing and overseeing of ICT resources in order to meet specific goals and using project management ICT tools.",No approved automatic normalization match.
ESCO|esco_skills|http://data.europa.eu/esco/skill/e2d0daae-2aa1-40cc-99e2-b340b02f97d3,ESCO,1.2.1,knowledge,esco_skills,http://data.europa.eu/esco/skill/e2d0daae-2aa1-40cc-99e2-b340b02f97d3,product data management,cross-sector,"The use of software to track all information concerning a product such as technical specifications, drawings, design specifications, and production costs.",No approved automatic normalization match.
ESCO|esco_skills|http://data.europa.eu/esco/skill/4913d0c0-133a-4c46-aac3-f5d4989a982e,ESCO,1.2.1,knowledge,esco_skills,http://data.europa.eu/esco/skill/4913d0c0-133a-4c46-aac3-f5d4989a982e,product usage risks analysis,cross-sector,"The methods to analyse product associated risks, in possible customer environment, their magnitude, consequences and likely outcomes in order to mitigate them by warning messages, safety instructions and maintenance support.",No approved automatic normalization match.
ESCO|esco_skills|http://data.europa.eu/esco/skill/6078e099-7696-44a5-b3c1-452b9abe886a,ESCO,1.2.1,knowledge,esco_skills,http://data.europa.eu/esco/skill/6078e099-7696-44a5-b3c1-452b9abe886a,production engineering,sector-specific,The subfield of industrial engineering that corresponds to the practice of generating efficient products by transforming raw material into finite products.,No approved automatic normalization match.
ESCO|esco_skills|http://data.europa.eu/esco/skill/12c7b323-d870-4f5b-9d7d-d9f525206d77,ESCO,1.2.1,knowledge,esco_skills,http://data.europa.eu/esco/skill/12c7b323-d870-4f5b-9d7d-d9f525206d77,production processes,cross-sector,Materials and techniques required in the production and distribution processes.,No approved automatic normalization match.
ESCO|esco_skills|http://data.europa.eu/esco/skill/9a7cc3c2-b529-44a4-ab8e-f04fc91362e2,ESCO,1.2.1,knowledge,esco_skills,http://data.europa.eu/esco/skill/9a7cc3c2-b529-44a4-ab8e-f04fc91362e2,professional documentation in health care,sector-specific,The written standards applied in the health care professional environments for documentation purposes of one`s activity.,No approved automatic normalization match.
ESCO|esco_skills|http://data.europa.eu/esco/skill/7111b95d-0ce3-441a-9d92-4c75d05c4388,ESCO,1.2.1,knowledge,esco_skills,http://data.europa.eu/esco/skill/7111b95d-0ce3-441a-9d92-4c75d05c4388,project management,sector-specific,"The discipline of project management, the activities which comprise this area and the variables implied in it, such as time, resources, requirements, deadlines, and responding to unexpected events.",No approved automatic normalization match.
ESCO|esco_skills|http://data.europa.eu/esco/skill/2bde42ae-e776-41c1-9ded-b07b30bfe985,ESCO,1.2.1,knowledge,esco_skills,http://data.europa.eu/esco/skill/2bde42ae-e776-41c1-9ded-b07b30bfe985,Prolog (computer programming),sector-specific,"The techniques and principles of software development, such as analysis, algorithms, coding, testing and compiling of programming paradigms in Prolog.",No approved automatic normalization match.
ESCO|esco_skills|http://data.europa.eu/esco/skill/ed1d8bd4-cd2a-4c64-b665-56d70651026c,ESCO,1.2.1,knowledge,esco_skills,http://data.europa.eu/esco/skill/ed1d8bd4-cd2a-4c64-b665-56d70651026c,Prototyping development,sector-specific,The prototyping development model is a methodology to design software systems and applications.,No approved automatic normalization match.
ESCO|esco_skills|http://data.europa.eu/esco/skill/f9f258e3-4728-4107-9e08-293d5d2ef65e,ESCO,1.2.1,knowledge,esco_skills,http://data.europa.eu/esco/skill/f9f258e3-4728-4107-9e08-293d5d2ef65e,psychiatry,cross-sector,Psychiatry is a medical specialty mentioned in the EU Directive 2005/36/EC.,No approved automatic normalization match.
ESCO|esco_skills|http://data.europa.eu/esco/skill/74d17112-4675-4e97-8525-8d27ffe20fc7,ESCO,1.2.1,knowledge,esco_skills,http://data.europa.eu/esco/skill/74d17112-4675-4e97-8525-8d27ffe20fc7,psychotherapy principles,cross-sector,The fundamental principles and methods applied in psychotherapy to explore and resolve distressing behaviour or feelings.,No approved automatic normalization match.
ESCO|esco_skills|http://data.europa.eu/esco/skill/9570e84e-6699-4c9f-9a12-7bc82d53a231,ESCO,1.2.1,knowledge,esco_skills,http://data.europa.eu/esco/skill/9570e84e-6699-4c9f-9a12-7bc82d53a231,public health,cross-sector,"The principles of health and sickness affecting the population, including the means for health promotion and prevention and community and primary care.",No approved automatic normalization match.
ESCO|esco_skills|http://data.europa.eu/esco/skill/39f9b48c-04b5-4e6f-9c52-3cdb29a5a93b,ESCO,1.2.1,knowledge,esco_skills,http://data.europa.eu/esco/skill/39f9b48c-04b5-4e6f-9c52-3cdb29a5a93b,publishing industry,cross-sector,"Key stakeholders in the publishing industry. Acquisition, marketing and distribution of newspapers, books, magazines and other informative works, including electronic media.",No approved automatic normalization match.
ESCO|esco_skills|http://data.europa.eu/esco/skill/d6c29154-9cc1-48a4-a2de-3d1d0d7f0831,ESCO,1.2.1,knowledge,esco_skills,http://data.europa.eu/esco/skill/d6c29154-9cc1-48a4-a2de-3d1d0d7f0831,publishing strategy,sector-specific,"The methods, rules, media and tools of publishing content from content management systems in single sources or cross media.",No approved automatic normalization match.
ESCO|esco_skills|http://data.europa.eu/esco/skill/6417a4cc-6f61-4459-a114-761a7fa0279d,ESCO,1.2.1,knowledge,esco_skills,http://data.europa.eu/esco/skill/6417a4cc-6f61-4459-a114-761a7fa0279d,Puppet (tools for software configuration management),sector-specific,"The tool Puppet is a software program to perform configuration identification, control, status accounting and audit.",No approved automatic normalization match.
ESCO|esco_skills|http://data.europa.eu/esco/skill/ccd0a1d9-afda-43d9-b901-96344886e14d,ESCO,1.2.1,knowledge,esco_skills,http://data.europa.eu/esco/skill/ccd0a1d9-afda-43d9-b901-96344886e14d,Python (computer programming),sector-specific,"The techniques and principles of software development, such as analysis, algorithms, coding, testing and compiling of programming paradigms in Python.",No approved automatic normalization match.
ESCO|esco_skills|http://data.europa.eu/esco/skill/3b3b7373-220a-4287-87cf-e24a208b63c6,ESCO,1.2.1,knowledge,esco_skills,http://data.europa.eu/esco/skill/3b3b7373-220a-4287-87cf-e24a208b63c6,quality and cycle time optimisation,cross-sector,The most optimal rotation or cycle time and over-all quality of a tool or a machine's processes.,No approved automatic normalization match.
ESCO|esco_skills|http://data.europa.eu/esco/skill/8d4271ca-c9fd-40b3-875f-15f78332a49e,ESCO,1.2.1,knowledge,esco_skills,http://data.europa.eu/esco/skill/8d4271ca-c9fd-40b3-875f-15f78332a49e,quality standards,cross-sector,"The national and international requirements, specifications and guidelines to ensure that products, services and processes are of good quality and fit for purpose.",No approved automatic normalization match.
ESCO|esco_skills|http://data.europa.eu/esco/skill/6360a934-cc87-4954-9656-b32db20592e3,ESCO,1.2.1,knowledge,esco_skills,http://data.europa.eu/esco/skill/6360a934-cc87-4954-9656-b32db20592e3,quantitative analysis,cross-sector,The technique of employing statistical and mathematical modelling and measurement to represent a specific reality through numbers.,No approved automatic normalization match.
ESCO|esco_skills|http://data.europa.eu/esco/skill/9be758b6-a45d-403c-8943-68390ee2c961,ESCO,1.2.1,knowledge,esco_skills,http://data.europa.eu/esco/skill/9be758b6-a45d-403c-8943-68390ee2c961,quantity surveying,sector-specific,"The process of estimating, planning and monitoring the costs of construction for buildings within large construction projects. It means the efficient and effective utilisation of resources and includes aspects of risk analysis as well as tender evaluation and public procurement.",No approved automatic normalization match.
ESCO|esco_skills|http://data.europa.eu/esco/skill/9cf681c7-89ec-470c-b651-7fe03786f586,ESCO,1.2.1,knowledge,esco_skills,http://data.europa.eu/esco/skill/9cf681c7-89ec-470c-b651-7fe03786f586,query languages,sector-specific,The field of standardised computer languages for retrieval of information from a database and of documents containing the needed information.,No approved automatic normalization match.
ESCO|esco_skills|http://data.europa.eu/esco/skill/51586df8-1c46-4b47-8583-773cb63bf00b,ESCO,1.2.1,knowledge,esco_skills,http://data.europa.eu/esco/skill/51586df8-1c46-4b47-8583-773cb63bf00b,R,sector-specific,"The techniques and principles of software development, such as analysis, algorithms, coding, testing and compiling of programming paradigms in R.",No approved automatic normalization match.
ESCO|esco_skills|http://data.europa.eu/esco/skill/96eb286a-58b7-45ff-a916-5578d0b79b8c,ESCO,1.2.1,knowledge,esco_skills,http://data.europa.eu/esco/skill/96eb286a-58b7-45ff-a916-5578d0b79b8c,Rapid application development,sector-specific,The rapid application development model is a methodology to design software systems and applications.,No approved automatic normalization match.
ESCO|esco_skills|http://data.europa.eu/esco/skill/87669743-a291-4ea0-9a50-cac60d45649c,ESCO,1.2.1,knowledge,esco_skills,http://data.europa.eu/esco/skill/87669743-a291-4ea0-9a50-cac60d45649c,rehabilitation,cross-sector,The methods and procedures used to help an ill or injured person restore lost skills and regain self-sufficiency and control.,No approved automatic normalization match.
ESCO|esco_skills|http://data.europa.eu/esco/skill/0e54cc0e-6cef-41ec-bd8c-e8e8778969ec,ESCO,1.2.1,knowledge,esco_skills,http://data.europa.eu/esco/skill/0e54cc0e-6cef-41ec-bd8c-e8e8778969ec,relationship marketing,cross-sector,"The process within Customer Relationship Management (CRM) and focuses on customer retention, satisfaction and lifetime customer value.",No approved automatic normalization match.
ESCO|esco_skills|http://data.europa.eu/esco/skill/f8413360-6114-40de-a276-c59b764b9913,ESCO,1.2.1,knowledge,esco_skills,http://data.europa.eu/esco/skill/f8413360-6114-40de-a276-c59b764b9913,renewable energy,cross-sector,"The different types of energy sources which cannot be depleted, such as wind, solar, water, biomass, and biofuel energy. The different technologies used to implement these types of energy to an increasing degree, such as wind turbines, hydroelectric dams, photovoltaics, and concentrated solar power.",No approved automatic normalization match.
ESCO|esco_skills|http://data.europa.eu/esco/skill/d80f7a28-1e75-4247-9104-de8e5f909f0a,ESCO,1.2.1,knowledge,esco_skills,http://data.europa.eu/esco/skill/d80f7a28-1e75-4247-9104-de8e5f909f0a,reputation management,cross-sector,"The influence on stakeholder perceptions and the public in relation to an organization and its brand. It encompasses various activities such as monitoring public perceptions and following conversations, addressing reputation threats and searching for opportunities to improve it.",No approved automatic normalization match.
ESCO|esco_skills|http://data.europa.eu/esco/skill/7159e587-c7cb-4ec0-a662-03e1dee2cccb,ESCO,1.2.1,knowledge,esco_skills,http://data.europa.eu/esco/skill/7159e587-c7cb-4ec0-a662-03e1dee2cccb,research design,cross-sector,"The set of methods and techniques of research that are used to conduct a study. It includes practical steps in research such as purpose statement, data collection, methodology, and data analysis.",No approved automatic normalization match.
ESCO|esco_skills|http://data.europa.eu/esco/skill/99207709-d076-4cce-ba38-e90d3bb28806,ESCO,1.2.1,knowledge,esco_skills,http://data.europa.eu/esco/skill/99207709-d076-4cce-ba38-e90d3bb28806,resource description framework query language,sector-specific,The query languages such as SPARQL which are used to retrieve and manipulate data stored in Resource Description Framework format (RDF).,No approved automatic normalization match.
ESCO|esco_skills|http://data.europa.eu/esco/skill/e35bfbda-2b8a-4d8e-9afb-8a1862703642,ESCO,1.2.1,knowledge,esco_skills,http://data.europa.eu/esco/skill/e35bfbda-2b8a-4d8e-9afb-8a1862703642,respiratory therapy,sector-specific,Treatment focused on the management of the airways in various medical conditions or situations such as emergency or trauma.,No approved automatic normalization match.
ESCO|esco_skills|http://data.europa.eu/esco/skill/8bd49d04-ab2f-4333-b5d9-12d716e4e2f6,ESCO,1.2.1,knowledge,esco_skills,http://data.europa.eu/esco/skill/8bd49d04-ab2f-4333-b5d9-12d716e4e2f6,resuscitation,cross-sector,The emergency procedure applied to individuals with no pulse to restore them to consciousness.,No approved automatic normalization match.
ESCO|esco_skills|http://data.europa.eu/esco/skill/6eff134b-e34f-4d6e-a6e8-5e47cf2228d0,ESCO,1.2.1,knowledge,esco_skills,http://data.europa.eu/esco/skill/6eff134b-e34f-4d6e-a6e8-5e47cf2228d0,risk management,cross-sector,"The process of identifying, assessing, and prioritising of all types of risks and where they could come from, such as natural causes, legal changes, or uncertainty in any given context, and the methods for dealing with risks effectively.",No approved automatic normalization match.
ESCO|esco_skills|http://data.europa.eu/esco/skill/7a950986-27fe-4b6c-adf3-88f211e77019,ESCO,1.2.1,knowledge,esco_skills,http://data.europa.eu/esco/skill/7a950986-27fe-4b6c-adf3-88f211e77019,robotic components,cross-sector,"The components that can be found in robotic systems, such as microprocessors, electronics, sensors, circuit boards, encoders, servomotors, controllers, pneumatics or hydraulics.",No approved automatic normalization match.
ESCO|esco_skills|http://data.europa.eu/esco/skill/e87ec79a-c9ff-46f5-84fa-7a0f394cdf40,ESCO,1.2.1,knowledge,esco_skills,http://data.europa.eu/esco/skill/e87ec79a-c9ff-46f5-84fa-7a0f394cdf40,robotics,cross-sector,"The branch of engineering that involves the design, operation, manufacture, and application of robots. Robotics is part of mechanical engineering, electrical engineering, and computer science and overlaps with mechatronics and automation engineering.",No approved automatic normalization match.
ESCO|esco_skills|http://data.europa.eu/esco/skill/0ccdfe98-f845-4598-84a1-3dca66e9d9a3,ESCO,1.2.1,knowledge,esco_skills,http://data.europa.eu/esco/skill/0ccdfe98-f845-4598-84a1-3dca66e9d9a3,Ruby (computer programming),sector-specific,"The techniques and principles of software development, such as analysis, algorithms, coding, testing and compiling of programming paradigms in Ruby.",No approved automatic normalization match.
ESCO|esco_skills|http://data.europa.eu/esco/skill/2d6904db-9e16-42a5-bc12-c5acb8bfab18,ESCO,1.2.1,knowledge,esco_skills,http://data.europa.eu/esco/skill/2d6904db-9e16-42a5-bc12-c5acb8bfab18,safe management of medicines,sector-specific,"The methods and principles required to handle, store and prescribe medication with the aim of improving the safety and quality of medication usage.",No approved automatic normalization match.
ESCO|esco_skills|http://data.europa.eu/esco/skill/47d491a9-f7c0-4b13-a10f-983d3aa0113e,ESCO,1.2.1,knowledge,esco_skills,http://data.europa.eu/esco/skill/47d491a9-f7c0-4b13-a10f-983d3aa0113e,safety engineering,cross-sector,"The study of the risks associated with engineered designs and systems, accident prevention as well as the safety benefits of reducing deaths and injuries. The discipline focuses on analysing and mitigating potential hazards in engineering processes.",No approved automatic normalization match.
ESCO|esco_skills|http://data.europa.eu/esco/skill/e7219848-a27a-4bf4-8775-d367707be7c9,ESCO,1.2.1,knowledge,esco_skills,http://data.europa.eu/esco/skill/e7219848-a27a-4bf4-8775-d367707be7c9,sales strategies,sector-specific,The principles concerning customer behaviour and target markets with the aim of promotion and sales of a product or a service.,No approved automatic normalization match.
ESCO|esco_skills|http://data.europa.eu/esco/skill/c7451027-8249-405a-bb1b-342ff0f3fb3b,ESCO,1.2.1,knowledge,esco_skills,http://data.europa.eu/esco/skill/c7451027-8249-405a-bb1b-342ff0f3fb3b,Salt (tools for software configuration management),sector-specific,"The tool Salt is a software program to perform configuration identification, control, status accounting and audit.",No approved automatic normalization match.
ESCO|esco_skills|http://data.europa.eu/esco/skill/f8e3425c-fe44-4ffb-bafe-0e20d91dadf4,ESCO,1.2.1,knowledge,esco_skills,http://data.europa.eu/esco/skill/f8e3425c-fe44-4ffb-bafe-0e20d91dadf4,SAP Data Services,sector-specific,"The computer program SAP Data Services is a tool for integration of information from multiple applications, created and maintained by organisations, into one consistent and transparent data structure, developed by the software company SAP.",No approved automatic normalization match.
ESCO|esco_skills|http://data.europa.eu/esco/skill/bb99af26-71ff-4dca-bde7-1eb1f6194426,ESCO,1.2.1,knowledge,esco_skills,http://data.europa.eu/esco/skill/bb99af26-71ff-4dca-bde7-1eb1f6194426,SAP R3,sector-specific,"The techniques and principles of software development, such as analysis, algorithms, coding, testing and compiling of programming paradigms in SAP R3.",No approved automatic normalization match.
ESCO|esco_skills|http://data.europa.eu/esco/skill/e5a6e1e0-1b07-4432-83ba-77d593b2cb47,ESCO,1.2.1,knowledge,esco_skills,http://data.europa.eu/esco/skill/e5a6e1e0-1b07-4432-83ba-77d593b2cb47,SAS Data Management,sector-specific,"The computer program SAS Data Management is a tool for integration of information from multiple applications, created and maintained by organisations, into one consistent and transparent data structure, developed by the software company SAS.",No approved automatic normalization match.
ESCO|esco_skills|http://data.europa.eu/esco/skill/04f1b938-d4d4-4cb1-a863-982af76b9d93,ESCO,1.2.1,knowledge,esco_skills,http://data.europa.eu/esco/skill/04f1b938-d4d4-4cb1-a863-982af76b9d93,SAS language,sector-specific,"The techniques and principles of software development, such as analysis, algorithms, coding, testing and compiling of programming paradigms in SAS language.",No approved automatic normalization match.
ESCO|esco_skills|http://data.europa.eu/esco/skill/1110c92f-3059-445a-9436-0f4200d365f5,ESCO,1.2.1,knowledge,esco_skills,http://data.europa.eu/esco/skill/1110c92f-3059-445a-9436-0f4200d365f5,Sass,sector-specific,"The computer language Sass is a style sheet language that conveys the presentation of structured documents. These documents have to adhere to style sheets, a set of stylistic rules such as font, color and layout.",No approved automatic normalization match.
ESCO|esco_skills|http://data.europa.eu/esco/skill/ffddfc7c-a9dd-449f-9e96-882dc447c8b6,ESCO,1.2.1,knowledge,esco_skills,http://data.europa.eu/esco/skill/ffddfc7c-a9dd-449f-9e96-882dc447c8b6,Scala,sector-specific,"The techniques and principles of software development, such as analysis, algorithms, coding, testing and compiling of programming paradigms in Scala.",No approved automatic normalization match.
ESCO|esco_skills|http://data.europa.eu/esco/skill/5b26f08b-88bc-45f0-b901-530d7786466b,ESCO,1.2.1,knowledge,esco_skills,http://data.europa.eu/esco/skill/5b26f08b-88bc-45f0-b901-530d7786466b,scientific computing,cross-sector,"The interdisciplinary field between computer science, mathematics and engineering. It concerns the employment of technical approaches and theoretical frameworks, and the use of computers, to address issues in science and engineering.",No approved automatic normalization match.
ESCO|esco_skills|http://data.europa.eu/esco/skill/74e49482-75e8-4637-bdb1-fff868d02f7a,ESCO,1.2.1,knowledge,esco_skills,http://data.europa.eu/esco/skill/74e49482-75e8-4637-bdb1-fff868d02f7a,scientific literature,cross-sector,"The medium of informing the scientific community, including academic researchers, about the results of scientific research. It constitutes a permanent and cumulative collection of all the findings of scientific research in various fields and at any point in time.",No approved automatic normalization match.
ESCO|esco_skills|http://data.europa.eu/esco/skill/ed3f3dba-3a35-4ed5-b113-67f4d10ef4c8,ESCO,1.2.1,knowledge,esco_skills,http://data.europa.eu/esco/skill/ed3f3dba-3a35-4ed5-b113-67f4d10ef4c8,scientific research methodology,cross-sector,"The theoretical methodology used in scientific research involving doing background research, constructing an hypothesis, testing it, analysing data and concluding the results.",No approved automatic normalization match.
ESCO|esco_skills|http://data.europa.eu/esco/skill/d56fc2b5-4b0a-4e7e-9bde-a33736f6ff18,ESCO,1.2.1,knowledge,esco_skills,http://data.europa.eu/esco/skill/d56fc2b5-4b0a-4e7e-9bde-a33736f6ff18,Scratch (computer programming),sector-specific,"The techniques and principles of software development, such as analysis, algorithms, coding, testing and compiling of programming paradigms in Scratch.",No approved automatic normalization match.
ESCO|esco_skills|http://data.europa.eu/esco/skill/1774bd31-8893-44cf-9498-7e3d95508419,ESCO,1.2.1,knowledge,esco_skills,http://data.europa.eu/esco/skill/1774bd31-8893-44cf-9498-7e3d95508419,screen reader,cross-sector,"Software program which converts screen elements such as text, images, or buttons, displayed in the computer into Braille or speech. Assistive technology used by visually impaired or blind people to interpret what appears on the computer screen through braille output, audio icons or speech synthesisers.",No approved automatic normalization match.
ESCO|esco_skills|http://data.europa.eu/esco/skill/6f1edc19-191f-4ba5-a048-ee69aff05bab,ESCO,1.2.1,knowledge,esco_skills,http://data.europa.eu/esco/skill/6f1edc19-191f-4ba5-a048-ee69aff05bab,security engineering,cross-sector,"Interdisciplinary field of study that focuses on the realisation of secure systems and the technology to protect individuals or information from malice, errors, or unauthorized access. It involves defining security protection requirements, processes, and methods to ensure the resilience of systems and data.",No approved automatic normalization match.
ESCO|esco_skills|http://data.europa.eu/esco/skill/5acf6408-e084-4202-9442-ffcf0119811c,ESCO,1.2.1,knowledge,esco_skills,http://data.europa.eu/esco/skill/5acf6408-e084-4202-9442-ffcf0119811c,security threats,cross-sector,"Types of cyber or physical security threats to public and private security such as unauthorised entry, aggressive behaviour, molestation, robbery, theft, hacking, malware, phishing, identity theft, assault, kidnapping, murder and public demonstration.",No approved automatic normalization match.
ESCO|esco_skills|http://data.europa.eu/esco/skill/e5e17773-3a63-40c5-99e4-10e036cf7b99,ESCO,1.2.1,knowledge,esco_skills,http://data.europa.eu/esco/skill/e5e17773-3a63-40c5-99e4-10e036cf7b99,semiconductors,cross-sector,"Semiconductors are essential components of electronic circuits and contain properties of both insulators, such as glass, and conductors, such as copper. Most semiconductors are crystals made of silicon or germanium. By introducing other elements in the crystal through doping, the crystals turn into semiconductors. Depending on the amount of electrons created by the doping process, the crystals turn into N-type semiconductors, or P-type semiconductors.",No approved automatic normalization match.
ESCO|esco_skills|http://data.europa.eu/esco/skill/83218cac-3599-417e-93d2-26013cdccd98,ESCO,1.2.1,knowledge,esco_skills,http://data.europa.eu/esco/skill/83218cac-3599-417e-93d2-26013cdccd98,service-oriented modelling,sector-specific,"The principles and fundamentals of service-oriented modelling for business and software systems that allow the design and specification of service-oriented business systems within a variety of architectural styles, such as enterprise architecture and application architecture.",No approved automatic normalization match.
ESCO|esco_skills|http://data.europa.eu/esco/skill/49d81d86-e748-4181-84e9-106173058081,ESCO,1.2.1,knowledge,esco_skills,http://data.europa.eu/esco/skill/49d81d86-e748-4181-84e9-106173058081,services marketing,sector-specific,The set of marketing activities for businesses that provide services to improve brand awareness and raise sales. It focuses on intangible commodities.,No approved automatic normalization match.
ESCO|esco_skills|http://data.europa.eu/esco/skill/436b8f31-1a12-408a-be5f-a951942fbf92,ESCO,1.2.1,knowledge,esco_skills,http://data.europa.eu/esco/skill/436b8f31-1a12-408a-be5f-a951942fbf92,simulation-based clinical education,sector-specific,"The activities and programs aimed at providing students with opportunities to practice their clinical and decision-making skills through various real-life situational experiences. It may involve the use of serious game, 3D virtual techniques and skill laboratories.",No approved automatic normalization match.
ESCO|esco_skills|http://data.europa.eu/esco/skill/85038d57-1fdd-40de-b908-2c005545a8c3,ESCO,1.2.1,knowledge,esco_skills,http://data.europa.eu/esco/skill/85038d57-1fdd-40de-b908-2c005545a8c3,SketchBook Pro,sector-specific,The computer program SketchBook Pro is a graphical ICT tool which enables digital editing and composition of graphics to generate both 2D raster or 2D vector graphics. It is developed by the software company Autodesk.,No approved automatic normalization match.
ESCO|esco_skills|http://data.europa.eu/esco/skill/42ed3bfb-1a01-4c8b-9758-fc6438865734,ESCO,1.2.1,knowledge,esco_skills,http://data.europa.eu/esco/skill/42ed3bfb-1a01-4c8b-9758-fc6438865734,Smalltalk (computer programming),sector-specific,"The techniques and principles of software development, such as analysis, algorithms, coding, testing and compiling of programming paradigms in Smalltalk.",No approved automatic normalization match.
ESCO|esco_skills|http://data.europa.eu/esco/skill/670f8eea-f25b-4c3f-97ef-a4729d4c63d6,ESCO,1.2.1,knowledge,esco_skills,http://data.europa.eu/esco/skill/670f8eea-f25b-4c3f-97ef-a4729d4c63d6,smart contract,sector-specific,A software program in which the terms of a contract or transaction are directly coded. Smart contracts are executed automatically upon fulfilment of the terms and therefore require no third party to oversee and register the contract or transaction.,No approved automatic normalization match.
ESCO|esco_skills|http://data.europa.eu/esco/skill/79a5bc25-5b59-47bc-a4c2-fb8e8cb1ddf6,ESCO,1.2.1,knowledge,esco_skills,http://data.europa.eu/esco/skill/79a5bc25-5b59-47bc-a4c2-fb8e8cb1ddf6,smart grids systems,sector-specific,"Smart grids are a digital electricity network. The system involves the electronic digital control of production, distribution and use of electricity, information management of the components and energy saving.",No approved automatic normalization match.
ESCO|esco_skills|http://data.europa.eu/esco/skill/5303169c-75d6-4751-9136-a4b88343388c,ESCO,1.2.1,knowledge,esco_skills,http://data.europa.eu/esco/skill/5303169c-75d6-4751-9136-a4b88343388c,social media management,cross-sector,"The planning, development, and implementation of strategies aimed at managing social media platforms, the publications, the social media management tools, and the image of organisations in them.",No approved automatic normalization match.
ESCO|esco_skills|http://data.europa.eu/esco/skill/509909a2-4a8f-4ead-8ad0-968df63b77cc,ESCO,1.2.1,knowledge,esco_skills,http://data.europa.eu/esco/skill/509909a2-4a8f-4ead-8ad0-968df63b77cc,social media marketing techniques,cross-sector,The marketing methods and strategies used to increase attention and website traffic through social media channels.,No approved automatic normalization match.
ESCO|esco_skills|http://data.europa.eu/esco/skill/33e584f9-ff7a-4979-bfc0-5a3a374a145a,ESCO,1.2.1,knowledge,esco_skills,http://data.europa.eu/esco/skill/33e584f9-ff7a-4979-bfc0-5a3a374a145a,social network analysis,cross-sector,The research method that is mainly explored in sociology and communication science and focuses on the analysis of the relations between individuals and among organisations and states.,No approved automatic normalization match.
ESCO|esco_skills|http://data.europa.eu/esco/skill/8881a9c2-bd07-4954-bf27-c1f8acca9af0,ESCO,1.2.1,knowledge,esco_skills,http://data.europa.eu/esco/skill/8881a9c2-bd07-4954-bf27-c1f8acca9af0,sociology,cross-sector,"The group behaviour and dynamics, societal trends and influences, human migrations, ethnicity, cultures and their history and origins.",No approved automatic normalization match.
ESCO|esco_skills|http://data.europa.eu/esco/skill/438ff259-d086-4004-acda-1ec3e1631bc6,ESCO,1.2.1,knowledge,esco_skills,http://data.europa.eu/esco/skill/438ff259-d086-4004-acda-1ec3e1631bc6,software anomalies,sector-specific,"The deviations of what is standard and exceptional events during software system performance, identification of incidents that can alter the flow and the process of system execution.",No approved automatic normalization match.
ESCO|esco_skills|http://data.europa.eu/esco/skill/8ff015a0-98ea-4d80-a23e-1f68110a919e,ESCO,1.2.1,knowledge,esco_skills,http://data.europa.eu/esco/skill/8ff015a0-98ea-4d80-a23e-1f68110a919e,software design methodologies,sector-specific,"The methodologies such as Scrum, V-model and Waterfall to design software systems and applications.",No approved automatic normalization match.
ESCO|esco_skills|http://data.europa.eu/esco/skill/24c200e5-be20-4370-a137-ab53797f3a17,ESCO,1.2.1,knowledge,esco_skills,http://data.europa.eu/esco/skill/24c200e5-be20-4370-a137-ab53797f3a17,software frameworks,sector-specific,The software development environments or tools used to improve the efficiency of new software development by providing specific features that support and guide the development.,No approved automatic normalization match.
ESCO|esco_skills|http://data.europa.eu/esco/skill/de0be6e8-644c-4cc9-9c8d-925dd98dda56,ESCO,1.2.1,knowledge,esco_skills,http://data.europa.eu/esco/skill/de0be6e8-644c-4cc9-9c8d-925dd98dda56,software interaction design,sector-specific,The methodologies for designing interaction between users and a software product or service to satisfy the needs and preferences of most of the people who will interface with the product and to simplify the communication between product and user such as Goal-oriented design.,No approved automatic normalization match.
ESCO|esco_skills|http://data.europa.eu/esco/skill/1019423b-3368-4f83-b24f-19e5fa23e816,ESCO,1.2.1,knowledge,esco_skills,http://data.europa.eu/esco/skill/1019423b-3368-4f83-b24f-19e5fa23e816,software UI design patterns,sector-specific,The reusable solutions and formalised best practices to solve common user interface tasks in software development and design.,No approved automatic normalization match.
ESCO|esco_skills|http://data.europa.eu/esco/skill/9ccb56ee-3d5f-4d48-8692-8f96fe1e4adb,ESCO,1.2.1,knowledge,esco_skills,http://data.europa.eu/esco/skill/9ccb56ee-3d5f-4d48-8692-8f96fe1e4adb,solar absorption cooling system,sector-specific,Solar absorption cooling is a heat-activated cooling system based on a solution absorption process. It contributes to energy performance.,No approved automatic normalization match.
ESCO|esco_skills|http://data.europa.eu/esco/skill/a4557e97-d7f9-4669-88b0-c57591acce80,ESCO,1.2.1,knowledge,esco_skills,http://data.europa.eu/esco/skill/a4557e97-d7f9-4669-88b0-c57591acce80,solid mechanics,sector-specific,"The subfield in physical science that is interdisciplinary between physics, chemistry, materials science, computational science, and engineering. It studies the motion of solid materials and their deformation under action of forces such as external load.",No approved automatic normalization match.
ESCO|esco_skills|http://data.europa.eu/esco/skill/af7ae54f-4649-4c16-87c7-59ba41d4d57f,ESCO,1.2.1,knowledge,esco_skills,http://data.europa.eu/esco/skill/af7ae54f-4649-4c16-87c7-59ba41d4d57f,SPARK,sector-specific,The Java micro framework software development environment which provide specific features and components that support and guide web applications development.,No approved automatic normalization match.
ESCO|esco_skills|http://data.europa.eu/esco/skill/5da8018b-ae85-4cde-ad93-0394369018f3,ESCO,1.2.1,knowledge,esco_skills,http://data.europa.eu/esco/skill/5da8018b-ae85-4cde-ad93-0394369018f3,SPARQL,sector-specific,The computer language SPARQL is a query language for retrieval of information from a database and of documents containing the needed information. It is developed by the international standards organisation World Wide Web Consortium.,No approved automatic normalization match.
ESCO|esco_skills|http://data.europa.eu/esco/skill/4840338b-ac6c-486a-be1d-9ddfe00b8bdf,ESCO,1.2.1,knowledge,esco_skills,http://data.europa.eu/esco/skill/4840338b-ac6c-486a-be1d-9ddfe00b8bdf,Spiral development,sector-specific,The spiral development model is a methodology to design software systems and applications.,No approved automatic normalization match.
ESCO|esco_skills|http://data.europa.eu/esco/skill/00506f28-e884-4496-800c-3477c67eb355,ESCO,1.2.1,knowledge,esco_skills,http://data.europa.eu/esco/skill/00506f28-e884-4496-800c-3477c67eb355,sport and exercise medicine,cross-sector,Prevention and treatement of injuries or conditions resulted from a physical activity or sport.,No approved automatic normalization match.
ESCO|esco_skills|http://data.europa.eu/esco/skill/598de5b0-5b58-4ea7-8058-a4bc4d18c742,ESCO,1.2.1,knowledge,esco_skills,http://data.europa.eu/esco/skill/598de5b0-5b58-4ea7-8058-a4bc4d18c742,SQL,sector-specific,The computer language SQL is a query language for retrieval of information from a database and of documents containing the needed information. It is developed by the American National Standards Institute and the International Organization for Standardization.,No approved automatic normalization match.
ESCO|esco_skills|http://data.europa.eu/esco/skill/c062bab3-3ea0-4291-9220-a2d8fef4bead,ESCO,1.2.1,knowledge,esco_skills,http://data.europa.eu/esco/skill/c062bab3-3ea0-4291-9220-a2d8fef4bead,SQL Server,sector-specific,"The computer program SQL Server is a tool for creating, updating and managing databases, developed by the software company Microsoft.",No approved automatic normalization match.
ESCO|esco_skills|http://data.europa.eu/esco/skill/69f0167e-75d9-46cf-847f-72a592880ebb,ESCO,1.2.1,knowledge,esco_skills,http://data.europa.eu/esco/skill/69f0167e-75d9-46cf-847f-72a592880ebb,STAF,sector-specific,"The tool STAF is a software program to perform configuration identification, control, status accounting and audit.",No approved automatic normalization match.
ESCO|esco_skills|http://data.europa.eu/esco/skill/d38871eb-b988-495e-8fca-345677b597a8,ESCO,1.2.1,knowledge,esco_skills,http://data.europa.eu/esco/skill/d38871eb-b988-495e-8fca-345677b597a8,state estimation,cross-sector,The process of fusing input data measurements and a mathematical model to determine the internal state of an energy system.,No approved automatic normalization match.
ESCO|esco_skills|http://data.europa.eu/esco/skill/68ef0e4d-5542-4e64-84f4-752cce5a3c22,ESCO,1.2.1,knowledge,esco_skills,http://data.europa.eu/esco/skill/68ef0e4d-5542-4e64-84f4-752cce5a3c22,statistical modeling techniques,sector-specific,The approaches for employing statistical analysis to dataset within the data science field. It seeks to elaborate reality predictions through statistical models and explicit assumptions.,No approved automatic normalization match.
ESCO|esco_skills|http://data.europa.eu/esco/skill/7ee4c2ea-b349-4bd2-81a3-ec31475d4833,ESCO,1.2.1,knowledge,esco_skills,http://data.europa.eu/esco/skill/7ee4c2ea-b349-4bd2-81a3-ec31475d4833,statistics,cross-sector,"The study of statistical theory, methods and practices such as collection, organisation, analysis, interpretation and presentation of data. It deals with all aspects of data including the planning of data collection in terms of the design of surveys and experiments in order to forecast and plan work-related activities.",No approved automatic normalization match.
ESCO|esco_skills|http://data.europa.eu/esco/skill/949ced5f-7536-4614-ac60-563ffc91a2f2,ESCO,1.2.1,knowledge,esco_skills,http://data.europa.eu/esco/skill/949ced5f-7536-4614-ac60-563ffc91a2f2,strategic planning,cross-sector,"The elements defining the foundation and core of an organisation such as its mission, vision, values, and objectives.",No approved automatic normalization match.
ESCO|esco_skills|http://data.europa.eu/esco/skill/c2999f0c-eb37-4cdf-b9b0-82107b628794,ESCO,1.2.1,knowledge,esco_skills,http://data.europa.eu/esco/skill/c2999f0c-eb37-4cdf-b9b0-82107b628794,style sheet languages,cross-sector,"The field of computer language that conveys the presentation of structured documents such as Cascading Style Sheets (CSS). These documents have to adhere to style sheets, a set of stylistic rules such as font, color and layout.",No approved automatic normalization match.
ESCO|esco_skills|http://data.europa.eu/esco/skill/47ac9325-b072-4e37-8e40-e6ffed03e851,ESCO,1.2.1,knowledge,esco_skills,http://data.europa.eu/esco/skill/47ac9325-b072-4e37-8e40-e6ffed03e851,supervision of persons,cross-sector,The act of directing one individual or a group of individuals in a certain activity.,No approved automatic normalization match.
ESCO|esco_skills|http://data.europa.eu/esco/skill/f929c89e-c363-4132-a918-e021d57b307c,ESCO,1.2.1,knowledge,esco_skills,http://data.europa.eu/esco/skill/f929c89e-c363-4132-a918-e021d57b307c,supply chain management,cross-sector,"The flow of goods in the supply chain, movement and storage of raw materials, work-in-process inventory, and finished goods from point of origin to point of consumption.",No approved automatic normalization match.
ESCO|esco_skills|http://data.europa.eu/esco/skill/508f3b4c-799a-4742-b3ae-75f2ff11153d,ESCO,1.2.1,knowledge,esco_skills,http://data.europa.eu/esco/skill/508f3b4c-799a-4742-b3ae-75f2ff11153d,surgery,sector-specific,"The essential procedures in surgical practice such as the principle of safe surgery, the pathophysiology of wound healing, knot tying, tissue handling, retraction and any other instruments and procedures used in the operating room.",No approved automatic normalization match.
ESCO|esco_skills|http://data.europa.eu/esco/skill/1cca610d-2afc-44a7-97fc-f2262fb5fc75,ESCO,1.2.1,knowledge,esco_skills,http://data.europa.eu/esco/skill/1cca610d-2afc-44a7-97fc-f2262fb5fc75,surveying,cross-sector,The technique of determining the terrestrial or three-dimensional position of points and the distances and angles between them.,No approved automatic normalization match.
ESCO|esco_skills|http://data.europa.eu/esco/skill/67785eab-0818-41f9-9756-a8e0a215b95b,ESCO,1.2.1,knowledge,esco_skills,http://data.europa.eu/esco/skill/67785eab-0818-41f9-9756-a8e0a215b95b,surveying methods,sector-specific,"The fundamental principles and procedures of surveying applied to civil engineering, including remote sensing methods, and related equipment.",No approved automatic normalization match.
ESCO|esco_skills|http://data.europa.eu/esco/skill/dada8e80-2a53-41bf-9eac-f8c1f9971bed,ESCO,1.2.1,knowledge,esco_skills,http://data.europa.eu/esco/skill/dada8e80-2a53-41bf-9eac-f8c1f9971bed,sustainable building materials,sector-specific,"The types of building material which minimize the negative impact of the building on the external environment, throughout their whole life cycle.",No approved automatic normalization match.
ESCO|esco_skills|http://data.europa.eu/esco/skill/303c6ab0-21c3-4b09-ac77-d405936857d9,ESCO,1.2.1,knowledge,esco_skills,http://data.europa.eu/esco/skill/303c6ab0-21c3-4b09-ac77-d405936857d9,sustainable installation materials,sector-specific,"The types of installation material which minimize the negative impact of the building and its construction on the external environment, throughout their whole life cycle.",No approved automatic normalization match.
ESCO|esco_skills|http://data.europa.eu/esco/skill/103f7814-d262-4df6-a1b6-759bc51f76cb,ESCO,1.2.1,knowledge,esco_skills,http://data.europa.eu/esco/skill/103f7814-d262-4df6-a1b6-759bc51f76cb,sustainable technologies,cross-sector,"Technologies with the aim of reducing environmental and ecological risks, achieving at the same time, a positive economic, social, and environmental impact. They are innovative technologies designed to prevent, reduce and recover from the negative impact of humanity in the planet.",No approved automatic normalization match.
ESCO|esco_skills|http://data.europa.eu/esco/skill/be80acfc-b6f2-4411-9b8d-b19d9cd2556a,ESCO,1.2.1,knowledge,esco_skills,http://data.europa.eu/esco/skill/be80acfc-b6f2-4411-9b8d-b19d9cd2556a,Swift (computer programming),sector-specific,"The techniques and principles of software development, such as analysis, algorithms, coding, testing and compiling of programming paradigms in Swift.",No approved automatic normalization match.
ESCO|esco_skills|http://data.europa.eu/esco/skill/b0ac313d-de44-4344-ada6-76d2177b6d92,ESCO,1.2.1,knowledge,esco_skills,http://data.europa.eu/esco/skill/b0ac313d-de44-4344-ada6-76d2177b6d92,Synfig,sector-specific,The computer program Synfig is a graphical ICT tool which enables digital editing and composition of graphics to generate both 2D raster or 2D vector graphics. It is developed by Robert Quattlebaum.,No approved automatic normalization match.
ESCO|esco_skills|http://data.europa.eu/esco/skill/47ca0da1-cae5-4395-ae6b-fd97b9ff48d3,ESCO,1.2.1,knowledge,esco_skills,http://data.europa.eu/esco/skill/47ca0da1-cae5-4395-ae6b-fd97b9ff48d3,system backup best practice,cross-sector,The procedures related to preparing for recovery or continuation of technology infrastructure vital to an organisation.,No approved automatic normalization match.
ESCO|esco_skills|http://data.europa.eu/esco/skill/09f2f811-a3fb-4de3-a70f-6420a6935575,ESCO,1.2.1,knowledge,esco_skills,http://data.europa.eu/esco/skill/09f2f811-a3fb-4de3-a70f-6420a6935575,systems development life-cycle,cross-sector,"The sequence of steps, such as planning, creating, testing and deploying and the models for the development and life-cycle management of a system.",No approved automatic normalization match.
ESCO|esco_skills|http://data.europa.eu/esco/skill/cdd8b6b2-2fd9-453c-8d62-8a1dc6efcd49,ESCO,1.2.1,knowledge,esco_skills,http://data.europa.eu/esco/skill/cdd8b6b2-2fd9-453c-8d62-8a1dc6efcd49,systems theory,sector-specific,"The principles that can be applied to all types of systems at all hierarchical levels, which describe the system's internal organisation, its mechanisms of maintaining identity and stability and achieving adaptation and self-regulation and its dependencies and interaction with the environment.",No approved automatic normalization match.
ESCO|esco_skills|http://data.europa.eu/esco/skill/f206e732-110c-47ce-a53f-f00c9d97c90d,ESCO,1.2.1,knowledge,esco_skills,http://data.europa.eu/esco/skill/f206e732-110c-47ce-a53f-f00c9d97c90d,talent management strategies,occupation-specific,"The ways right talents are selected for a company and their growth paths are optimized in line with company objectives. They aim towards best recruiting and retaining talented employees, improving their skills, and incentivising them to achieve high performance.",No approved automatic normalization match.
ESCO|esco_skills|http://data.europa.eu/esco/skill/7482a123-e801-48de-9733-262125671410,ESCO,1.2.1,knowledge,esco_skills,http://data.europa.eu/esco/skill/7482a123-e801-48de-9733-262125671410,task algorithmisation,cross-sector,The techniques to convert unstructured descriptions of a process into step-by-step sequence of actions of a finite number of steps.,No approved automatic normalization match.
ESCO|esco_skills|http://data.europa.eu/esco/skill/d669af41-756c-48d9-a286-1443253f54b1,ESCO,1.2.1,knowledge,esco_skills,http://data.europa.eu/esco/skill/d669af41-756c-48d9-a286-1443253f54b1,tax legislation,cross-sector,"Tax legislation applicable to a specific area of specialisation, such as import tax, government tax, etc.",No approved automatic normalization match.
ESCO|esco_skills|http://data.europa.eu/esco/skill/59ea80e1-463a-4dba-82c6-d0b6d577d532,ESCO,1.2.1,knowledge,esco_skills,http://data.europa.eu/esco/skill/59ea80e1-463a-4dba-82c6-d0b6d577d532,technical drawings,cross-sector,"Drawing software and the various symbols, perspectives, units of measurement, notation systems, visual styles and page layouts used in technical drawings.",No approved automatic normalization match.
ESCO|esco_skills|http://data.europa.eu/esco/skill/d9eaf831-9348-4330-a83e-b7c099cdc8f6,ESCO,1.2.1,knowledge,esco_skills,http://data.europa.eu/esco/skill/d9eaf831-9348-4330-a83e-b7c099cdc8f6,Teradata Database,sector-specific,"The computer program Teradata Database is a tool for creating, updating and managing databases, developed by the software company Teradata Corporation.",No approved automatic normalization match.
ESCO|esco_skills|http://data.europa.eu/esco/skill/2abb7341-11a9-4799-9aef-7f2a83de0358,ESCO,1.2.1,knowledge,esco_skills,http://data.europa.eu/esco/skill/2abb7341-11a9-4799-9aef-7f2a83de0358,theory of constraints,occupation-specific,"The management philosophy that addresses the constraints faced by profit and non-profit organisations when achieving their goals, and its implications in terms of maximum efficiency of equipment, output of the supply chain and company profit.",No approved automatic normalization match.
ESCO|esco_skills|http://data.europa.eu/esco/skill/95992467-644f-4178-97ad-b0e50a8ab084,ESCO,1.2.1,knowledge,esco_skills,http://data.europa.eu/esco/skill/95992467-644f-4178-97ad-b0e50a8ab084,therapeutic massage,cross-sector,Massage techniques used to relieve pain and alleviate other symptoms associated with a number of different medical conditions.,No approved automatic normalization match.
ESCO|esco_skills|http://data.europa.eu/esco/skill/7557f0f4-b8bc-4ac0-b91e-222ab1ba744f,ESCO,1.2.1,knowledge,esco_skills,http://data.europa.eu/esco/skill/7557f0f4-b8bc-4ac0-b91e-222ab1ba744f,tools for ICT test automation,sector-specific,"The specialised software to execute or control tests and compare predicted testing outputs with actual testing results such as Selenium, QTP and LoadRunner.",No approved automatic normalization match.
ESCO|esco_skills|http://data.europa.eu/esco/skill/9d2e926f-53d9-41f5-98f3-19dfaa687f3f,ESCO,1.2.1,knowledge,esco_skills,http://data.europa.eu/esco/skill/9d2e926f-53d9-41f5-98f3-19dfaa687f3f,tools for software configuration management,sector-specific,"The software programs to perform configuration identification, control, status accounting and audit, such as CVS, ClearCase, Subversion, GIT and TortoiseSVN perform this management.",No approved automatic normalization match.
ESCO|esco_skills|http://data.europa.eu/esco/skill/790a335b-2005-4b8a-b6fe-47ff7701ebb7,ESCO,1.2.1,knowledge,esco_skills,http://data.europa.eu/esco/skill/790a335b-2005-4b8a-b6fe-47ff7701ebb7,topography,sector-specific,Graphic representation of the surface features of a place or region on a map indicating their relative positions and elevations.,No approved automatic normalization match.
ESCO|esco_skills|http://data.europa.eu/esco/skill/ba1b0441-a6b8-4e57-8ccc-871012f63e42,ESCO,1.2.1,knowledge,esco_skills,http://data.europa.eu/esco/skill/ba1b0441-a6b8-4e57-8ccc-871012f63e42,trading software,sector-specific,The finance and trading integrated software solutions.,No approved automatic normalization match.
ESCO|esco_skills|http://data.europa.eu/esco/skill/dda26251-7331-41fd-871f-1106ca468189,ESCO,1.2.1,knowledge,esco_skills,http://data.europa.eu/esco/skill/dda26251-7331-41fd-871f-1106ca468189,traffic engineering,cross-sector,"The subdiscipline of civil engineering that applies engineering methods to create safe and efficient traffic flows of people and goods on roadways, including sidewalks, traffic lights, and cycle facilities.",No approved automatic normalization match.
ESCO|esco_skills|http://data.europa.eu/esco/skill/3a116ee0-19d4-49e9-a8f0-f2cd4f51c463,ESCO,1.2.1,knowledge,esco_skills,http://data.europa.eu/esco/skill/3a116ee0-19d4-49e9-a8f0-f2cd4f51c463,transmission towers,cross-sector,"Types of tall structures which are used in the transmission and distribution of electrical energy, and which support overhead power lines, such as high voltage AC and high voltage DC transmission towers. The different types of tower designs and materials used for its construction, and the types of currents.",No approved automatic normalization match.
ESCO|esco_skills|http://data.europa.eu/esco/skill/ec410a76-f890-4012-8863-b82f2c75527c,ESCO,1.2.1,knowledge,esco_skills,http://data.europa.eu/esco/skill/ec410a76-f890-4012-8863-b82f2c75527c,transportation engineering,cross-sector,"The subdiscipline of civil engineering that plans, designs and studies the operation and management of the transportation of people and goods in a safe, efficient, comfortable, economical and environmentally friendly manner.",No approved automatic normalization match.
ESCO|esco_skills|http://data.europa.eu/esco/skill/f414dc08-35bd-4bc7-846d-88a3844d057c,ESCO,1.2.1,knowledge,esco_skills,http://data.europa.eu/esco/skill/f414dc08-35bd-4bc7-846d-88a3844d057c,trendwatching,cross-sector,The practice of understanding the world and its ever-changing nature. The observation of different phenomena in the world in order to predict and foresee the evolution of things in the world.,No approved automatic normalization match.
ESCO|esco_skills|http://data.europa.eu/esco/skill/4e6d2538-a48e-48a7-8dad-14b067cfcb8b,ESCO,1.2.1,knowledge,esco_skills,http://data.europa.eu/esco/skill/4e6d2538-a48e-48a7-8dad-14b067cfcb8b,TripleStore,sector-specific,The RDF store or TripleStore is a database used for storage and retrieval of Resource Description Framework triples (subject-predicate-object data entities) which can be accessed by semantic queries.,No approved automatic normalization match.
ESCO|esco_skills|http://data.europa.eu/esco/skill/7f107a85-d6ac-410f-a995-d635c5aa418b,ESCO,1.2.1,knowledge,esco_skills,http://data.europa.eu/esco/skill/7f107a85-d6ac-410f-a995-d635c5aa418b,types of metal,cross-sector,"Qualities, specifications, applications and reactions to different fabricating processes of various types of metal, such as steel, aluminium, brass, copper and others.",No approved automatic normalization match.
ESCO|esco_skills|http://data.europa.eu/esco/skill/867137fb-ff1b-4ca3-99f3-cb6969aa2c68,ESCO,1.2.1,knowledge,esco_skills,http://data.europa.eu/esco/skill/867137fb-ff1b-4ca3-99f3-cb6969aa2c68,TypeScript,sector-specific,"The techniques and principles of software development, such as analysis, algorithms, coding, testing and compiling of programming paradigms in TypeScript.",No approved automatic normalization match.
ESCO|esco_skills|http://data.europa.eu/esco/skill/c5e8abde-d2ba-4e8e-a65e-720b71180666,ESCO,1.2.1,knowledge,esco_skills,http://data.europa.eu/esco/skill/c5e8abde-d2ba-4e8e-a65e-720b71180666,unstructured data,sector-specific,The information that is not arranged in a pre-defined manner or does not have a pre-defined data model and is difficult to understand and find patterns in without using techniques such as data mining.,No approved automatic normalization match.
ESCO|esco_skills|http://data.europa.eu/esco/skill/7f18039d-dfae-471b-9daa-507f6b2d2842,ESCO,1.2.1,knowledge,esco_skills,http://data.europa.eu/esco/skill/7f18039d-dfae-471b-9daa-507f6b2d2842,urban planning,cross-sector,"Political and technical process that seeks to design the urban environment and optimize land use by considering various aspects such as infrastructure, water, and green and social spaces.",No approved automatic normalization match.
ESCO|esco_skills|http://data.europa.eu/esco/skill/1f632076-fd9b-4b18-a9a2-b59a59181d3e,ESCO,1.2.1,knowledge,esco_skills,http://data.europa.eu/esco/skill/1f632076-fd9b-4b18-a9a2-b59a59181d3e,urban planning law,cross-sector,"Investments and urban development agreements. Legislative developments regarding construction in terms of environmental, sustainability, social and financial matters.",No approved automatic normalization match.
ESCO|esco_skills|http://data.europa.eu/esco/skill/dcdd5ddf-82a6-4ac3-8edc-d4b23cae9a88,ESCO,1.2.1,knowledge,esco_skills,http://data.europa.eu/esco/skill/dcdd5ddf-82a6-4ac3-8edc-d4b23cae9a88,VBScript,sector-specific,"The techniques and principles of software development, such as analysis, algorithms, coding, testing and compiling of programming paradigms in VBScript.",No approved automatic normalization match.
ESCO|esco_skills|http://data.europa.eu/esco/skill/d7e4a9fa-cfc2-45f9-96eb-13dc6e48c86c,ESCO,1.2.1,knowledge,esco_skills,http://data.europa.eu/esco/skill/d7e4a9fa-cfc2-45f9-96eb-13dc6e48c86c,video conferencing tool,sector-specific,The software that are used to enable virtual meetings between people through internet with real-time multidirectional video and audio streaming.,No approved automatic normalization match.
ESCO|esco_skills|http://data.europa.eu/esco/skill/13bdd41a-2a18-441f-96db-41252c519413,ESCO,1.2.1,knowledge,esco_skills,http://data.europa.eu/esco/skill/13bdd41a-2a18-441f-96db-41252c519413,Visual Basic,sector-specific,"The techniques and principles of software development, such as analysis, algorithms, coding, testing and compiling of programming paradigms in Visual Basic.",No approved automatic normalization match.
ESCO|esco_skills|http://data.europa.eu/esco/skill/348b74cd-49ce-4844-8bdf-ec188b497213,ESCO,1.2.1,knowledge,esco_skills,http://data.europa.eu/esco/skill/348b74cd-49ce-4844-8bdf-ec188b497213,visual presentation techniques,sector-specific,"The visual representation and interaction techniques, such as histograms, scatter plots, surface plots, tree maps and parallel coordinate plots, that can be used to present abstract numerical and non-numerical data, in order to reinforce the human understanding of this information.",No approved automatic normalization match.
ESCO|esco_skills|http://data.europa.eu/esco/skill/84a67aa9-1d83-4122-a381-cef8c770c8db,ESCO,1.2.1,knowledge,esco_skills,http://data.europa.eu/esco/skill/84a67aa9-1d83-4122-a381-cef8c770c8db,vocational rehabilitation,sector-specific,"The rehabilitation process of persons with functional, psychological, developmental, cognitive and emotional impairments or health disabilities to overcome barriers to accessing, maintaining or returning to employment or other useful occupation.",No approved automatic normalization match.
ESCO|esco_skills|http://data.europa.eu/esco/skill/089ddb19-1c7a-43ff-ba64-070f7ce4787a,ESCO,1.2.1,knowledge,esco_skills,http://data.europa.eu/esco/skill/089ddb19-1c7a-43ff-ba64-070f7ce4787a,warehouse operations,sector-specific,The basic principles and practices of warehouse operations such as goods storage and the organisation of warehouse facilities.,No approved automatic normalization match.
ESCO|esco_skills|http://data.europa.eu/esco/skill/6a876489-7ad8-4a13-b09c-c9b8e97a302e,ESCO,1.2.1,knowledge,esco_skills,http://data.europa.eu/esco/skill/6a876489-7ad8-4a13-b09c-c9b8e97a302e,Waterfall development,sector-specific,The waterfall development model is a methodology to design software systems and applications.,No approved automatic normalization match.
ESCO|esco_skills|http://data.europa.eu/esco/skill/1605025e-a179-421f-8f35-5b07d182a6b2,ESCO,1.2.1,knowledge,esco_skills,http://data.europa.eu/esco/skill/1605025e-a179-421f-8f35-5b07d182a6b2,web analytics,cross-sector,"The characteristics, tools and techniques for measurement, collection, analysis and reporting of web data to get information on the users' behaviour and to improve the performance of a website.",No approved automatic normalization match.
ESCO|esco_skills|http://data.europa.eu/esco/skill/902fb91c-3113-4004-9b4f-79aa86b638b7,ESCO,1.2.1,knowledge,esco_skills,http://data.europa.eu/esco/skill/902fb91c-3113-4004-9b4f-79aa86b638b7,web application security threats,sector-specific,"The attacks, vectors, emergent threats on websites, web applications and web services, the rankings of their severity identified by dedicated communities such as OWASP.",No approved automatic normalization match.
ESCO|esco_skills|http://data.europa.eu/esco/skill/93e65de1-923c-437e-aa5b-e6002967ce71,ESCO,1.2.1,knowledge,esco_skills,http://data.europa.eu/esco/skill/93e65de1-923c-437e-aa5b-e6002967ce71,web based collaborative platforms,sector-specific,Online tools which facilitate communication and collaboration among Internet users in real time. Platforms with a range of functionalities created to facilitate organisational team work or promote productive workflow among other features.,No approved automatic normalization match.
ESCO|esco_skills|http://data.europa.eu/esco/skill/69bbd53f-fbb0-4476-b4b2-ef7844464e28,ESCO,1.2.1,knowledge,esco_skills,http://data.europa.eu/esco/skill/69bbd53f-fbb0-4476-b4b2-ef7844464e28,web programming,sector-specific,"The programming paradigm that is based on combining markup (which adds context and structure to text) and other web programming code, such as AJAX, javascript and PHP, in order to carry out appropriate actions and visualise the content.",No approved automatic normalization match.
ESCO|esco_skills|http://data.europa.eu/esco/skill/f84a433f-34f1-4083-b0a3-24802623509c,ESCO,1.2.1,knowledge,esco_skills,http://data.europa.eu/esco/skill/f84a433f-34f1-4083-b0a3-24802623509c,web services,sector-specific,XML-based information systems that allows for direct interactions between applications through Internet. It is a set of protocols for transferring data between applications and systems.,No approved automatic normalization match.
ESCO|esco_skills|http://data.europa.eu/esco/skill/a4881e54-6055-4e61-855a-0a56ced7cfa3,ESCO,1.2.1,knowledge,esco_skills,http://data.europa.eu/esco/skill/a4881e54-6055-4e61-855a-0a56ced7cfa3,web strategy assessment,sector-specific,Techniques for conducting a deep analysis of a company's web presence.,No approved automatic normalization match.
ESCO|esco_skills|http://data.europa.eu/esco/skill/5c66ce3a-658d-43b1-9d8d-0f39be6c0f2e,ESCO,1.2.1,knowledge,esco_skills,http://data.europa.eu/esco/skill/5c66ce3a-658d-43b1-9d8d-0f39be6c0f2e,WebCMS,sector-specific,"The web-based software systems used for creating, editing, publishing and archiving blogs, articles, web pages or press releases which are mostly managed by users with limited web programming knowledge.",No approved automatic normalization match.
ESCO|esco_skills|http://data.europa.eu/esco/skill/530cb489-d900-46ab-9350-4d50ccd49eea,ESCO,1.2.1,knowledge,esco_skills,http://data.europa.eu/esco/skill/530cb489-d900-46ab-9350-4d50ccd49eea,welding techniques,cross-sector,"The different methods of welding together pieces of metal using various equipment, such as oxygen-acetylene welding, gas metal arc welding and tungsten inert gas welding.",No approved automatic normalization match.
ESCO|esco_skills|http://data.europa.eu/esco/skill/6d289e8b-2cc1-4eda-ab1f-ad1090ef98f0,ESCO,1.2.1,knowledge,esco_skills,http://data.europa.eu/esco/skill/6d289e8b-2cc1-4eda-ab1f-ad1090ef98f0,WordPress,sector-specific,"The open-source web-based software systems used for creating, editing, publishing and archiving blogs, articles, web pages or press releases which are mostly managed by users with limited web programming knowledge.",No approved automatic normalization match.
ESCO|esco_skills|http://data.europa.eu/esco/skill/8696aff0-18c0-4ba6-a4d0-9a21861b3e5e,ESCO,1.2.1,knowledge,esco_skills,http://data.europa.eu/esco/skill/8696aff0-18c0-4ba6-a4d0-9a21861b3e5e,World Wide Web Consortium standards,cross-sector,"The standards, technical specifications and guidelines developed by the international organisation World Wide Web Consortium (W3C) which allow the design and development of web applications.",No approved automatic normalization match.
ESCO|esco_skills|http://data.europa.eu/esco/skill/449d119b-2d66-43a9-9230-7d27f16afbb6,ESCO,1.2.1,knowledge,esco_skills,http://data.europa.eu/esco/skill/449d119b-2d66-43a9-9230-7d27f16afbb6,Xcode,sector-specific,"The computer program Xcode is a suite of software development tools for writing programs, such as compiler, debugger, code editor, code highlights, packaged in a unified user interface. It is developed by the software company Apple.",No approved automatic normalization match.
ESCO|esco_skills|http://data.europa.eu/esco/skill/3f4dab51-572b-4e2c-85ef-3b4c3f7094e1,ESCO,1.2.1,knowledge,esco_skills,http://data.europa.eu/esco/skill/3f4dab51-572b-4e2c-85ef-3b4c3f7094e1,XQuery,sector-specific,The computer language XQuery is a query language for retrieval of information from a database and of documents containing the needed information. It is developed by the international standards organisation World Wide Web Consortium.,No approved automatic normalization match.
ESCO|esco_skills|http://data.europa.eu/esco/skill/c0ccbd15-36f3-4515-ae0b-b4062d225ee2,ESCO,1.2.1,skill,esco_skills,http://data.europa.eu/esco/skill/c0ccbd15-36f3-4515-ae0b-b4062d225ee2,abide by regulations on banned materials,sector-specific,"Comply with regulations banning heavy metals in solder, flame retardants in plastics, and phthalate plasticisers in plastics and wiring harness insulations, under EU RoHS/WEEE Directives and China RoHS legislation.",No approved automatic normalization match.
ESCO|esco_skills|http://data.europa.eu/esco/skill/f90d4810-8bac-4e5e-b870-3e35a4138ff7,ESCO,1.2.1,skill,esco_skills,http://data.europa.eu/esco/skill/f90d4810-8bac-4e5e-b870-3e35a4138ff7,accept own accountability,sector-specific,Accept accountability for one`s own professional activities and recognise the limits of one`s own scope of practice and competencies.,No approved automatic normalization match.
ESCO|esco_skills|http://data.europa.eu/esco/skill/79c012c7-4b09-497e-8152-e73e5d1d3384,ESCO,1.2.1,skill,esco_skills,http://data.europa.eu/esco/skill/79c012c7-4b09-497e-8152-e73e5d1d3384,adapt leadership styles in healthcare,cross-sector,Adapt leadership styles and approaches to different situations concerning nursing clinical practice and healthcare.,No approved automatic normalization match.
ESCO|esco_skills|http://data.europa.eu/esco/skill/2daa2d63-07ef-4c16-b0f3-697bbb6fc205,ESCO,1.2.1,skill,esco_skills,http://data.europa.eu/esco/skill/2daa2d63-07ef-4c16-b0f3-697bbb6fc205,adapt to change in marketing,occupation-specific,"Stay informed and adapt to developments, innovations and trends concerning marketing such as marketing tools and marketing technologies.",No approved automatic normalization match.
ESCO|esco_skills|http://data.europa.eu/esco/skill/f5308e60-d763-4ead-be95-88c96fb3e02b,ESCO,1.2.1,skill,esco_skills,http://data.europa.eu/esco/skill/f5308e60-d763-4ead-be95-88c96fb3e02b,adapt to changes in technological development plans,sector-specific,Modify the current design and development activities of technological projects to meet changes in requests or strategies. Ensure that the organisation's or client's needs are met and that any sudden requests which were not previously planned are implemented.,No approved automatic normalization match.
ESCO|esco_skills|http://data.europa.eu/esco/skill/7378b8c3-3b62-46de-9d67-1c9528954615,ESCO,1.2.1,skill,esco_skills,http://data.europa.eu/esco/skill/7378b8c3-3b62-46de-9d67-1c9528954615,adapt to type of media,sector-specific,"Adapt to different types of media such as television, movies, commercials, and others. Adapt work to type of media, scale of production, budget, genres within type of media, and others.",No approved automatic normalization match.
ESCO|esco_skills|http://data.europa.eu/esco/skill/b9f16465-56a9-426b-a047-0f9f1f95ec92,ESCO,1.2.1,skill,esco_skills,http://data.europa.eu/esco/skill/b9f16465-56a9-426b-a047-0f9f1f95ec92,address problems critically,cross-sector,"Identify the strengths and weaknesses of various abstract, rational concepts, such as issues, opinions, and approaches related to a specific problematic situation in order to formulate solutions and alternative methods of tackling the situation.",No approved automatic normalization match.
ESCO|esco_skills|http://data.europa.eu/esco/skill/68aefa78-9a8c-4d5f-879a-abcfe1cd464f,ESCO,1.2.1,skill,esco_skills,http://data.europa.eu/esco/skill/68aefa78-9a8c-4d5f-879a-abcfe1cd464f,adhere to health well-being and safety,sector-specific,"Comply with and apply the main points of health well-being and safety policy and procedures, in accordance with employer's policies. Report health and safety risks that have been identified and follow the appropriate procedures if an accident or injury should occur.",No approved automatic normalization match.
ESCO|esco_skills|http://data.europa.eu/esco/skill/aa238394-8126-4ada-be2f-9dfe065cf314,ESCO,1.2.1,skill,esco_skills,http://data.europa.eu/esco/skill/aa238394-8126-4ada-be2f-9dfe065cf314,adhere to organisational guidelines,cross-sector,Adhere to organisational or department specific standards and guidelines. Understand the motives of the organisation and the common agreements and act accordingly.,No approved automatic normalization match.
ESCO|esco_skills|http://data.europa.eu/esco/skill/42b23922-1c40-4dbe-9e0c-7a568dfdf06b,ESCO,1.2.1,skill,esco_skills,http://data.europa.eu/esco/skill/42b23922-1c40-4dbe-9e0c-7a568dfdf06b,adjust engineering designs,cross-sector,Adjust designs of products or parts of products so that they meet requirements.,No approved automatic normalization match.
ESCO|esco_skills|http://data.europa.eu/esco/skill/0cd351e5-8798-482e-88a0-4d3eb8fec257,ESCO,1.2.1,skill,esco_skills,http://data.europa.eu/esco/skill/0cd351e5-8798-482e-88a0-4d3eb8fec257,adjust physiotherapy interventions,sector-specific,Adjust physiotherapy interventions based on re-evaluation of the client`s response to treatment.,No approved automatic normalization match.
ESCO|esco_skills|http://data.europa.eu/esco/skill/933e7ccf-5d56-46ba-aca4-857f826a6b3a,ESCO,1.2.1,skill,esco_skills,http://data.europa.eu/esco/skill/933e7ccf-5d56-46ba-aca4-857f826a6b3a,administer appointments,cross-sector,"Accept, schedule and cancel appointments.",No approved automatic normalization match.
ESCO|esco_skills|http://data.europa.eu/esco/skill/52f6fca4-1ab6-4588-983d-15a278148961,ESCO,1.2.1,skill,esco_skills,http://data.europa.eu/esco/skill/52f6fca4-1ab6-4588-983d-15a278148961,administer multi-modal logistics,cross-sector,Manage the flow of products through multi-modal transportation.,No approved automatic normalization match.
ESCO|esco_skills|http://data.europa.eu/esco/skill/e71c6cee-7247-49f4-829a-141c880ae938,ESCO,1.2.1,skill,esco_skills,http://data.europa.eu/esco/skill/e71c6cee-7247-49f4-829a-141c880ae938,advice on security risk management,sector-specific,"Provide advice on security risk management policies and prevention strategies and their implementation, being aware of the different kinds of security risks a specific organisation faces.",No approved automatic normalization match.
ESCO|esco_skills|http://data.europa.eu/esco/skill/d329b1ed-6e7a-400e-bca2-7c1936fbfbcb,ESCO,1.2.1,skill,esco_skills,http://data.europa.eu/esco/skill/d329b1ed-6e7a-400e-bca2-7c1936fbfbcb,advise architects,cross-sector,"Give advise on design, safety issues, and cost reduction to architects during the pre-application phase.",No approved automatic normalization match.
ESCO|esco_skills|http://data.europa.eu/esco/skill/7b3abd38-61ae-42a4-88bb-0884784f9ee1,ESCO,1.2.1,skill,esco_skills,http://data.europa.eu/esco/skill/7b3abd38-61ae-42a4-88bb-0884784f9ee1,advise client on technical possibilities,cross-sector,"Recommend technical solutions, including systems, to the client within the framework of a project.",No approved automatic normalization match.
ESCO|esco_skills|http://data.europa.eu/esco/skill/cd2efd98-b3c7-49bf-841f-e7005dbe472e,ESCO,1.2.1,skill,esco_skills,http://data.europa.eu/esco/skill/cd2efd98-b3c7-49bf-841f-e7005dbe472e,advise healthcare users on occupational health,sector-specific,"Identify meaningful and healthy occupations and strategies in partnership with the healthcare user, to enable him to reach his goals.",No approved automatic normalization match.
ESCO|esco_skills|http://data.europa.eu/esco/skill/3b64ab47-a874-403a-b781-7b23c2fc3c6c,ESCO,1.2.1,skill,esco_skills,http://data.europa.eu/esco/skill/3b64ab47-a874-403a-b781-7b23c2fc3c6c,advise on building matters,cross-sector,Provide advice on building matters to the various parties involved in construction projects. Bring to their awareness important building considerations and consult on construction budgets.,No approved automatic normalization match.
ESCO|esco_skills|http://data.europa.eu/esco/skill/69f36674-440a-4fa0-89f9-1b70172ebb9d,ESCO,1.2.1,skill,esco_skills,http://data.europa.eu/esco/skill/69f36674-440a-4fa0-89f9-1b70172ebb9d,advise on communication strategies,cross-sector,"Provide companies and organisations with consulting services concerning their internal and external communication plans and their representation, including their presence online. Recommend improvements in communication and make sure that important information reaches all employees and that their questions are answered.",No approved automatic normalization match.
ESCO|esco_skills|http://data.europa.eu/esco/skill/9091c8e5-9357-4c29-bceb-ddb1792c22e8,ESCO,1.2.1,skill,esco_skills,http://data.europa.eu/esco/skill/9091c8e5-9357-4c29-bceb-ddb1792c22e8,advise on conflict management,cross-sector,"Advise private or public organisations on monitoring possible conflict risk and development, and on conflict resolution methods specific to the identified conflicts.",No approved automatic normalization match.
ESCO|esco_skills|http://data.europa.eu/esco/skill/8bc75dce-beba-40f9-93fc-66c9708ed74b,ESCO,1.2.1,skill,esco_skills,http://data.europa.eu/esco/skill/8bc75dce-beba-40f9-93fc-66c9708ed74b,advise on efficiency improvements,cross-sector,Analyse information and details of processes and products in order to advise on possible efficiency improvements that could be implemented and would signify a better use of resources.,No approved automatic normalization match.
ESCO|esco_skills|http://data.europa.eu/esco/skill/a32ff11a-5f97-4c2e-bbf7-6848814e56e8,ESCO,1.2.1,skill,esco_skills,http://data.europa.eu/esco/skill/a32ff11a-5f97-4c2e-bbf7-6848814e56e8,advise on environmental alterations,occupation-specific,"Advise on environmental alterations in the home and workplace to accommodate patients, such as wheelchair accessibility.",No approved automatic normalization match.
ESCO|esco_skills|http://data.europa.eu/esco/skill/a366bfc5-8d17-4792-a9f0-db0951528dda,ESCO,1.2.1,skill,esco_skills,http://data.europa.eu/esco/skill/a366bfc5-8d17-4792-a9f0-db0951528dda,advise on environmental risk management systems,cross-sector,Evaluate requirements and advise on systems for environmental risk management. Ensure the customer does his part in preventing or limiting adverse environmental impact through the use of technology. Ensure required licenses and permits are obtained.,No approved automatic normalization match.
ESCO|esco_skills|http://data.europa.eu/esco/skill/79c36c91-28a5-44b7-ab9b-7093b2d4b21e,ESCO,1.2.1,skill,esco_skills,http://data.europa.eu/esco/skill/79c36c91-28a5-44b7-ab9b-7093b2d4b21e,advise on financial matters,cross-sector,"Consult, advise, and propose solutions with regards to financial management such as acquiring new assets, incurring in investments, and tax efficiency methods.",No approved automatic normalization match.
ESCO|esco_skills|http://data.europa.eu/esco/skill/c362f415-9cdf-4328-9cf0-651443857a48,ESCO,1.2.1,skill,esco_skills,http://data.europa.eu/esco/skill/c362f415-9cdf-4328-9cf0-651443857a48,advise on government policy compliance,cross-sector,"Advise organisations on how they may improve their compliance to the applicable government policies they are required to adhere to, and the necessary steps which need to be taken in order to ensure complete compliance.",No approved automatic normalization match.
ESCO|esco_skills|http://data.europa.eu/esco/skill/8232979d-6aa4-40c9-a12b-5152a52a76b8,ESCO,1.2.1,skill,esco_skills,http://data.europa.eu/esco/skill/8232979d-6aa4-40c9-a12b-5152a52a76b8,advise on healthcare users' informed consent,sector-specific,"Ensure patients/clients are fully informed about the risks and benefits of proposed treatments so they can give informed consent, engaging patients/clients in the process of their care and treatment.",No approved automatic normalization match.
ESCO|esco_skills|http://data.europa.eu/esco/skill/78de3e5f-e3ea-4da2-aa09-3704d03ba622,ESCO,1.2.1,skill,esco_skills,http://data.europa.eu/esco/skill/78de3e5f-e3ea-4da2-aa09-3704d03ba622,advise on healthy lifestyles,cross-sector,"Promote healthy lifestyles, preventive measures and self-care by strengthening empowerment, promoting health and enhancing behaviours and therapeutic compliance, providing patients with the adequate information in order to support compliance with and adherence to prescribed treatments, medication and nursing care.",No approved automatic normalization match.
ESCO|esco_skills|http://data.europa.eu/esco/skill/8c474534-707f-46f3-b356-810bbfe8b693,ESCO,1.2.1,skill,esco_skills,http://data.europa.eu/esco/skill/8c474534-707f-46f3-b356-810bbfe8b693,advise on machinery malfunctions,cross-sector,Offer advice to service technicians in case of machinery malfunctions and other technical repair tasks.,No approved automatic normalization match.
ESCO|esco_skills|http://data.europa.eu/esco/skill/6c80c47c-3d08-4356-aa82-46f6ec82c898,ESCO,1.2.1,skill,esco_skills,http://data.europa.eu/esco/skill/6c80c47c-3d08-4356-aa82-46f6ec82c898,advise on manufacturing problems,cross-sector,Advise the visited industrial plants on how to better oversee production to ensure that the manufacturing problems are correctly diagnosed and solved.,No approved automatic normalization match.
ESCO|esco_skills|http://data.europa.eu/esco/skill/34d6ed30-5d35-44b9-9498-fd15badb5f28,ESCO,1.2.1,skill,esco_skills,http://data.europa.eu/esco/skill/34d6ed30-5d35-44b9-9498-fd15badb5f28,advise on market strategies,cross-sector,"Analyse information and recommend possible improvements, market strategies, and customer preferences in order to adapt the company's market approach.",No approved automatic normalization match.
ESCO|esco_skills|http://data.europa.eu/esco/skill/5c5dae25-f511-4bdd-bbd4-572ab3e6e962,ESCO,1.2.1,skill,esco_skills,http://data.europa.eu/esco/skill/5c5dae25-f511-4bdd-bbd4-572ab3e6e962,advise on medical records,sector-specific,Act as a consultant to medical staff by providing advice on medical records policies.,No approved automatic normalization match.
ESCO|esco_skills|http://data.europa.eu/esco/skill/d2dc31f1-720c-4757-bc1b-9e563d264dcf,ESCO,1.2.1,skill,esco_skills,http://data.europa.eu/esco/skill/d2dc31f1-720c-4757-bc1b-9e563d264dcf,advise on organisational culture,cross-sector,"Advise organisations on their internal culture and work environment as experienced by employees, and the factors which may influence the behaviour of employees.",No approved automatic normalization match.
ESCO|esco_skills|http://data.europa.eu/esco/skill/1212ac42-2564-4fce-80e1-6ce4ea4d9bf5,ESCO,1.2.1,skill,esco_skills,http://data.europa.eu/esco/skill/1212ac42-2564-4fce-80e1-6ce4ea4d9bf5,advise on personnel management,cross-sector,"Advise senior staff in an organisation on methods to improve relations with employees, on improved methods for hiring and training employees and increasing employee satisifaction.",No approved automatic normalization match.
ESCO|esco_skills|http://data.europa.eu/esco/skill/0efbe2dc-2770-47ec-b8f4-d1bdff6ac0a4,ESCO,1.2.1,skill,esco_skills,http://data.europa.eu/esco/skill/0efbe2dc-2770-47ec-b8f4-d1bdff6ac0a4,advise on risk management,cross-sector,"Provide advice on risk management policies and prevention strategies and their implementation, being aware of different kinds of risks to a specific organisation.",No approved automatic normalization match.
ESCO|esco_skills|http://data.europa.eu/esco/skill/dbef5042-4b99-4e6f-b2ed-1d33b07b3ed6,ESCO,1.2.1,skill,esco_skills,http://data.europa.eu/esco/skill/dbef5042-4b99-4e6f-b2ed-1d33b07b3ed6,advise on sustainability solutions,cross-sector,"Advise companies on solutions to develop sustainable production processes, improve material efficiency and reuse and reduce carbon footprint.",No approved automatic normalization match.
ESCO|esco_skills|http://data.europa.eu/esco/skill/4d2fa936-9983-45c3-986b-fdf82fb65d0d,ESCO,1.2.1,skill,esco_skills,http://data.europa.eu/esco/skill/4d2fa936-9983-45c3-986b-fdf82fb65d0d,advise patients on infectious diseases when travelling,occupation-specific,"Inform and prepare patients who are about to travel to areas with high infection rates, administering immunisations and instructing patients on prevention and treatment of infections and infectious diseases.",No approved automatic normalization match.
ESCO|esco_skills|http://data.europa.eu/esco/skill/394028bf-8dd1-4910-ad46-bc9e8e6e5b6d,ESCO,1.2.1,skill,esco_skills,http://data.europa.eu/esco/skill/394028bf-8dd1-4910-ad46-bc9e8e6e5b6d,advocate health,sector-specific,"Advocate for health promotion, well-being and disease or injury prevention on behalf of clients and the profession to enhance community, public and population health.",No approved automatic normalization match.
ESCO|esco_skills|http://data.europa.eu/esco/skill/ee7f90cc-922e-4da7-a7ae-83c2688fed10,ESCO,1.2.1,skill,esco_skills,http://data.europa.eu/esco/skill/ee7f90cc-922e-4da7-a7ae-83c2688fed10,align efforts towards business development,cross-sector,"Synchronise the efforts, plans, strategies, and actions carried out in departments of companies towards the growth of business and its turnover. Keep business development as the ultimate outcome of any effort of the company.",No approved automatic normalization match.
ESCO|esco_skills|http://data.europa.eu/esco/skill/2857540c-180b-4208-9127-e94a01871966,ESCO,1.2.1,skill,esco_skills,http://data.europa.eu/esco/skill/2857540c-180b-4208-9127-e94a01871966,align software with system architectures,sector-specific,Put system design and technical specifications in line with software architecture in order to ensure the integration and interoperability between components of the system.,No approved automatic normalization match.
ESCO|esco_skills|http://data.europa.eu/esco/skill/47a49cd6-097d-457a-9f7b-c290c14930d5,ESCO,1.2.1,skill,esco_skills,http://data.europa.eu/esco/skill/47a49cd6-097d-457a-9f7b-c290c14930d5,analyse big data,cross-sector,"Collect and evaluate numerical data in large quantities, especially for the purpose of identifying patterns between the data.",No approved automatic normalization match.
ESCO|esco_skills|http://data.europa.eu/esco/skill/5da3c765-10a3-49eb-934c-ec401ceb1a34,ESCO,1.2.1,skill,esco_skills,http://data.europa.eu/esco/skill/5da3c765-10a3-49eb-934c-ec401ceb1a34,analyse business plans,cross-sector,"Analyse the formal statements from businesses which outline their business goals and the strategies they set in place to meet them, in order to assess the feasibility of the plan and verify the business' ability to meet external requirements such as the repayment of a loan or return of investments.",No approved automatic normalization match.
ESCO|esco_skills|http://data.europa.eu/esco/skill/56042303-972b-41be-9310-58467599ff7e,ESCO,1.2.1,skill,esco_skills,http://data.europa.eu/esco/skill/56042303-972b-41be-9310-58467599ff7e,analyse business processes,cross-sector,Study the contribution of the work processes to the business goals and monitor their efficiency and productivity.,No approved automatic normalization match.
ESCO|esco_skills|http://data.europa.eu/esco/skill/b04f377b-ee80-4b38-aca1-19d266a23b17,ESCO,1.2.1,skill,esco_skills,http://data.europa.eu/esco/skill/b04f377b-ee80-4b38-aca1-19d266a23b17,analyse business requirements,cross-sector,Study clients' needs and expectations for a product or service in order to identify and resolve inconsistencies and possible disagreements of involved stakeholders.,No approved automatic normalization match.
ESCO|esco_skills|http://data.europa.eu/esco/skill/750caee5-12a0-46ba-b8aa-1e56370deaf9,ESCO,1.2.1,skill,esco_skills,http://data.europa.eu/esco/skill/750caee5-12a0-46ba-b8aa-1e56370deaf9,analyse consumer buying trends,cross-sector,Analyse buying habits or currently prevalent customer behaviour.,No approved automatic normalization match.
ESCO|esco_skills|http://data.europa.eu/esco/skill/5f302d63-048e-451c-b150-97c124a5a26b,ESCO,1.2.1,skill,esco_skills,http://data.europa.eu/esco/skill/5f302d63-048e-451c-b150-97c124a5a26b,analyse economic trends,cross-sector,"Analyse developments in national or international trade, business relations, banking, and developments in public finance and how these factors interact with one another in a given economic context.",No approved automatic normalization match.
ESCO|esco_skills|http://data.europa.eu/esco/skill/ce5b1446-b5e3-4f05-a5ac-83f2ee142a44,ESCO,1.2.1,skill,esco_skills,http://data.europa.eu/esco/skill/ce5b1446-b5e3-4f05-a5ac-83f2ee142a44,analyse external factors of companies,cross-sector,"Perform research and analysis of the external factor pertaining to companies such as consumers, position in the market, competitors, and political situation.",No approved automatic normalization match.
ESCO|esco_skills|http://data.europa.eu/esco/skill/8a43795b-bb38-4f29-91df-a6c92ad4643c,ESCO,1.2.1,skill,esco_skills,http://data.europa.eu/esco/skill/8a43795b-bb38-4f29-91df-a6c92ad4643c,analyse financial performance of a company,cross-sector,"Analyse the performance of the company in financial matters in order to identify improvement actions that could increase profit, based on accounts, records, financial statements and external information of the market.",No approved automatic normalization match.
ESCO|esco_skills|http://data.europa.eu/esco/skill/91816e1a-d026-4d21-9b1c-59ca5cf488de,ESCO,1.2.1,skill,esco_skills,http://data.europa.eu/esco/skill/91816e1a-d026-4d21-9b1c-59ca5cf488de,analyse internal factors of companies,cross-sector,"Research and understand various internal factors that influence the operation of companies such as its culture, strategic foundation, products, prices, and available resources.",No approved automatic normalization match.
ESCO|esco_skills|http://data.europa.eu/esco/skill/5d26851b-270a-4fbe-abeb-2bfd6eba3e2d,ESCO,1.2.1,skill,esco_skills,http://data.europa.eu/esco/skill/5d26851b-270a-4fbe-abeb-2bfd6eba3e2d,analyse logistic changes,cross-sector,"Assess the financial impact of possible logistics changes such as shipping modes, product mixes or volumes, carriers and means of product transportation.",No approved automatic normalization match.
ESCO|esco_skills|http://data.europa.eu/esco/skill/8029637c-00eb-4764-ae88-387611176c4b,ESCO,1.2.1,skill,esco_skills,http://data.europa.eu/esco/skill/8029637c-00eb-4764-ae88-387611176c4b,analyse logistic needs,sector-specific,Analysing the logistic needs of all the different departments on the organisational level.,No approved automatic normalization match.
ESCO|esco_skills|http://data.europa.eu/esco/skill/292549e6-08ec-456c-b008-eba7a0a68428,ESCO,1.2.1,skill,esco_skills,http://data.europa.eu/esco/skill/292549e6-08ec-456c-b008-eba7a0a68428,analyse market financial trends,cross-sector,Monitor and forecast the tendencies of a financial market to move in a particular direction over time.,No approved automatic normalization match.
ESCO|esco_skills|http://data.europa.eu/esco/skill/578ea133-eaf3-4542-a727-fe4fc8a6b5a9,ESCO,1.2.1,skill,esco_skills,http://data.europa.eu/esco/skill/578ea133-eaf3-4542-a727-fe4fc8a6b5a9,analyse personal fitness information,sector-specific,Carry out fitness assessments to establish fitness and skill level and analyse information relating to individual clients.,No approved automatic normalization match.
ESCO|esco_skills|http://data.europa.eu/esco/skill/484d048c-a5d1-46a5-b57f-45b69c0ac552,ESCO,1.2.1,skill,esco_skills,http://data.europa.eu/esco/skill/484d048c-a5d1-46a5-b57f-45b69c0ac552,analyse pipeline database information,sector-specific,"Retrieve and analyse different types of information extracted from the databases of pipelines companies. Analyse information such as risks, project management KPIs (key performance indicators), goods transportation times, and document back-up processes.",No approved automatic normalization match.
ESCO|esco_skills|http://data.europa.eu/esco/skill/f1b5800e-b763-4740-9586-3fef30568e81,ESCO,1.2.1,skill,esco_skills,http://data.europa.eu/esco/skill/f1b5800e-b763-4740-9586-3fef30568e81,analyse production processes for improvement,cross-sector,Analyse production processes leading toward improvement. Analyse in order to reduce production losses and overall manufacturing costs.,No approved automatic normalization match.
ESCO|esco_skills|http://data.europa.eu/esco/skill/ae965e49-06f1-442f-87bf-e48fc1e1d8b6,ESCO,1.2.1,skill,esco_skills,http://data.europa.eu/esco/skill/ae965e49-06f1-442f-87bf-e48fc1e1d8b6,analyse quality of nurse care,sector-specific,Analyse the quality of care in order to improve the own professional practice as a general care nurse.,No approved automatic normalization match.
ESCO|esco_skills|http://data.europa.eu/esco/skill/473a8b64-a05c-4d49-962d-b9d9219950bc,ESCO,1.2.1,skill,esco_skills,http://data.europa.eu/esco/skill/473a8b64-a05c-4d49-962d-b9d9219950bc,analyse relation between supply chain improvement and profit,sector-specific,Interpret how the supply chain improvements will impact company profits. Intensify the improvement in those processes that will streamline the supply chain most effectively while generating most profit.,No approved automatic normalization match.
ESCO|esco_skills|http://data.europa.eu/esco/skill/f28617ad-afdd-4041-814c-216153a38998,ESCO,1.2.1,skill,esco_skills,http://data.europa.eu/esco/skill/f28617ad-afdd-4041-814c-216153a38998,analyse software specifications,sector-specific,"Assess the specifications of a software product or system to be developed by identifying functional and non-functional requirements, constraints and possible sets of use cases which illustrate interactions between the software and its users.",No approved automatic normalization match.
ESCO|esco_skills|http://data.europa.eu/esco/skill/96d549bb-3e62-4c45-92a7-f114df089581,ESCO,1.2.1,skill,esco_skills,http://data.europa.eu/esco/skill/96d549bb-3e62-4c45-92a7-f114df089581,analyse supply chain strategies,cross-sector,"Examine an organisation's planning details of production, their expected output units, quality, quantity, cost, time available and labour requirements. Provide suggestions in order to improve products, service quality and reduce costs.",No approved automatic normalization match.
ESCO|esco_skills|http://data.europa.eu/esco/skill/b7e57889-a84f-440c-9e60-459aa69979e9,ESCO,1.2.1,skill,esco_skills,http://data.europa.eu/esco/skill/b7e57889-a84f-440c-9e60-459aa69979e9,analyse supply chain trends,sector-specific,"Analyse and make predictions about trends and evolutions in supply chain operations in relation to technology, efficiency systems, types of products shipped, and logistical requirements for shipments, in order to remain at the forefront of supply chain methodologies.",No approved automatic normalization match.
ESCO|esco_skills|http://data.europa.eu/esco/skill/81a2db2c-7e55-44d0-9cd9-74c25147d7cd,ESCO,1.2.1,skill,esco_skills,http://data.europa.eu/esco/skill/81a2db2c-7e55-44d0-9cd9-74c25147d7cd,analyse test data,cross-sector,"Interpret and analyse data collected during testing in order to formulate conclusions, new insights or solutions.",No approved automatic normalization match.
ESCO|esco_skills|http://data.europa.eu/esco/skill/9714735d-6f60-440b-bdbc-aaf45ebcbe78,ESCO,1.2.1,skill,esco_skills,http://data.europa.eu/esco/skill/9714735d-6f60-440b-bdbc-aaf45ebcbe78,analyse the context of an organisation,cross-sector,Study the external and internal environment of an organisation by identifying its strengths and weaknesses in order to provide a base for company strategies and further planning.,No approved automatic normalization match.
ESCO|esco_skills|http://data.europa.eu/esco/skill/b8316819-feca-403d-902f-a86562fd91e9,ESCO,1.2.1,skill,esco_skills,http://data.europa.eu/esco/skill/b8316819-feca-403d-902f-a86562fd91e9,analyse transport business networks,cross-sector,Analyse various transport business networks in order to organise the most efficient setting of modes of transport. Analyse those networks that aim to achieve lowest costs and maximum efficiency.,No approved automatic normalization match.
ESCO|esco_skills|http://data.europa.eu/esco/skill/38cd93b5-af8a-4528-a0f0-f8439ccb4b09,ESCO,1.2.1,skill,esco_skills,http://data.europa.eu/esco/skill/38cd93b5-af8a-4528-a0f0-f8439ccb4b09,answer patients' questions,sector-specific,"Respond in a friendly and professional manner to all inquiries from current or potential patients, and their families, of a healthcare establishment.",No approved automatic normalization match.
ESCO|esco_skills|http://data.europa.eu/esco/skill/1859883d-c047-4fe1-8e74-7bb4385d6ad2,ESCO,1.2.1,skill,esco_skills,http://data.europa.eu/esco/skill/1859883d-c047-4fe1-8e74-7bb4385d6ad2,apply 3D imaging techniques,sector-specific,"Implement a variety of techniques such as digital sculpting, curve modelling and 3D scanning to create, edit, preserve and use 3D images, such as point clouds, 3D vector graphic and 3D surface shapes.",No approved automatic normalization match.
ESCO|esco_skills|http://data.europa.eu/esco/skill/5dbbeadb-45a7-404b-ba3c-eeaa045c4e64,ESCO,1.2.1,skill,esco_skills,http://data.europa.eu/esco/skill/5dbbeadb-45a7-404b-ba3c-eeaa045c4e64,apply acupuncture,sector-specific,"Use procedures involving the stimulation of anatomical points on the body by a variety of techniques, such as penetrating the skin with thin, metallic needles manipulated by the hands or by electrical stimulation in order to relieve pain or achieve other therapeutic benefits.",No approved automatic normalization match.
ESCO|esco_skills|http://data.europa.eu/esco/skill/4f0e579d-ca7b-427c-ace6-9e2de3eb19c7,ESCO,1.2.1,skill,esco_skills,http://data.europa.eu/esco/skill/4f0e579d-ca7b-427c-ace6-9e2de3eb19c7,apply advanced manufacturing,cross-sector,"Improve production rates, efficiencies, yields, costs, and changeovers of products and processes using relevant advanced, innovative, and cutting edge technology.",No approved automatic normalization match.
ESCO|esco_skills|http://data.europa.eu/esco/skill/b363bb5f-2c79-40af-94da-33e06f9dee9f,ESCO,1.2.1,skill,esco_skills,http://data.europa.eu/esco/skill/b363bb5f-2c79-40af-94da-33e06f9dee9f,apply blended learning,cross-sector,"Be familiar with blended learning tools by combining traditional face-to-face and online learning, using digital tools, online technologies, and e-learning methods.",No approved automatic normalization match.
ESCO|esco_skills|http://data.europa.eu/esco/skill/3c03ee71-4a23-448f-b79e-81fd75d27dca,ESCO,1.2.1,skill,esco_skills,http://data.europa.eu/esco/skill/3c03ee71-4a23-448f-b79e-81fd75d27dca,apply change management,cross-sector,Manage development within an organisation by anticipating changes and making managerial decisions to ensure that the members involved are as less disturbed as possible.,No approved automatic normalization match.
ESCO|esco_skills|http://data.europa.eu/esco/skill/0a43729f-2a79-4dae-9faa-95520daae79f,ESCO,1.2.1,skill,esco_skills,http://data.europa.eu/esco/skill/0a43729f-2a79-4dae-9faa-95520daae79f,apply company policies,cross-sector,Apply the principles and rules that govern the activities and processes of an organisation.,No approved automatic normalization match.
ESCO|esco_skills|http://data.europa.eu/esco/skill/0ee94af1-b445-4973-9c3f-459fab250342,ESCO,1.2.1,skill,esco_skills,http://data.europa.eu/esco/skill/0ee94af1-b445-4973-9c3f-459fab250342,apply conflict management,cross-sector,"Take ownership of the handling of all complaints and disputes showing empathy and understanding to achieve resolution. Be fully aware of all Social Responsibility protocols and procedures, and be able to deal with a problematic gambling situation in a professional manner with maturity and empathy.",No approved automatic normalization match.
ESCO|esco_skills|http://data.europa.eu/esco/skill/e18a6a3c-4f26-4141-8c72-4b4f01d77914,ESCO,1.2.1,skill,esco_skills,http://data.europa.eu/esco/skill/e18a6a3c-4f26-4141-8c72-4b4f01d77914,apply context specific clinical competences,sector-specific,"Apply professional and evidence based assessment, goal setting, delivery of intervention and evaluation of clients, taking into account the developmental and contextual history of the clients, within one`s own scope of practice.",No approved automatic normalization match.
ESCO|esco_skills|http://data.europa.eu/esco/skill/f37d9f67-2e79-4958-8307-1ce9d6dcc8bd,ESCO,1.2.1,skill,esco_skills,http://data.europa.eu/esco/skill/f37d9f67-2e79-4958-8307-1ce9d6dcc8bd,apply customer engagement strategy,cross-sector,Engage customers with a company or a brand by employing several methods such as humanisation of the brand and social media usage. The initiative for engagement can come either from the consumer or the company and the medium of engagement can be online as well as offline.,No approved automatic normalization match.
ESCO|esco_skills|http://data.europa.eu/esco/skill/4b244020-5f28-4e20-b74f-1c2dcb6f15cb,ESCO,1.2.1,skill,esco_skills,http://data.europa.eu/esco/skill/4b244020-5f28-4e20-b74f-1c2dcb6f15cb,apply desktop publishing techniques,cross-sector,Apply desktop publishing techniques to create page layouts and typographic quality text.,No approved automatic normalization match.
ESCO|esco_skills|http://data.europa.eu/esco/skill/5f0082ab-2131-49b5-94d6-a1821daf57d6,ESCO,1.2.1,skill,esco_skills,http://data.europa.eu/esco/skill/5f0082ab-2131-49b5-94d6-a1821daf57d6,apply for research funding,cross-sector,Identify key relevant funding sources and prepare research grant application in order to obtain funds and grants. Write research proposals.,No approved automatic normalization match.
ESCO|esco_skills|http://data.europa.eu/esco/skill/cbe2c304-1e7d-489a-97d9-a7d3e37a9db6,ESCO,1.2.1,skill,esco_skills,http://data.europa.eu/esco/skill/cbe2c304-1e7d-489a-97d9-a7d3e37a9db6,apply ICT systems theory,sector-specific,Implement principles of ICT systems theory in order to explain and document system characteristics that can be applied universally to other systems.,No approved automatic normalization match.
ESCO|esco_skills|http://data.europa.eu/esco/skill/86d2e2ea-1ba2-4aa6-b465-8a1f9abc81b8,ESCO,1.2.1,skill,esco_skills,http://data.europa.eu/esco/skill/86d2e2ea-1ba2-4aa6-b465-8a1f9abc81b8,apply information security policies,sector-specific,"Implement policies, methods and regulations for data and information security in order to respect confidentiality, integrity and availability principles.",No approved automatic normalization match.
ESCO|esco_skills|http://data.europa.eu/esco/skill/a0e23745-6ba4-45e2-9510-df6e71ed1230,ESCO,1.2.1,skill,esco_skills,http://data.europa.eu/esco/skill/a0e23745-6ba4-45e2-9510-df6e71ed1230,apply knowledge of human behaviour,cross-sector,"Practice principles related to group behaviour, trends in society, and influence of societal dynamics.",No approved automatic normalization match.
ESCO|esco_skills|http://data.europa.eu/esco/skill/f8bc0c97-e56f-4f19-bedc-fededf7bea26,ESCO,1.2.1,skill,esco_skills,http://data.europa.eu/esco/skill/f8bc0c97-e56f-4f19-bedc-fededf7bea26,apply massage therapy,cross-sector,Apply massage therapy to relieve patient's pain by using various specialised techniques.,No approved automatic normalization match.
ESCO|esco_skills|http://data.europa.eu/esco/skill/a28e8141-89ee-4b24-a3bb-1aebcc56c72d,ESCO,1.2.1,skill,esco_skills,http://data.europa.eu/esco/skill/a28e8141-89ee-4b24-a3bb-1aebcc56c72d,apply nursing care in long-term care,sector-specific,"Enable the promotion and the development of nursing care in long term care, co-morbidity and in situations of dependency in order to maintain individuals’ personal autonomy and relationships with the environment in each moment of the health/illness process.",No approved automatic normalization match.
ESCO|esco_skills|http://data.europa.eu/esco/skill/d3eccb86-f02d-4950-bfbd-20b9510774a1,ESCO,1.2.1,skill,esco_skills,http://data.europa.eu/esco/skill/d3eccb86-f02d-4950-bfbd-20b9510774a1,apply organisational techniques,cross-sector,"Employ a set of organisational techniques and procedures which facilitate the achievement of the set goals set such as detailed planning of personnel's schedules. Use these resources efficiently and sustainably, and show flexibility when required.",No approved automatic normalization match.
ESCO|esco_skills|http://data.europa.eu/esco/skill/7a63f944-6948-4ae4-9c1f-d08e492535c9,ESCO,1.2.1,skill,esco_skills,http://data.europa.eu/esco/skill/7a63f944-6948-4ae4-9c1f-d08e492535c9,apply person-centred care,sector-specific,"Treat individuals as partners in planning, developing and assessing care, to make sure it is appropriate for their needs. Put them and their caregivers at the heart of all decisions.",No approved automatic normalization match.
ESCO|esco_skills|http://data.europa.eu/esco/skill/833289fa-3646-4010-9d9e-93ba8c9ef2d8,ESCO,1.2.1,skill,esco_skills,http://data.europa.eu/esco/skill/833289fa-3646-4010-9d9e-93ba8c9ef2d8,apply research ethics and scientific integrity principles in research activities,cross-sector,"Apply fundamental ethical principles and legislation to scientific research, including issues of research integrity. Perform, review, or report research avoiding misconducts such as fabrication, falsification, and plagiarism.",No approved automatic normalization match.
ESCO|esco_skills|http://data.europa.eu/esco/skill/96550830-539b-4746-96aa-92aa4959945d,ESCO,1.2.1,skill,esco_skills,http://data.europa.eu/esco/skill/96550830-539b-4746-96aa-92aa4959945d,apply risk management processes,cross-sector,"Identify risks and apply a risk management process, e.g. hazard analysis and critical control points (HACCP).",No approved automatic normalization match.
ESCO|esco_skills|http://data.europa.eu/esco/skill/64e09849-a7db-4d6b-a932-66264420eb97,ESCO,1.2.1,skill,esco_skills,http://data.europa.eu/esco/skill/64e09849-a7db-4d6b-a932-66264420eb97,apply social media marketing,cross-sector,"Employ website traffic of social media such as Facebook and Twitter to generate attention and participation of existing and potential customers through discussion forums, web logs, microblogging and social communities for gaining a quick overview or insight into topics and opinions in the social web and handle inbound leads or inquiries.",No approved automatic normalization match.
ESCO|esco_skills|http://data.europa.eu/esco/skill/382c11ed-20d5-4ae7-b60e-15fec527fa6c,ESCO,1.2.1,skill,esco_skills,http://data.europa.eu/esco/skill/382c11ed-20d5-4ae7-b60e-15fec527fa6c,apply statistical analysis techniques,cross-sector,"Use models (descriptive or inferential statistics) and techniques (data mining or machine learning) for statistical analysis and ICT tools to analyse data, uncover correlations and forecast trends.",No approved automatic normalization match.
ESCO|esco_skills|http://data.europa.eu/esco/skill/6c870993-9341-438b-91c0-c7fe4f96d8f5,ESCO,1.2.1,skill,esco_skills,http://data.europa.eu/esco/skill/6c870993-9341-438b-91c0-c7fe4f96d8f5,apply strategic thinking,cross-sector,"Apply generation and effective application of business insights and possible opportunities, in order to achieve competitive business advantage on a long-term basis.",No approved automatic normalization match.
ESCO|esco_skills|http://data.europa.eu/esco/skill/e6bf6e73-230a-434c-97b2-a0c042a8b7ac,ESCO,1.2.1,skill,esco_skills,http://data.europa.eu/esco/skill/e6bf6e73-230a-434c-97b2-a0c042a8b7ac,apply sustainability principles in health care,cross-sector,Take into account the sustainability principles in healthcare and strive for the rational use of resources.,No approved automatic normalization match.
ESCO|esco_skills|http://data.europa.eu/esco/skill/c32ad607-0c4d-4e34-b73f-668298f7bf13,ESCO,1.2.1,skill,esco_skills,http://data.europa.eu/esco/skill/c32ad607-0c4d-4e34-b73f-668298f7bf13,apply technical communication skills,cross-sector,"Explain technical details to non-technical customers, stakeholders, or any other interested parties in a clear and concise manner.",No approved automatic normalization match.
ESCO|esco_skills|http://data.europa.eu/esco/skill/8460496d-aa54-495f-af9a-a4b571a5f994,ESCO,1.2.1,skill,esco_skills,http://data.europa.eu/esco/skill/8460496d-aa54-495f-af9a-a4b571a5f994,apply techniques of occupational therapy,sector-specific,"Apply occupational therapy techniques, such as retraining, and splinting in the rehabilitation and recovery of patients, and advising patients on their daily activities.",No approved automatic normalization match.
ESCO|esco_skills|http://data.europa.eu/esco/skill/f54c10e4-630d-4e50-95e9-4e9e268e8f12,ESCO,1.2.1,skill,esco_skills,http://data.europa.eu/esco/skill/f54c10e4-630d-4e50-95e9-4e9e268e8f12,approve engineering design,cross-sector,Give consent to the finished engineering design to go over to the actual manufacturing and assembly of the product.,No approved automatic normalization match.
ESCO|esco_skills|http://data.europa.eu/esco/skill/2e040fb0-66b9-4529-bec6-466472b60773,ESCO,1.2.1,skill,esco_skills,http://data.europa.eu/esco/skill/2e040fb0-66b9-4529-bec6-466472b60773,archive healthcare users' records,sector-specific,"Properly store the health records of healthcare users, including test results and case notes so that they are easily retrieved when required.",No approved automatic normalization match.
ESCO|esco_skills|http://data.europa.eu/esco/skill/78aeeab7-f22f-4fcd-8543-d11340e3ee3c,ESCO,1.2.1,skill,esco_skills,http://data.europa.eu/esco/skill/78aeeab7-f22f-4fcd-8543-d11340e3ee3c,assemble electromechanical systems,sector-specific,Put together electromechanical equipment and machinery according to specifications.,No approved automatic normalization match.
ESCO|esco_skills|http://data.europa.eu/esco/skill/3dc6fd8e-6ff7-432e-a262-04d487858efb,ESCO,1.2.1,skill,esco_skills,http://data.europa.eu/esco/skill/3dc6fd8e-6ff7-432e-a262-04d487858efb,assemble hardware components,cross-sector,"Assemble the necessary hardware components, such as the motherboard, Central Processing Unit (CPU), hard drive, disk drive, power supply unit, RAM, PCI card, mouse, keyboard, cameras and other necessary components to build the computer device. Attach the components manually using screwdrivers or use assembly machines and install the wiring.",No approved automatic normalization match.
ESCO|esco_skills|http://data.europa.eu/esco/skill/786a74d6-7ecd-44d5-ae4f-87ff02fe3dbf,ESCO,1.2.1,skill,esco_skills,http://data.europa.eu/esco/skill/786a74d6-7ecd-44d5-ae4f-87ff02fe3dbf,assess character,cross-sector,"Assess how a certain person will react, verbally or physically, in a specific situation or to a specific happening.",No approved automatic normalization match.
ESCO|esco_skills|http://data.europa.eu/esco/skill/e541c69c-ea80-4b17-87cb-4001d0b9d303,ESCO,1.2.1,skill,esco_skills,http://data.europa.eu/esco/skill/e541c69c-ea80-4b17-87cb-4001d0b9d303,assess environmental impact,cross-sector,Monitor environmental impacts and carry out assessments in order to identify and to reduce the organisation's environmental risks while taking costs into account.,No approved automatic normalization match.
ESCO|esco_skills|http://data.europa.eu/esco/skill/e95058a6-e139-42e7-a470-72038a606649,ESCO,1.2.1,skill,esco_skills,http://data.europa.eu/esco/skill/e95058a6-e139-42e7-a470-72038a606649,assess financial viability,cross-sector,"Revise and analyse financial information and requirements of projects such as their budget appraisal, expected turnover, and risk assessment for determining the benefits and costs of the project. Assess if the agreement or project will redeem its investment, and whether the potential profit is worth the financial risk.",No approved automatic normalization match.
ESCO|esco_skills|http://data.europa.eu/esco/skill/0dc7aa1b-b5af-4f4b-81ce-ee22ed8b6926,ESCO,1.2.1,skill,esco_skills,http://data.europa.eu/esco/skill/0dc7aa1b-b5af-4f4b-81ce-ee22ed8b6926,assess ICT knowledge,sector-specific,Evaluate the implicit mastery of skilled experts in an ICT system to make it explicit for further analysis and usage.,No approved automatic normalization match.
ESCO|esco_skills|http://data.europa.eu/esco/skill/1b9899a4-5b50-44b0-a21a-e2f86c51ac5a,ESCO,1.2.1,skill,esco_skills,http://data.europa.eu/esco/skill/1b9899a4-5b50-44b0-a21a-e2f86c51ac5a,assess physical conditions of clients,cross-sector,Check the new clients' health conditions to assess their suitability for participation.,No approved automatic normalization match.
ESCO|esco_skills|http://data.europa.eu/esco/skill/b2235ce8-d0f0-4954-9b60-e2c1aeeadab5,ESCO,1.2.1,skill,esco_skills,http://data.europa.eu/esco/skill/b2235ce8-d0f0-4954-9b60-e2c1aeeadab5,assess project resource needs,sector-specific,Test ideas and purposes of the program against available financial and human resources to work out if the idea is realistic. Take an active role in creating work situations and ensure that the available skills match with the needs of the end user/participant.,No approved automatic normalization match.
ESCO|esco_skills|http://data.europa.eu/esco/skill/d7b66759-c40c-44de-9f31-9418f84e10c5,ESCO,1.2.1,skill,esco_skills,http://data.europa.eu/esco/skill/d7b66759-c40c-44de-9f31-9418f84e10c5,assess risk factors,cross-sector,"Determine the influence of economical, political and cultural risk factors and additional issues.",No approved automatic normalization match.
ESCO|esco_skills|http://data.europa.eu/esco/skill/d1ac8870-b1f5-4ea5-9fa6-0a1c606940fd,ESCO,1.2.1,skill,esco_skills,http://data.europa.eu/esco/skill/d1ac8870-b1f5-4ea5-9fa6-0a1c606940fd,assess risks for the elderly,sector-specific,Visit the patient`s home to identify environmental factors that contribute to falls or other injuries of the elderly present.,No approved automatic normalization match.
ESCO|esco_skills|http://data.europa.eu/esco/skill/465e7c78-cd26-4503-a5ca-40009e807705,ESCO,1.2.1,skill,esco_skills,http://data.europa.eu/esco/skill/465e7c78-cd26-4503-a5ca-40009e807705,assess users' interaction with ICT applications,sector-specific,"Evaluate how users interact with ICT applications in order to analyse their behaviour, draw conclusions (for instance about their motives, expectations and goals) and improve applications' functionalities.",No approved automatic normalization match.
ESCO|esco_skills|http://data.europa.eu/esco/skill/bcb02777-45be-4166-9448-74a15b6f8136,ESCO,1.2.1,skill,esco_skills,http://data.europa.eu/esco/skill/bcb02777-45be-4166-9448-74a15b6f8136,assist children with special needs in education settings,sector-specific,"Assist children with special needs, identifying their needs, modifying classroom equipment to accommodate them and helping them participate in school activities.",No approved automatic normalization match.
ESCO|esco_skills|http://data.europa.eu/esco/skill/d0f48427-7987-4f86-b24d-709837a37fd2,ESCO,1.2.1,skill,esco_skills,http://data.europa.eu/esco/skill/d0f48427-7987-4f86-b24d-709837a37fd2,assist employee health programmes,cross-sector,Support and provide assistance to health and safety staff in implementing programmes targeted at the health and well-being of employees.,No approved automatic normalization match.
ESCO|esco_skills|http://data.europa.eu/esco/skill/6f2ac3e9-859e-442e-91fd-2db1a2bc8467,ESCO,1.2.1,skill,esco_skills,http://data.europa.eu/esco/skill/6f2ac3e9-859e-442e-91fd-2db1a2bc8467,assist healthcare users achieve autonomy,sector-specific,Assist healthcare users to achieve autonomy.,No approved automatic normalization match.
ESCO|esco_skills|http://data.europa.eu/esco/skill/a374d988-ef19-47ce-90c3-9be2b6330a73,ESCO,1.2.1,skill,esco_skills,http://data.europa.eu/esco/skill/a374d988-ef19-47ce-90c3-9be2b6330a73,assist in kidney transplant,sector-specific,"Manage patient care before and after the transplant of kidneys, striving to maximise the likelihood of a successful outcome.",No approved automatic normalization match.
ESCO|esco_skills|http://data.europa.eu/esco/skill/e0daabb6-0950-440c-a25f-f5e1ccf15435,ESCO,1.2.1,skill,esco_skills,http://data.europa.eu/esco/skill/e0daabb6-0950-440c-a25f-f5e1ccf15435,assist in military logistics,sector-specific,"Assist the upper management of a military organisation in the supply of goods and resources to military troops on the field and on base, and the disruption of enemy flow of resources, and other logistics activities in the military.",No approved automatic normalization match.
ESCO|esco_skills|http://data.europa.eu/esco/skill/25b762be-23eb-4165-aa05-64663de3e654,ESCO,1.2.1,skill,esco_skills,http://data.europa.eu/esco/skill/25b762be-23eb-4165-aa05-64663de3e654,assist in performing physical exercises,sector-specific,Prescribe and assist physical exercises to help increase strength and dexterity.,No approved automatic normalization match.
ESCO|esco_skills|http://data.europa.eu/esco/skill/e9030465-13c5-46d2-bdae-c2c1a9dbec86,ESCO,1.2.1,skill,esco_skills,http://data.europa.eu/esco/skill/e9030465-13c5-46d2-bdae-c2c1a9dbec86,attach accounting certificates to accounting transactions,cross-sector,"Collate and link documents such as invoices, contracts, and payment certificates in order to back up the transactions made in the accounting of the company.",No approved automatic normalization match.
ESCO|esco_skills|http://data.europa.eu/esco/skill/ce8ae6ca-61d8-4174-b457-641de96cbff4,ESCO,1.2.1,skill,esco_skills,http://data.europa.eu/esco/skill/ce8ae6ca-61d8-4174-b457-641de96cbff4,automate cloud tasks,sector-specific,Automate manual or repeatable processes to minimize management overhead. Evaluate cloud automation alternatives for network deployments and tool-based alternatives for network operations and management.,No approved automatic normalization match.
ESCO|esco_skills|http://data.europa.eu/esco/skill/0e44ceb3-9dd4-4ec4-b1d7-a0e83ddba7d4,ESCO,1.2.1,skill,esco_skills,http://data.europa.eu/esco/skill/0e44ceb3-9dd4-4ec4-b1d7-a0e83ddba7d4,automotive engineering,cross-sector,"The discipline of engineering that combines mechanical, electrical, electronic, software and safety engineering to design motor vehicles such as trucks, vans and automobiles.",No approved automatic normalization match.
ESCO|esco_skills|http://data.europa.eu/esco/skill/614c627b-2ec9-4a0d-811e-de14be4362f2,ESCO,1.2.1,skill,esco_skills,http://data.europa.eu/esco/skill/614c627b-2ec9-4a0d-811e-de14be4362f2,brainstorm ideas,cross-sector,"Pitch your ideas and concepts to fellow members of the creative team in order to come up with alternatives, solutions and better versions.",No approved automatic normalization match.
ESCO|esco_skills|http://data.europa.eu/esco/skill/dc72ad0a-c5dc-4abd-bc0d-ca43e82162e1,ESCO,1.2.1,skill,esco_skills,http://data.europa.eu/esco/skill/dc72ad0a-c5dc-4abd-bc0d-ca43e82162e1,build business relationships,cross-sector,"Establish a positive, long-term relationship between organisations and interested third parties such as suppliers, distributors, shareholders and other stakeholders in order to inform them of the organisation and its objectives.",No approved automatic normalization match.
ESCO|esco_skills|http://data.europa.eu/esco/skill/f0006418-17ee-4c38-af75-f5e1e35de64c,ESCO,1.2.1,skill,esco_skills,http://data.europa.eu/esco/skill/f0006418-17ee-4c38-af75-f5e1e35de64c,build machines,occupation-specific,Design and construct machines and installations for manufacturing purposes.,No approved automatic normalization match.
ESCO|esco_skills|http://data.europa.eu/esco/skill/38d49d88-9069-467b-b29e-3cae739bdd4d,ESCO,1.2.1,skill,esco_skills,http://data.europa.eu/esco/skill/38d49d88-9069-467b-b29e-3cae739bdd4d,build predictive models,sector-specific,Create models to predict the probability of an outcome.,No approved automatic normalization match.
ESCO|esco_skills|http://data.europa.eu/esco/skill/505e4ef3-7ce4-437d-b7b4-5c608f71c258,ESCO,1.2.1,skill,esco_skills,http://data.europa.eu/esco/skill/505e4ef3-7ce4-437d-b7b4-5c608f71c258,build recommender systems,occupation-specific,Construct recommendation systems based on large data sets using programming languages or computer tools to create a subclass of information filtering system that seeks to predict the rating or preference a user gives to an item.,No approved automatic normalization match.
ESCO|esco_skills|http://data.europa.eu/esco/skill/eade4171-3d57-4fb2-9518-44d5a1da4ff5,ESCO,1.2.1,skill,esco_skills,http://data.europa.eu/esco/skill/eade4171-3d57-4fb2-9518-44d5a1da4ff5,build trust,cross-sector,"Express intentions and behaviour in a coherent and transparent manner, inviting reciprocity and establishing the grounds for a trusting and reliable connection between people and teams.",No approved automatic normalization match.
ESCO|esco_skills|http://data.europa.eu/esco/skill/6f8f86f8-0ef9-4dd6-8e29-7d790e65706b,ESCO,1.2.1,skill,esco_skills,http://data.europa.eu/esco/skill/6f8f86f8-0ef9-4dd6-8e29-7d790e65706b,calculate production costs,cross-sector,Calculate the costs for every production stage and department.,No approved automatic normalization match.
ESCO|esco_skills|http://data.europa.eu/esco/skill/2ecf90f1-c511-464b-b26f-598d69182c70,ESCO,1.2.1,skill,esco_skills,http://data.europa.eu/esco/skill/2ecf90f1-c511-464b-b26f-598d69182c70,calculate tax,cross-sector,"Calculate the taxes which have to be paid by an individual or organisation, or paid back by a governmental institution, compliant with specific legislation.",No approved automatic normalization match.
ESCO|esco_skills|http://data.europa.eu/esco/skill/6a72c057-499f-4fe4-b425-0fbe2a50ce07,ESCO,1.2.1,skill,esco_skills,http://data.europa.eu/esco/skill/6a72c057-499f-4fe4-b425-0fbe2a50ce07,calibrate mechatronic instruments,sector-specific,Correct and adjust the reliability of an mechatronic instrument by measuring output and comparing results with the data of a reference device or a set of standardised results. This is done in regular intervals which are set by the manufacturer.,No approved automatic normalization match.
ESCO|esco_skills|http://data.europa.eu/esco/skill/ef1e6c93-2a90-4abf-951b-a8ae283d368d,ESCO,1.2.1,skill,esco_skills,http://data.europa.eu/esco/skill/ef1e6c93-2a90-4abf-951b-a8ae283d368d,carry out nurse-led discharge,sector-specific,"Initiate and lead the discharge process of patients, involving all relevant professionals to expedite discharges. Assist bed and capacity management across the whole hospital.",No approved automatic normalization match.
ESCO|esco_skills|http://data.europa.eu/esco/skill/0aa02c52-077d-45f8-8c2d-7132c11ac16e,ESCO,1.2.1,skill,esco_skills,http://data.europa.eu/esco/skill/0aa02c52-077d-45f8-8c2d-7132c11ac16e,carry out strategic research,cross-sector,Research long term possibilities for improvements and plan steps to achieve them.,No approved automatic normalization match.
ESCO|esco_skills|http://data.europa.eu/esco/skill/5f1ebff6-98ec-411f-a1d4-0bf04bd03bdf,ESCO,1.2.1,skill,esco_skills,http://data.europa.eu/esco/skill/5f1ebff6-98ec-411f-a1d4-0bf04bd03bdf,check accounting records,cross-sector,Revise the accounting records of the quarter and year and ensure that the accounting information reflects with accuracy the financial transactions of the company.,No approved automatic normalization match.
ESCO|esco_skills|http://data.europa.eu/esco/skill/a93011ca-e6ab-4182-8a05-4d4b282cff27,ESCO,1.2.1,skill,esco_skills,http://data.europa.eu/esco/skill/a93011ca-e6ab-4182-8a05-4d4b282cff27,check quality of raw materials,cross-sector,"Check the quality of basic materials used for the production of semi-finished and finished goods by assessing some of its characteristics and, if needed, select samples to be analysed.",No approved automatic normalization match.
ESCO|esco_skills|http://data.europa.eu/esco/skill/153517bb-84ef-45f1-a185-1d427792026d,ESCO,1.2.1,skill,esco_skills,http://data.europa.eu/esco/skill/153517bb-84ef-45f1-a185-1d427792026d,check the production schedule,sector-specific,"Check the daily and long term schedules for rehearsal, training, performances, season, tour, etc., taking into account the project timeline and all the preparations required by the production.",No approved automatic normalization match.
ESCO|esco_skills|http://data.europa.eu/esco/skill/0cc9c234-f817-4f4c-908a-4d28fe3b0f4a,ESCO,1.2.1,skill,esco_skills,http://data.europa.eu/esco/skill/0cc9c234-f817-4f4c-908a-4d28fe3b0f4a,coach employees,cross-sector,"Maintain and improve employees' performance by coaching individuals or groups how to optimise specific methods, skills or abilities, using adapted coaching styles and methods. Tutor newly recruited employees and assist them in the learning of new business systems.",No approved automatic normalization match.
ESCO|esco_skills|http://data.europa.eu/esco/skill/b679ef35-eebf-4da8-8e45-fee6841c3214,ESCO,1.2.1,skill,esco_skills,http://data.europa.eu/esco/skill/b679ef35-eebf-4da8-8e45-fee6841c3214,collaborate in the development of marketing strategies,cross-sector,Work together with a group of professionals to develop marketing strategies performing market analysis and financial viability while staying aligned with the company's goals.,No approved automatic normalization match.
ESCO|esco_skills|http://data.europa.eu/esco/skill/d52382fe-f236-421f-95fe-34fe69d48dbd,ESCO,1.2.1,skill,esco_skills,http://data.europa.eu/esco/skill/d52382fe-f236-421f-95fe-34fe69d48dbd,collaborate with designers,sector-specific,Communicate and collaborate with fellow designers in order to coordinate new products and designs.,No approved automatic normalization match.
ESCO|esco_skills|http://data.europa.eu/esco/skill/71746a0b-e58d-4dc4-ad03-bd84082eae21,ESCO,1.2.1,skill,esco_skills,http://data.europa.eu/esco/skill/71746a0b-e58d-4dc4-ad03-bd84082eae21,collect customer feedback on applications,cross-sector,Gather a response and analyse data from customers to identify requests or problems in order to improve applications and overall customer satisfaction.,No approved automatic normalization match.
ESCO|esco_skills|http://data.europa.eu/esco/skill/16a3d876-e330-4648-b03f-5f8d7e18ee17,ESCO,1.2.1,skill,esco_skills,http://data.europa.eu/esco/skill/16a3d876-e330-4648-b03f-5f8d7e18ee17,collect geological data,sector-specific,"Participate in the collection of geological data such as core logging, geological mapping, geochemical and geophysical surveying, digital data capture, etc.",No approved automatic normalization match.
ESCO|esco_skills|http://data.europa.eu/esco/skill/7d08e3cd-3a68-4568-8273-5b53ac0cbc71,ESCO,1.2.1,skill,esco_skills,http://data.europa.eu/esco/skill/7d08e3cd-3a68-4568-8273-5b53ac0cbc71,collect healthcare user's general data,sector-specific,Collect qualitative and quantitative data related to the healthcare user's anagraphic data and provide support on filling out the present and past history questionnaire and record the measures/tests performed by the practitioner.,No approved automatic normalization match.
ESCO|esco_skills|http://data.europa.eu/esco/skill/79e29b8b-47d1-470d-b7b1-32506bfe7d9a,ESCO,1.2.1,skill,esco_skills,http://data.europa.eu/esco/skill/79e29b8b-47d1-470d-b7b1-32506bfe7d9a,collect ICT data,cross-sector,Gather data by designing and applying search and sampling methods.,No approved automatic normalization match.
ESCO|esco_skills|http://data.europa.eu/esco/skill/b22828a8-18e7-4639-8fbd-f2b33594382d,ESCO,1.2.1,skill,esco_skills,http://data.europa.eu/esco/skill/b22828a8-18e7-4639-8fbd-f2b33594382d,collect statistics on medical records,sector-specific,"Perform statistical analysis of various medical records of the healthcare facility, referring to the number of hospital admissions, discharges or waiting lists.",No approved automatic normalization match.
ESCO|esco_skills|http://data.europa.eu/esco/skill/f263da7f-0708-42c2-b1a9-39083416f632,ESCO,1.2.1,skill,esco_skills,http://data.europa.eu/esco/skill/f263da7f-0708-42c2-b1a9-39083416f632,communicate analytical insights,sector-specific,"Obtain analytical insights and share them with relevant teams, in order to enable them to optimise supply chain (SC) operations and planning.",No approved automatic normalization match.
ESCO|esco_skills|http://data.europa.eu/esco/skill/de2f0ce8-f8d6-48c5-a213-4d065251cecf,ESCO,1.2.1,skill,esco_skills,http://data.europa.eu/esco/skill/de2f0ce8-f8d6-48c5-a213-4d065251cecf,communicate by telephone,cross-sector,"Liaise via telephone by making and answering calls in a timely, professional and polite manner.",No approved automatic normalization match.
ESCO|esco_skills|http://data.europa.eu/esco/skill/7110bf9f-b245-4adc-9159-5081013fd64d,ESCO,1.2.1,skill,esco_skills,http://data.europa.eu/esco/skill/7110bf9f-b245-4adc-9159-5081013fd64d,communicate in healthcare,cross-sector,"Communicate effectively with patients, families and other caregivers, health care professionals, and community partners.",No approved automatic normalization match.
ESCO|esco_skills|http://data.europa.eu/esco/skill/dc1ba31e-260e-4eb0-a5cb-6aa1e839e7c0,ESCO,1.2.1,skill,esco_skills,http://data.europa.eu/esco/skill/dc1ba31e-260e-4eb0-a5cb-6aa1e839e7c0,communicate price changes,sector-specific,"Transparent, straightforward and effective communication with all departments involved; clearly communicate about price changes and their possible consequences.",No approved automatic normalization match.
ESCO|esco_skills|http://data.europa.eu/esco/skill/ff64e9fc-36dd-4035-872a-83aa41dc1ad9,ESCO,1.2.1,skill,esco_skills,http://data.europa.eu/esco/skill/ff64e9fc-36dd-4035-872a-83aa41dc1ad9,communicate with a non-scientific audience,cross-sector,"Communicate about scientific findings to a non-scientific audience, including the general public. Tailor the communication of scientific concepts, debates, findings to the audience, using a variety of methods for different target groups, including visual presentations.",No approved automatic normalization match.
ESCO|esco_skills|http://data.europa.eu/esco/skill/0da516ee-e70e-4384-be13-f5ff80be8127,ESCO,1.2.1,skill,esco_skills,http://data.europa.eu/esco/skill/0da516ee-e70e-4384-be13-f5ff80be8127,communicate with customers,cross-sector,"Respond to and communicate with customers in the most efficient and appropriate manner to enable them to access the desired products or services, or any other help they may require.",No approved automatic normalization match.
ESCO|esco_skills|http://data.europa.eu/esco/skill/477173ca-5fc2-406b-9122-95d92811f284,ESCO,1.2.1,skill,esco_skills,http://data.europa.eu/esco/skill/477173ca-5fc2-406b-9122-95d92811f284,communicate with stakeholders,cross-sector,"Facilitate communication between organisations and interested third parties such as suppliers, distributors, shareholders and other stakeholders in order to inform them of the organisation and its objectives.",No approved automatic normalization match.
ESCO|esco_skills|http://data.europa.eu/esco/skill/9fcf9918-fdef-49c3-aedc-518eb1e7e1f5,ESCO,1.2.1,skill,esco_skills,http://data.europa.eu/esco/skill/9fcf9918-fdef-49c3-aedc-518eb1e7e1f5,comply with legislation related to health care,cross-sector,"Comply with the regional and national health legislation which regulates relations between suppliers, payers, vendors of the healthcare industry and patients, and the delivery of healthcare services.",No approved automatic normalization match.
ESCO|esco_skills|http://data.europa.eu/esco/skill/98eb1f3b-3480-416b-bd4b-811946f7e347,ESCO,1.2.1,skill,esco_skills,http://data.europa.eu/esco/skill/98eb1f3b-3480-416b-bd4b-811946f7e347,comply with quality standards related to healthcare practice,sector-specific,"Apply quality standards related to risk management, safety procedures, patients feedback, screening and medical devices in daily practice, as they are recognized by the national professional associations and authorities.",No approved automatic normalization match.
ESCO|esco_skills|http://data.europa.eu/esco/skill/e8d9ce55-7bc3-4f09-8412-0a393d4b5b96,ESCO,1.2.1,skill,esco_skills,http://data.europa.eu/esco/skill/e8d9ce55-7bc3-4f09-8412-0a393d4b5b96,compose description for web elements,occupation-specific,"Create texts to convey the message of a web element, such as images or frames, even in cases when it cannot be displayed to the user.",No approved automatic normalization match.
ESCO|esco_skills|http://data.europa.eu/esco/skill/29154735-107a-4daa-a050-537f7707f34e,ESCO,1.2.1,skill,esco_skills,http://data.europa.eu/esco/skill/29154735-107a-4daa-a050-537f7707f34e,conduct content quality assurance,cross-sector,"Carry out validation of content by reviewing it according to formal and functional quality, usability and applicable standards.",No approved automatic normalization match.
ESCO|esco_skills|http://data.europa.eu/esco/skill/bc54eee1-a858-4f80-afdc-0442a617ef50,ESCO,1.2.1,skill,esco_skills,http://data.europa.eu/esco/skill/bc54eee1-a858-4f80-afdc-0442a617ef50,conduct field work,cross-sector,Conducts field work or research which is the collection of information outside of a laboratory or workplace setting. Visit places in order to collect specific information about the field.,No approved automatic normalization match.
ESCO|esco_skills|http://data.europa.eu/esco/skill/89ff28d6-342c-435d-83aa-83e71dbbbc96,ESCO,1.2.1,skill,esco_skills,http://data.europa.eu/esco/skill/89ff28d6-342c-435d-83aa-83e71dbbbc96,conduct financial audits,cross-sector,"Evaluate and monitor the financial health, the operations and financial movements expressed in the financial statements of the company. Revise the financial records to ensure stewardship and governability.",No approved automatic normalization match.
ESCO|esco_skills|http://data.europa.eu/esco/skill/afdee309-07f9-464e-ad3b-29f4e539da88,ESCO,1.2.1,skill,esco_skills,http://data.europa.eu/esco/skill/afdee309-07f9-464e-ad3b-29f4e539da88,conduct health related research,cross-sector,"Conduct research in health related topics and communicate findings orally, through public presentations or by writing reports and other publications.",No approved automatic normalization match.
ESCO|esco_skills|http://data.europa.eu/esco/skill/ed392b45-1087-44a7-89a9-d514224639ff,ESCO,1.2.1,skill,esco_skills,http://data.europa.eu/esco/skill/ed392b45-1087-44a7-89a9-d514224639ff,conduct mobile marketing,cross-sector,Conduct mobile marketing using a mobile device e.g. tablet or smartphone. Gather personalised information and transfer it to customers in order to promote services or goods.,No approved automatic normalization match.
ESCO|esco_skills|http://data.europa.eu/esco/skill/7049ac98-0368-4bb2-84d4-5366d1c0f2ac,ESCO,1.2.1,skill,esco_skills,http://data.europa.eu/esco/skill/7049ac98-0368-4bb2-84d4-5366d1c0f2ac,conduct online competitive analysis,sector-specific,Assess strengths and weaknesses of current and potential competitors. Analyse competitors' web strategies.,No approved automatic normalization match.
ESCO|esco_skills|http://data.europa.eu/esco/skill/a3aff665-ab4a-4a9a-9eba-0cd60cba6517,ESCO,1.2.1,skill,esco_skills,http://data.europa.eu/esco/skill/a3aff665-ab4a-4a9a-9eba-0cd60cba6517,conduct physiotherapy assessment,sector-specific,"Undertake physiotherapy assessment, incorporating data collected from subjective, physical examinations and information derived from other relevant sources, maintaining clients` safety, comfort and dignity during assessment.",No approved automatic normalization match.
ESCO|esco_skills|http://data.europa.eu/esco/skill/5f00bf83-f776-4488-b312-6725f8b6783a,ESCO,1.2.1,skill,esco_skills,http://data.europa.eu/esco/skill/5f00bf83-f776-4488-b312-6725f8b6783a,conduct public surveys,cross-sector,"Conduct the procedures of a public survey from the initial formulation and compilation of the questions, identifying the target audience, managing the survey method and operations, managing the processing of acquired data, and analysing the results.",No approved automatic normalization match.
ESCO|esco_skills|http://data.europa.eu/esco/skill/fa465db3-56e8-4b5d-a781-e2a313a4ed2d,ESCO,1.2.1,skill,esco_skills,http://data.europa.eu/esco/skill/fa465db3-56e8-4b5d-a781-e2a313a4ed2d,conduct qualitative research,cross-sector,"Gather relevant information by applying systematic methods, such as interviews, focus groups, text analysis, observations and case studies.",No approved automatic normalization match.
ESCO|esco_skills|http://data.europa.eu/esco/skill/41a3240f-58ba-44e2-a688-edeb21ea5c16,ESCO,1.2.1,skill,esco_skills,http://data.europa.eu/esco/skill/41a3240f-58ba-44e2-a688-edeb21ea5c16,conduct quality control analysis,cross-sector,"Conduct inspections and tests of services, processes, or products to evaluate quality.",No approved automatic normalization match.
ESCO|esco_skills|http://data.europa.eu/esco/skill/8316979b-df5a-4dc7-98ef-61ec6a10df84,ESCO,1.2.1,skill,esco_skills,http://data.europa.eu/esco/skill/8316979b-df5a-4dc7-98ef-61ec6a10df84,conduct quantitative research,cross-sector,"Execute a systematic empirical investigation of observable phenomena via statistical, mathematical or computational techniques.",No approved automatic normalization match.
ESCO|esco_skills|http://data.europa.eu/esco/skill/f7b071bf-4882-4cfc-ae0a-7e0e0ab94c61,ESCO,1.2.1,skill,esco_skills,http://data.europa.eu/esco/skill/f7b071bf-4882-4cfc-ae0a-7e0e0ab94c61,conduct research across disciplines,cross-sector,Work and use research findings and data across disciplinary and/or functional boundaries.,No approved automatic normalization match.
ESCO|esco_skills|http://data.europa.eu/esco/skill/896563fc-6255-4419-89c2-ffed30159ad6,ESCO,1.2.1,skill,esco_skills,http://data.europa.eu/esco/skill/896563fc-6255-4419-89c2-ffed30159ad6,conduct research interview,cross-sector,"Use professional researching and interviewing methods and techniques to gather relevant data, facts or information, to gain new insights and to fully comprehend the message of the interviewee.",No approved automatic normalization match.
ESCO|esco_skills|http://data.europa.eu/esco/skill/a0bf9b9d-e53f-418c-a839-5d99eff718fe,ESCO,1.2.1,skill,esco_skills,http://data.europa.eu/esco/skill/a0bf9b9d-e53f-418c-a839-5d99eff718fe,conduct search engine optimisation,cross-sector,"Execute optimal marketing research and strategies on search engine processes, also known as search engine marketing (SEM), in order to increase online traffic and website exposure.",No approved automatic normalization match.
ESCO|esco_skills|http://data.europa.eu/esco/skill/d41262ae-eca1-4ede-89a8-46d2d99a7a31,ESCO,1.2.1,skill,esco_skills,http://data.europa.eu/esco/skill/d41262ae-eca1-4ede-89a8-46d2d99a7a31,consider economic criteria in decision making,cross-sector,Develop proposals and take appropriate decisions taking into account economic criteria.,No approved automatic normalization match.
ESCO|esco_skills|http://data.europa.eu/esco/skill/1d0c2220-6855-4689-aeea-16c9c615b284,ESCO,1.2.1,skill,esco_skills,http://data.europa.eu/esco/skill/1d0c2220-6855-4689-aeea-16c9c615b284,consult with motion picture producer,sector-specific,"Consult with a motion picture producer about requirements, deadlines, budget, and other specifications.",No approved automatic normalization match.
ESCO|esco_skills|http://data.europa.eu/esco/skill/24229e89-9e1d-4c1a-ae23-c64777b152ce,ESCO,1.2.1,skill,esco_skills,http://data.europa.eu/esco/skill/24229e89-9e1d-4c1a-ae23-c64777b152ce,consult with production director,sector-specific,"Consult with the director, producer and clients throughout the production and post-production process.",No approved automatic normalization match.
ESCO|esco_skills|http://data.europa.eu/esco/skill/13724e7d-b946-4773-915e-9621340237bc,ESCO,1.2.1,skill,esco_skills,http://data.europa.eu/esco/skill/13724e7d-b946-4773-915e-9621340237bc,contribute to continuity of health care,sector-specific,Contribute to the delivery of coordinated and continuous healthcare.,No approved automatic normalization match.
ESCO|esco_skills|http://data.europa.eu/esco/skill/029e2bb0-6dd8-4600-bb89-ac7480ae8fb0,ESCO,1.2.1,skill,esco_skills,http://data.europa.eu/esco/skill/029e2bb0-6dd8-4600-bb89-ac7480ae8fb0,contribute to quality physiotherapy services,sector-specific,"Participate in activities that promote quality, particularly in the acquisition and evaluation of equipment, resources, safe storage and supply management.",No approved automatic normalization match.
ESCO|esco_skills|http://data.europa.eu/esco/skill/684a597e-0d82-4f98-92f1-1e5888043764,ESCO,1.2.1,skill,esco_skills,http://data.europa.eu/esco/skill/684a597e-0d82-4f98-92f1-1e5888043764,contribute to the rehabilitation process,cross-sector,"Contribute to the rehabilitation process to enhance activity, functioning and participation using a person-centered and evidence-based approach.",No approved automatic normalization match.
ESCO|esco_skills|http://data.europa.eu/esco/skill/feceacee-d425-4e73-821a-02dfb85084db,ESCO,1.2.1,skill,esco_skills,http://data.europa.eu/esco/skill/feceacee-d425-4e73-821a-02dfb85084db,control production,cross-sector,"Plan, coordinate, and direct all production activities to insure the goods are made on time, in correct order, of adequate quality and composition, starting from intake goods up to shipping.",No approved automatic normalization match.
ESCO|esco_skills|http://data.europa.eu/esco/skill/b2f9eb81-eda4-49a9-8453-3ba345da2d98,ESCO,1.2.1,skill,esco_skills,http://data.europa.eu/esco/skill/b2f9eb81-eda4-49a9-8453-3ba345da2d98,convert into animated object,sector-specific,"Convert real objects into visual animation elements, using animation techniques such as optical scanning.",No approved automatic normalization match.
ESCO|esco_skills|http://data.europa.eu/esco/skill/7abf5b24-8f18-49c5-a64b-5a5870a03a56,ESCO,1.2.1,skill,esco_skills,http://data.europa.eu/esco/skill/7abf5b24-8f18-49c5-a64b-5a5870a03a56,convert scribbles into virtual sketches,occupation-specific,Use software to convert the roughly drawn representation of a design into a two-dimensional geometrical sketch that they can further develop to obtain the final concept.,No approved automatic normalization match.
ESCO|esco_skills|http://data.europa.eu/esco/skill/71480db1-a706-47f9-952f-bdc5036e3df3,ESCO,1.2.1,skill,esco_skills,http://data.europa.eu/esco/skill/71480db1-a706-47f9-952f-bdc5036e3df3,coordinate care,sector-specific,"Coordinate care for patient groups, being able to manage a number of patients within a given amount of time and provide optimum health services.",No approved automatic normalization match.
ESCO|esco_skills|http://data.europa.eu/esco/skill/7af6e9e8-1e11-4c0b-b7c6-ac96bbbbc674,ESCO,1.2.1,skill,esco_skills,http://data.europa.eu/esco/skill/7af6e9e8-1e11-4c0b-b7c6-ac96bbbbc674,coordinate engineering teams,cross-sector,"Plan, coordinate and supervise engineering activities together with engineers and engineering technicians. Ensure clear and effective channels of communication across all departments. Make sure the team is aware of the standards and objectives of the research and development.",No approved automatic normalization match.
ESCO|esco_skills|http://data.europa.eu/esco/skill/05c00631-b864-4842-b47e-06710c197c7a,ESCO,1.2.1,skill,esco_skills,http://data.europa.eu/esco/skill/05c00631-b864-4842-b47e-06710c197c7a,coordinate manufacturing production activities,cross-sector,"Coordinate manufacturing activities based on production strategies, policies and plans. Study details of the planning such as expected quality of the products, quantities, cost, and labour required to foresee any action needed. Adjust processes and resources to minimise costs.",No approved automatic normalization match.
ESCO|esco_skills|http://data.europa.eu/esco/skill/90398aca-82b7-4f56-8e0f-814d949162b4,ESCO,1.2.1,skill,esco_skills,http://data.europa.eu/esco/skill/90398aca-82b7-4f56-8e0f-814d949162b4,coordinate marketing plan actions,cross-sector,"Manage the overview of the marketing actions such as the marketing planning, internal financial resource granting, advertising materials, implementation, control, and communication efforts.",No approved automatic normalization match.
ESCO|esco_skills|http://data.europa.eu/esco/skill/3a0f10bd-4c3f-4020-b29c-f03cfe6d6e5b,ESCO,1.2.1,skill,esco_skills,http://data.europa.eu/esco/skill/3a0f10bd-4c3f-4020-b29c-f03cfe6d6e5b,coordinate transportation,cross-sector,Scheduling of transportation operations.,No approved automatic normalization match.
ESCO|esco_skills|http://data.europa.eu/esco/skill/ac846964-c171-4d43-8834-cc83ff96f582,ESCO,1.2.1,skill,esco_skills,http://data.europa.eu/esco/skill/ac846964-c171-4d43-8834-cc83ff96f582,correct potentially harmful movements,sector-specific,Recognise when a particpant performs a movement that could cause short or long term damage to the body. Respond with verbal instructions and/or physical demonstration to ensure competence is achieved.,No approved automatic normalization match.
ESCO|esco_skills|http://data.europa.eu/esco/skill/6b21150f-e704-4758-b102-63fd3412543c,ESCO,1.2.1,skill,esco_skills,http://data.europa.eu/esco/skill/6b21150f-e704-4758-b102-63fd3412543c,create 3D characters,sector-specific,Develop 3D models by transforming and digitising previously designed characters using specialised 3D tools.,No approved automatic normalization match.
ESCO|esco_skills|http://data.europa.eu/esco/skill/0620ecd1-e4b1-4dfa-972b-38a93e5ebd9d,ESCO,1.2.1,skill,esco_skills,http://data.europa.eu/esco/skill/0620ecd1-e4b1-4dfa-972b-38a93e5ebd9d,create 3D environments,sector-specific,"Develop a computer-generated 3D representation of a setting such as simulated environment, where the users interact.",No approved automatic normalization match.
ESCO|esco_skills|http://data.europa.eu/esco/skill/53403f06-6c51-4a24-9491-d8a6200526ce,ESCO,1.2.1,skill,esco_skills,http://data.europa.eu/esco/skill/53403f06-6c51-4a24-9491-d8a6200526ce,create a product's virtual model,cross-sector,Create a mathematical or three-dimensional computer graphic model of the product by using a CAE system or a calculator.,No approved automatic normalization match.
ESCO|esco_skills|http://data.europa.eu/esco/skill/aa8b0abf-7ff0-4fbb-b85e-5364badbf214,ESCO,1.2.1,skill,esco_skills,http://data.europa.eu/esco/skill/aa8b0abf-7ff0-4fbb-b85e-5364badbf214,create advertisements,sector-specific,"Use your creativity to draft advertiments. Keep in mind the costumer's requirements, target audience, media and marketing objectives.",No approved automatic normalization match.
ESCO|esco_skills|http://data.europa.eu/esco/skill/1b2889c2-154d-4e5f-b7d1-bd1f07df86ab,ESCO,1.2.1,skill,esco_skills,http://data.europa.eu/esco/skill/1b2889c2-154d-4e5f-b7d1-bd1f07df86ab,create animated narratives,sector-specific,"Develop animated narrative sequences and story lines, using computer software and hand drawing techniques.",No approved automatic normalization match.
ESCO|esco_skills|http://data.europa.eu/esco/skill/6a7792a9-888a-46ad-afc9-2c0d94c8fde6,ESCO,1.2.1,skill,esco_skills,http://data.europa.eu/esco/skill/6a7792a9-888a-46ad-afc9-2c0d94c8fde6,create business process models,cross-sector,"Develop formal and informal descriptions of the business processes and the organisational structure by using business process models, notations and tools.",No approved automatic normalization match.
ESCO|esco_skills|http://data.europa.eu/esco/skill/76415d7f-0fde-4364-b45f-5c044580d2aa,ESCO,1.2.1,skill,esco_skills,http://data.europa.eu/esco/skill/76415d7f-0fde-4364-b45f-5c044580d2aa,create CAD drawings,cross-sector,Create As-Built drawings using CAD.,No approved automatic normalization match.
ESCO|esco_skills|http://data.europa.eu/esco/skill/ee6c325b-223e-432f-89c3-a0f135adac9e,ESCO,1.2.1,skill,esco_skills,http://data.europa.eu/esco/skill/ee6c325b-223e-432f-89c3-a0f135adac9e,create cadastral maps,cross-sector,Create maps using data gathered during surveying and measurement activities and specialised software which outline a region's constructions' and buildings' boundaries.,No approved automatic normalization match.
ESCO|esco_skills|http://data.europa.eu/esco/skill/df996a98-202f-4a9b-b088-38c8db03ef1b,ESCO,1.2.1,skill,esco_skills,http://data.europa.eu/esco/skill/df996a98-202f-4a9b-b088-38c8db03ef1b,create content title,cross-sector,"Come up with an appealing title that draws people's attention to the content of your article, story or publication.",No approved automatic normalization match.
ESCO|esco_skills|http://data.europa.eu/esco/skill/fbafa41f-cd05-4109-a649-8b44d306d779,ESCO,1.2.1,skill,esco_skills,http://data.europa.eu/esco/skill/fbafa41f-cd05-4109-a649-8b44d306d779,create data models,sector-specific,"Use specific techniques and methodologies to analyse the data requirements of an organisation's business processes in order to create models for these data, such as conceptual, logical and physical models. These models have a specific structure and format.",No approved automatic normalization match.
ESCO|esco_skills|http://data.europa.eu/esco/skill/906323f4-00c4-4c3b-ab5a-8af77be3456e,ESCO,1.2.1,skill,esco_skills,http://data.europa.eu/esco/skill/906323f4-00c4-4c3b-ab5a-8af77be3456e,create data sets,cross-sector,Generate a collection of new or existing related data sets that are made up out of separate elements but can be manipulated as one unit.,No approved automatic normalization match.
ESCO|esco_skills|http://data.europa.eu/esco/skill/84f58e3d-8669-4d83-8c1d-5dd1e73a654f,ESCO,1.2.1,skill,esco_skills,http://data.europa.eu/esco/skill/84f58e3d-8669-4d83-8c1d-5dd1e73a654f,create database diagrams,sector-specific,Develop the database design models and diagrams which establish the structure of a database by using modelling software tools to be implemented in further processes.,No approved automatic normalization match.
ESCO|esco_skills|http://data.europa.eu/esco/skill/1f1cdba2-4887-45ef-9eb0-235e7f63fa8b,ESCO,1.2.1,skill,esco_skills,http://data.europa.eu/esco/skill/1f1cdba2-4887-45ef-9eb0-235e7f63fa8b,create electrical wiring diagram,sector-specific,Draw the details of electrical circuits in order to aid construction workers with the erection and instalment of electrical wiring in building structures.,No approved automatic normalization match.
ESCO|esco_skills|http://data.europa.eu/esco/skill/901105f8-3a08-453e-b1dc-23619e317fd3,ESCO,1.2.1,skill,esco_skills,http://data.europa.eu/esco/skill/901105f8-3a08-453e-b1dc-23619e317fd3,create flowchart diagram,cross-sector,Compose a diagram that illustrates systematic progress through a procedure or system using connecting lines and a set of symbols.,No approved automatic normalization match.
ESCO|esco_skills|http://data.europa.eu/esco/skill/94758266-bb0f-4e41-bedb-349ecacfaf5c,ESCO,1.2.1,skill,esco_skills,http://data.europa.eu/esco/skill/94758266-bb0f-4e41-bedb-349ecacfaf5c,create freight rate databases,occupation-specific,Develop and maintain freight rate databases for use by supply chain departments in order to determine and adopt the most cost-efficient modes of transportation.,No approved automatic normalization match.
ESCO|esco_skills|http://data.europa.eu/esco/skill/8d1e742f-28f4-4248-9a5d-6ef88a047f18,ESCO,1.2.1,skill,esco_skills,http://data.europa.eu/esco/skill/8d1e742f-28f4-4248-9a5d-6ef88a047f18,create individual treatment programmes,sector-specific,"Develop treatment programmes to suit each individual patient, helping patients achieve more independence and confidence in their daily lives.",No approved automatic normalization match.
ESCO|esco_skills|http://data.europa.eu/esco/skill/e8dd9cc1-c83d-45ec-a7b0-e3727ab90336,ESCO,1.2.1,skill,esco_skills,http://data.europa.eu/esco/skill/e8dd9cc1-c83d-45ec-a7b0-e3727ab90336,create moving images,sector-specific,Create and develop two-dimensional and three-dimensional images in motion and animations.,No approved automatic normalization match.
ESCO|esco_skills|http://data.europa.eu/esco/skill/f08e2bd6-0366-4948-a670-1f03f130126f,ESCO,1.2.1,skill,esco_skills,http://data.europa.eu/esco/skill/f08e2bd6-0366-4948-a670-1f03f130126f,create new concepts,cross-sector,Come up with new concepts.,No approved automatic normalization match.
ESCO|esco_skills|http://data.europa.eu/esco/skill/3bddfd7c-ab6d-40c2-883d-5e97fb7640ba,ESCO,1.2.1,skill,esco_skills,http://data.europa.eu/esco/skill/3bddfd7c-ab6d-40c2-883d-5e97fb7640ba,create software design,sector-specific,Transpose a series of requirements into a clear and organised software design.,No approved automatic normalization match.
ESCO|esco_skills|http://data.europa.eu/esco/skill/03b9b491-fc9b-4868-914a-bf7cd47b5041,ESCO,1.2.1,skill,esco_skills,http://data.europa.eu/esco/skill/03b9b491-fc9b-4868-914a-bf7cd47b5041,create solutions to problems,cross-sector,"Solve problems which arise in planning, prioritising, organising, directing/facilitating action and evaluating performance. Use systematic processes of collecting, analysing, and synthesising information to evaluate current practice and generate new understandings about practice.",No approved automatic normalization match.
ESCO|esco_skills|http://data.europa.eu/esco/skill/5c98825f-146d-4d35-97cf-207b2afd9ae2,ESCO,1.2.1,skill,esco_skills,http://data.europa.eu/esco/skill/5c98825f-146d-4d35-97cf-207b2afd9ae2,create technical plans,cross-sector,"Create detailed technical plans of machinery, equipment, tools and other products.",No approved automatic normalization match.
ESCO|esco_skills|http://data.europa.eu/esco/skill/f0f5bb34-71df-4715-9c9e-03567b76ec8f,ESCO,1.2.1,skill,esco_skills,http://data.europa.eu/esco/skill/f0f5bb34-71df-4715-9c9e-03567b76ec8f,create website wireframe,sector-specific,"Develop an image or set of images that display the functional elements of a website or page, typically used for planning a website's functionality and structure.",No approved automatic normalization match.
ESCO|esco_skills|http://data.europa.eu/esco/skill/1a4cc54f-1e53-442b-a6d2-1682dc8ef8f9,ESCO,1.2.1,skill,esco_skills,http://data.europa.eu/esco/skill/1a4cc54f-1e53-442b-a6d2-1682dc8ef8f9,creatively use digital technologies,cross-sector,Use digital tools and technologies to create knowledge and to innovate processes and products. Engage individually and collectively in cognitive processing to understand and resolve conceptual problems and problem situations in digital environments.,No approved automatic normalization match.
ESCO|esco_skills|http://data.europa.eu/esco/skill/51e79cb4-fab3-404c-88f3-cd4a1bd5879e,ESCO,1.2.1,skill,esco_skills,http://data.europa.eu/esco/skill/51e79cb4-fab3-404c-88f3-cd4a1bd5879e,deal with emergency care situations,cross-sector,"Assess the signs and be well-prepared for a situation that poses an immediate threat to a person's health, security, property or environment.",No approved automatic normalization match.
ESCO|esco_skills|http://data.europa.eu/esco/skill/7a66b8a3-502f-408e-ac69-46e72dec6ede,ESCO,1.2.1,skill,esco_skills,http://data.europa.eu/esco/skill/7a66b8a3-502f-408e-ac69-46e72dec6ede,deal with pressure from unexpected circumstances,sector-specific,Strive to achieve objectives despite the pressures arising from unexpected factors outside of your control.,No approved automatic normalization match.
ESCO|esco_skills|http://data.europa.eu/esco/skill/2522a6ce-3202-4ac8-9f5b-b9cb5a3a83a1,ESCO,1.2.1,skill,esco_skills,http://data.europa.eu/esco/skill/2522a6ce-3202-4ac8-9f5b-b9cb5a3a83a1,debug software,sector-specific,"Repair computer code by analysing testing results, locating the defects causing the software to output an incorrect or unexpected result and remove these faults.",No approved automatic normalization match.
ESCO|esco_skills|http://data.europa.eu/esco/skill/54c9c155-9293-4329-8ed2-2e76e8b519d4,ESCO,1.2.1,skill,esco_skills,http://data.europa.eu/esco/skill/54c9c155-9293-4329-8ed2-2e76e8b519d4,define data quality criteria,sector-specific,"Specify the criteria by which data quality is measured for business purposes, such as inconsistencies, incompleteness, usability for purpose and accuracy.",No approved automatic normalization match.
ESCO|esco_skills|http://data.europa.eu/esco/skill/022dc430-872a-473a-9cf4-fed4895e58ad,ESCO,1.2.1,skill,esco_skills,http://data.europa.eu/esco/skill/022dc430-872a-473a-9cf4-fed4895e58ad,define database physical structure,sector-specific,"Specify the physical configuration of database files on a given media. This consists of in-detail specifications of indexing options, data types and data elements placed in the data dictionary.",No approved automatic normalization match.
ESCO|esco_skills|http://data.europa.eu/esco/skill/d53b04fb-1bbb-4a25-92f8-8ceb308d276f,ESCO,1.2.1,skill,esco_skills,http://data.europa.eu/esco/skill/d53b04fb-1bbb-4a25-92f8-8ceb308d276f,define organisational standards,cross-sector,"Write, implement and foster the internal standards of the company as part of the business plans for the operations and levels of performance that the company intends to achieve.",No approved automatic normalization match.
ESCO|esco_skills|http://data.europa.eu/esco/skill/acc74047-f59f-4935-afc0-45ec43b9b57a,ESCO,1.2.1,skill,esco_skills,http://data.europa.eu/esco/skill/acc74047-f59f-4935-afc0-45ec43b9b57a,define part requirements,sector-specific,"Calculate and determine the functional, physical, structural, geometrical and size dimensions for the parts necessary to create machines or equipment.",No approved automatic normalization match.
ESCO|esco_skills|http://data.europa.eu/esco/skill/37bc4dc0-1233-4008-98db-1116d0c1cfcc,ESCO,1.2.1,skill,esco_skills,http://data.europa.eu/esco/skill/37bc4dc0-1233-4008-98db-1116d0c1cfcc,define security policies,sector-specific,"Design and execute a written set of rules and policies that have the aim of securing an organisation concerning constraints on behaviour between stakeholders, protective mechanical constraints and data-access constraints.",No approved automatic normalization match.
ESCO|esco_skills|http://data.europa.eu/esco/skill/d9e5349e-8791-49c2-8ba4-839fdd1606c2,ESCO,1.2.1,skill,esco_skills,http://data.europa.eu/esco/skill/d9e5349e-8791-49c2-8ba4-839fdd1606c2,define technical requirements,cross-sector,"Specify technical properties of goods, materials, methods, processes, services, systems, software and functionalities by identifying and responding to the particular needs that are to be satisfied according to customer requirements.",No approved automatic normalization match.
ESCO|esco_skills|http://data.europa.eu/esco/skill/248894d1-42dc-474f-af6e-2da52ac0c679,ESCO,1.2.1,skill,esco_skills,http://data.europa.eu/esco/skill/248894d1-42dc-474f-af6e-2da52ac0c679,define technology strategy,sector-specific,"Create an overall plan of objectives, practices, principles and tactics related to the use of technologies within an organisation and describe the means to reach the objectives, taking into account analyses and relevant regulations.",No approved automatic normalization match.
ESCO|esco_skills|http://data.europa.eu/esco/skill/092f44f6-8631-460c-a862-f79f5c15dc03,ESCO,1.2.1,skill,esco_skills,http://data.europa.eu/esco/skill/092f44f6-8631-460c-a862-f79f5c15dc03,delegate emergency care,sector-specific,"Efficiently delegate care to other personnel in the emergency department, supervising others working in the clinical environment to ensure that patient needs are met.",No approved automatic normalization match.
ESCO|esco_skills|http://data.europa.eu/esco/skill/c3e36d05-8ae8-447f-bb2b-6f9409f85389,ESCO,1.2.1,skill,esco_skills,http://data.europa.eu/esco/skill/c3e36d05-8ae8-447f-bb2b-6f9409f85389,deliver visual presentation of data,cross-sector,Create visual representations of data such as charts or diagrams for easier understanding.,No approved automatic normalization match.
ESCO|esco_skills|http://data.europa.eu/esco/skill/4134622c-c3fb-4a41-beb6-6d58ba5107db,ESCO,1.2.1,skill,esco_skills,http://data.europa.eu/esco/skill/4134622c-c3fb-4a41-beb6-6d58ba5107db,demonstrate disciplinary expertise,cross-sector,"Demonstrate deep knowledge and complex understanding of a specific research area, including responsible research, research ethics and scientific integrity principles, privacy and GDPR requirements, related to research activities within a specific discipline.",No approved automatic normalization match.
ESCO|esco_skills|http://data.europa.eu/esco/skill/6195c5f7-a4fb-425d-a3dd-c4467c4471a3,ESCO,1.2.1,skill,esco_skills,http://data.europa.eu/esco/skill/6195c5f7-a4fb-425d-a3dd-c4467c4471a3,deploy cloud resource,sector-specific,"Identify and execute steps required to provision cloud resources, such as networks, servers, storage, applications, GPUs, and services. Define the cloud global infrastructure and remediate deployment issues.",No approved automatic normalization match.
ESCO|esco_skills|http://data.europa.eu/esco/skill/27ad6528-0914-4049-87c0-2f05791d0e2e,ESCO,1.2.1,skill,esco_skills,http://data.europa.eu/esco/skill/27ad6528-0914-4049-87c0-2f05791d0e2e,design a domotic system in buildings,sector-specific,"Design a complete domotic system for buildings, taking into account every chosen component. Make a weighting and balancing between which components and systems should be included in domotics and which are less useful to include, in relation to energy saving.",No approved automatic normalization match.
ESCO|esco_skills|http://data.europa.eu/esco/skill/df179770-1c8d-4673-a270-481b7e4e6010,ESCO,1.2.1,skill,esco_skills,http://data.europa.eu/esco/skill/df179770-1c8d-4673-a270-481b7e4e6010,design a mini wind power system,sector-specific,"Design the mini wind power system, including batteries and power inverters, in coherence with other power supply sources, and the construction strength for placing mini turbine.",No approved automatic normalization match.
ESCO|esco_skills|http://data.europa.eu/esco/skill/17446f6d-d8b0-4945-a37b-9ad0dfc9f3e8,ESCO,1.2.1,skill,esco_skills,http://data.europa.eu/esco/skill/17446f6d-d8b0-4945-a37b-9ad0dfc9f3e8,design a solar absorption cooling system,sector-specific,"Design an absorption cooling generation system with solar regeneration by heat tube collectors. Calculate accurate cooling demand of the building in order to select the right capacity (kW). Make a detailed design of the installation, principle, automatisation strategy, using available products and concepts, select fitted products.",No approved automatic normalization match.
ESCO|esco_skills|http://data.europa.eu/esco/skill/73cc1ce2-4ada-4ae1-9f8e-d7efadcd52f6,ESCO,1.2.1,skill,esco_skills,http://data.europa.eu/esco/skill/73cc1ce2-4ada-4ae1-9f8e-d7efadcd52f6,design an electric heating system,sector-specific,Design the details of electric heating systems. Calculate the needed capacity for space heating under given conditions complying with available electrical power supply.,No approved automatic normalization match.
ESCO|esco_skills|http://data.europa.eu/esco/skill/f96f5aa5-6ed7-40dc-a431-68b0a09d6d4b,ESCO,1.2.1,skill,esco_skills,http://data.europa.eu/esco/skill/f96f5aa5-6ed7-40dc-a431-68b0a09d6d4b,design automation components,cross-sector,"Design engineering parts, assemblies, products, or systems that contribute to the automation of industrial machines.",No approved automatic normalization match.
ESCO|esco_skills|http://data.europa.eu/esco/skill/cc0a45a7-4883-4122-af11-7ca6c45a37c2,ESCO,1.2.1,skill,esco_skills,http://data.europa.eu/esco/skill/cc0a45a7-4883-4122-af11-7ca6c45a37c2,design building envelope systems,sector-specific,"Design an envelope system as a part of complete building energy system, taking into account energy saving concepts.",No approved automatic normalization match.
ESCO|esco_skills|http://data.europa.eu/esco/skill/77bf865e-6360-424f-9d77-ce03918c7dcf,ESCO,1.2.1,skill,esco_skills,http://data.europa.eu/esco/skill/77bf865e-6360-424f-9d77-ce03918c7dcf,design circuit boards,cross-sector,"Draught circuit boards used in electronic product such as cell phones and computers, make sure to include integrated circuits and microchips in the design.",No approved automatic normalization match.
ESCO|esco_skills|http://data.europa.eu/esco/skill/11430d93-c835-48ed-8e70-285fa69c9ae6,ESCO,1.2.1,skill,esco_skills,http://data.europa.eu/esco/skill/11430d93-c835-48ed-8e70-285fa69c9ae6,design cloud architecture,sector-specific,"Design a multi-tier cloud architecture solution, which tolerates faults and is fit for the workload and other business needs. Identify elastic and scalable computing solutions, select high-performing and scalable storage solutions, and choose high-performing database solutions. Identify cost-effective storage, computing, and database services in the cloud.",No approved automatic normalization match.
ESCO|esco_skills|http://data.europa.eu/esco/skill/4da4587a-fd0b-4ca2-886c-c42a1562d432,ESCO,1.2.1,skill,esco_skills,http://data.europa.eu/esco/skill/4da4587a-fd0b-4ca2-886c-c42a1562d432,design cloud networks,sector-specific,"Apply cloud networking concepts and implement connectivity services of cloud. Given customer requirements, define network architectures on cloud, propose optimized designs based on the evaluation of an existing implementation. Evaluate and optimize cost allocations given a network design, its cloud resources, and application data flow.",No approved automatic normalization match.
ESCO|esco_skills|http://data.europa.eu/esco/skill/ab67fbfb-0ca7-4345-8bf6-af8f59480212,ESCO,1.2.1,skill,esco_skills,http://data.europa.eu/esco/skill/ab67fbfb-0ca7-4345-8bf6-af8f59480212,design database backup specifications,sector-specific,Specify procedures to be performed on databases which ensure the copying and archiving of data for possible restoration in case of a data loss event.,No approved automatic normalization match.
ESCO|esco_skills|http://data.europa.eu/esco/skill/7e796b51-49d7-4e73-95af-2e7323763f15,ESCO,1.2.1,skill,esco_skills,http://data.europa.eu/esco/skill/7e796b51-49d7-4e73-95af-2e7323763f15,design database in the cloud,sector-specific,"Apply design principles for an adaptive, elastic, automated, loosely coupled databases making use of cloud infrastructure. Aim to remove any single point of failure through distributed database design.",No approved automatic normalization match.
ESCO|esco_skills|http://data.europa.eu/esco/skill/6c08403c-a5bb-4868-b8c2-b7d039c0e511,ESCO,1.2.1,skill,esco_skills,http://data.europa.eu/esco/skill/6c08403c-a5bb-4868-b8c2-b7d039c0e511,design database scheme,sector-specific,"Draft a database scheme by following the Relational Database Management System (RDBMS) rules in order to create a logically arranged group of objects such as tables, columns and processes.",No approved automatic normalization match.
ESCO|esco_skills|http://data.europa.eu/esco/skill/9bcff7ef-1f9e-4054-b8fa-3c640e491a11,ESCO,1.2.1,skill,esco_skills,http://data.europa.eu/esco/skill/9bcff7ef-1f9e-4054-b8fa-3c640e491a11,design electric power systems,sector-specific,"Construct generation plants, distribution stations and systems and transmission lines to get energy and new technology where it needs to go. Use high tech equipment, research, maintenance and repair to keep these systems running. Further design and plan layout of the buildings to be constructed.",No approved automatic normalization match.
ESCO|esco_skills|http://data.europa.eu/esco/skill/05010f6c-0b40-4525-ac4a-057d46a2b6f4,ESCO,1.2.1,skill,esco_skills,http://data.europa.eu/esco/skill/05010f6c-0b40-4525-ac4a-057d46a2b6f4,design electrical systems,cross-sector,"Draft sketches and design electrical systems, products, and components using Computer Aided Design (CAD) software and equipment. Draw panel arrangement layouts, electrical schematics, electrical wiring diagrams, and other assembly details.",No approved automatic normalization match.
ESCO|esco_skills|http://data.europa.eu/esco/skill/8c30f212-806e-49f6-ba1d-77ec0f0df524,ESCO,1.2.1,skill,esco_skills,http://data.europa.eu/esco/skill/8c30f212-806e-49f6-ba1d-77ec0f0df524,design electromagnets,sector-specific,"Design and develop conducting electromagnets or products and machines using electromagnetism, such as loudspeakers and MRI machines. Make sure the requirements for performance, reliability, and manufacturability are met.",No approved automatic normalization match.
ESCO|esco_skills|http://data.europa.eu/esco/skill/c5422318-3218-4ce9-9bdd-f38b93ff63a3,ESCO,1.2.1,skill,esco_skills,http://data.europa.eu/esco/skill/c5422318-3218-4ce9-9bdd-f38b93ff63a3,design electromechanical systems,cross-sector,"Draft sketches and design electromechanical systems, products, and components using Computer Aided Design (CAD) software and equipment.",No approved automatic normalization match.
ESCO|esco_skills|http://data.europa.eu/esco/skill/87434439-c07d-48be-af34-b0cdd03121c4,ESCO,1.2.1,skill,esco_skills,http://data.europa.eu/esco/skill/87434439-c07d-48be-af34-b0cdd03121c4,design engineering components,cross-sector,"Design engineering parts, assemblies, products, or systems.",No approved automatic normalization match.
ESCO|esco_skills|http://data.europa.eu/esco/skill/dfff95c6-9758-4c04-a228-7eaa88dec6cd,ESCO,1.2.1,skill,esco_skills,http://data.europa.eu/esco/skill/dfff95c6-9758-4c04-a228-7eaa88dec6cd,design for organisational complexity,sector-specific,"Determine cross-account authentication and access strategy for complex organizations (for example, an organization with varying compliance requirements, multiple business units, and varying scalability requirements). Design networks and multi-account cloud environments for complex organizations.",No approved automatic normalization match.
ESCO|esco_skills|http://data.europa.eu/esco/skill/f058bf62-70d1-4f5e-be2a-8b26fac24a96,ESCO,1.2.1,skill,esco_skills,http://data.europa.eu/esco/skill/f058bf62-70d1-4f5e-be2a-8b26fac24a96,design graphics,cross-sector,Apply a variety of visual techniques in order to design graphic material. Combine graphical elements to communicate concepts and ideas.,No approved automatic normalization match.
ESCO|esco_skills|http://data.europa.eu/esco/skill/be4588ee-f2c4-425a-9c23-a97ff1a6ca98,ESCO,1.2.1,skill,esco_skills,http://data.europa.eu/esco/skill/be4588ee-f2c4-425a-9c23-a97ff1a6ca98,design greeting cards,sector-specific,Design the illustrations on greeting cards.,No approved automatic normalization match.
ESCO|esco_skills|http://data.europa.eu/esco/skill/d80ebb29-7b20-4343-b7c9-0e3ef9f2e1f2,ESCO,1.2.1,skill,esco_skills,http://data.europa.eu/esco/skill/d80ebb29-7b20-4343-b7c9-0e3ef9f2e1f2,design heating and cooling emission systems,sector-specific,"Investigate and select the appropriate system according to the heating and cooling generation system. Design and evaluate solutions for different types of rooms and spaces regarding square metres, height, human comfort and occupation, adaptation and control strategies. Design a system taking into account the relation with the heating and cooling generation system.",No approved automatic normalization match.
ESCO|esco_skills|http://data.europa.eu/esco/skill/12274664-b642-4945-b88f-d7787dc3c9dd,ESCO,1.2.1,skill,esco_skills,http://data.europa.eu/esco/skill/12274664-b642-4945-b88f-d7787dc3c9dd,design interaction model,sector-specific,"Design and develop an interaction model. Design a multi-turn conversation, use built-in intents and slots, handle unexpected conversational requests or responses, design multi-modal skills using one or more service interfaces (for example, audio, video, and gadgets).",No approved automatic normalization match.
ESCO|esco_skills|http://data.europa.eu/esco/skill/2c28fc20-8a60-4311-8899-5ef8729c05b3,ESCO,1.2.1,skill,esco_skills,http://data.europa.eu/esco/skill/2c28fc20-8a60-4311-8899-5ef8729c05b3,design process,cross-sector,"Identify the workflow and resource requirements for a particular process, using a variety of tools such as process simulation software, flowcharting and scale models.",No approved automatic normalization match.
ESCO|esco_skills|http://data.europa.eu/esco/skill/bacbfc27-4b5d-47de-8bfd-af5fa27562a2,ESCO,1.2.1,skill,esco_skills,http://data.europa.eu/esco/skill/bacbfc27-4b5d-47de-8bfd-af5fa27562a2,design prototypes,cross-sector,Design prototypes of products or components of products by applying design and engineering principles.,No approved automatic normalization match.
ESCO|esco_skills|http://data.europa.eu/esco/skill/f73ed9e8-65c6-450d-9f19-8f3f8266689c,ESCO,1.2.1,skill,esco_skills,http://data.europa.eu/esco/skill/f73ed9e8-65c6-450d-9f19-8f3f8266689c,design questionnaires,cross-sector,Study the objectives of the research and imprint those aims into the design and development of questionnaires.,No approved automatic normalization match.
ESCO|esco_skills|http://data.europa.eu/esco/skill/fe4a9fb8-2963-4b23-8a18-e033197304f2,ESCO,1.2.1,skill,esco_skills,http://data.europa.eu/esco/skill/fe4a9fb8-2963-4b23-8a18-e033197304f2,design sensors,sector-specific,"Design and develop different types of sensors according to specifications, such as vibration sensors, heat sensors, optical sensors, humidity sensors, and electric current sensors.",No approved automatic normalization match.
ESCO|esco_skills|http://data.europa.eu/esco/skill/4e0a7f6e-b546-4cc6-9f8b-53e4fa31a426,ESCO,1.2.1,skill,esco_skills,http://data.europa.eu/esco/skill/4e0a7f6e-b546-4cc6-9f8b-53e4fa31a426,design smart grids,sector-specific,"Design and calculate the smart grid system, based on heat load, duration curves, energy simulations etc.",No approved automatic normalization match.
ESCO|esco_skills|http://data.europa.eu/esco/skill/fd33c66c-70c4-40e6-b87c-5495bd3bf26e,ESCO,1.2.1,skill,esco_skills,http://data.europa.eu/esco/skill/fd33c66c-70c4-40e6-b87c-5495bd3bf26e,design user interface,sector-specific,"Create software or device components which enable interaction between humans and systems or machines, using appropriate techniques, languages and tools so as to streamline interaction while using the system or machine.",No approved automatic normalization match.
ESCO|esco_skills|http://data.europa.eu/esco/skill/3d957fb2-b8f4-4b4c-b955-23299c761ad5,ESCO,1.2.1,skill,esco_skills,http://data.europa.eu/esco/skill/3d957fb2-b8f4-4b4c-b955-23299c761ad5,design web-based courses,cross-sector,"Create web-based training and instruction courses using dynamic and static online tools to deliver learning outcomes to the audience of the course. Web tools used here can include streaming video and audio, live internet broadcasts, information portals, chatrooms and bulletin boards.",No approved automatic normalization match.
ESCO|esco_skills|http://data.europa.eu/esco/skill/f14cfbac-07c5-43de-8b63-51518be99826,ESCO,1.2.1,skill,esco_skills,http://data.europa.eu/esco/skill/f14cfbac-07c5-43de-8b63-51518be99826,design wind turbines,sector-specific,"Design the electrical components and blades used in equipment which generates energy from the wind into electrical power, ensuring that the design is optimised to ensure safe and efficient production of energy.",No approved automatic normalization match.
ESCO|esco_skills|http://data.europa.eu/esco/skill/92e4064a-a93c-4e22-a63b-8da91757b90c,ESCO,1.2.1,skill,esco_skills,http://data.europa.eu/esco/skill/92e4064a-a93c-4e22-a63b-8da91757b90c,detect bottlenecks,cross-sector,Identify bottlenecks in the supply chain.,No approved automatic normalization match.
ESCO|esco_skills|http://data.europa.eu/esco/skill/671fa6d0-5052-493b-8476-c4ef43bb96bc,ESCO,1.2.1,skill,esco_skills,http://data.europa.eu/esco/skill/671fa6d0-5052-493b-8476-c4ef43bb96bc,determine production capacity,cross-sector,Determine how many parts or tools can be manufactured by one machine during one production cycle.,No approved automatic normalization match.
ESCO|esco_skills|http://data.europa.eu/esco/skill/6789defa-dc57-42a8-b2ed-2b8c349aa3e2,ESCO,1.2.1,skill,esco_skills,http://data.europa.eu/esco/skill/6789defa-dc57-42a8-b2ed-2b8c349aa3e2,determine salaries,cross-sector,Determine salaries for employees.,No approved automatic normalization match.
ESCO|esco_skills|http://data.europa.eu/esco/skill/d93f9e29-9740-4231-8486-13d377b99f05,ESCO,1.2.1,skill,esco_skills,http://data.europa.eu/esco/skill/d93f9e29-9740-4231-8486-13d377b99f05,develop a collaborative therapeutic relationship,cross-sector,"Develop a mutually collaborative therapeutic relationship during treatment, fostering and gaining healthcare users' trust and cooperation.",No approved automatic normalization match.
ESCO|esco_skills|http://data.europa.eu/esco/skill/00ebb379-ce26-439a-ba89-9a7d1ef2f696,ESCO,1.2.1,skill,esco_skills,http://data.europa.eu/esco/skill/00ebb379-ce26-439a-ba89-9a7d1ef2f696,develop a rehabilitation programme,cross-sector,Develop a rehabilitation programme to help patients rebuild their skills and restore their confidence.,No approved automatic normalization match.
ESCO|esco_skills|http://data.europa.eu/esco/skill/273eb12c-7c34-41d2-afd2-c0222bf853bc,ESCO,1.2.1,skill,esco_skills,http://data.europa.eu/esco/skill/273eb12c-7c34-41d2-afd2-c0222bf853bc,develop an artistic framework,sector-specific,"Develop a specific framework for research, creation and completion of artistic work.",No approved automatic normalization match.
ESCO|esco_skills|http://data.europa.eu/esco/skill/eee58e6d-4587-42f0-b9a0-fe055cfe2044,ESCO,1.2.1,skill,esco_skills,http://data.europa.eu/esco/skill/eee58e6d-4587-42f0-b9a0-fe055cfe2044,develop animations,sector-specific,"Design and develop visual animations using creativity and computer skills. Make objects or characters appear lifelike by manipulating light, colour, texture, shadow, and transparency, or manipulating static images to give the illusion of motion.",No approved automatic normalization match.
ESCO|esco_skills|http://data.europa.eu/esco/skill/0b0335f3-0aa1-491e-895e-81fc8774a300,ESCO,1.2.1,skill,esco_skills,http://data.europa.eu/esco/skill/0b0335f3-0aa1-491e-895e-81fc8774a300,develop automated migration methods,sector-specific,"Create automated transfer of ICT information between storage types, formats and systems to save human resources from performing the task manually.",No approved automatic normalization match.
ESCO|esco_skills|http://data.europa.eu/esco/skill/8c4c49d4-9708-433f-8ca7-bf2c5211ee49,ESCO,1.2.1,skill,esco_skills,http://data.europa.eu/esco/skill/8c4c49d4-9708-433f-8ca7-bf2c5211ee49,develop creative ideas,cross-sector,Developing new artistic concepts and creative ideas.,No approved automatic normalization match.
ESCO|esco_skills|http://data.europa.eu/esco/skill/f9670490-8aa4-4540-b121-d440a8294aab,ESCO,1.2.1,skill,esco_skills,http://data.europa.eu/esco/skill/f9670490-8aa4-4540-b121-d440a8294aab,develop data processing applications,occupation-specific,Create a customised software for processing data by selecting and using the appropriate computer programming language in order for an ICT system to produce demanded output based on expected input.,No approved automatic normalization match.
ESCO|esco_skills|http://data.europa.eu/esco/skill/5fd5c985-eaaa-47aa-8314-62359c54505a,ESCO,1.2.1,skill,esco_skills,http://data.europa.eu/esco/skill/5fd5c985-eaaa-47aa-8314-62359c54505a,develop digital content,cross-sector,"Create and edit digital content in different formats, express oneself through digital means.",No approved automatic normalization match.
ESCO|esco_skills|http://data.europa.eu/esco/skill/f672b7a0-698e-45f1-a102-51adeaf89200,ESCO,1.2.1,skill,esco_skills,http://data.europa.eu/esco/skill/f672b7a0-698e-45f1-a102-51adeaf89200,develop efficiency plans for logistics operations,sector-specific,Elaborate and implement plans in order to increase efficiency and reduce waste during logistics operations.,No approved automatic normalization match.
ESCO|esco_skills|http://data.europa.eu/esco/skill/f77b73f0-8c65-4389-a3ae-3a57a73ad148,ESCO,1.2.1,skill,esco_skills,http://data.europa.eu/esco/skill/f77b73f0-8c65-4389-a3ae-3a57a73ad148,develop employee retention programs,sector-specific,"Plan, develop, and implement programs aimed at keeping the satisfaction of the employees in the best levels. Consequently, assuring the loyalty of employees.",No approved automatic normalization match.
ESCO|esco_skills|http://data.europa.eu/esco/skill/5bac4bcc-1846-4688-ba02-ad2b51544282,ESCO,1.2.1,skill,esco_skills,http://data.europa.eu/esco/skill/5bac4bcc-1846-4688-ba02-ad2b51544282,develop inclusive communication material,cross-sector,"Develop inclusive communication resources. Provide appropriate accessible digital, print and signage information and apply the appropriate language to support the representation and inclusion of people with disabilities. Make websites and online facilities accessible, e.g., ensuring compatibility with screen readers.",No approved automatic normalization match.
ESCO|esco_skills|http://data.europa.eu/esco/skill/3579208e-49b3-4ce4-98e7-20e41b1ce8d4,ESCO,1.2.1,skill,esco_skills,http://data.europa.eu/esco/skill/3579208e-49b3-4ce4-98e7-20e41b1ce8d4,develop information security strategy,sector-specific,"Create company strategy related to the safety and security of information in order to maximise information integrity, availability and data privacy.",No approved automatic normalization match.
ESCO|esco_skills|http://data.europa.eu/esco/skill/a917fd91-866d-4ecf-a70e-894b755f9baf,ESCO,1.2.1,skill,esco_skills,http://data.europa.eu/esco/skill/a917fd91-866d-4ecf-a70e-894b755f9baf,develop mechatronic test procedures,sector-specific,"Develop testing protocols to enable a variety of analyses of mechatronic systems, products, and components.",No approved automatic normalization match.
ESCO|esco_skills|http://data.europa.eu/esco/skill/541f6f61-40ee-43d3-9f24-a1a5b31c2a34,ESCO,1.2.1,skill,esco_skills,http://data.europa.eu/esco/skill/541f6f61-40ee-43d3-9f24-a1a5b31c2a34,develop physiotherapy services,sector-specific,"Develop a safe, effective and efficient quality physiotherapy service.",No approved automatic normalization match.
ESCO|esco_skills|http://data.europa.eu/esco/skill/e2ca587e-9018-4f80-a9f6-100bc3d384ab,ESCO,1.2.1,skill,esco_skills,http://data.europa.eu/esco/skill/e2ca587e-9018-4f80-a9f6-100bc3d384ab,develop plans related to client discharge,sector-specific,"Organise discharge planning, when applicable, across a range of healthcare settings, communicating effectively and ensuring that the client and carers are involved in the decision making process.",No approved automatic normalization match.
ESCO|esco_skills|http://data.europa.eu/esco/skill/b63bfc0b-5b35-4019-b909-68ade8d9be66,ESCO,1.2.1,skill,esco_skills,http://data.europa.eu/esco/skill/b63bfc0b-5b35-4019-b909-68ade8d9be66,develop plans related to the transfer of care,sector-specific,"Organise transfer of care, when applicable, across a range of healthcare settings, communicating effectively and ensuring that the patient/client and carers are involved in the decision making process.",No approved automatic normalization match.
ESCO|esco_skills|http://data.europa.eu/esco/skill/fd4386c5-96f0-4c6e-970c-c08729ae0cc6,ESCO,1.2.1,skill,esco_skills,http://data.europa.eu/esco/skill/fd4386c5-96f0-4c6e-970c-c08729ae0cc6,develop product design,sector-specific,Convert market requirements into product design and development.,No approved automatic normalization match.
ESCO|esco_skills|http://data.europa.eu/esco/skill/bb40da1a-232f-4ba1-a9f5-5283a4fb7a7a,ESCO,1.2.1,skill,esco_skills,http://data.europa.eu/esco/skill/bb40da1a-232f-4ba1-a9f5-5283a4fb7a7a,develop production line,occupation-specific,Develop the production line of a designed product. This corresponds to a sequence of mechanical or manual operations involved within a production process of a manufactured product.,No approved automatic normalization match.
ESCO|esco_skills|http://data.europa.eu/esco/skill/bf5d77ad-e18c-48d8-83f0-bc79c011c74a,ESCO,1.2.1,skill,esco_skills,http://data.europa.eu/esco/skill/bf5d77ad-e18c-48d8-83f0-bc79c011c74a,develop professional network,cross-sector,Reach out to and meet up with people in a professional context. Find common ground and use your contacts for mutual benefit. Keep track of the people in your personal professional network and stay up to date on their activities.,No approved automatic normalization match.
ESCO|esco_skills|http://data.europa.eu/esco/skill/cc61f9e5-d4fc-470e-8606-1ce865ff8386,ESCO,1.2.1,skill,esco_skills,http://data.europa.eu/esco/skill/cc61f9e5-d4fc-470e-8606-1ce865ff8386,develop professional network with researchers and scientists,cross-sector,"Develop alliances, contacts or partnerships, and exchange information with others. Foster integrated and open collaborations where different stakeholders co-create shared value research and innovations. Develop your personal profile or brand and make yourself visible and available in face-to-face and online networking environments.",No approved automatic normalization match.
ESCO|esco_skills|http://data.europa.eu/esco/skill/797a4416-0b8d-44f3-8fcd-eb10bd0be6b4,ESCO,1.2.1,skill,esco_skills,http://data.europa.eu/esco/skill/797a4416-0b8d-44f3-8fcd-eb10bd0be6b4,develop software prototype,sector-specific,Create a first incomplete or preliminary version of a piece of software application to simulate some specific aspects of the final product.,No approved automatic normalization match.
ESCO|esco_skills|http://data.europa.eu/esco/skill/0f62b20e-90ea-446b-b5a4-eb5ece4057b0,ESCO,1.2.1,skill,esco_skills,http://data.europa.eu/esco/skill/0f62b20e-90ea-446b-b5a4-eb5ece4057b0,develop strategic plans for physiotherapy services,sector-specific,"Contribute to the development of systems, policies and procedures for the provision of physiotherapy services, sharing knowledge and contributing to internal and external learning opportunities.",No approved automatic normalization match.
ESCO|esco_skills|http://data.europa.eu/esco/skill/73a023d0-888c-4d89-87e4-a03e84395da8,ESCO,1.2.1,skill,esco_skills,http://data.europa.eu/esco/skill/73a023d0-888c-4d89-87e4-a03e84395da8,develop therapeutic relationships,sector-specific,"Maintain the individual therapeutic relationship to engage the individual's innate healing capacities, to achieve active collaboration in the health education and healing process and to maximise the potential of healthy change.",No approved automatic normalization match.
ESCO|esco_skills|http://data.europa.eu/esco/skill/6b643893-0a1f-4f6c-83a1-e7eef75849b9,ESCO,1.2.1,skill,esco_skills,http://data.europa.eu/esco/skill/6b643893-0a1f-4f6c-83a1-e7eef75849b9,develop with cloud services,sector-specific,"Write code that interacts with cloud services by using APIs, SDKs, and cloud CLI. Write code for serverless applications, translate functional requirements into application design, implement application design into application code.",No approved automatic normalization match.
ESCO|esco_skills|http://data.europa.eu/esco/skill/46003629-a579-4d0a-b3ea-80ef890699d6,ESCO,1.2.1,skill,esco_skills,http://data.europa.eu/esco/skill/46003629-a579-4d0a-b3ea-80ef890699d6,diagnose nursing care,sector-specific,A judgment based on a comprehensive nursing assessment.,No approved automatic normalization match.
ESCO|esco_skills|http://data.europa.eu/esco/skill/5e80353d-53ed-4e64-a5ff-0e3ec52156fa,ESCO,1.2.1,skill,esco_skills,http://data.europa.eu/esco/skill/5e80353d-53ed-4e64-a5ff-0e3ec52156fa,direct logistical functions,sector-specific,"Coordinate logistic operations related to product life cycles, such as distribution, delivery and final disposal of products or resources.",No approved automatic normalization match.
ESCO|esco_skills|http://data.europa.eu/esco/skill/db3c8181-31b4-4950-bf0b-de01f93c372b,ESCO,1.2.1,skill,esco_skills,http://data.europa.eu/esco/skill/db3c8181-31b4-4950-bf0b-de01f93c372b,disassemble engines,sector-specific,"Disassemble internal combustion engines, generators, pumps, transmissions and other components of mechanical equipment.",No approved automatic normalization match.
ESCO|esco_skills|http://data.europa.eu/esco/skill/b8656b5c-e3f0-4418-82ff-87b5f677f9e8,ESCO,1.2.1,skill,esco_skills,http://data.europa.eu/esco/skill/b8656b5c-e3f0-4418-82ff-87b5f677f9e8,disseminate information on tax legislation,cross-sector,Provide advise on the possible implications for companies or individuals on decisions regarding tax declaration based on tax legislation. Advise on the favourable tax strategies that could be followed depending on the needs of the client.,No approved automatic normalization match.
ESCO|esco_skills|http://data.europa.eu/esco/skill/2b1e2927-3542-48da-9063-02925e7562c1,ESCO,1.2.1,skill,esco_skills,http://data.europa.eu/esco/skill/2b1e2927-3542-48da-9063-02925e7562c1,disseminate results to the scientific community,cross-sector,"Publicly disclose scientific results by any appropriate means, including conferences, workshops, colloquia and scientific publications.",No approved automatic normalization match.
ESCO|esco_skills|http://data.europa.eu/esco/skill/38716afc-a93b-44ab-96cc-2ecf67edcf32,ESCO,1.2.1,skill,esco_skills,http://data.europa.eu/esco/skill/38716afc-a93b-44ab-96cc-2ecf67edcf32,do cloud refactoring,sector-specific,"Optimise application to best use cloud services and features, migrate existing application code to run on cloud infrastructure.",No approved automatic normalization match.
ESCO|esco_skills|http://data.europa.eu/esco/skill/e1f09038-b493-4771-ae29-a2d3e7ea013a,ESCO,1.2.1,skill,esco_skills,http://data.europa.eu/esco/skill/e1f09038-b493-4771-ae29-a2d3e7ea013a,document interviews,cross-sector,"Record, write, and capture answers and information collected during interviews for processing and analysis using shorthand or technical equipment.",No approved automatic normalization match.
ESCO|esco_skills|http://data.europa.eu/esco/skill/4d38b095-6730-4157-9807-8049dd7b43b8,ESCO,1.2.1,skill,esco_skills,http://data.europa.eu/esco/skill/4d38b095-6730-4157-9807-8049dd7b43b8,document project progress,cross-sector,"Record the project planning and development, the work steps, the required resources and the final results in order to present and keep track of the realised and ongoing projects.",No approved automatic normalization match.
ESCO|esco_skills|http://data.europa.eu/esco/skill/b5cb259e-83e7-48f5-950e-245d5b5fd6d0,ESCO,1.2.1,skill,esco_skills,http://data.europa.eu/esco/skill/b5cb259e-83e7-48f5-950e-245d5b5fd6d0,draft accounting procedures,cross-sector,"Lay down standard methods and guidelines to regulate bookkeeping and accounting operations, including determining the bookkeeping system used to record financial transactions.",No approved automatic normalization match.
ESCO|esco_skills|http://data.europa.eu/esco/skill/a8d41cca-3bc9-4d2a-ae09-436dabe86e21,ESCO,1.2.1,skill,esco_skills,http://data.europa.eu/esco/skill/a8d41cca-3bc9-4d2a-ae09-436dabe86e21,draft design specifications,cross-sector,List the design specifications such as materials and parts to be used and a cost estimate.,No approved automatic normalization match.
ESCO|esco_skills|http://data.europa.eu/esco/skill/00b9a3aa-7070-4bb5-8020-f228a97cf42f,ESCO,1.2.1,skill,esco_skills,http://data.europa.eu/esco/skill/00b9a3aa-7070-4bb5-8020-f228a97cf42f,draft scientific or academic papers and technical documentation,cross-sector,"Draft and edit scientific, academic or technical texts on different subjects.",No approved automatic normalization match.
ESCO|esco_skills|http://data.europa.eu/esco/skill/bf59255e-782a-4e83-a93c-6055cfdd8e7f,ESCO,1.2.1,skill,esco_skills,http://data.europa.eu/esco/skill/bf59255e-782a-4e83-a93c-6055cfdd8e7f,draw blueprints,cross-sector,"Draw layout specifications for machinery, equipment and building structures. Specify which materials should be used and the size of the components. Show different angles and views of the product.",No approved automatic normalization match.
ESCO|esco_skills|http://data.europa.eu/esco/skill/46cb7282-7fb0-4d3c-b6b8-bfe81fab077e,ESCO,1.2.1,skill,esco_skills,http://data.europa.eu/esco/skill/46cb7282-7fb0-4d3c-b6b8-bfe81fab077e,draw conclusions from market research results,cross-sector,"Analyse, draw conclusions and present major observations from the results of market research. Suggest on potential markets, prices, target groups, or investments.",No approved automatic normalization match.
ESCO|esco_skills|http://data.europa.eu/esco/skill/fc4fcb4b-993f-4f2c-b158-c2171ec18ed8,ESCO,1.2.1,skill,esco_skills,http://data.europa.eu/esco/skill/fc4fcb4b-993f-4f2c-b158-c2171ec18ed8,draw design sketches,cross-sector,Create rough pictures to assist in creating and communicating design concepts.,No approved automatic normalization match.
ESCO|esco_skills|http://data.europa.eu/esco/skill/9ce52938-fe28-4548-b38d-0c783933e19a,ESCO,1.2.1,skill,esco_skills,http://data.europa.eu/esco/skill/9ce52938-fe28-4548-b38d-0c783933e19a,edit digital moving images,sector-specific,Use specialised software to edit video images for use in an artistic production.,No approved automatic normalization match.
ESCO|esco_skills|http://data.europa.eu/esco/skill/0fba68dc-6f5d-4974-b3cf-5d3215f7d363,ESCO,1.2.1,skill,esco_skills,http://data.europa.eu/esco/skill/0fba68dc-6f5d-4974-b3cf-5d3215f7d363,edit negatives,sector-specific,Use different software products and techniques to process photographic negatives and adapt the images to the desired specifications.,No approved automatic normalization match.
ESCO|esco_skills|http://data.europa.eu/esco/skill/df11ab22-3c40-4dc8-ab0c-e9f41e62449e,ESCO,1.2.1,skill,esco_skills,http://data.europa.eu/esco/skill/df11ab22-3c40-4dc8-ab0c-e9f41e62449e,edit photographs,sector-specific,"Resize, enhance and retouche photographs, using airbrushing, editing software and other techniques.",No approved automatic normalization match.
ESCO|esco_skills|http://data.europa.eu/esco/skill/c2218533-3e2a-4f50-b4fd-afde71dcf442,ESCO,1.2.1,skill,esco_skills,http://data.europa.eu/esco/skill/c2218533-3e2a-4f50-b4fd-afde71dcf442,edit recorded sound,sector-specific,"Edit audio footage using a variety of sofware, tools, and techniques such as crossfading, speed effects, and removing unwanted noises.",No approved automatic normalization match.
ESCO|esco_skills|http://data.europa.eu/esco/skill/097098fc-6d89-44e9-9305-98ac5c0a78ac,ESCO,1.2.1,skill,esco_skills,http://data.europa.eu/esco/skill/097098fc-6d89-44e9-9305-98ac5c0a78ac,educate on the prevention of illness,cross-sector,"Offer evidence-based advice on how to avoid ill health, educate and advise individuals and their carers on how to prevent ill health and/or be able to advise how to improve their environment and health conditions. Provide advice on the identification of risks leading to ill health and help to increase the patients' resilience by targeting prevention and early intervention strategies.",No approved automatic normalization match.
ESCO|esco_skills|http://data.europa.eu/esco/skill/2475cd27-8d6c-4318-a364-21395b23acba,ESCO,1.2.1,skill,esco_skills,http://data.europa.eu/esco/skill/2475cd27-8d6c-4318-a364-21395b23acba,empathise with the healthcare user,cross-sector,"Understand the background of clients` and patients’ symptoms, difficulties and behaviour. Be empathetic about their issues; showing respect and reinforcing their autonomy, self-esteem and independence. Demonstrate a concern for their welfare and handle according to the personal boundaries, sensitivities, cultural differences and preferences of the client and patient in mind.",No approved automatic normalization match.
ESCO|esco_skills|http://data.europa.eu/esco/skill/0e0e4af2-4af8-40f5-8460-99e7401733c6,ESCO,1.2.1,skill,esco_skills,http://data.europa.eu/esco/skill/0e0e4af2-4af8-40f5-8460-99e7401733c6,employ cognitive behaviour treatment techniques,sector-specific,"Employ cognitive behavioural treatment techniques for those whose treatment involves cognitive re-training, addressing dysfunctional emotions, maladaptive behaviours and cognitive processes and contents through a variety of systematic procedures.",No approved automatic normalization match.
ESCO|esco_skills|http://data.europa.eu/esco/skill/441707bb-9ad3-406c-9975-a6bec96f537b,ESCO,1.2.1,skill,esco_skills,http://data.europa.eu/esco/skill/441707bb-9ad3-406c-9975-a6bec96f537b,"empower individuals, families and groups",sector-specific,"Empower individuals, families and groups towards healthy lifestyles and self-care.",No approved automatic normalization match.
ESCO|esco_skills|http://data.europa.eu/esco/skill/7785cf38-b45e-4e5a-a88c-d693842bfd35,ESCO,1.2.1,skill,esco_skills,http://data.europa.eu/esco/skill/7785cf38-b45e-4e5a-a88c-d693842bfd35,encourage healthcare user's self-monitoring,sector-specific,"Encourage the healthcare user to engage in self-monitoring by conducting situational and developmental analyses on him- or herself. Assist the healthcare user to develop a degree of self-critique and self-analysis in regards to his behaviour, actions, relationships and self-awareness.",No approved automatic normalization match.
ESCO|esco_skills|http://data.europa.eu/esco/skill/d81a22a2-4f57-4b4d-a3eb-11767238be21,ESCO,1.2.1,skill,esco_skills,http://data.europa.eu/esco/skill/d81a22a2-4f57-4b4d-a3eb-11767238be21,engage in physiotherapy research,sector-specific,"Undertake different levels of engagement in research activities to improve the quality of, and evidence base for, physiotherapy.",No approved automatic normalization match.
ESCO|esco_skills|http://data.europa.eu/esco/skill/99c4c69a-025c-464f-adda-874c7f107a31,ESCO,1.2.1,skill,esco_skills,http://data.europa.eu/esco/skill/99c4c69a-025c-464f-adda-874c7f107a31,engage with stakeholders,cross-sector,"Use a variety of processes that result in mutually negotiated agreements, shared understandings and consensus building. Build partnerships within the work context.",No approved automatic normalization match.
ESCO|esco_skills|http://data.europa.eu/esco/skill/8add048c-4d51-41c5-8aa2-f57412c4a637,ESCO,1.2.1,skill,esco_skills,http://data.europa.eu/esco/skill/8add048c-4d51-41c5-8aa2-f57412c4a637,enhance production workflow,cross-sector,Enhance the product workflow by analysing and developing logistics plans that impact production as well as distribution.,No approved automatic normalization match.
ESCO|esco_skills|http://data.europa.eu/esco/skill/ef64005d-75bc-4597-8ed6-717edec5e55e,ESCO,1.2.1,skill,esco_skills,http://data.europa.eu/esco/skill/ef64005d-75bc-4597-8ed6-717edec5e55e,enhance website visibility,cross-sector,"Promote the website to users, business partners and search engines. Optimise the website exposure to search engines, send out emails, determine pricing and policies and conduct marketing actions.",No approved automatic normalization match.
ESCO|esco_skills|http://data.europa.eu/esco/skill/b8271c8a-cba6-4baa-80f5-6361af3f07e3,ESCO,1.2.1,skill,esco_skills,http://data.europa.eu/esco/skill/b8271c8a-cba6-4baa-80f5-6361af3f07e3,ensure adherence to organisational ICT standards,sector-specific,"Guarantee that the state of events is in accordance with the ICT rules and procedures described by an organisation for their products, services and solutions.",No approved automatic normalization match.
ESCO|esco_skills|http://data.europa.eu/esco/skill/d6e78d9a-deca-4bcb-b08d-011b2616758d,ESCO,1.2.1,skill,esco_skills,http://data.europa.eu/esco/skill/d6e78d9a-deca-4bcb-b08d-011b2616758d,ensure compliance with accounting conventions,cross-sector,"Exercise accounting management and abidance by generally accepted accounting conventions such as recording transactions at the current price, quantifying goods, separating personal accounts of managers from those of the company, making effective the transfer of legal ownership of assets in its realisation time, and ensuring the principle of materiality.",No approved automatic normalization match.
ESCO|esco_skills|http://data.europa.eu/esco/skill/089ee650-297e-4716-87d1-440743b70a0d,ESCO,1.2.1,skill,esco_skills,http://data.europa.eu/esco/skill/089ee650-297e-4716-87d1-440743b70a0d,ensure compliance with environmental legislation,cross-sector,"Monitor activities and perform tasks ensuring compliance with standards involving environmental protection and sustainability, and amend activities in the case of changes in environmental legislation. Ensure that the processes are compliant with environment regulations and best practices.",No approved automatic normalization match.
ESCO|esco_skills|http://data.europa.eu/esco/skill/233be639-bdb5-4099-ab40-96d537d6c1f3,ESCO,1.2.1,skill,esco_skills,http://data.europa.eu/esco/skill/233be639-bdb5-4099-ab40-96d537d6c1f3,ensure compliance with safety legislation,cross-sector,Implement safety programmes to comply with national laws and legislation. Ensure that equipment and processes are compliant with safety regulations.,No approved automatic normalization match.
ESCO|esco_skills|http://data.europa.eu/esco/skill/b216d9a2-7d4e-4312-8d05-e375f4ab44d8,ESCO,1.2.1,skill,esco_skills,http://data.europa.eu/esco/skill/b216d9a2-7d4e-4312-8d05-e375f4ab44d8,ensure cross-department cooperation,cross-sector,"Guarantee communication and cooperation with all the entities and teams in a given organisation, according to the company strategy.",No approved automatic normalization match.
ESCO|esco_skills|http://data.europa.eu/esco/skill/69f23426-9279-4fe6-a283-24c2aa4c855d,ESCO,1.2.1,skill,esco_skills,http://data.europa.eu/esco/skill/69f23426-9279-4fe6-a283-24c2aa4c855d,ensure equipment availability,cross-sector,"Ensure that the necessary equipment is provided, ready and available for use before start of procedures.",No approved automatic normalization match.
ESCO|esco_skills|http://data.europa.eu/esco/skill/f0b45409-42ca-42bc-a701-041e594d0657,ESCO,1.2.1,skill,esco_skills,http://data.europa.eu/esco/skill/f0b45409-42ca-42bc-a701-041e594d0657,ensure gender equality in the workplace,cross-sector,"Deliver a fair and transparent strategy focussed on maintaining equality with regard to matters of promotion, pay, training opportunities, flexible working and family support. Adopt gender equality objectives and monitor and evaluate the implementation of gender equality practices in the workplace.",No approved automatic normalization match.
ESCO|esco_skills|http://data.europa.eu/esco/skill/2b76cbbf-eddc-4a12-a120-f4ea370820a5,ESCO,1.2.1,skill,esco_skills,http://data.europa.eu/esco/skill/2b76cbbf-eddc-4a12-a120-f4ea370820a5,ensure safety in electrical power operations,cross-sector,"Monitor and control operations on an electrical power transmission and distribution system in order to ensure that major risks are controlled and prevented, such as electrocution risks, damage to property and equipment, and instability of transmission or distribution.",No approved automatic normalization match.
ESCO|esco_skills|http://data.europa.eu/esco/skill/ce0d6a42-59c1-433e-ab62-adfc969c46bb,ESCO,1.2.1,skill,esco_skills,http://data.europa.eu/esco/skill/ce0d6a42-59c1-433e-ab62-adfc969c46bb,ensure safety of healthcare users,sector-specific,"Make sure that healthcare users are being treated professionally, effectively and safe from harm, adapting techniques and procedures according to the person's needs, abilities or the prevailing conditions.",No approved automatic normalization match.
ESCO|esco_skills|http://data.europa.eu/esco/skill/114c9698-c999-4369-8498-81bf641fe871,ESCO,1.2.1,skill,esco_skills,http://data.europa.eu/esco/skill/114c9698-c999-4369-8498-81bf641fe871,establish an ICT security prevention plan,occupation-specific,"Define a comprehensive and proactive strategy for managing information and communication technology (ICT) security risks by establishing a set of measures and responsibilities to ensure the confidentiality, integrity and availability of information. Implement policies to prevent data breaches, detect and respond to unauthorised access to systems and resources, including up-to-date security applications and employee education.",No approved automatic normalization match.
ESCO|esco_skills|http://data.europa.eu/esco/skill/4918ec9a-0204-4935-8b09-b0112370daa8,ESCO,1.2.1,skill,esco_skills,http://data.europa.eu/esco/skill/4918ec9a-0204-4935-8b09-b0112370daa8,establish an Information Security Management System,sector-specific,"Design, apply, monitor and review an Information Security Management System (ISMS) that preserves the confidentiality, integrity and availability of information by applying a risk management process, and gives confidence to interested parties regarding the adequate management of such cybersecurity-related risks.",No approved automatic normalization match.
ESCO|esco_skills|http://data.europa.eu/esco/skill/326809fc-238d-40c2-881e-40042f7f2f0d,ESCO,1.2.1,skill,esco_skills,http://data.europa.eu/esco/skill/326809fc-238d-40c2-881e-40042f7f2f0d,establish collaborative relations,cross-sector,Establish a connection between organisations or individuals which may benefit from communicating with one another in order to facilitate an enduring positive collaborative relationship between both parties.,No approved automatic normalization match.
ESCO|esco_skills|http://data.europa.eu/esco/skill/cd990eab-c6a9-4c11-b17d-b12a98f6573b,ESCO,1.2.1,skill,esco_skills,http://data.europa.eu/esco/skill/cd990eab-c6a9-4c11-b17d-b12a98f6573b,establish customer rapport,cross-sector,Gain customer interest and trust; establish relationships with wide varieties of people; communicate in a likeable and persuasive style; understand and respond to the individual desires and needs of customers.,No approved automatic normalization match.
ESCO|esco_skills|http://data.europa.eu/esco/skill/2daec0e6-f0c1-43e8-8178-aedba99130ec,ESCO,1.2.1,skill,esco_skills,http://data.europa.eu/esco/skill/2daec0e6-f0c1-43e8-8178-aedba99130ec,establish data processes,sector-specific,"Use ICT tools to apply mathematical, algorithmic or other data manipulation processes in order to create information.",No approved automatic normalization match.
ESCO|esco_skills|http://data.europa.eu/esco/skill/6556cbf1-d5c0-4f53-89a9-8707066069a6,ESCO,1.2.1,skill,esco_skills,http://data.europa.eu/esco/skill/6556cbf1-d5c0-4f53-89a9-8707066069a6,evaluate budgets,cross-sector,"Read budget plans, analyse the expenditures and incomes planned during certain period, and provide judgement on their abidance to the general plans of the company or organism.",No approved automatic normalization match.
ESCO|esco_skills|http://data.europa.eu/esco/skill/8b9332c7-2551-4527-9a64-a615713d8b02,ESCO,1.2.1,skill,esco_skills,http://data.europa.eu/esco/skill/8b9332c7-2551-4527-9a64-a615713d8b02,evaluate employees,cross-sector,Analyse employees' individual performances over a certain time span and communicate your conclusions to the employee in question or higher management. Evaluate achievements of staff members.,No approved automatic normalization match.
ESCO|esco_skills|http://data.europa.eu/esco/skill/ed938748-60ae-4964-a657-ff2685ecc0d0,ESCO,1.2.1,skill,esco_skills,http://data.europa.eu/esco/skill/ed938748-60ae-4964-a657-ff2685ecc0d0,evaluate engine performance,sector-specific,Read and comprehend engineering manuals and publications; test engines in order to evaluate engine performance.,No approved automatic normalization match.
ESCO|esco_skills|http://data.europa.eu/esco/skill/af76c813-5c7f-4a08-a560-b4b70f96f3ff,ESCO,1.2.1,skill,esco_skills,http://data.europa.eu/esco/skill/af76c813-5c7f-4a08-a560-b4b70f96f3ff,evaluate interview reports,cross-sector,Assess the quality and plausibility of the interview results on the basis of the documentation while taking various factors into account such as the weighting scale.,No approved automatic normalization match.
ESCO|esco_skills|http://data.europa.eu/esco/skill/3d96dc4c-d812-4015-b1f9-8307c086c595,ESCO,1.2.1,skill,esco_skills,http://data.europa.eu/esco/skill/3d96dc4c-d812-4015-b1f9-8307c086c595,evaluate marketing content,cross-sector,"Revise, assess, align, and approves marketing material and content defined in the marketing plan. Evaluate written word, images, print or video advertisements, public speeches, and statements in accordance with the marketing objectives.",No approved automatic normalization match.
ESCO|esco_skills|http://data.europa.eu/esco/skill/e98a5096-de98-46d2-88c8-951f4029c038,ESCO,1.2.1,skill,esco_skills,http://data.europa.eu/esco/skill/e98a5096-de98-46d2-88c8-951f4029c038,evaluate nursing care,sector-specific,"Evaluate nursing care assessing mechanisms and processes for continuous quality improvement in nursing care, considering the scientific, technical and ethical development.",No approved automatic normalization match.
ESCO|esco_skills|http://data.europa.eu/esco/skill/39f67488-cfd3-4370-8d7e-da98163102d9,ESCO,1.2.1,skill,esco_skills,http://data.europa.eu/esco/skill/39f67488-cfd3-4370-8d7e-da98163102d9,evaluate research activities,cross-sector,"Review proposals, progress, impact and outcomes of peer researchers, including through open peer review.",No approved automatic normalization match.
ESCO|esco_skills|http://data.europa.eu/esco/skill/728ad40d-4a79-4b4d-b77b-a48d094d73fa,ESCO,1.2.1,skill,esco_skills,http://data.europa.eu/esco/skill/728ad40d-4a79-4b4d-b77b-a48d094d73fa,evaluate training,cross-sector,"Assess the realisation of the training's learning outcomes and goals, the quality of teaching, and give transparent feedback to the trainers and trainees.",No approved automatic normalization match.
ESCO|esco_skills|http://data.europa.eu/esco/skill/8bc1c7da-c832-4896-a441-30d087c46aad,ESCO,1.2.1,skill,esco_skills,http://data.europa.eu/esco/skill/8bc1c7da-c832-4896-a441-30d087c46aad,examine engineering principles,cross-sector,"Analyse the principles that need to be considered for engineering designs and projects such as functionality, replicability, costs and other principles.",No approved automatic normalization match.
ESCO|esco_skills|http://data.europa.eu/esco/skill/31c69100-b612-4a61-8db5-fd314318854c,ESCO,1.2.1,skill,esco_skills,http://data.europa.eu/esco/skill/31c69100-b612-4a61-8db5-fd314318854c,execute analytical mathematical calculations,cross-sector,Apply mathematical methods and make use of calculation technologies in order to perform analyses and devise solutions to specific problems.,No approved automatic normalization match.
ESCO|esco_skills|http://data.europa.eu/esco/skill/a9dc215e-4e26-4ac0-b1e8-a721a88af813,ESCO,1.2.1,skill,esco_skills,http://data.europa.eu/esco/skill/a9dc215e-4e26-4ac0-b1e8-a721a88af813,execute conversion testing,occupation-specific,"Plan, execute and measure conversion tests and experiments to test the possibility to convert one data format into another.",No approved automatic normalization match.
ESCO|esco_skills|http://data.europa.eu/esco/skill/36931cb7-ca3f-4be1-8428-f38eefc8e1ed,ESCO,1.2.1,skill,esco_skills,http://data.europa.eu/esco/skill/36931cb7-ca3f-4be1-8428-f38eefc8e1ed,execute email marketing,cross-sector,"Conceptualise and write targeted customer emails, manage customer emails for the brand email marketing programmes in order to ensure enhanced profit and improved customer communication and prospection.",No approved automatic normalization match.
ESCO|esco_skills|http://data.europa.eu/esco/skill/d74df140-eb69-43e2-bac9-1cafc824d702,ESCO,1.2.1,skill,esco_skills,http://data.europa.eu/esco/skill/d74df140-eb69-43e2-bac9-1cafc824d702,execute feasibility study,cross-sector,"Perform the evaluation and assessment of the potential of a project, plan, proposition or new idea. Realise a standardised study which is based on extensive investigation and research to support the process of decision making.",No approved automatic normalization match.
ESCO|esco_skills|http://data.europa.eu/esco/skill/7e1f9657-ab4e-407c-842f-b846197060e3,ESCO,1.2.1,skill,esco_skills,http://data.europa.eu/esco/skill/7e1f9657-ab4e-407c-842f-b846197060e3,execute ICT audits,sector-specific,"Organise and execute audits in order to evaluate ICT systems, compliance of components of systems, information processing systems and information security. Identify and collect potential critical issues and recommend solutions based on required standards and solutions.",No approved automatic normalization match.
ESCO|esco_skills|http://data.europa.eu/esco/skill/b08ec8ff-1a3e-4cc3-8016-9520b21666a6,ESCO,1.2.1,skill,esco_skills,http://data.europa.eu/esco/skill/b08ec8ff-1a3e-4cc3-8016-9520b21666a6,exert expenditure control,cross-sector,"Analyse expenditure accounts against the income and usages of different company units, companies, or organisms at large. Recommend usage of financial resources in efficient manners.",No approved automatic normalization match.
ESCO|esco_skills|http://data.europa.eu/esco/skill/cb059032-dd34-4761-a786-98cfb9d0efe3,ESCO,1.2.1,skill,esco_skills,http://data.europa.eu/esco/skill/cb059032-dd34-4761-a786-98cfb9d0efe3,explain accounting records,cross-sector,"Provide additional explanation and disclosure to staff, vendors, auditors, and to any other instance about the way accounts were recorded and treated in the financial records.",No approved automatic normalization match.
ESCO|esco_skills|http://data.europa.eu/esco/skill/71057622-0cc1-4cce-b36c-b32a7071b017,ESCO,1.2.1,skill,esco_skills,http://data.europa.eu/esco/skill/71057622-0cc1-4cce-b36c-b32a7071b017,facilitate job market access,sector-specific,"Improve the chances of individuals to find a job, by teaching the required qualifications and interpersonal skills, through training and development programs, workshops or employment projects.",No approved automatic normalization match.
ESCO|esco_skills|http://data.europa.eu/esco/skill/5fe2e5e7-b8a2-4072-b527-f82f3169d989,ESCO,1.2.1,skill,esco_skills,http://data.europa.eu/esco/skill/5fe2e5e7-b8a2-4072-b527-f82f3169d989,facilitate official agreement,cross-sector,"Facilitate an official agreement between two disputing parties, ensuring that both parties agree on the resolution which has been decided on, as well as writing the necessary documents and ensuring both parties sign it.",No approved automatic normalization match.
ESCO|esco_skills|http://data.europa.eu/esco/skill/7d092d81-d1e2-4c34-b3cb-c1c9f2e68b7d,ESCO,1.2.1,skill,esco_skills,http://data.europa.eu/esco/skill/7d092d81-d1e2-4c34-b3cb-c1c9f2e68b7d,finish project within budget,cross-sector,Make sure to stay within budget. Adapt work and materials to budget.,No approved automatic normalization match.
ESCO|esco_skills|http://data.europa.eu/esco/skill/906c9e66-bdee-4f8e-93d7-88d9fcf39a0a,ESCO,1.2.1,skill,esco_skills,http://data.europa.eu/esco/skill/906c9e66-bdee-4f8e-93d7-88d9fcf39a0a,fix meetings,cross-sector,Fix and schedule professional appointments or meetings for clients or superiors.,No approved automatic normalization match.
ESCO|esco_skills|http://data.europa.eu/esco/skill/25f4c955-e429-44a6-98a7-7d8cb3b6b690,ESCO,1.2.1,skill,esco_skills,http://data.europa.eu/esco/skill/25f4c955-e429-44a6-98a7-7d8cb3b6b690,follow a brief,cross-sector,"Interpret and meet requirements and expectations, as discussed and agreed upon with the customers.",No approved automatic normalization match.
ESCO|esco_skills|http://data.europa.eu/esco/skill/76395873-7fe2-4f9a-b4b6-9932f8cbd0b4,ESCO,1.2.1,skill,esco_skills,http://data.europa.eu/esco/skill/76395873-7fe2-4f9a-b4b6-9932f8cbd0b4,follow clinical guidelines,cross-sector,"Follow agreed protocols and guidelines in support of healthcare practice which are provided by healthcare institutions, professional associations, or authorities and also scientific organisations.",No approved automatic normalization match.
ESCO|esco_skills|http://data.europa.eu/esco/skill/f39a5dcd-1b8b-4eff-a021-a96196fd71eb,ESCO,1.2.1,skill,esco_skills,http://data.europa.eu/esco/skill/f39a5dcd-1b8b-4eff-a021-a96196fd71eb,follow the news,sector-specific,"Follow current events in politics, economics, social communities, cultural sectors, internationally, and in sports.",No approved automatic normalization match.
ESCO|esco_skills|http://data.europa.eu/esco/skill/83e97138-899a-4af8-9187-47823e875841,ESCO,1.2.1,skill,esco_skills,http://data.europa.eu/esco/skill/83e97138-899a-4af8-9187-47823e875841,follow the statutory obligations,cross-sector,"Understand, abide by, and apply the statutory obligations of the company in the daily performance of the job.",No approved automatic normalization match.
ESCO|esco_skills|http://data.europa.eu/esco/skill/f2a34d6b-131a-4b8f-a110-898b9c91d18f,ESCO,1.2.1,skill,esco_skills,http://data.europa.eu/esco/skill/f2a34d6b-131a-4b8f-a110-898b9c91d18f,forecast economic trends,cross-sector,Gather and analyse economic data in order to predict economic trends and events.,No approved automatic normalization match.
ESCO|esco_skills|http://data.europa.eu/esco/skill/fd02e17b-05ea-4449-963d-95273199159d,ESCO,1.2.1,skill,esco_skills,http://data.europa.eu/esco/skill/fd02e17b-05ea-4449-963d-95273199159d,formulate a treatment plan,sector-specific,Formulate a treatment plan and evaluation (analysis) based on collected data following assessment using a clinical reasoning process.,No approved automatic normalization match.
ESCO|esco_skills|http://data.europa.eu/esco/skill/0d6714c6-720e-4985-9791-5ab85d28da79,ESCO,1.2.1,skill,esco_skills,http://data.europa.eu/esco/skill/0d6714c6-720e-4985-9791-5ab85d28da79,gather data,cross-sector,Extract exportable data from multiple sources.,No approved automatic normalization match.
ESCO|esco_skills|http://data.europa.eu/esco/skill/0c766ca3-9364-4203-916b-fed16e4814c1,ESCO,1.2.1,skill,esco_skills,http://data.europa.eu/esco/skill/0c766ca3-9364-4203-916b-fed16e4814c1,gather data for forensic purposes,sector-specific,"Collect protected, fragmented or corrupted data and other online communication. Document and present findings from this process.",No approved automatic normalization match.
ESCO|esco_skills|http://data.europa.eu/esco/skill/6053cf28-2f42-44bb-8d27-a43920128b30,ESCO,1.2.1,skill,esco_skills,http://data.europa.eu/esco/skill/6053cf28-2f42-44bb-8d27-a43920128b30,gather feedback from employees,cross-sector,"Communicate in an open and positive manner in order to assess levels of satisfaction with employees, their outlook on the work environment, and in order to identify problems and devise solutions.",No approved automatic normalization match.
ESCO|esco_skills|http://data.europa.eu/esco/skill/0b8da079-f587-403f-a6ad-cd18b8150044,ESCO,1.2.1,skill,esco_skills,http://data.europa.eu/esco/skill/0b8da079-f587-403f-a6ad-cd18b8150044,gather technical information,cross-sector,"Apply systematic research methods and communicate with relevant parties in order to find specific information and evaluate research results to assess the information's relevance, relating technical systems and developments.",No approved automatic normalization match.
ESCO|esco_skills|http://data.europa.eu/esco/skill/2245cba7-fa4f-47b8-a0cb-3a6b60d703ee,ESCO,1.2.1,skill,esco_skills,http://data.europa.eu/esco/skill/2245cba7-fa4f-47b8-a0cb-3a6b60d703ee,give advice on personal matters,sector-specific,"Advise people on love and marriage issues, business and job opportunities, health or other personal aspects.",No approved automatic normalization match.
ESCO|esco_skills|http://data.europa.eu/esco/skill/c55caed2-de9e-4a25-819e-a0b0e83fba1b,ESCO,1.2.1,skill,esco_skills,http://data.europa.eu/esco/skill/c55caed2-de9e-4a25-819e-a0b0e83fba1b,give live presentation,cross-sector,"Deliver a speech or talk in which a new product, service, idea, or piece of work is demonstrated and explained to an audience.",No approved automatic normalization match.
ESCO|esco_skills|http://data.europa.eu/esco/skill/4a193795-fa63-414e-9f2e-bfdb3924571e,ESCO,1.2.1,skill,esco_skills,http://data.europa.eu/esco/skill/4a193795-fa63-414e-9f2e-bfdb3924571e,handle data samples,cross-sector,Collect and select a set of data from a population by a statistical or other defined procedure.,No approved automatic normalization match.
ESCO|esco_skills|http://data.europa.eu/esco/skill/f7e7ccb6-fadc-4c35-935d-e1040be40dfe,ESCO,1.2.1,skill,esco_skills,http://data.europa.eu/esco/skill/f7e7ccb6-fadc-4c35-935d-e1040be40dfe,handle financial transactions,cross-sector,"Administer currencies, financial exchange activities, deposits as well as company and voucher payments. Prepare and manage guest accounts and take payments by cash, credit card and debit card.",No approved automatic normalization match.
ESCO|esco_skills|http://data.europa.eu/esco/skill/0d85dc6f-ea26-49a9-85b9-532441b000e2,ESCO,1.2.1,skill,esco_skills,http://data.europa.eu/esco/skill/0d85dc6f-ea26-49a9-85b9-532441b000e2,handle the logistics of medicinal products,sector-specific,"Store, preserve and distribute medicinal products at the wholesale stage.",No approved automatic normalization match.
ESCO|esco_skills|http://data.europa.eu/esco/skill/d15ce60f-ddab-41ce-ba56-398451b77b60,ESCO,1.2.1,skill,esco_skills,http://data.europa.eu/esco/skill/d15ce60f-ddab-41ce-ba56-398451b77b60,have computer literacy,cross-sector,"Utilise computers, IT equipment and modern day technology in an efficient way.",No approved automatic normalization match.
ESCO|esco_skills|http://data.europa.eu/esco/skill/5aa57bdc-5765-435e-8fc9-99b3febdb213,ESCO,1.2.1,skill,esco_skills,http://data.europa.eu/esco/skill/5aa57bdc-5765-435e-8fc9-99b3febdb213,hire human resources,sector-specific,"Manage the process of hiring human resources, from identifying potential candidates to assessing the adequacy of their profiles to the vacancy.",No approved automatic normalization match.
ESCO|esco_skills|http://data.europa.eu/esco/skill/8a326ee1-169c-4c44-b38b-8f1bb20ec79b,ESCO,1.2.1,skill,esco_skills,http://data.europa.eu/esco/skill/8a326ee1-169c-4c44-b38b-8f1bb20ec79b,identify accounting errors,cross-sector,"Trace accounts, revise the accuracy of the records, and determine the faults in order to solve them.",No approved automatic normalization match.
ESCO|esco_skills|http://data.europa.eu/esco/skill/0e0c9c11-b39e-43cf-ba95-2fe646f5de64,ESCO,1.2.1,skill,esco_skills,http://data.europa.eu/esco/skill/0e0c9c11-b39e-43cf-ba95-2fe646f5de64,identify customer requirements,cross-sector,"Apply techniques and tools, such as surveys, questionnaires, ICT applications, for eliciting, defining, analysing, documenting and maintaining user requirements from system, service or product.",No approved automatic normalization match.
ESCO|esco_skills|http://data.europa.eu/esco/skill/68698869-c13c-4563-adc7-118b7644f45d,ESCO,1.2.1,skill,esco_skills,http://data.europa.eu/esco/skill/68698869-c13c-4563-adc7-118b7644f45d,identify customer's needs,sector-specific,"Use appropriate questions and active listening in order to identify customer expectations, desires and requirements according to product and services.",No approved automatic normalization match.
ESCO|esco_skills|http://data.europa.eu/esco/skill/96d901a6-c931-4e8d-b685-a47e1deaaa1b,ESCO,1.2.1,skill,esco_skills,http://data.europa.eu/esco/skill/96d901a6-c931-4e8d-b685-a47e1deaaa1b,identify energy needs,sector-specific,"Identify the type and amount of energy supply necessary in a building or facility, in order to provide the most beneficial, sustainable, and cost-effective energy services for a consumer.",No approved automatic normalization match.
ESCO|esco_skills|http://data.europa.eu/esco/skill/fe1c2b32-7fe9-4668-affa-07ff658a68cf,ESCO,1.2.1,skill,esco_skills,http://data.europa.eu/esco/skill/fe1c2b32-7fe9-4668-affa-07ff658a68cf,identify ICT security risks,sector-specific,"Apply methods and techniques to identify potential security threats, security breaches and risk factors using ICT tools for surveying ICT systems, analysing risks, vulnerabilities and threats and evaluating contingency plans.",No approved automatic normalization match.
ESCO|esco_skills|http://data.europa.eu/esco/skill/ddfe79e2-c2e3-4ba7-9bdf-3820b4f75b54,ESCO,1.2.1,skill,esco_skills,http://data.europa.eu/esco/skill/ddfe79e2-c2e3-4ba7-9bdf-3820b4f75b54,identify ICT user needs,sector-specific,"Determine the needs and requirements of ICT users of a specific system by applying analytical methods, such as target group analysis.",No approved automatic normalization match.
ESCO|esco_skills|http://data.europa.eu/esco/skill/b9bf9e17-ae47-417b-bbb1-e8b7c263ccac,ESCO,1.2.1,skill,esco_skills,http://data.europa.eu/esco/skill/b9bf9e17-ae47-417b-bbb1-e8b7c263ccac,identify legal requirements,cross-sector,"Conduct research for applicable legal and normative procedures and standards, analyse and derive legal requirements that apply to the organisation, its policies and products.",No approved automatic normalization match.
ESCO|esco_skills|http://data.europa.eu/esco/skill/bf40aa7c-1e99-40bb-a718-1e1492aaf00f,ESCO,1.2.1,skill,esco_skills,http://data.europa.eu/esco/skill/bf40aa7c-1e99-40bb-a718-1e1492aaf00f,identify market niches,cross-sector,"Analyse the composition of the markets, segment these into groups, and highlight the opportunities that each one of these niches represent in terms of new products.",No approved automatic normalization match.
ESCO|esco_skills|http://data.europa.eu/esco/skill/b22e46d7-1c5f-4837-943f-7f75531acc26,ESCO,1.2.1,skill,esco_skills,http://data.europa.eu/esco/skill/b22e46d7-1c5f-4837-943f-7f75531acc26,identify necessary human resources,cross-sector,"Determine the number of employees needed for the realisation of a project and their allocation in the creation, production, communication or administration team.",No approved automatic normalization match.
ESCO|esco_skills|http://data.europa.eu/esco/skill/9ec07ba9-f876-4dce-92b1-9e0cd68aa969,ESCO,1.2.1,skill,esco_skills,http://data.europa.eu/esco/skill/9ec07ba9-f876-4dce-92b1-9e0cd68aa969,identify patients' medical records,sector-specific,"Locate, retrieve and present medical records, as requested by authorized medical personnel.",No approved automatic normalization match.
ESCO|esco_skills|http://data.europa.eu/esco/skill/e5635e02-2d34-4a8c-b8ca-556d45e9b20e,ESCO,1.2.1,skill,esco_skills,http://data.europa.eu/esco/skill/e5635e02-2d34-4a8c-b8ca-556d45e9b20e,identify potential markets for companies,cross-sector,Observe and analyse market research findings in order to determine promising and profitable markets. Consider the firm's specific advantage and match it with markets where such value proposition is missing.,No approved automatic normalization match.
ESCO|esco_skills|http://data.europa.eu/esco/skill/958b8802-ec3e-4813-97f7-6c8f48610dbd,ESCO,1.2.1,skill,esco_skills,http://data.europa.eu/esco/skill/958b8802-ec3e-4813-97f7-6c8f48610dbd,identify process improvements,sector-specific,"Identify possible improvements to operational and financial performance, in order to increase productivity, efficiency, quality, and streamline procedures.",No approved automatic normalization match.
ESCO|esco_skills|http://data.europa.eu/esco/skill/553ad092-b799-44c9-a94c-65a84fdc7526,ESCO,1.2.1,skill,esco_skills,http://data.europa.eu/esco/skill/553ad092-b799-44c9-a94c-65a84fdc7526,identify processes for re-engineering,cross-sector,"Identify potential to restructure a company or part of its operations, e.g. by exploiting information technology.",No approved automatic normalization match.
ESCO|esco_skills|http://data.europa.eu/esco/skill/434fb032-3c05-45bd-aaf2-09468ee34d7f,ESCO,1.2.1,skill,esco_skills,http://data.europa.eu/esco/skill/434fb032-3c05-45bd-aaf2-09468ee34d7f,identify research topics,sector-specific,"Determine issues on social, economic or political level in order to explore them and to do research on them.",No approved automatic normalization match.
ESCO|esco_skills|http://data.europa.eu/esco/skill/b562efb4-e497-4495-a775-27b9da7779ab,ESCO,1.2.1,skill,esco_skills,http://data.europa.eu/esco/skill/b562efb4-e497-4495-a775-27b9da7779ab,identify the healthcare user’s personal capacity,occupation-specific,"Identify the healthcare user's personal capacity to act in all spheres of life taking account of environmental factors with regard to the social, cultural, physical and institutional setting, identifying biomechanical, motoric, sensory/perceptive, cognitive and psychosocial skills and competences of the healthcare user.",No approved automatic normalization match.
ESCO|esco_skills|http://data.europa.eu/esco/skill/43d1d56b-ce62-4fe8-8f18-35d92ec73023,ESCO,1.2.1,skill,esco_skills,http://data.europa.eu/esco/skill/43d1d56b-ce62-4fe8-8f18-35d92ec73023,identify undetected organisational needs,cross-sector,"Use the collected input and information from interviewing stakeholders and analysing organisational documents in order to detect unseen needs and improvements that would support the development of the organisation. Identify the needs of the organisation in terms of staff, equipment, and improvement of operations.",No approved automatic normalization match.
ESCO|esco_skills|http://data.europa.eu/esco/skill/fc54bd7f-0c03-4fdd-af8c-5eb4021e716d,ESCO,1.2.1,skill,esco_skills,http://data.europa.eu/esco/skill/fc54bd7f-0c03-4fdd-af8c-5eb4021e716d,identify with the company's goals,cross-sector,Act for the benefit of the company and for the achievement of its targets.,No approved automatic normalization match.
ESCO|esco_skills|http://data.europa.eu/esco/skill/e5b5053e-0ef6-4c4e-a3f2-42f955f4322c,ESCO,1.2.1,skill,esco_skills,http://data.europa.eu/esco/skill/e5b5053e-0ef6-4c4e-a3f2-42f955f4322c,implement a firewall,sector-specific,"Download, install and update a network security system designed to prevent unauthorized access to a private network.",No approved automatic normalization match.
ESCO|esco_skills|http://data.europa.eu/esco/skill/b1ef509e-f191-405a-8419-51663b08922e,ESCO,1.2.1,skill,esco_skills,http://data.europa.eu/esco/skill/b1ef509e-f191-405a-8419-51663b08922e,implement a management system,cross-sector,Make and monitor the changes in business processes that are needed to create a system that collectively manage different parts of the business of an organisation.,No approved automatic normalization match.
ESCO|esco_skills|http://data.europa.eu/esco/skill/acf0a78c-f4e3-4bd9-a5cc-9cf4791b3b95,ESCO,1.2.1,skill,esco_skills,http://data.europa.eu/esco/skill/acf0a78c-f4e3-4bd9-a5cc-9cf4791b3b95,implement a virtual private network,sector-specific,"Create an encrypted connection between private networks, such as different local networks of a company, over the internet to ensure that only authorized users can access it and that the data cannot be intercepted.",No approved automatic normalization match.
ESCO|esco_skills|http://data.europa.eu/esco/skill/bb2b4485-2bad-402f-8517-44bf7d9afff4,ESCO,1.2.1,skill,esco_skills,http://data.europa.eu/esco/skill/bb2b4485-2bad-402f-8517-44bf7d9afff4,implement anti-virus software,sector-specific,"Download, install and update software to prevent, detect and remove malicious software, such as computer viruses.",No approved automatic normalization match.
ESCO|esco_skills|http://data.europa.eu/esco/skill/c13fb093-5ffb-491a-b8b7-fa2d42a57e2e,ESCO,1.2.1,skill,esco_skills,http://data.europa.eu/esco/skill/c13fb093-5ffb-491a-b8b7-fa2d42a57e2e,implement cloud security and compliance,sector-specific,Implement and manage security policies and access controls on cloud. Differentiate between the roles and responsibilities within the shared responsibility model.,No approved automatic normalization match.
ESCO|esco_skills|http://data.europa.eu/esco/skill/50181a4b-1cfd-4fbd-ac9a-c1a494b9c5d0,ESCO,1.2.1,skill,esco_skills,http://data.europa.eu/esco/skill/50181a4b-1cfd-4fbd-ac9a-c1a494b9c5d0,implement customer follow-up,sector-specific,Implement strategies that ensures post-sale follow up of customer satisfaction or loyalty regarding one's product or service.,No approved automatic normalization match.
ESCO|esco_skills|http://data.europa.eu/esco/skill/713fb616-118e-40bc-9366-4a69879a49d5,ESCO,1.2.1,skill,esco_skills,http://data.europa.eu/esco/skill/713fb616-118e-40bc-9366-4a69879a49d5,implement data quality processes,cross-sector,"Apply quality analysis, validation and verification techniques on data to check data quality integrity.",No approved automatic normalization match.
ESCO|esco_skills|http://data.europa.eu/esco/skill/fd6d2981-3d4a-4ce2-9741-cfc98c5b74bd,ESCO,1.2.1,skill,esco_skills,http://data.europa.eu/esco/skill/fd6d2981-3d4a-4ce2-9741-cfc98c5b74bd,implement data warehousing techniques,sector-specific,"Apply models and tools such as online analytical processing (OLAP) and Online transaction processing (OLTP), to integrate structured or unstructured data from sources, in order to create a central depository of historical and current data.",No approved automatic normalization match.
ESCO|esco_skills|http://data.europa.eu/esco/skill/c0b74374-39ff-43cf-a0a9-6220c7ec5097,ESCO,1.2.1,skill,esco_skills,http://data.europa.eu/esco/skill/c0b74374-39ff-43cf-a0a9-6220c7ec5097,implement efficiency plans for logistics operations,cross-sector,"Implement efficiency plans developed by managers in facilities. Use techniques, resources, and training in order to improve workplace efficiency.",No approved automatic normalization match.
ESCO|esco_skills|http://data.europa.eu/esco/skill/c4b1f326-224a-420a-b8b3-814a8f13b6cb,ESCO,1.2.1,skill,esco_skills,http://data.europa.eu/esco/skill/c4b1f326-224a-420a-b8b3-814a8f13b6cb,implement front-end website design,sector-specific,Develop website layout and enhance user experience based on provided design concepts.,No approved automatic normalization match.
ESCO|esco_skills|http://data.europa.eu/esco/skill/516e324b-03fc-4d3b-9986-e46e9834cd43,ESCO,1.2.1,skill,esco_skills,http://data.europa.eu/esco/skill/516e324b-03fc-4d3b-9986-e46e9834cd43,implement fundamentals of nursing,cross-sector,"Implement the nursing theoretical and methodological fundamentals and principles, basic nursing interventions on scientific evidence and the resources available.",No approved automatic normalization match.
ESCO|esco_skills|http://data.europa.eu/esco/skill/fc2f1d4f-a46f-471e-a618-cbd4d0496a53,ESCO,1.2.1,skill,esco_skills,http://data.europa.eu/esco/skill/fc2f1d4f-a46f-471e-a618-cbd4d0496a53,implement ICT recovery system,sector-specific,"Create, manage and implement ICT system recovery plan in case of crisis in order to retrieve information and reacquire use of the system.",No approved automatic normalization match.
ESCO|esco_skills|http://data.europa.eu/esco/skill/69cfc5ed-6569-4aca-a4cc-fd782ba51d9c,ESCO,1.2.1,skill,esco_skills,http://data.europa.eu/esco/skill/69cfc5ed-6569-4aca-a4cc-fd782ba51d9c,implement ICT risk management,sector-specific,"Develop and implement procedures for identifying, assessing, treating and mitigating ICT risks, such as hacks or data leaks, according to the company's risk strategy, procedures and policies. Analyse and manage security risks and incidents. Recommend measures to improve digital security strategy.",No approved automatic normalization match.
ESCO|esco_skills|http://data.europa.eu/esco/skill/14d1e367-3efe-4ec5-86ae-eca48710ee4e,ESCO,1.2.1,skill,esco_skills,http://data.europa.eu/esco/skill/14d1e367-3efe-4ec5-86ae-eca48710ee4e,implement ICT security policies,sector-specific,"Implement statements, assertions or rules that specify the appropriate use and protection of the ICT assets and systems from an organisation. These ICT security policies cover topics such as data classification, password management, access control and incident response.",No approved automatic normalization match.
ESCO|esco_skills|http://data.europa.eu/esco/skill/13e2378e-0d10-450d-843a-b3592575826e,ESCO,1.2.1,skill,esco_skills,http://data.europa.eu/esco/skill/13e2378e-0d10-450d-843a-b3592575826e,implement marketing strategies,cross-sector,"Implement strategies which aim to promote a specific product or service, using the developed marketing strategies.",No approved automatic normalization match.
ESCO|esco_skills|http://data.europa.eu/esco/skill/f98e06f5-a09a-4356-b6a8-d55a7d3c5356,ESCO,1.2.1,skill,esco_skills,http://data.europa.eu/esco/skill/f98e06f5-a09a-4356-b6a8-d55a7d3c5356,implement nursing care,sector-specific,"Implement nursing care when treating patients in order to improve their health situation. Carry out advanced treatment, diagnostic and invasive interventions as related to the field of specialisation.",No approved automatic normalization match.
ESCO|esco_skills|http://data.europa.eu/esco/skill/0a856d55-23b5-4bdc-ad24-3eb5bc83d81f,ESCO,1.2.1,skill,esco_skills,http://data.europa.eu/esco/skill/0a856d55-23b5-4bdc-ad24-3eb5bc83d81f,implement route planning in smart mobility services,sector-specific,"Use specialised search engines such as route planners or journey planners to suggest optimised travel itineraries based of different criteria such as means of transport, departure and arrival time, location, duration of the journey.",No approved automatic normalization match.
ESCO|esco_skills|http://data.europa.eu/esco/skill/b99aa3b8-0066-46b2-a027-30afae444ad8,ESCO,1.2.1,skill,esco_skills,http://data.europa.eu/esco/skill/b99aa3b8-0066-46b2-a027-30afae444ad8,implement sales strategies,sector-specific,Carry out the plan to gain competitive advantage on the market by positioning the company's brand or product and by targeting the right audience to sell this brand or product to.,No approved automatic normalization match.
ESCO|esco_skills|http://data.europa.eu/esco/skill/8e0bfbba-6e9d-48e0-b152-2cc949e5022a,ESCO,1.2.1,skill,esco_skills,http://data.europa.eu/esco/skill/8e0bfbba-6e9d-48e0-b152-2cc949e5022a,implement scientific decision making in healthcare,cross-sector,"Implement scientific findings for evidence-based practice, integrating research evidence into decision making by forming a focused clinical question in response to a recognised information need, searching for the most appropriate evidence to meet that need, critically appraising the retrieved evidence, incorporating the evidence into a strategy for action, and evaluating the effects of any decisions and actions taken.",No approved automatic normalization match.
ESCO|esco_skills|http://data.europa.eu/esco/skill/c2cbbccf-4ffd-4626-86e7-505b39c872a0,ESCO,1.2.1,skill,esco_skills,http://data.europa.eu/esco/skill/c2cbbccf-4ffd-4626-86e7-505b39c872a0,implement spam protection,sector-specific,Install and configure software that supports email-users to filter messages that contain malware or that are unsolicited.,No approved automatic normalization match.
ESCO|esco_skills|http://data.europa.eu/esco/skill/f7b5d916-52f0-4865-b6a6-e1a3b711cb5e,ESCO,1.2.1,skill,esco_skills,http://data.europa.eu/esco/skill/f7b5d916-52f0-4865-b6a6-e1a3b711cb5e,implement strategic planning,cross-sector,Take action on the goals and procedures defined at a strategic level in order to mobilise resources and pursue the established strategies.,No approved automatic normalization match.
ESCO|esco_skills|http://data.europa.eu/esco/skill/4d39b27a-b34f-4c89-8d46-df844d42f728,ESCO,1.2.1,skill,esco_skills,http://data.europa.eu/esco/skill/4d39b27a-b34f-4c89-8d46-df844d42f728,increase the impact of science on policy and society,cross-sector,Influence evidence-informed policy and decision making by providing scientific input to and maintaining professional relationships with policymakers and other stakeholders.,No approved automatic normalization match.
ESCO|esco_skills|http://data.europa.eu/esco/skill/0b5aaee4-c948-4853-bf8d-b9cd6c4917ee,ESCO,1.2.1,skill,esco_skills,http://data.europa.eu/esco/skill/0b5aaee4-c948-4853-bf8d-b9cd6c4917ee,inform policy makers on health-related challenges,cross-sector,Provide useful information related to health care professions to ensure policy decisions are made in the benefit of communities.,No approved automatic normalization match.
ESCO|esco_skills|http://data.europa.eu/esco/skill/5cc97a45-69fc-4f37-a973-402d5ac561ac,ESCO,1.2.1,skill,esco_skills,http://data.europa.eu/esco/skill/5cc97a45-69fc-4f37-a973-402d5ac561ac,initiate life preserving measures,cross-sector,Initiate life-preserving actions by taking measures in crises and disaster situations.,No approved automatic normalization match.
ESCO|esco_skills|http://data.europa.eu/esco/skill/50f2d23c-b3fb-48a5-967b-14fd0a6dd205,ESCO,1.2.1,skill,esco_skills,http://data.europa.eu/esco/skill/50f2d23c-b3fb-48a5-967b-14fd0a6dd205,inspect construction supplies,cross-sector,"Check construction supplies for damage, moisture, loss or other problems before using the material.",No approved automatic normalization match.
ESCO|esco_skills|http://data.europa.eu/esco/skill/a571ae14-3e16-4fd3-a615-5646e0b0b696,ESCO,1.2.1,skill,esco_skills,http://data.europa.eu/esco/skill/a571ae14-3e16-4fd3-a615-5646e0b0b696,inspect data,cross-sector,"Analyse, transform and model data in order to discover useful information and to support decision-making.",No approved automatic normalization match.
ESCO|esco_skills|http://data.europa.eu/esco/skill/49830020-70f3-41ee-801d-dd19533f9ae9,ESCO,1.2.1,skill,esco_skills,http://data.europa.eu/esco/skill/49830020-70f3-41ee-801d-dd19533f9ae9,inspect engine rooms,cross-sector,"Inspect engine rooms to detect the presence of any hazardous materials, and to ensure legal compliance. Inspect the construction of the rooms, the functionality of equipment, the adequacy of room ventilation, and the frequency of maintenance activities.",No approved automatic normalization match.
ESCO|esco_skills|http://data.europa.eu/esco/skill/5aa90e70-f661-4c2d-aaa2-70ac38c1ace9,ESCO,1.2.1,skill,esco_skills,http://data.europa.eu/esco/skill/5aa90e70-f661-4c2d-aaa2-70ac38c1ace9,inspect government policy compliance,cross-sector,Inspect public and private organisations to ensure proper implementation and compliance to government policies which apply to the organisation.,No approved automatic normalization match.
ESCO|esco_skills|http://data.europa.eu/esco/skill/94747ff4-603d-47d4-9780-bf53be41e190,ESCO,1.2.1,skill,esco_skills,http://data.europa.eu/esco/skill/94747ff4-603d-47d4-9780-bf53be41e190,inspect industrial equipment,cross-sector,"Inspect equipment used during industrial activities such as manufacturing or construction equipment in order to ensure that the equipment complies with health, safety, and environmental legislation.",No approved automatic normalization match.
ESCO|esco_skills|http://data.europa.eu/esco/skill/818c2b89-1335-4443-ada7-e1046862e273,ESCO,1.2.1,skill,esco_skills,http://data.europa.eu/esco/skill/818c2b89-1335-4443-ada7-e1046862e273,install automation components,sector-specific,Install the automation components according to the specifications of the circuit diagram.,No approved automatic normalization match.
ESCO|esco_skills|http://data.europa.eu/esco/skill/455a7133-cf0f-4c74-a91f-fd35c0d25b79,ESCO,1.2.1,skill,esco_skills,http://data.europa.eu/esco/skill/455a7133-cf0f-4c74-a91f-fd35c0d25b79,install mechatronic equipment,sector-specific,Install equipment used for the automation of a specific machine or device.,No approved automatic normalization match.
ESCO|esco_skills|http://data.europa.eu/esco/skill/c330db31-7fa9-4a8c-8ad6-baa957bcfed1,ESCO,1.2.1,skill,esco_skills,http://data.europa.eu/esco/skill/c330db31-7fa9-4a8c-8ad6-baa957bcfed1,install operating system,cross-sector,"Install the operating system (OS) or software that manages the software resources and computer hardware on a computer system. The operating system is an essential component of any computer system and mediates between the hardware, the application programs, and the end user. Famous examples of computer operating systems include Microsoft Windows, Linux, and Mac OS.",No approved automatic normalization match.
ESCO|esco_skills|http://data.europa.eu/esco/skill/ecd368bc-6383-4a03-9b61-46e0a94750f7,ESCO,1.2.1,skill,esco_skills,http://data.europa.eu/esco/skill/ecd368bc-6383-4a03-9b61-46e0a94750f7,instruct on energy saving technologies,sector-specific,"Instruct the facility manager or similar figures on monitoring parameters, to guarantee that the system achieves the designed energy saving goals.",No approved automatic normalization match.
ESCO|esco_skills|http://data.europa.eu/esco/skill/a271a40e-ec1e-4721-8db1-c6d0e62a629d,ESCO,1.2.1,skill,esco_skills,http://data.europa.eu/esco/skill/a271a40e-ec1e-4721-8db1-c6d0e62a629d,instruct on the use of special equipment for daily activities,cross-sector,Instruct on how to use specialised equipment such as wheelchairs and eating aids in their daily activities.,No approved automatic normalization match.
ESCO|esco_skills|http://data.europa.eu/esco/skill/c0e2f74c-51f0-4020-9756-d190848cf181,ESCO,1.2.1,skill,esco_skills,http://data.europa.eu/esco/skill/c0e2f74c-51f0-4020-9756-d190848cf181,integrate content into output media,sector-specific,"Compile and integrate media and text content into online and offline systems, such as websites, platforms, applications and social media, for publishing and distribution.",No approved automatic normalization match.
ESCO|esco_skills|http://data.europa.eu/esco/skill/cd50d616-1f8b-481e-983f-68d2674ff82d,ESCO,1.2.1,skill,esco_skills,http://data.europa.eu/esco/skill/cd50d616-1f8b-481e-983f-68d2674ff82d,integrate gender dimension in research,cross-sector,Take into account in the whole research process the biological characteristics and the evolving social and cultural features of women and men (gender).,No approved automatic normalization match.
ESCO|esco_skills|http://data.europa.eu/esco/skill/46ec0033-3c71-415e-bcff-b065675ba2dc,ESCO,1.2.1,skill,esco_skills,http://data.europa.eu/esco/skill/46ec0033-3c71-415e-bcff-b065675ba2dc,integrate ICT data,sector-specific,Combine data from sources to provide unified view of the set of these data.,No approved automatic normalization match.
ESCO|esco_skills|http://data.europa.eu/esco/skill/aa7eac5f-dc9d-401a-b197-c9c455d78c95,ESCO,1.2.1,skill,esco_skills,http://data.europa.eu/esco/skill/aa7eac5f-dc9d-401a-b197-c9c455d78c95,integrate marketing strategies with the global strategy,cross-sector,"Integrate the marketing strategy and its elements such as the market definition, competitors, price strategy, and communication with the general guidelines of the global strategy of the company.",No approved automatic normalization match.
ESCO|esco_skills|http://data.europa.eu/esco/skill/8a753714-9a19-4418-9b37-77e79d72c705,ESCO,1.2.1,skill,esco_skills,http://data.europa.eu/esco/skill/8a753714-9a19-4418-9b37-77e79d72c705,integrate new products in manufacturing,cross-sector,"Assist with the integration of new systems, products, methods, and components in the production line. Ensure that production workers are properly trained and follow the new requirements.",No approved automatic normalization match.
ESCO|esco_skills|http://data.europa.eu/esco/skill/ed8de897-adbe-4f0e-b4d2-534953e64c72,ESCO,1.2.1,skill,esco_skills,http://data.europa.eu/esco/skill/ed8de897-adbe-4f0e-b4d2-534953e64c72,integrate system components,sector-specific,Select and use integration techniques and tools to plan and implement integration of hardware and software modules and components in a system.,No approved automatic normalization match.
ESCO|esco_skills|http://data.europa.eu/esco/skill/20a8fe89-d4eb-4698-8521-8881c13377e0,ESCO,1.2.1,skill,esco_skills,http://data.europa.eu/esco/skill/20a8fe89-d4eb-4698-8521-8881c13377e0,interact professionally in research and professional environments,cross-sector,"Show consideration to others as well as collegiality. Listen, give and receive feedback and respond perceptively to others, also involving staff supervision and leadership in a professional setting.",No approved automatic normalization match.
ESCO|esco_skills|http://data.europa.eu/esco/skill/c65aa043-98da-4136-9877-494e72d9e4cf,ESCO,1.2.1,skill,esco_skills,http://data.europa.eu/esco/skill/c65aa043-98da-4136-9877-494e72d9e4cf,interact with healthcare users,cross-sector,"Communicate with clients and their carer’s, with the patient’s permission, to keep them informed about the clients’ and patients’ progress and safeguarding confidentiality.",No approved automatic normalization match.
ESCO|esco_skills|http://data.europa.eu/esco/skill/a8797f21-1af0-4c5e-98ca-bf1442929363,ESCO,1.2.1,skill,esco_skills,http://data.europa.eu/esco/skill/a8797f21-1af0-4c5e-98ca-bf1442929363,interact with users to gather requirements,sector-specific,Communicate with users to identify their requirements and collect them. Define all relevant user requirements and document them in an understandable and logical way for further analysis and specification.,No approved automatic normalization match.
ESCO|esco_skills|http://data.europa.eu/esco/skill/02c71cde-f513-43da-8952-0974763c7568,ESCO,1.2.1,skill,esco_skills,http://data.europa.eu/esco/skill/02c71cde-f513-43da-8952-0974763c7568,interpret circuit diagrams,sector-specific,"Read and comprehend circuit diagrams showing the connections between the devices, such as power and signal connections.",No approved automatic normalization match.
ESCO|esco_skills|http://data.europa.eu/esco/skill/1e77e42a-181f-4b48-8e74-201ce50ffc29,ESCO,1.2.1,skill,esco_skills,http://data.europa.eu/esco/skill/1e77e42a-181f-4b48-8e74-201ce50ffc29,interpret current data,cross-sector,"Analyse data gathered from sources such as market data, scientific papers, customer requirements and questionnaires which are current and up-to-date in order to assess development and innovation in areas of expertise.",No approved automatic normalization match.
ESCO|esco_skills|http://data.europa.eu/esco/skill/5f1d1319-7954-4a9b-90c7-57668e3a0d4b,ESCO,1.2.1,skill,esco_skills,http://data.europa.eu/esco/skill/5f1d1319-7954-4a9b-90c7-57668e3a0d4b,interpret financial statements,cross-sector,"Read, understand, and interpret the key lines and indicators in financial statements. Extract the most important information from financial statements depending on the needs and integrate this information in the development of the department's plans.",No approved automatic normalization match.
ESCO|esco_skills|http://data.europa.eu/esco/skill/d59d023b-8f28-4e67-9a41-aa36320e6c69,ESCO,1.2.1,skill,esco_skills,http://data.europa.eu/esco/skill/d59d023b-8f28-4e67-9a41-aa36320e6c69,interpret medical results,cross-sector,"Interpret, integrate and apply results of diagnostic imaging, laboratory tests and other investigations as part of the assessment of the client, in consultation with other healthcare practitioners.",No approved automatic normalization match.
ESCO|esco_skills|http://data.europa.eu/esco/skill/be48353d-25c7-4f86-bea9-7b9e248fbc6e,ESCO,1.2.1,skill,esco_skills,http://data.europa.eu/esco/skill/be48353d-25c7-4f86-bea9-7b9e248fbc6e,interpret technical requirements,sector-specific,"Analyse, understand and apply the information provided regarding technical conditions.",No approved automatic normalization match.
ESCO|esco_skills|http://data.europa.eu/esco/skill/85c11255-469f-41bd-a6d1-382bc4a87783,ESCO,1.2.1,skill,esco_skills,http://data.europa.eu/esco/skill/85c11255-469f-41bd-a6d1-382bc4a87783,interpret technical texts,sector-specific,"Read and understand technical texts that provide information on how to perform a task, usually explained in steps.",No approved automatic normalization match.
ESCO|esco_skills|http://data.europa.eu/esco/skill/66d47084-9437-48b2-819b-c4c8214ed650,ESCO,1.2.1,skill,esco_skills,http://data.europa.eu/esco/skill/66d47084-9437-48b2-819b-c4c8214ed650,interview people,sector-specific,Interview people in a range of different circumstances.,No approved automatic normalization match.
ESCO|esco_skills|http://data.europa.eu/esco/skill/e3e42d54-78bd-4337-aa87-bb31a7670c9a,ESCO,1.2.1,skill,esco_skills,http://data.europa.eu/esco/skill/e3e42d54-78bd-4337-aa87-bb31a7670c9a,issue sales invoices,sector-specific,"Prepare the invoice of goods sold or services provided, containing individual prices, the total charge, and the terms. Complete order processing for orders received via telephone, fax and internet and calculate the customer’s final bill.",No approved automatic normalization match.
ESCO|esco_skills|http://data.europa.eu/esco/skill/e2161b42-46f4-4b62-8136-c190edce56fc,ESCO,1.2.1,skill,esco_skills,http://data.europa.eu/esco/skill/e2161b42-46f4-4b62-8136-c190edce56fc,keep track of expenses,occupation-specific,"Make sure that project expenses are duly recorded. Ensure careful bookkeeping, regularly review the budget, respect budget allocations, and take all necessary steps to keep the expenses transparent.",No approved automatic normalization match.
ESCO|esco_skills|http://data.europa.eu/esco/skill/0458f6a0-cb54-4ff5-a543-b2c5354e17c0,ESCO,1.2.1,skill,esco_skills,http://data.europa.eu/esco/skill/0458f6a0-cb54-4ff5-a543-b2c5354e17c0,keep up with digital transformation of industrial processes,sector-specific,Keep up to date with digital innovations applicable to industrial processes. Integrate these transformations in the company's processes aiming for competitive and profitable business models.,No approved automatic normalization match.
ESCO|esco_skills|http://data.europa.eu/esco/skill/7f70572d-f0c1-4039-9954-b57dc69981f6,ESCO,1.2.1,skill,esco_skills,http://data.europa.eu/esco/skill/7f70572d-f0c1-4039-9954-b57dc69981f6,keep updated on innovations in various business fields,cross-sector,Be informed and acquainted with innovations and trends in different industrial and business fields for application in business development.,No approved automatic normalization match.
ESCO|esco_skills|http://data.europa.eu/esco/skill/ddb65832-91a7-4157-9488-719a0e2ad87b,ESCO,1.2.1,skill,esco_skills,http://data.europa.eu/esco/skill/ddb65832-91a7-4157-9488-719a0e2ad87b,lead disaster recovery exercises,sector-specific,"Head exercises which educate people on what to do in case of an unforeseen disastrous event in the functioning or security of ICT systems, such as on recovery of data, protection of identity and information and which steps to take in order to prevent further problems.",No approved automatic normalization match.
ESCO|esco_skills|http://data.europa.eu/esco/skill/10026df1-670d-4c75-b3d5-ee0037f9d59b,ESCO,1.2.1,skill,esco_skills,http://data.europa.eu/esco/skill/10026df1-670d-4c75-b3d5-ee0037f9d59b,lead process optimisation,sector-specific,Lead process optimisation using statistical data. Design experiments on the production line and functional process control models.,No approved automatic normalization match.
ESCO|esco_skills|http://data.europa.eu/esco/skill/7893605c-18cc-4c68-8c22-4f969df1a673,ESCO,1.2.1,skill,esco_skills,http://data.europa.eu/esco/skill/7893605c-18cc-4c68-8c22-4f969df1a673,liaise with advertising agencies,cross-sector,Communicate and cooperate with advertising agencies in transmitting the goals and specifications of the marketing plan. Liaise to develop an advertising and promotional campaign that represent the aim of the marketing plan.,No approved automatic normalization match.
ESCO|esco_skills|http://data.europa.eu/esco/skill/5a19182a-7f24-4b34-91ed-9c342787f821,ESCO,1.2.1,skill,esco_skills,http://data.europa.eu/esco/skill/5a19182a-7f24-4b34-91ed-9c342787f821,liaise with architects,sector-specific,"Facilitate communication and understanding between architects and other parties such as constructors, clients, and contractors with respect to the design of construction projects.",No approved automatic normalization match.
ESCO|esco_skills|http://data.europa.eu/esco/skill/24e67151-ff7e-43e2-99c0-424a758278a4,ESCO,1.2.1,skill,esco_skills,http://data.europa.eu/esco/skill/24e67151-ff7e-43e2-99c0-424a758278a4,liaise with auditors,cross-sector,Participate in discussions with the auditors conducting inspections of the organisation's accounts and inform the managers about the results and conclusions.,No approved automatic normalization match.
ESCO|esco_skills|http://data.europa.eu/esco/skill/9d5521f9-44d7-4db4-b7ac-0ba7d389f44d,ESCO,1.2.1,skill,esco_skills,http://data.europa.eu/esco/skill/9d5521f9-44d7-4db4-b7ac-0ba7d389f44d,liaise with colleagues,cross-sector,Liaise with fellow colleagues to ensure common understanding on work related affairs and agree on the necessary compromises the parties might need to face. Negotiate compromises between parties as to ensure that work in general run efficiently towards the achievement of the objectives.,No approved automatic normalization match.
ESCO|esco_skills|http://data.europa.eu/esco/skill/c5c51528-ccfc-4c53-b409-c200aaa44222,ESCO,1.2.1,skill,esco_skills,http://data.europa.eu/esco/skill/c5c51528-ccfc-4c53-b409-c200aaa44222,liaise with engineers,cross-sector,"Collaborate with engineers to ensure common understanding and discuss product design, development and improvement.",No approved automatic normalization match.
ESCO|esco_skills|http://data.europa.eu/esco/skill/fc153ec6-1320-4f13-9158-ebde86c5303e,ESCO,1.2.1,skill,esco_skills,http://data.europa.eu/esco/skill/fc153ec6-1320-4f13-9158-ebde86c5303e,liaise with logistics management teams,occupation-specific,Communicate with logistics management in order to optimise service levels; optimise the supply chain while keeping expenditures at a minimum.,No approved automatic normalization match.
ESCO|esco_skills|http://data.europa.eu/esco/skill/f14ff4b7-be1e-4b55-b39b-520005f8a97e,ESCO,1.2.1,skill,esco_skills,http://data.europa.eu/esco/skill/f14ff4b7-be1e-4b55-b39b-520005f8a97e,liaise with managers,cross-sector,"Liaise with managers of other departments ensuring effective service and communication, i.e. sales, planning, purchasing, trading, distribution and technical.",No approved automatic normalization match.
ESCO|esco_skills|http://data.europa.eu/esco/skill/2876970d-90af-45bd-9cfd-c0af757947ea,ESCO,1.2.1,skill,esco_skills,http://data.europa.eu/esco/skill/2876970d-90af-45bd-9cfd-c0af757947ea,maintain electrical engines,cross-sector,"Understanding of electrical circuits and being able to repair. Test and replace electrical components and wiring, using test meters, soldering equipment, and hand tools.",No approved automatic normalization match.
ESCO|esco_skills|http://data.europa.eu/esco/skill/386774ac-fe5b-431a-b485-9aec0bf5c09e,ESCO,1.2.1,skill,esco_skills,http://data.europa.eu/esco/skill/386774ac-fe5b-431a-b485-9aec0bf5c09e,maintain electrical equipment,cross-sector,"Test electrical equipment for malfunctions. Take safety measures, company guidelines, and legislation concerning electrical equipment into account. Clean, repair and replace parts and connections as required.",No approved automatic normalization match.
ESCO|esco_skills|http://data.europa.eu/esco/skill/51ece34f-c24e-4183-9bf4-9b6f28748aec,ESCO,1.2.1,skill,esco_skills,http://data.europa.eu/esco/skill/51ece34f-c24e-4183-9bf4-9b6f28748aec,maintain healthcare user data confidentiality,sector-specific,Comply with and maintain the confidentiality of healthcare users` illness and treatment information.,No approved automatic normalization match.
ESCO|esco_skills|http://data.europa.eu/esco/skill/3e4cdaee-740c-4754-9135-466362bbd22e,ESCO,1.2.1,skill,esco_skills,http://data.europa.eu/esco/skill/3e4cdaee-740c-4754-9135-466362bbd22e,maintain industrial equipment,cross-sector,"Perform routine maintenance on industrial machinery and equipment to ensure that it is clean and in safe, working order.",No approved automatic normalization match.
ESCO|esco_skills|http://data.europa.eu/esco/skill/0af529ff-a95d-419b-ab2a-335f6894a966,ESCO,1.2.1,skill,esco_skills,http://data.europa.eu/esco/skill/0af529ff-a95d-419b-ab2a-335f6894a966,maintain logistics databases,cross-sector,Maintain databases accessible to users in the logistics and storage sub-sector.,No approved automatic normalization match.
ESCO|esco_skills|http://data.europa.eu/esco/skill/f6ea35a8-4ef0-4e87-8388-491a6b49aaf8,ESCO,1.2.1,skill,esco_skills,http://data.europa.eu/esco/skill/f6ea35a8-4ef0-4e87-8388-491a6b49aaf8,maintain physiotherapy equipment,sector-specific,"Maintain the physiotherapy equipment and supplies, ensuring that equipment is safe and fit for purpose.",No approved automatic normalization match.
ESCO|esco_skills|http://data.europa.eu/esco/skill/73e7e2f4-7e5f-4e6c-86c2-3b5fbd191172,ESCO,1.2.1,skill,esco_skills,http://data.europa.eu/esco/skill/73e7e2f4-7e5f-4e6c-86c2-3b5fbd191172,maintain privacy of service users,cross-sector,"Respect and maintain the dignity and privacy of the client, protecting his or her confidential information and clearly explaining policies about confidentiality to the client and other parties involved.",No approved automatic normalization match.
ESCO|esco_skills|http://data.europa.eu/esco/skill/8ebb2c0a-0baa-43bf-95cf-094047c57427,ESCO,1.2.1,skill,esco_skills,http://data.europa.eu/esco/skill/8ebb2c0a-0baa-43bf-95cf-094047c57427,maintain professional administration,cross-sector,"File and organise professional administration documents comprehensively, keep customer records, fill in forms or log books and prepare documents about company-related matter.",No approved automatic normalization match.
ESCO|esco_skills|http://data.europa.eu/esco/skill/1ad823ab-5eb5-4377-a24a-d3deca1f7bfd,ESCO,1.2.1,skill,esco_skills,http://data.europa.eu/esco/skill/1ad823ab-5eb5-4377-a24a-d3deca1f7bfd,maintain relations with local representatives,sector-specific,"Maintain good relations with representatives of the local scientific, economic and civil society.",No approved automatic normalization match.
ESCO|esco_skills|http://data.europa.eu/esco/skill/2239694b-771a-4586-8b54-2794e361a9ae,ESCO,1.2.1,skill,esco_skills,http://data.europa.eu/esco/skill/2239694b-771a-4586-8b54-2794e361a9ae,maintain relationship with customers,sector-specific,"Build a lasting and meaningful relationship with customers in order to ensure satisfaction and fidelity by providing accurate and friendly advice and support, by delivering quality products and services and by supplying after-sales information and service.",No approved automatic normalization match.
ESCO|esco_skills|http://data.europa.eu/esco/skill/3cd35f5d-ce6d-4f14-9a09-53d7a28d834c,ESCO,1.2.1,skill,esco_skills,http://data.europa.eu/esco/skill/3cd35f5d-ce6d-4f14-9a09-53d7a28d834c,maintain relationship with suppliers,sector-specific,"Build a lasting and meaningful relationship with suppliers and service providers in order to establish a positive, profitable and enduring collaboration, co-operation and contract negotiation.",No approved automatic normalization match.
ESCO|esco_skills|http://data.europa.eu/esco/skill/5e9de344-2bea-40dc-8410-f940121330e4,ESCO,1.2.1,skill,esco_skills,http://data.europa.eu/esco/skill/5e9de344-2bea-40dc-8410-f940121330e4,maintain relationships with government agencies,cross-sector,Establish and maintain cordial working relationships with peers in different governmental agencies.,No approved automatic normalization match.
ESCO|esco_skills|http://data.europa.eu/esco/skill/7341904f-5913-470c-8c53-bc832df248ec,ESCO,1.2.1,skill,esco_skills,http://data.europa.eu/esco/skill/7341904f-5913-470c-8c53-bc832df248ec,maintain robotic equipment,sector-specific,"Diagnose and detect malfunctions in robotic components and systems and remove, replace, or repair these components when necessary. Execute preventative equipment maintenance tasks, such as storing robotic components in clean, dust-free, and non-humid spaces.",No approved automatic normalization match.
ESCO|esco_skills|http://data.europa.eu/esco/skill/d0d3c335-5a7b-4856-a940-2057ea2c9e7b,ESCO,1.2.1,skill,esco_skills,http://data.europa.eu/esco/skill/d0d3c335-5a7b-4856-a940-2057ea2c9e7b,maintain treatment records,sector-specific,Keep accurate records and file reports related to the prescribed treatment or medication.,No approved automatic normalization match.
ESCO|esco_skills|http://data.europa.eu/esco/skill/be20d05c-f6b4-4580-9fcf-f00f4baab562,ESCO,1.2.1,skill,esco_skills,http://data.europa.eu/esco/skill/be20d05c-f6b4-4580-9fcf-f00f4baab562,make data-driven decisions,cross-sector,Collect data such as Key Performance Indicators (KPIs) for an organisation and use the information to formulate actions and strategies.,No approved automatic normalization match.
ESCO|esco_skills|http://data.europa.eu/esco/skill/7c32a84c-2733-4bc7-8909-3b3413c9cc88,ESCO,1.2.1,skill,esco_skills,http://data.europa.eu/esco/skill/7c32a84c-2733-4bc7-8909-3b3413c9cc88,make logistical arrangements,cross-sector,"Cooperate with coach operators, transport providers and accommodation providers in order to schedule transport, accommodation and activities.",No approved automatic normalization match.
ESCO|esco_skills|http://data.europa.eu/esco/skill/f60c9e52-95fc-4ca1-a73c-18a491153b63,ESCO,1.2.1,skill,esco_skills,http://data.europa.eu/esco/skill/f60c9e52-95fc-4ca1-a73c-18a491153b63,make strategic business decisions,cross-sector,"Analyse business information and consult directors for decision making purposes in a varied array of aspects affecting the prospect, productivity and sustainable operation of a company. Consider the options and alternatives to a challenge and make sound rational decisions based on analysis and experience.",No approved automatic normalization match.
ESCO|esco_skills|http://data.europa.eu/esco/skill/072a702d-70c3-4959-91c7-85e69d143894,ESCO,1.2.1,skill,esco_skills,http://data.europa.eu/esco/skill/072a702d-70c3-4959-91c7-85e69d143894,manage a healthcare unit budget,cross-sector,Manage a healthcare unit budget. Collaborate in budget planning processes including cost of supplies needed for adequate health services and management.,No approved automatic normalization match.
ESCO|esco_skills|http://data.europa.eu/esco/skill/cb668e89-6ef5-4ff3-ab4a-506010e7e70b,ESCO,1.2.1,skill,esco_skills,http://data.europa.eu/esco/skill/cb668e89-6ef5-4ff3-ab4a-506010e7e70b,manage a team,cross-sector,"Ensure clear and effective channels of communication across all departments within the organisation and support functions, both internally and externally ensuring that the team is aware of the standards and objectives of the department/business unit. Implement the disciplinary and grievance procedures as required ensuring that a fair and consistent approach to managing performance is consistently achieved. Assist in the recruitment process and manage, train and motivate employees to achieve/exceed their potential using effective performance management techniques. Encourage and develop a team ethic amongst all employees.",No approved automatic normalization match.
ESCO|esco_skills|http://data.europa.eu/esco/skill/e2e15494-65b9-4af5-8b86-53fb51e7e022,ESCO,1.2.1,skill,esco_skills,http://data.europa.eu/esco/skill/e2e15494-65b9-4af5-8b86-53fb51e7e022,manage accounts,cross-sector,"Manage the accounts and financial activities of an organisation, supervising that all the documents are correctly maintained, that all the information and calculations are correct, and that proper decisions are being made.",No approved automatic normalization match.
ESCO|esco_skills|http://data.europa.eu/esco/skill/6101480a-811d-46da-b4f6-fc0360826f22,ESCO,1.2.1,skill,esco_skills,http://data.europa.eu/esco/skill/6101480a-811d-46da-b4f6-fc0360826f22,manage bridge construction projects,sector-specific,"Inspect, assess and approve technical procedures; apply maintenance strategies, systems and procedures; assess the load testing of bridges; devise new methods of strengthening; and ensure the suitable design of bridges taking into consideration issues such as durability, maintenance requirements etc.",No approved automatic normalization match.
ESCO|esco_skills|http://data.europa.eu/esco/skill/21c5790c-0930-4d74-b3b0-84caf5af12ea,ESCO,1.2.1,skill,esco_skills,http://data.europa.eu/esco/skill/21c5790c-0930-4d74-b3b0-84caf5af12ea,manage budgets,cross-sector,"Plan, monitor, report on the budget and prepare set production budgets.",No approved automatic normalization match.
ESCO|esco_skills|http://data.europa.eu/esco/skill/16284f84-15c9-4542-b122-a6d584f937ee,ESCO,1.2.1,skill,esco_skills,http://data.europa.eu/esco/skill/16284f84-15c9-4542-b122-a6d584f937ee,manage clinical risk,cross-sector,"Improve the quality and safe delivery of healthcare, placing special emphasis on identifying those circumstances that place clients, their families and carers, staff, students and others at risk of harm and act to prevent or control those risks.",No approved automatic normalization match.
ESCO|esco_skills|http://data.europa.eu/esco/skill/d3286405-49f8-4e8a-8046-a4376b4e7963,ESCO,1.2.1,skill,esco_skills,http://data.europa.eu/esco/skill/d3286405-49f8-4e8a-8046-a4376b4e7963,manage cloud data and storage,sector-specific,"Create and manage cloud data retention. Identify and implement data protection, encryption, and capacity planning needs.",No approved automatic normalization match.
ESCO|esco_skills|http://data.europa.eu/esco/skill/ac516e9b-8bfa-4b72-8e3e-340b0a3a51d5,ESCO,1.2.1,skill,esco_skills,http://data.europa.eu/esco/skill/ac516e9b-8bfa-4b72-8e3e-340b0a3a51d5,manage content development projects,sector-specific,"Plan and implement the creation, delivery and management of digital or printed content, develop a system that describes the entire editorial content development and publishing process and use ICT tools to support the process.",No approved automatic normalization match.
ESCO|esco_skills|http://data.europa.eu/esco/skill/92721092-fe7c-4689-96bd-4f02385bc0e7,ESCO,1.2.1,skill,esco_skills,http://data.europa.eu/esco/skill/92721092-fe7c-4689-96bd-4f02385bc0e7,manage contracts,cross-sector,"Negotiate the terms, conditions, costs and other specifications of a contract while making sure they comply with legal requirements and are legally enforceable. Oversee the execution of the contract, agree on and document any changes in line with any legal limitations.",No approved automatic normalization match.
ESCO|esco_skills|http://data.europa.eu/esco/skill/658a38bd-6954-4a2a-945c-42330c5d13b9,ESCO,1.2.1,skill,esco_skills,http://data.europa.eu/esco/skill/658a38bd-6954-4a2a-945c-42330c5d13b9,manage corporate bank accounts,cross-sector,"Have an overview of the bank accounts of the company, their different purposes, and manage them accordingly while keeping an eye on their balance, interest rates, and charges.",No approved automatic normalization match.
ESCO|esco_skills|http://data.europa.eu/esco/skill/9ff9db9d-d14b-426e-83f3-e7449af6c79f,ESCO,1.2.1,skill,esco_skills,http://data.europa.eu/esco/skill/9ff9db9d-d14b-426e-83f3-e7449af6c79f,manage data,sector-specific,"Administer all types of data resources through their lifecycle by performing data profiling, parsing, standardisation, identity resolution, cleansing, enhancement and auditing. Ensure the data is fit for purpose, using specialised ICT tools to fulfil the data quality criteria.",No approved automatic normalization match.
ESCO|esco_skills|http://data.europa.eu/esco/skill/a80fb090-63f4-4b05-83a5-2f090deb7757,ESCO,1.2.1,skill,esco_skills,http://data.europa.eu/esco/skill/a80fb090-63f4-4b05-83a5-2f090deb7757,manage data collection systems,sector-specific,"Develop and manage methods and strategies used to maximise data quality and statistical efficiency in the collection of data, in order to ensure the gathered data are optimised for further processing.",No approved automatic normalization match.
ESCO|esco_skills|http://data.europa.eu/esco/skill/29fb0fb5-dfc4-4098-ac9b-3a712000f48f,ESCO,1.2.1,skill,esco_skills,http://data.europa.eu/esco/skill/29fb0fb5-dfc4-4098-ac9b-3a712000f48f,manage database,cross-sector,"Apply database design schemes and models, define data dependencies, use query languages and database management systems (DBMS) to develop and manage databases.",No approved automatic normalization match.
ESCO|esco_skills|http://data.europa.eu/esco/skill/fa3e5cec-703e-4d46-b3bb-e8a89540ab54,ESCO,1.2.1,skill,esco_skills,http://data.europa.eu/esco/skill/fa3e5cec-703e-4d46-b3bb-e8a89540ab54,manage digital archives,sector-specific,"Create and maintain computer archives and databases, incorporating latest developments in electronic information storage technology.",No approved automatic normalization match.
ESCO|esco_skills|http://data.europa.eu/esco/skill/64852ade-6ae1-4760-ba4a-976bf07ca255,ESCO,1.2.1,skill,esco_skills,http://data.europa.eu/esco/skill/64852ade-6ae1-4760-ba4a-976bf07ca255,manage disaster recovery plans,cross-sector,"Prepare, test and execute, when necessary, a plan of action to retrieve or compensate lost information system data.",No approved automatic normalization match.
ESCO|esco_skills|http://data.europa.eu/esco/skill/2ac4b20b-bf0f-44e4-910e-090de3d4bbab,ESCO,1.2.1,skill,esco_skills,http://data.europa.eu/esco/skill/2ac4b20b-bf0f-44e4-910e-090de3d4bbab,manage engine-room resources,sector-specific,"Allocate, assign, and prioritise engine-room resources. Communicate effectively, showing assertiveness and leadership. Obtain and maintain situational awareness, considering of team experience.",No approved automatic normalization match.
ESCO|esco_skills|http://data.europa.eu/esco/skill/6a899482-8bcf-40ca-ae67-579a1cc467ab,ESCO,1.2.1,skill,esco_skills,http://data.europa.eu/esco/skill/6a899482-8bcf-40ca-ae67-579a1cc467ab,manage engineering project,cross-sector,"Manage engineering project resources, budget, deadlines, and human resources, and plan schedules as well as any technical activities pertinent to the project.",No approved automatic normalization match.
ESCO|esco_skills|http://data.europa.eu/esco/skill/4f5c1208-62fd-4e5a-a51e-306c06947e11,ESCO,1.2.1,skill,esco_skills,http://data.europa.eu/esco/skill/4f5c1208-62fd-4e5a-a51e-306c06947e11,manage findable accessible interoperable and reusable data,cross-sector,"Produce, describe, store, preserve and (re) use scientific data based on FAIR (Findable, Accessible, Interoperable, and Reusable) principles, making data as open as possible, and as closed as necessary.",No approved automatic normalization match.
ESCO|esco_skills|http://data.europa.eu/esco/skill/f78d5c04-a440-4068-90c2-fab03409a911,ESCO,1.2.1,skill,esco_skills,http://data.europa.eu/esco/skill/f78d5c04-a440-4068-90c2-fab03409a911,manage government policy implementation,cross-sector,Manage the operations of the implementation of new government policies or changes in existing policies on a national or regional level as well as the staff involved in the implementation procedure.,No approved automatic normalization match.
ESCO|esco_skills|http://data.europa.eu/esco/skill/4d614c92-0c48-4a11-a5ed-416b34fd50d2,ESCO,1.2.1,skill,esco_skills,http://data.europa.eu/esco/skill/4d614c92-0c48-4a11-a5ed-416b34fd50d2,manage healthcare users' data,cross-sector,"Keep accurate client records which also satisfy legal and professional standards and ethical obligations in order to facilitate client management, ensuring that all clients' data (including verbal, written and electronic) are treated confidentially.",No approved automatic normalization match.
ESCO|esco_skills|http://data.europa.eu/esco/skill/4d85b881-e490-4b4c-897a-2faa4ef53956,ESCO,1.2.1,skill,esco_skills,http://data.europa.eu/esco/skill/4d85b881-e490-4b4c-897a-2faa4ef53956,manage ICT data architecture,sector-specific,"Oversee regulations and use ICT techniques to define the information systems architecture and to control data gathering, storing, consolidation, arrangement and usage in an organisation.",No approved automatic normalization match.
ESCO|esco_skills|http://data.europa.eu/esco/skill/03a74eee-2dc6-4147-8667-5cdeb65f122d,ESCO,1.2.1,skill,esco_skills,http://data.europa.eu/esco/skill/03a74eee-2dc6-4147-8667-5cdeb65f122d,manage ICT data classification,sector-specific,Oversee the classification system an organisation uses to organise its data. Assign an owner to each data concept or bulk of concepts and determine the value of each item of data.,No approved automatic normalization match.
ESCO|esco_skills|http://data.europa.eu/esco/skill/3c76296d-4bbd-44ba-8eaa-95bf275f79b7,ESCO,1.2.1,skill,esco_skills,http://data.europa.eu/esco/skill/3c76296d-4bbd-44ba-8eaa-95bf275f79b7,manage ICT project,sector-specific,"Plan, organize, control and document procedures and resources, such as human capital, equipment and mastery, in order to achieve specific goals and objectives related to ICT systems, services or products, within specific constraints, such as scope, time, quality and budget.",No approved automatic normalization match.
ESCO|esco_skills|http://data.europa.eu/esco/skill/6c3e28d6-e3cc-4b25-a5da-a0dce043cf17,ESCO,1.2.1,skill,esco_skills,http://data.europa.eu/esco/skill/6c3e28d6-e3cc-4b25-a5da-a0dce043cf17,manage information in health care,cross-sector,"Retrieve, apply and share information among patients and healthcare professionals and across healthcare facilities and community.",No approved automatic normalization match.
ESCO|esco_skills|http://data.europa.eu/esco/skill/518dc04d-092d-4fa1-bd82-88b7a9278ef7,ESCO,1.2.1,skill,esco_skills,http://data.europa.eu/esco/skill/518dc04d-092d-4fa1-bd82-88b7a9278ef7,manage intellectual property rights,sector-specific,Deal with the private legal rights that protect the products of the intellect from unlawful infringement.,No approved automatic normalization match.
ESCO|esco_skills|http://data.europa.eu/esco/skill/ab6265f2-a9bf-49e8-a9a5-67cbab4de38b,ESCO,1.2.1,skill,esco_skills,http://data.europa.eu/esco/skill/ab6265f2-a9bf-49e8-a9a5-67cbab4de38b,manage inventory,sector-specific,Control product inventory in balance of availability and storage costs.,No approved automatic normalization match.
ESCO|esco_skills|http://data.europa.eu/esco/skill/e5beeff8-7c98-490a-ae2c-16fbb6a87305,ESCO,1.2.1,skill,esco_skills,http://data.europa.eu/esco/skill/e5beeff8-7c98-490a-ae2c-16fbb6a87305,manage keys for data protection,sector-specific,"Select appropriate authentication and authorization mechanisms. Design, implement and troubleshoot key management and use. Design and implement a data encryption solution for data at rest and data in transit.",No approved automatic normalization match.
ESCO|esco_skills|http://data.europa.eu/esco/skill/a9bf8565-8a09-4118-9922-932d65a79d69,ESCO,1.2.1,skill,esco_skills,http://data.europa.eu/esco/skill/a9bf8565-8a09-4118-9922-932d65a79d69,manage localisation,cross-sector,Modify content or a product for the transference from one locale to another through the use of content translation or localisation service providers.,No approved automatic normalization match.
ESCO|esco_skills|http://data.europa.eu/esco/skill/bacea2c7-5b2f-499f-99ee-665ffad6d64e,ESCO,1.2.1,skill,esco_skills,http://data.europa.eu/esco/skill/bacea2c7-5b2f-499f-99ee-665ffad6d64e,manage location logistics,occupation-specific,"Make sure cast, crew, and equipment reach the location on time and in an organised manner. Organise catering, power sources, parking, etc.",No approved automatic normalization match.
ESCO|esco_skills|http://data.europa.eu/esco/skill/953c0b65-537a-42fe-a90b-26cd36c64361,ESCO,1.2.1,skill,esco_skills,http://data.europa.eu/esco/skill/953c0b65-537a-42fe-a90b-26cd36c64361,manage logistics,cross-sector,"Create logistic framework for transporting goods to customers and for receiving returns, execute and follow up the logistics processes and guidelines. Adapt the production processes to the contingencies and constraints of the medium.",No approved automatic normalization match.
ESCO|esco_skills|http://data.europa.eu/esco/skill/caadb26a-f5a4-4bd1-a630-d508fb616ae2,ESCO,1.2.1,skill,esco_skills,http://data.europa.eu/esco/skill/caadb26a-f5a4-4bd1-a630-d508fb616ae2,manage logistics pricing systems,occupation-specific,Manage logistics pricing systems. Ensure that prices adequately reflect costs.,No approved automatic normalization match.
ESCO|esco_skills|http://data.europa.eu/esco/skill/e775f5c3-3dc7-4875-8061-6ab0f329db2d,ESCO,1.2.1,skill,esco_skills,http://data.europa.eu/esco/skill/e775f5c3-3dc7-4875-8061-6ab0f329db2d,manage military logistics,sector-specific,"Manage the supply and demand of resources on a military base or during a mission on field to troops in need, analyse equipment needs, interfere with enemy supplies, perform cost analysis, and other logistics activities specific to military operations.",No approved automatic normalization match.
ESCO|esco_skills|http://data.europa.eu/esco/skill/f735e153-1f57-4841-afe9-4712cc740054,ESCO,1.2.1,skill,esco_skills,http://data.europa.eu/esco/skill/f735e153-1f57-4841-afe9-4712cc740054,manage multiple patients simultaneously,sector-specific,Coordinate and supervise the management of several patients simultaneously and manage mass-casualty incidents.,No approved automatic normalization match.
ESCO|esco_skills|http://data.europa.eu/esco/skill/bd7540e1-ae1f-49bd-9f69-a9af3d0affed,ESCO,1.2.1,skill,esco_skills,http://data.europa.eu/esco/skill/bd7540e1-ae1f-49bd-9f69-a9af3d0affed,manage occupational therapy students,occupation-specific,"Supervise and manage the work of occupational therapy students, students from related professions and assistants.",No approved automatic normalization match.
ESCO|esco_skills|http://data.europa.eu/esco/skill/c1f29568-f2bb-49d2-b6c2-28748bd1629b,ESCO,1.2.1,skill,esco_skills,http://data.europa.eu/esco/skill/c1f29568-f2bb-49d2-b6c2-28748bd1629b,manage online content,sector-specific,"Ensure the website content is up to date, organised, attractive and meets the target audience needs, the requirements of the company and international standards by checking the links, setting the publishing time framework and order.",No approved automatic normalization match.
ESCO|esco_skills|http://data.europa.eu/esco/skill/da930e2f-6047-4616-a598-bba8ecef3039,ESCO,1.2.1,skill,esco_skills,http://data.europa.eu/esco/skill/da930e2f-6047-4616-a598-bba8ecef3039,manage open publications,cross-sector,"Be familiar with Open Publication strategies, with the use of information technology to support research, and with the development and management of CRIS (current research information systems) and institutional repositories. Provide licensing and copyright advice, use bibliometric indicators, and measure and report research impact.",No approved automatic normalization match.
ESCO|esco_skills|http://data.europa.eu/esco/skill/9d916d7c-89b3-4084-a6d9-e2b0b3091404,ESCO,1.2.1,skill,esco_skills,http://data.europa.eu/esco/skill/9d916d7c-89b3-4084-a6d9-e2b0b3091404,manage payroll,cross-sector,"Manage and be responsible for employees receiving their wages, review salaries and benefit plans and advise management on payroll and other employment conditions.",No approved automatic normalization match.
ESCO|esco_skills|http://data.europa.eu/esco/skill/3ee090a1-9d1c-44ed-bd93-f6b7c9b68a97,ESCO,1.2.1,skill,esco_skills,http://data.europa.eu/esco/skill/3ee090a1-9d1c-44ed-bd93-f6b7c9b68a97,manage payroll reports,cross-sector,"Maintain personnel records as well as payroll reports. Record evaluations, promotions or disciplinary actions.",No approved automatic normalization match.
ESCO|esco_skills|http://data.europa.eu/esco/skill/a8d24a95-47b3-4f88-92e7-06600bcd3612,ESCO,1.2.1,skill,esco_skills,http://data.europa.eu/esco/skill/a8d24a95-47b3-4f88-92e7-06600bcd3612,manage personal professional development,cross-sector,Take responsibility for lifelong learning and continuous professional development. Engage in learning to support and update professional competence. Identify priority areas for professional development based on reflection about own practice and through contact with peers and stakeholders. Pursue a cycle of self-improvement and develop credible career plans.,No approved automatic normalization match.
ESCO|esco_skills|http://data.europa.eu/esco/skill/0f3ac478-54fa-4305-b077-50e3c0baeb8c,ESCO,1.2.1,skill,esco_skills,http://data.europa.eu/esco/skill/0f3ac478-54fa-4305-b077-50e3c0baeb8c,manage physiotherapy staff,sector-specific,"Recruit, train, manage, develop and supervise physiotherapy staff where appropriate, ensuring provision of a clinically effective service to clients, recognising the need for further training both for oneself and other physiotherapy staff.",No approved automatic normalization match.
ESCO|esco_skills|http://data.europa.eu/esco/skill/b3a75400-103f-42c7-b742-be11d161d05b,ESCO,1.2.1,skill,esco_skills,http://data.europa.eu/esco/skill/b3a75400-103f-42c7-b742-be11d161d05b,manage production systems,sector-specific,"Organize, manage, and maintain all aspects of production, including product design, production planning, and production control systems (for example by the use of the computer program WFM).",No approved automatic normalization match.
ESCO|esco_skills|http://data.europa.eu/esco/skill/57231a22-4da7-49c8-97b8-75672feadf1e,ESCO,1.2.1,skill,esco_skills,http://data.europa.eu/esco/skill/57231a22-4da7-49c8-97b8-75672feadf1e,manage quantitative data,cross-sector,"Gather, process and present quantitative data. Use the appropriate programs and methods for validating, organising and interpreting data.",No approved automatic normalization match.
ESCO|esco_skills|http://data.europa.eu/esco/skill/08b04e53-ed25-41a2-9f90-0b9cd939ba3d,ESCO,1.2.1,skill,esco_skills,http://data.europa.eu/esco/skill/08b04e53-ed25-41a2-9f90-0b9cd939ba3d,manage research data,cross-sector,Produce and analyse scientific data originating from qualitative and quantitative research methods. Store and maintain the data in research databases. Support the re-use of scientific data and be familiar with open data management principles.,No approved automatic normalization match.
ESCO|esco_skills|http://data.europa.eu/esco/skill/3e28860e-f520-461d-8282-a32264c4f4a1,ESCO,1.2.1,skill,esco_skills,http://data.europa.eu/esco/skill/3e28860e-f520-461d-8282-a32264c4f4a1,manage revenue,cross-sector,"Manage revenues, including deposit reconciliation, cash handling, and delivery of deposits to the bank.",No approved automatic normalization match.
ESCO|esco_skills|http://data.europa.eu/esco/skill/cb5cccc9-abe4-4b11-abe6-d27e5cd85fb1,ESCO,1.2.1,skill,esco_skills,http://data.europa.eu/esco/skill/cb5cccc9-abe4-4b11-abe6-d27e5cd85fb1,manage standards for data exchange,sector-specific,Set and maintain standards for transforming data from source schemas into the necessary data structure of a result schema.,No approved automatic normalization match.
ESCO|esco_skills|http://data.europa.eu/esco/skill/020b3c27-bae1-4b85-9d6f-eccee0f5ed99,ESCO,1.2.1,skill,esco_skills,http://data.europa.eu/esco/skill/020b3c27-bae1-4b85-9d6f-eccee0f5ed99,manage supplies,cross-sector,"Monitor and control the flow of supplies that includes the purchase, storage and movement of the required quality of raw materials, and also work-in-progress inventory. Manage supply chain activities and synchronise supply with demand of production and customer.",No approved automatic normalization match.
ESCO|esco_skills|http://data.europa.eu/esco/skill/2a3a96a3-709e-4d60-81f6-d247d6933f13,ESCO,1.2.1,skill,esco_skills,http://data.europa.eu/esco/skill/2a3a96a3-709e-4d60-81f6-d247d6933f13,manage system security,sector-specific,Analyse the critical assets of a company and identify weaknesses and vulnerabilities that lead to intrusion or attack. Apply security detection techniques. Understand cyber attack techniques and implement effective countermeasures.,No approved automatic normalization match.
ESCO|esco_skills|http://data.europa.eu/esco/skill/ce354460-500e-4eaa-8e95-8f243fcea3db,ESCO,1.2.1,skill,esco_skills,http://data.europa.eu/esco/skill/ce354460-500e-4eaa-8e95-8f243fcea3db,manage system testing,sector-specific,"Select, perform and track testings on software or hardware to detect system defects both within the integrated system units, the inter-assemblages and the system as a whole. Organise testings such as installation testing, security testing and graphical user interface testing.",No approved automatic normalization match.
ESCO|esco_skills|http://data.europa.eu/esco/skill/8df59017-f8e3-4a48-b321-79a38c597748,ESCO,1.2.1,skill,esco_skills,http://data.europa.eu/esco/skill/8df59017-f8e3-4a48-b321-79a38c597748,manage tests,cross-sector,"Develop, administer and evaluate a specific set of tests relevant to the organisation's activities and customers.",No approved automatic normalization match.
ESCO|esco_skills|http://data.europa.eu/esco/skill/14593aaa-def7-4766-ba88-03e89c8f51b7,ESCO,1.2.1,skill,esco_skills,http://data.europa.eu/esco/skill/14593aaa-def7-4766-ba88-03e89c8f51b7,manage the operation of propulsion plant machinery,sector-specific,"Manage the operative mechanism of the marine diesel engines, steam turbines, gas turbines, and steam boilers.",No approved automatic normalization match.
ESCO|esco_skills|http://data.europa.eu/esco/skill/8bc11ec8-90a3-4d4d-aba3-1c48c71e8fe2,ESCO,1.2.1,skill,esco_skills,http://data.europa.eu/esco/skill/8bc11ec8-90a3-4d4d-aba3-1c48c71e8fe2,manage third-party logistics providers,occupation-specific,Coordinate service providers related to warehousing and transportation.,No approved automatic normalization match.
ESCO|esco_skills|http://data.europa.eu/esco/skill/5d2e82cc-5943-4218-a459-a1956fad2b63,ESCO,1.2.1,skill,esco_skills,http://data.europa.eu/esco/skill/5d2e82cc-5943-4218-a459-a1956fad2b63,manage warehouse inventory,cross-sector,"Manage warehouse inventory and control storage and movement of warehouse goods. Monitor transactions such as shipping, receiving and putaway.",No approved automatic normalization match.
ESCO|esco_skills|http://data.europa.eu/esco/skill/fa7be6bf-f906-4b8e-857d-48a9a7da901c,ESCO,1.2.1,skill,esco_skills,http://data.europa.eu/esco/skill/fa7be6bf-f906-4b8e-857d-48a9a7da901c,manage warehouse operations,cross-sector,Manage warehouse operations such as delivering orders and maintaining stock. Control safety and risk prevention in the warehouse. Follow plans to maximise efficiency of the supply chain.,No approved automatic normalization match.
ESCO|esco_skills|http://data.europa.eu/esco/skill/d04ee340-5378-4601-8181-19da6d5cbfe0,ESCO,1.2.1,skill,esco_skills,http://data.europa.eu/esco/skill/d04ee340-5378-4601-8181-19da6d5cbfe0,manage website,cross-sector,"Provide different services related to website management such as monitoring online traffic, managing content, providing website support and making estimations and improvements to one's website.",No approved automatic normalization match.
ESCO|esco_skills|http://data.europa.eu/esco/skill/7add3681-17b6-4027-8a9d-ee92d2b96a42,ESCO,1.2.1,skill,esco_skills,http://data.europa.eu/esco/skill/7add3681-17b6-4027-8a9d-ee92d2b96a42,manage workflow processes,cross-sector,"Develop, document and implement traffic and workflow processes across the company for different functions. Liaise with several departments and services such as account management and the creative director to plan and resource work.",No approved automatic normalization match.
ESCO|esco_skills|http://data.europa.eu/esco/skill/89ba58e8-a67e-4d2b-ad42-6acab25c241b,ESCO,1.2.1,skill,esco_skills,http://data.europa.eu/esco/skill/89ba58e8-a67e-4d2b-ad42-6acab25c241b,measure customer feedback,cross-sector,Evaluate customer's comments in order to find out whether customers feel satisfied or dissatisfied with the product or service.,No approved automatic normalization match.
ESCO|esco_skills|http://data.europa.eu/esco/skill/398304c5-6073-4968-afc7-394fbd837d74,ESCO,1.2.1,skill,esco_skills,http://data.europa.eu/esco/skill/398304c5-6073-4968-afc7-394fbd837d74,measure effectiveness of the service provided,sector-specific,"Use a problem-solving approach to develop and measure recommendations for improving the quality of professional practice in increasingly unpredictable contexts, contributing to change and development within the profession or service at a local, regional or national level.",No approved automatic normalization match.
ESCO|esco_skills|http://data.europa.eu/esco/skill/576b305e-8c25-4546-8a69-87f975783114,ESCO,1.2.1,skill,esco_skills,http://data.europa.eu/esco/skill/576b305e-8c25-4546-8a69-87f975783114,meet contract specifications,cross-sector,"Meet contract specifications, schedules and manufacturers' information. Check that the work can be carried out in the estimated and allocated time.",No approved automatic normalization match.
ESCO|esco_skills|http://data.europa.eu/esco/skill/44b768da-1397-4ff8-b575-d71889a67b9d,ESCO,1.2.1,skill,esco_skills,http://data.europa.eu/esco/skill/44b768da-1397-4ff8-b575-d71889a67b9d,meet expectations of target audience,cross-sector,Research the needs and expectations of the target audience to ensure the program's theme meets both.,No approved automatic normalization match.
ESCO|esco_skills|http://data.europa.eu/esco/skill/9b9c1749-786a-42d5-a904-a1bcd9865d86,ESCO,1.2.1,skill,esco_skills,http://data.europa.eu/esco/skill/9b9c1749-786a-42d5-a904-a1bcd9865d86,meet the requirements of social security reimbursement bodies,sector-specific,Ensure that the sessions are compliant with the requirements of the national social security bodies and that reimbursements are acceptable.,No approved automatic normalization match.
ESCO|esco_skills|http://data.europa.eu/esco/skill/fb9c12af-ec45-498a-8e52-891371191557,ESCO,1.2.1,skill,esco_skills,http://data.europa.eu/esco/skill/fb9c12af-ec45-498a-8e52-891371191557,mentor individual employees,sector-specific,Mentor and support individual employees with regard to identified training needs.,No approved automatic normalization match.
ESCO|esco_skills|http://data.europa.eu/esco/skill/a584a638-a2c0-4b3c-bdf3-a64f87225be9,ESCO,1.2.1,skill,esco_skills,http://data.europa.eu/esco/skill/a584a638-a2c0-4b3c-bdf3-a64f87225be9,mentor individuals,cross-sector,"Mentor individuals by providing emotional support, sharing experiences and giving advice to the individual to help them in their personal development, as well as adapting the support to the specific needs of the individual and heeding their requests and expectations.",No approved automatic normalization match.
ESCO|esco_skills|http://data.europa.eu/esco/skill/020918ef-4b55-47c1-8430-ab7b8f6a7377,ESCO,1.2.1,skill,esco_skills,http://data.europa.eu/esco/skill/020918ef-4b55-47c1-8430-ab7b8f6a7377,migrate existing data,sector-specific,"Apply migration and conversion methods for existing data, in order to transfer or convert data between formats, storage or computer systems.",No approved automatic normalization match.
ESCO|esco_skills|http://data.europa.eu/esco/skill/d2c81ad1-2439-43cf-9c63-204187b8f771,ESCO,1.2.1,skill,esco_skills,http://data.europa.eu/esco/skill/d2c81ad1-2439-43cf-9c63-204187b8f771,mitigate waste of resources,cross-sector,Evaluate and identify opportunities to use resources more efficiently with continuously striving to reduce waste of utilities.,No approved automatic normalization match.
ESCO|esco_skills|http://data.europa.eu/esco/skill/52739347-5eaa-4c9e-8cde-af7d2ba83320,ESCO,1.2.1,skill,esco_skills,http://data.europa.eu/esco/skill/52739347-5eaa-4c9e-8cde-af7d2ba83320,model electromagnetic products,sector-specific,Model and simulate the designed electromagnets or products utilising electromagnetism using technical design software. Assess the viability of the product and examine the physical parameters to ensure a successful production process.,No approved automatic normalization match.
ESCO|esco_skills|http://data.europa.eu/esco/skill/78fef945-17e8-4d56-aab2-8625060ab3d3,ESCO,1.2.1,skill,esco_skills,http://data.europa.eu/esco/skill/78fef945-17e8-4d56-aab2-8625060ab3d3,model electromechanical systems,sector-specific,"Model and simulate an electromechanical system, product, or component so that an assessment can be made of the viability of the product and so the physical parameters can be examined before the actual building of the product.",No approved automatic normalization match.
ESCO|esco_skills|http://data.europa.eu/esco/skill/bbbd263e-affb-4ec8-84fb-3e5d9e62306b,ESCO,1.2.1,skill,esco_skills,http://data.europa.eu/esco/skill/bbbd263e-affb-4ec8-84fb-3e5d9e62306b,model hardware,sector-specific,Model and simulate computer hardware using technical design software. Assess the viability of the product and examine the physical parameters to ensure a successful production process.,No approved automatic normalization match.
ESCO|esco_skills|http://data.europa.eu/esco/skill/59a8086b-59b3-4e88-9341-21d7fb693b89,ESCO,1.2.1,skill,esco_skills,http://data.europa.eu/esco/skill/59a8086b-59b3-4e88-9341-21d7fb693b89,moderate in negotiations,cross-sector,"Oversee negotiations between two parties as a neutral witness to ensure that the negotiations occur in a friendly and productive manner, that a compromise is reached, and that everything is compliant with legal regulations.",No approved automatic normalization match.
ESCO|esco_skills|http://data.europa.eu/esco/skill/d52487b0-cb03-4f41-a269-40c718018c2c,ESCO,1.2.1,skill,esco_skills,http://data.europa.eu/esco/skill/d52487b0-cb03-4f41-a269-40c718018c2c,monitor after sales records,sector-specific,Keep an eye on the after sales feedback and monitor customer satisfaction or complaints; record after sales calls for thorough data analysis.,No approved automatic normalization match.
ESCO|esco_skills|http://data.europa.eu/esco/skill/6fce8d3f-a15f-4f26-943a-d200b32f6949,ESCO,1.2.1,skill,esco_skills,http://data.europa.eu/esco/skill/6fce8d3f-a15f-4f26-943a-d200b32f6949,monitor company policy,cross-sector,Monitor the company's policy and propose improvements to the company.,No approved automatic normalization match.
ESCO|esco_skills|http://data.europa.eu/esco/skill/d89f5cee-649a-44bd-9aa9-8e74bbdbd50d,ESCO,1.2.1,skill,esco_skills,http://data.europa.eu/esco/skill/d89f5cee-649a-44bd-9aa9-8e74bbdbd50d,monitor contractor performance,cross-sector,Manage contractor performance and assess whether they are meeting the agreed standard and correct underperformance if needed.,No approved automatic normalization match.
ESCO|esco_skills|http://data.europa.eu/esco/skill/188048ff-18bf-43c4-a1a0-7adb6e68f421,ESCO,1.2.1,skill,esco_skills,http://data.europa.eu/esco/skill/188048ff-18bf-43c4-a1a0-7adb6e68f421,monitor machine operations,cross-sector,Observing machine operations and evaluating product quality thereby ensuring conformity to standards.,No approved automatic normalization match.
ESCO|esco_skills|http://data.europa.eu/esco/skill/9a8043af-5b1c-4f16-9e00-39416b46f512,ESCO,1.2.1,skill,esco_skills,http://data.europa.eu/esco/skill/9a8043af-5b1c-4f16-9e00-39416b46f512,monitor nuclear power plant systems,cross-sector,"Control nuclear plant systems, such as ventilation and water draining systems, to ensure proper functioning and identify irregularities.",No approved automatic normalization match.
ESCO|esco_skills|http://data.europa.eu/esco/skill/e4a7d2be-9cdd-43c6-ab43-8060fe5ad5c8,ESCO,1.2.1,skill,esco_skills,http://data.europa.eu/esco/skill/e4a7d2be-9cdd-43c6-ab43-8060fe5ad5c8,monitor organisation climate,sector-specific,Monitor the work environment and the behaviour of employees in an organisation to assess how the organisation culture is perceived by the employees and identify the factors which influence behaviour and which may facilitate a positive work environment.,No approved automatic normalization match.
ESCO|esco_skills|http://data.europa.eu/esco/skill/46a8c70b-3894-4ce5-887b-7df4f7456b36,ESCO,1.2.1,skill,esco_skills,http://data.europa.eu/esco/skill/46a8c70b-3894-4ce5-887b-7df4f7456b36,monitor patients' progress related to treatment,sector-specific,"Observe and report on healthcare users' response to medical treatment, monitoring their progress or decay on a daily basis and modifying the treatment procedures whenever necessary.",No approved automatic normalization match.
ESCO|esco_skills|http://data.europa.eu/esco/skill/1b7d5366-516a-4e3a-8ff0-e3f7973c00a7,ESCO,1.2.1,skill,esco_skills,http://data.europa.eu/esco/skill/1b7d5366-516a-4e3a-8ff0-e3f7973c00a7,monitor regulations in social services,cross-sector,"Monitor and analyse regulations, policies and changes in these regulations in order to assess how they impact social work and services.",No approved automatic normalization match.
ESCO|esco_skills|http://data.europa.eu/esco/skill/811acf0c-4dd7-4dda-a4fa-7ca498a95204,ESCO,1.2.1,skill,esco_skills,http://data.europa.eu/esco/skill/811acf0c-4dd7-4dda-a4fa-7ca498a95204,negotiate employment agreements,sector-specific,"Find agreements between employers and potential employees on salary, working conditions and non-statutory benefits.",No approved automatic normalization match.
ESCO|esco_skills|http://data.europa.eu/esco/skill/5d00929a-7124-488a-91c1-324bd75bf8ba,ESCO,1.2.1,skill,esco_skills,http://data.europa.eu/esco/skill/5d00929a-7124-488a-91c1-324bd75bf8ba,negotiate logistics services,sector-specific,"Reach an agreement on the planning and control of the movement of goods, and all related logistical supporting activities without losing sight of one's own or others' goals.",No approved automatic normalization match.
ESCO|esco_skills|http://data.europa.eu/esco/skill/d96bfb0f-e771-4fec-abca-c38f48e02318,ESCO,1.2.1,skill,esco_skills,http://data.europa.eu/esco/skill/d96bfb0f-e771-4fec-abca-c38f48e02318,negotiate with employment agencies,sector-specific,Establish arrangements with employment agencies to organise recruiting activities. Maintain communication with these agencies in order to ensure efficient and productive recruitment with high potential candidates as an outcome.,No approved automatic normalization match.
ESCO|esco_skills|http://data.europa.eu/esco/skill/07889c08-7220-47c8-96f7-6068fbea00dc,ESCO,1.2.1,skill,esco_skills,http://data.europa.eu/esco/skill/07889c08-7220-47c8-96f7-6068fbea00dc,normalise data,sector-specific,"Reduce data to their accurate core form (normal forms) in order to achieve such results as minimisation of dependency, elimination of redundancy, increase of consistency.",No approved automatic normalization match.
ESCO|esco_skills|http://data.europa.eu/esco/skill/8d202e22-85e9-47b1-a1e0-3296d17244cd,ESCO,1.2.1,skill,esco_skills,http://data.europa.eu/esco/skill/8d202e22-85e9-47b1-a1e0-3296d17244cd,observe confidentiality,cross-sector,Observe the set of rules establishing the nondisclosure of information except to another authorised person.,No approved automatic normalization match.
ESCO|esco_skills|http://data.europa.eu/esco/skill/f5b33464-4df9-4cf3-b468-b0a2d6b3ee85,ESCO,1.2.1,skill,esco_skills,http://data.europa.eu/esco/skill/f5b33464-4df9-4cf3-b468-b0a2d6b3ee85,operate 3D computer graphics software,sector-specific,"Use graphical ICT tools, such as Autodesk Maya, Blender which enable digital editing, modelling, rendering and composition of graphics. These tools are based in mathematical representation of three-dimensional objects.",No approved automatic normalization match.
ESCO|esco_skills|http://data.europa.eu/esco/skill/2b34764d-637c-48f5-aa70-31e15c965db6,ESCO,1.2.1,skill,esco_skills,http://data.europa.eu/esco/skill/2b34764d-637c-48f5-aa70-31e15c965db6,operate open source software,sector-specific,"Operate Open Source software, knowing the main Open Source models, licensing schemes, and the coding practices commonly adopted in the production of Open Source software.",No approved automatic normalization match.
ESCO|esco_skills|http://data.europa.eu/esco/skill/d8045ecd-22f3-4711-bb51-58969d9f28c7,ESCO,1.2.1,skill,esco_skills,http://data.europa.eu/esco/skill/d8045ecd-22f3-4711-bb51-58969d9f28c7,operate precision machinery,cross-sector,Operate machinery used for the making of small systems or components with a high level of precision.,No approved automatic normalization match.
ESCO|esco_skills|http://data.europa.eu/esco/skill/7369f779-4b71-4aab-8836-48b69c676eec,ESCO,1.2.1,skill,esco_skills,http://data.europa.eu/esco/skill/7369f779-4b71-4aab-8836-48b69c676eec,operate relational database management system,sector-specific,"Extract, store and verify information using database management systems based on the relational database model, which arranges data into tables of rows and columns, such as Oracle Database, Microsoft SQL Server and MySQL.",No approved automatic normalization match.
ESCO|esco_skills|http://data.europa.eu/esco/skill/f774cc69-f0cf-4767-bf13-9b16dc7f7c07,ESCO,1.2.1,skill,esco_skills,http://data.europa.eu/esco/skill/f774cc69-f0cf-4767-bf13-9b16dc7f7c07,operate ship propulsion system,sector-specific,"Perform start-up and subsequent observation of the working parameters of the ship's propulsion system. Check the operating parameters of electric generators in the switchboard, power sources and electrical and electronic equipment and navigation lights. Verify that the operating parameters of pneumatic and hydraulic systems are within the values. Perform simple maintenance procedures, repair and replacement of damaged items.",No approved automatic normalization match.
ESCO|esco_skills|http://data.europa.eu/esco/skill/798d427e-51b3-4cd4-8b24-1357015e9ae7,ESCO,1.2.1,skill,esco_skills,http://data.europa.eu/esco/skill/798d427e-51b3-4cd4-8b24-1357015e9ae7,optimise production,sector-specific,"Analyse and identify the strengths and weaknesses of solutions, conclusions or approaches to problems; formulate and plan alternatives.",No approved automatic normalization match.
ESCO|esco_skills|http://data.europa.eu/esco/skill/0f0698e7-04e4-4bf7-9af2-e3191147525a,ESCO,1.2.1,skill,esco_skills,http://data.europa.eu/esco/skill/0f0698e7-04e4-4bf7-9af2-e3191147525a,optimise production processes parameters,cross-sector,"Optimise and maintain the parameters of the production process such as flow, temperature or pressure.",No approved automatic normalization match.
ESCO|esco_skills|http://data.europa.eu/esco/skill/2ae4ae1a-367e-47e0-a0cc-6777be3e58d0,ESCO,1.2.1,skill,esco_skills,http://data.europa.eu/esco/skill/2ae4ae1a-367e-47e0-a0cc-6777be3e58d0,organise staff assessment,cross-sector,Organising the overall assessment process of the staff.,No approved automatic normalization match.
ESCO|esco_skills|http://data.europa.eu/esco/skill/6b9194f0-f8bb-4b9a-96a5-2203c9c2671b,ESCO,1.2.1,skill,esco_skills,http://data.europa.eu/esco/skill/6b9194f0-f8bb-4b9a-96a5-2203c9c2671b,oversee assembly operations,cross-sector,Give technical instructions to assembly workers and control their progress to ensure compliance with quality standards and to check that the goals set in the production plan are met.,No approved automatic normalization match.
ESCO|esco_skills|http://data.europa.eu/esco/skill/1de548e0-9535-4d2e-9d20-d4474c1ea813,ESCO,1.2.1,skill,esco_skills,http://data.europa.eu/esco/skill/1de548e0-9535-4d2e-9d20-d4474c1ea813,oversee construction project,cross-sector,"Make sure that the construction project is carried out in compliance with the building permit, the execution plans, the performance and design specifications, and the relevant regulations.",No approved automatic normalization match.
ESCO|esco_skills|http://data.europa.eu/esco/skill/40f27736-0d98-4446-8234-11646e4f4bc3,ESCO,1.2.1,skill,esco_skills,http://data.europa.eu/esco/skill/40f27736-0d98-4446-8234-11646e4f4bc3,oversee logistics of finished products,cross-sector,"Ensure that the processes of packing, storage and shipment of finished products meet the requirements.",No approved automatic normalization match.
ESCO|esco_skills|http://data.europa.eu/esco/skill/5d34adde-0b78-42b4-9d3d-69e9388d8398,ESCO,1.2.1,skill,esco_skills,http://data.europa.eu/esco/skill/5d34adde-0b78-42b4-9d3d-69e9388d8398,oversee quality control,cross-sector,Monitor and assure the quality of the provided goods or services by overseeing that all the factors of the production meet quality requirements. Supervise product inspection and testing.,No approved automatic normalization match.
ESCO|esco_skills|http://data.europa.eu/esco/skill/d4f9906e-3b22-4c27-9b32-1c1f457ced44,ESCO,1.2.1,skill,esco_skills,http://data.europa.eu/esco/skill/d4f9906e-3b22-4c27-9b32-1c1f457ced44,oversee record management,cross-sector,Control and oversee electronic records of an organisation throughout the records life-cycle.,No approved automatic normalization match.
ESCO|esco_skills|http://data.europa.eu/esco/skill/4be3c34e-47ba-4881-ac74-8bd244e0b04c,ESCO,1.2.1,skill,esco_skills,http://data.europa.eu/esco/skill/4be3c34e-47ba-4881-ac74-8bd244e0b04c,participate in health personnel training,sector-specific,Participate in the practical training of health personnel on the basis of the knowledge and skills acquired.,No approved automatic normalization match.
ESCO|esco_skills|http://data.europa.eu/esco/skill/fb15ca73-68fb-41db-a235-0b61d7d9021e,ESCO,1.2.1,skill,esco_skills,http://data.europa.eu/esco/skill/fb15ca73-68fb-41db-a235-0b61d7d9021e,participate in medical records' auditing activities,sector-specific,"Assist and help with any requests arisen during audits related to the archiving, filling and processing of medical records.",No approved automatic normalization match.
ESCO|esco_skills|http://data.europa.eu/esco/skill/a3629b49-ef78-49ce-8538-033772d6e6ca,ESCO,1.2.1,skill,esco_skills,http://data.europa.eu/esco/skill/a3629b49-ef78-49ce-8538-033772d6e6ca,perform a feasibility study on combined heat and power,sector-specific,"Perform the evaluation and assessment of the potential of combined heat and power (CHP). Realise a standardised study to determine technical demands, regulation and costs. Estimate the needed electrical power and heating demand as well as the heat storage needed in order to determine possibilities of CHP by means of load and load duration curves, and conduct research to support the process of decision making.",No approved automatic normalization match.
ESCO|esco_skills|http://data.europa.eu/esco/skill/1e3222fa-724d-41f0-9b0a-e88d1003cd35,ESCO,1.2.1,skill,esco_skills,http://data.europa.eu/esco/skill/1e3222fa-724d-41f0-9b0a-e88d1003cd35,perform a feasibility study on solar absorption cooling,sector-specific,"Perform the evaluation and assessment of the potential of the application of solar cooling. Realise a standardised study to estimate the cooling demand of the building, costs, benefits and life cycle analysis, and conduct research to support the process of decision making.",No approved automatic normalization match.
ESCO|esco_skills|http://data.europa.eu/esco/skill/cf3e976d-2c3e-495c-a874-f9e8a66d3b48,ESCO,1.2.1,skill,esco_skills,http://data.europa.eu/esco/skill/cf3e976d-2c3e-495c-a874-f9e8a66d3b48,perform backups,sector-specific,Implement backup procedures to backup data and systems to ensure permanent and reliable system operation. Execute data backups in order to secure information by copying and archiving to ensure integrity during system integration and after data loss occurrence.,No approved automatic normalization match.
ESCO|esco_skills|http://data.europa.eu/esco/skill/585ed991-fdab-4f3c-9187-a32bfb7ab822,ESCO,1.2.1,skill,esco_skills,http://data.europa.eu/esco/skill/585ed991-fdab-4f3c-9187-a32bfb7ab822,perform balance sheet operations,cross-sector,Make up a balance sheet displaying an overview of the organisation's current financial situation. Take into account income and expenses; fixed assets such as buildings and land; intangible assets such as trademarks and patents.,No approved automatic normalization match.
ESCO|esco_skills|http://data.europa.eu/esco/skill/27ed854c-15b8-4ba2-90e9-ae888a219703,ESCO,1.2.1,skill,esco_skills,http://data.europa.eu/esco/skill/27ed854c-15b8-4ba2-90e9-ae888a219703,perform business analysis,cross-sector,"Evaluate the condition of a business on its own and in relation to the competitive business domain, performing research, placing data in context of the business' needs and determining areas of opportunity.",No approved automatic normalization match.
ESCO|esco_skills|http://data.europa.eu/esco/skill/f022b5ff-8496-4722-a7a3-ef3c072f01f6,ESCO,1.2.1,skill,esco_skills,http://data.europa.eu/esco/skill/f022b5ff-8496-4722-a7a3-ef3c072f01f6,perform clinical coding procedures,sector-specific,Match and record correctly the specific illnesses and treatments of a patient by using a clinical codes classification system.,No approved automatic normalization match.
ESCO|esco_skills|http://data.europa.eu/esco/skill/ce592b28-4467-4908-b2e6-64bbe18da631,ESCO,1.2.1,skill,esco_skills,http://data.europa.eu/esco/skill/ce592b28-4467-4908-b2e6-64bbe18da631,perform copywriting,cross-sector,Write creative texts targeted to a specific audience for marketing and advertising purposes and ensure that the message convinces potential customers to buy a product or a service and facilitates a positive outlook on the organisation.,No approved automatic normalization match.
ESCO|esco_skills|http://data.europa.eu/esco/skill/c5b90c0c-3af0-4c8c-a06c-cc3ced02242c,ESCO,1.2.1,skill,esco_skills,http://data.europa.eu/esco/skill/c5b90c0c-3af0-4c8c-a06c-cc3ced02242c,perform cost accounting activities,cross-sector,"Execute the cost related activities and operations within the accounting activities such as standard cost development, average pricing analysis, margin and cost ratio analysis, inventory control, and variance analysis. Report the results to management and advise on possible courses of action to control and reduce the costs.",No approved automatic normalization match.
ESCO|esco_skills|http://data.europa.eu/esco/skill/2b92a5b2-6758-4ee3-9fb4-b6387a55cc8f,ESCO,1.2.1,skill,esco_skills,http://data.europa.eu/esco/skill/2b92a5b2-6758-4ee3-9fb4-b6387a55cc8f,perform data analysis,cross-sector,"Collect data and statistics to test and evaluate in order to generate assertions and pattern predictions, with the aim of discovering useful information in a decision-making process.",No approved automatic normalization match.
ESCO|esco_skills|http://data.europa.eu/esco/skill/50b100ea-74fd-4706-99db-3e4ca55e51b8,ESCO,1.2.1,skill,esco_skills,http://data.europa.eu/esco/skill/50b100ea-74fd-4706-99db-3e4ca55e51b8,perform data cleansing,cross-sector,"Detect and correct corrupt records from data sets, ensure that the data become and remain structured according to guidelines.",No approved automatic normalization match.
ESCO|esco_skills|http://data.europa.eu/esco/skill/4216e465-7baa-4884-a241-54b197bb9278,ESCO,1.2.1,skill,esco_skills,http://data.europa.eu/esco/skill/4216e465-7baa-4884-a241-54b197bb9278,perform data mining,sector-specific,"Explore large datasets to reveal patterns using statistics, database systems or artificial intelligence and present the information in a comprehensible way.",No approved automatic normalization match.
ESCO|esco_skills|http://data.europa.eu/esco/skill/3e2ab38a-4519-4bef-b762-a8bf4836a775,ESCO,1.2.1,skill,esco_skills,http://data.europa.eu/esco/skill/3e2ab38a-4519-4bef-b762-a8bf4836a775,perform dimensionality reduction,cross-sector,"Reduce the number of variables or features for a dataset in machine learning algorithms through methods such as principal component analysis, matrix factorization, autoencoder methods, and others.",No approved automatic normalization match.
ESCO|esco_skills|http://data.europa.eu/esco/skill/7e305865-5b6d-4225-a4f7-ee5c10aaa134,ESCO,1.2.1,skill,esco_skills,http://data.europa.eu/esco/skill/7e305865-5b6d-4225-a4f7-ee5c10aaa134,perform dunning activities,cross-sector,"Send letters or make phone calls to methodically remind individuals about actions they are requested to take by a set deadline. Use a firmer tone as the due date approaches or passes. If there is an automated dunning process, make sure it runs properly.",No approved automatic normalization match.
ESCO|esco_skills|http://data.europa.eu/esco/skill/ffa1d58b-ba09-49bd-a982-e743b2237006,ESCO,1.2.1,skill,esco_skills,http://data.europa.eu/esco/skill/ffa1d58b-ba09-49bd-a982-e743b2237006,perform energy simulations,sector-specific,"Replicate the building's energy performance by running computer based, mathematical models.",No approved automatic normalization match.
ESCO|esco_skills|http://data.europa.eu/esco/skill/6561f116-70de-47d8-80b8-f0e2a1d2cf11,ESCO,1.2.1,skill,esco_skills,http://data.europa.eu/esco/skill/6561f116-70de-47d8-80b8-f0e2a1d2cf11,perform feasibility study on solar heating,sector-specific,"Perform the evaluation and assessment of the potential of solar heating systems. Realise a standardised study to estimate the heat loss of the building and the heating demand, the demand of domestic hot water, the needed storage volume and the possible types of storage tank, and conduct research to support the process of decision making.",No approved automatic normalization match.
ESCO|esco_skills|http://data.europa.eu/esco/skill/744442ac-c157-4350-8be0-ce454df4f5c5,ESCO,1.2.1,skill,esco_skills,http://data.europa.eu/esco/skill/744442ac-c157-4350-8be0-ce454df4f5c5,perform ICT troubleshooting,cross-sector,"Identify problems with servers, desktops, printers, networks, and remote access, and perform actions which solve the problems.",No approved automatic normalization match.
ESCO|esco_skills|http://data.europa.eu/esco/skill/0fdc32f8-d7f4-48c3-895a-5aefc23a44b4,ESCO,1.2.1,skill,esco_skills,http://data.europa.eu/esco/skill/0fdc32f8-d7f4-48c3-895a-5aefc23a44b4,perform ideation activities,occupation-specific,"Implement the different techniques to generate ideas. Sketching, prototyping and brainstorming are examples of these techniques.",No approved automatic normalization match.
ESCO|esco_skills|http://data.europa.eu/esco/skill/91ba97f5-7518-4638-b2d2-308996db3cf8,ESCO,1.2.1,skill,esco_skills,http://data.europa.eu/esco/skill/91ba97f5-7518-4638-b2d2-308996db3cf8,perform image editing,cross-sector,Edit various types of images such as analogue and digital photographs or illustrations.,No approved automatic normalization match.
ESCO|esco_skills|http://data.europa.eu/esco/skill/fe39d4db-4cb5-4299-bb9f-896c8fd6ab13,ESCO,1.2.1,skill,esco_skills,http://data.europa.eu/esco/skill/fe39d4db-4cb5-4299-bb9f-896c8fd6ab13,perform market research,cross-sector,"Gather, assess and represent data about target market and customers in order to facilitate strategic development and feasibility studies. Identify market trends.",No approved automatic normalization match.
ESCO|esco_skills|http://data.europa.eu/esco/skill/9646b1e4-7440-4f78-b025-8f3df225ea1d,ESCO,1.2.1,skill,esco_skills,http://data.europa.eu/esco/skill/9646b1e4-7440-4f78-b025-8f3df225ea1d,perform occupation analyses,sector-specific,"Perform an occupation analysis with regard to how an activity is experienced by an individual, taking into account the influences on performance.",No approved automatic normalization match.
ESCO|esco_skills|http://data.europa.eu/esco/skill/062320e5-79d1-45e8-8b7e-5deeb53279a2,ESCO,1.2.1,skill,esco_skills,http://data.europa.eu/esco/skill/062320e5-79d1-45e8-8b7e-5deeb53279a2,perform online data analysis,cross-sector,"Analyse online experiences and online data for purposes of understanding user behaviour, triggers of online attention, and other factors that could optimise webpage development and exposure.",No approved automatic normalization match.
ESCO|esco_skills|http://data.europa.eu/esco/skill/30a4d870-d6fc-4b78-80d5-5741322cc44d,ESCO,1.2.1,skill,esco_skills,http://data.europa.eu/esco/skill/30a4d870-d6fc-4b78-80d5-5741322cc44d,perform patient activity analyses,sector-specific,Perform activity analyses of a patient in the sense of linking requirement and ability analyses. Understand the activity; its demands and context.,No approved automatic normalization match.
ESCO|esco_skills|http://data.europa.eu/esco/skill/cd5efa8c-e44d-4cbc-91c6-796018dbed68,ESCO,1.2.1,skill,esco_skills,http://data.europa.eu/esco/skill/cd5efa8c-e44d-4cbc-91c6-796018dbed68,perform project management,cross-sector,"Manage and plan various resources, such as human resources, budget, deadline, results, and quality necessary for a specific project, and monitor the project's progress in order to achieve a specific goal within a set time and budget.",No approved automatic normalization match.
ESCO|esco_skills|http://data.europa.eu/esco/skill/12428071-1ec8-4d52-a0ce-3eee78e1e1be,ESCO,1.2.1,skill,esco_skills,http://data.europa.eu/esco/skill/12428071-1ec8-4d52-a0ce-3eee78e1e1be,perform records management,sector-specific,"Manage the life-cycle of records of institutions, indivduals, corporate bodies, collections, oral history.",No approved automatic normalization match.
ESCO|esco_skills|http://data.europa.eu/esco/skill/f5dd06b8-5d17-4932-9d03-957d0c4f5051,ESCO,1.2.1,skill,esco_skills,http://data.europa.eu/esco/skill/f5dd06b8-5d17-4932-9d03-957d0c4f5051,perform resource planning,cross-sector,"Estimate the expected input in terms of time, human and financial resources necessary to achieve the project objectives.",No approved automatic normalization match.
ESCO|esco_skills|http://data.europa.eu/esco/skill/1dd23dba-dd00-45ab-abf4-642902538317,ESCO,1.2.1,skill,esco_skills,http://data.europa.eu/esco/skill/1dd23dba-dd00-45ab-abf4-642902538317,perform risk analysis,cross-sector,Identify and assess factors that may jeopardise the success of a project or threaten the organisation's functioning. Implement procedures to avoid or minimise their impact.,No approved automatic normalization match.
ESCO|esco_skills|http://data.europa.eu/esco/skill/4fabca9a-7435-4f33-b1da-3cdb00340fdc,ESCO,1.2.1,skill,esco_skills,http://data.europa.eu/esco/skill/4fabca9a-7435-4f33-b1da-3cdb00340fdc,perform scientific research,cross-sector,"Gain, correct or improve knowledge about phenomena by using scientific methods and techniques, based on empirical or measurable observations.",No approved automatic normalization match.
ESCO|esco_skills|http://data.europa.eu/esco/skill/ec66a2f9-db12-4eec-936a-47632bfdccfb,ESCO,1.2.1,skill,esco_skills,http://data.europa.eu/esco/skill/ec66a2f9-db12-4eec-936a-47632bfdccfb,perform smart grid feasibility study,sector-specific,"Perform the evaluation and assessment of the potential of a smart grid within the project. Realise a standardised study to determine the energy saving contribution, costs and restrictions, and conduct research to support the process of decision making. Consider challenges and opportunities associated with the implementation of wireless technologies for smart grids.",No approved automatic normalization match.
ESCO|esco_skills|http://data.europa.eu/esco/skill/86945516-619a-456e-b0d0-2fb31d927992,ESCO,1.2.1,skill,esco_skills,http://data.europa.eu/esco/skill/86945516-619a-456e-b0d0-2fb31d927992,perform surveying calculations,cross-sector,"Perform calculations and gather technical data in order to determine earth curvature corrections, traverse adjustments and closures, level runs, azimuths, marker placements, etc.",No approved automatic normalization match.
ESCO|esco_skills|http://data.europa.eu/esco/skill/3f86173d-e101-4fcd-934f-ff9de29c081c,ESCO,1.2.1,skill,esco_skills,http://data.europa.eu/esco/skill/3f86173d-e101-4fcd-934f-ff9de29c081c,perform system analysis,occupation-specific,Execute system analyses and calculate to what extent changes could affect outcomes.,No approved automatic normalization match.
ESCO|esco_skills|http://data.europa.eu/esco/skill/465ff64a-1271-4064-8ed1-e969cb68d8b4,ESCO,1.2.1,skill,esco_skills,http://data.europa.eu/esco/skill/465ff64a-1271-4064-8ed1-e969cb68d8b4,perform test run,cross-sector,"Perform tests putting a system, machine, tool or other equipment through a series of actions under actual operating conditions in order to assess its reliability and suitability to realise its tasks, and adjust settings accordingly.",No approved automatic normalization match.
ESCO|esco_skills|http://data.europa.eu/esco/skill/5e13af88-67d3-46ed-af58-8a7b8ebe7b1f,ESCO,1.2.1,skill,esco_skills,http://data.europa.eu/esco/skill/5e13af88-67d3-46ed-af58-8a7b8ebe7b1f,perform venous cannulation,sector-specific,"Place a cannula inside the patient's vein to provide venous access. It allows many practices such as sampling of blood, administration of fluids, medications, parenteral nutrition, and chemotherapy.",No approved automatic normalization match.
ESCO|esco_skills|http://data.europa.eu/esco/skill/5ce80f97-b385-4a41-9339-a6593d0709c1,ESCO,1.2.1,skill,esco_skills,http://data.europa.eu/esco/skill/5ce80f97-b385-4a41-9339-a6593d0709c1,perform video editing,sector-specific,"Rearrange and edit video footage in the course of the post-production process. Edit the footage using a variety of sofware, tools, and techniques such as colour correction and effects, speed effects, and audio enhancing.",No approved automatic normalization match.
ESCO|esco_skills|http://data.europa.eu/esco/skill/736ef286-fbd3-4e5c-a4b4-d1e2008c9898,ESCO,1.2.1,skill,esco_skills,http://data.europa.eu/esco/skill/736ef286-fbd3-4e5c-a4b4-d1e2008c9898,plan digital marketing,cross-sector,"Develop digital marketing strategies for both leisure and business purposes, create websites and deal with mobile technology and social networking.",No approved automatic normalization match.
ESCO|esco_skills|http://data.europa.eu/esco/skill/267b9417-9d05-4731-a877-bfb978fb50eb,ESCO,1.2.1,skill,esco_skills,http://data.europa.eu/esco/skill/267b9417-9d05-4731-a877-bfb978fb50eb,plan engineering activities,cross-sector,Organise engineering activities before starting them.,No approved automatic normalization match.
ESCO|esco_skills|http://data.europa.eu/esco/skill/7d0f33ea-e724-4d77-8b75-ee4fe66bb9ba,ESCO,1.2.1,skill,esco_skills,http://data.europa.eu/esco/skill/7d0f33ea-e724-4d77-8b75-ee4fe66bb9ba,plan manufacturing processes,cross-sector,Determine and schedule production and assembly steps. Plan manpower and equipment needs taking ergonomic considerations into account.,No approved automatic normalization match.
ESCO|esco_skills|http://data.europa.eu/esco/skill/9c6e951f-aa88-4890-983d-e7a6ee49f5bb,ESCO,1.2.1,skill,esco_skills,http://data.europa.eu/esco/skill/9c6e951f-aa88-4890-983d-e7a6ee49f5bb,plan marketing campaigns,cross-sector,"Develop a method to promote a product through different channels, such as television, radio, print and online platforms, social media with the aim to communicate and deliver value to customers.",No approved automatic normalization match.
ESCO|esco_skills|http://data.europa.eu/esco/skill/08fd2839-670c-4f16-8024-97437f2035ab,ESCO,1.2.1,skill,esco_skills,http://data.europa.eu/esco/skill/08fd2839-670c-4f16-8024-97437f2035ab,plan marketing strategy,cross-sector,"Determine the objective of the marketing strategy whether it is for establishing image, implementing a pricing strategy, or raising awareness of the product. Establish approaches of marketing actions to ensure that goals are achieved efficiently and over a long term.",No approved automatic normalization match.
ESCO|esco_skills|http://data.europa.eu/esco/skill/0a52bed5-fd29-45fb-aba6-e32bccfda1c1,ESCO,1.2.1,skill,esco_skills,http://data.europa.eu/esco/skill/0a52bed5-fd29-45fb-aba6-e32bccfda1c1,plan migration to cloud,sector-specific,"Select existing workloads and processes for potential migration to the cloud and choose migration tools. Determine a new cloud architecture for an existing solution, plan a strategy for migrating existing workloads to the cloud.",No approved automatic normalization match.
ESCO|esco_skills|http://data.europa.eu/esco/skill/6acf652c-33b2-4e28-8f79-1e553f255229,ESCO,1.2.1,skill,esco_skills,http://data.europa.eu/esco/skill/6acf652c-33b2-4e28-8f79-1e553f255229,plan nursing care,sector-specific,"Plan care, defining nursing objectives, deciding on nursing measures to be taken, paying attention to health education and preventative measures and ensuring continuity and fullness of care with the aim of improving the quality of nursing care.",No approved automatic normalization match.
ESCO|esco_skills|http://data.europa.eu/esco/skill/080b0153-36ae-43f6-b3c3-c1fe6fd8f1de,ESCO,1.2.1,skill,esco_skills,http://data.europa.eu/esco/skill/080b0153-36ae-43f6-b3c3-c1fe6fd8f1de,plan procedures for cargo operations,sector-specific,Plan a series of logistical procedures for cargo operations staff. Ensure the implementation of plans to the original specification.,No approved automatic normalization match.
ESCO|esco_skills|http://data.europa.eu/esco/skill/c73ea1b8-e121-4f91-b8f0-dee4ee28d6ec,ESCO,1.2.1,skill,esco_skills,http://data.europa.eu/esco/skill/c73ea1b8-e121-4f91-b8f0-dee4ee28d6ec,plan schedule,cross-sector,"Develop the schedule including procedures, appointments and working hours.",No approved automatic normalization match.
ESCO|esco_skills|http://data.europa.eu/esco/skill/74cb80c4-df6b-4d79-a153-cb7b3b3b6eb0,ESCO,1.2.1,skill,esco_skills,http://data.europa.eu/esco/skill/74cb80c4-df6b-4d79-a153-cb7b3b3b6eb0,plan social media marketing campaigns,sector-specific,Plan and implement a marketing campaign on social media.,No approved automatic normalization match.
ESCO|esco_skills|http://data.europa.eu/esco/skill/5a23ed81-6c48-4631-a2a5-740f8079f50b,ESCO,1.2.1,skill,esco_skills,http://data.europa.eu/esco/skill/5a23ed81-6c48-4631-a2a5-740f8079f50b,plan supply chain logistics for footwear and leather goods,sector-specific,"Plan, organise and monitor logistics and supply chain activities based on the footwear or leather goods company's main objectives regarding quality, cost, delivery, and flexibility.",No approved automatic normalization match.
ESCO|esco_skills|http://data.europa.eu/esco/skill/3e9b580d-811b-48df-a5d1-a7bdd26f901f,ESCO,1.2.1,skill,esco_skills,http://data.europa.eu/esco/skill/3e9b580d-811b-48df-a5d1-a7bdd26f901f,prepare financial auditing reports,cross-sector,"Compile information on audit findings of financial statements and financial management in order to prepare reports, point out improvement possibilities, and confirm governability.",No approved automatic normalization match.
ESCO|esco_skills|http://data.europa.eu/esco/skill/60f51172-37c0-4933-a27a-cbf55dcd7580,ESCO,1.2.1,skill,esco_skills,http://data.europa.eu/esco/skill/60f51172-37c0-4933-a27a-cbf55dcd7580,prepare financial statements,cross-sector,"Collect, entry, and prepare the set of financial records disclosing the financial position of a company at the end of a certain period or accounting year. The financial statements consisting of five parts which are the statement of financial position, the statement of comprehensive income, the statement of changes in equity (SOCE), the statement of cash flows and notes.",No approved automatic normalization match.
ESCO|esco_skills|http://data.europa.eu/esco/skill/929e89f9-ac69-4bcb-9eea-37257aa5aff9,ESCO,1.2.1,skill,esco_skills,http://data.europa.eu/esco/skill/929e89f9-ac69-4bcb-9eea-37257aa5aff9,prepare for job interview,sector-specific,"Make someone ready to deal with job interviews, by advising on communication, body language and appearance, going through frequently asked questions, and identifying personal and professional strengths and weaknesses.",No approved automatic normalization match.
ESCO|esco_skills|http://data.europa.eu/esco/skill/fd843a67-4662-4682-9c7e-b4d794eaff12,ESCO,1.2.1,skill,esco_skills,http://data.europa.eu/esco/skill/fd843a67-4662-4682-9c7e-b4d794eaff12,prepare market research reports,cross-sector,"Report on the outcomes of the market research, main observations and outcomes, and notes helpful for analysing the information.",No approved automatic normalization match.
ESCO|esco_skills|http://data.europa.eu/esco/skill/1ba59ce0-7fec-434b-8d5c-9b275250a26c,ESCO,1.2.1,skill,esco_skills,http://data.europa.eu/esco/skill/1ba59ce0-7fec-434b-8d5c-9b275250a26c,prepare presentation material,cross-sector,"Prepare the documents, slide shows, posters and any other media needed for specific audiences.",No approved automatic normalization match.
ESCO|esco_skills|http://data.europa.eu/esco/skill/e921279a-1a7e-4900-9720-bde93ae3e70e,ESCO,1.2.1,skill,esco_skills,http://data.europa.eu/esco/skill/e921279a-1a7e-4900-9720-bde93ae3e70e,prepare production prototypes,cross-sector,Prepare early models or prototypes in order to test concepts and replicability possibilities. Create prototypes to assess for pre-production tests.,No approved automatic normalization match.
ESCO|esco_skills|http://data.europa.eu/esco/skill/22a173f5-868c-4d82-87e6-beed500ce070,ESCO,1.2.1,skill,esco_skills,http://data.europa.eu/esco/skill/22a173f5-868c-4d82-87e6-beed500ce070,prepare tax returns forms,cross-sector,Totalise all the deductible tax collected during the quarter or fiscal year in order to fill tax return forms and claim it back to the governmental authorities for declaring taxation liability. Keep the documents and records supporting the transaction.,No approved automatic normalization match.
ESCO|esco_skills|http://data.europa.eu/esco/skill/eaa9727c-df1e-407a-85d3-48cc71508bc2,ESCO,1.2.1,skill,esco_skills,http://data.europa.eu/esco/skill/eaa9727c-df1e-407a-85d3-48cc71508bc2,prepare trial accounting balances,cross-sector,Ensure that all transactions are recorded in the books of the company and totalise all the debits and the credits of the accounts to find out balance in the accounts.,No approved automatic normalization match.
ESCO|esco_skills|http://data.europa.eu/esco/skill/674e8dd7-bb77-407c-8f77-c2dda956aa54,ESCO,1.2.1,skill,esco_skills,http://data.europa.eu/esco/skill/674e8dd7-bb77-407c-8f77-c2dda956aa54,prescribe healthcare products,sector-specific,"Prescribe healthcare products, when indicated, for therapeutic effectiveness, appropriate to the client`s needs and in accordance with evidence-based practice, national and practice protocols and within scope of practice.",No approved automatic normalization match.
ESCO|esco_skills|http://data.europa.eu/esco/skill/8eab4e4f-03f8-4a66-a830-ec4e5db43253,ESCO,1.2.1,skill,esco_skills,http://data.europa.eu/esco/skill/8eab4e4f-03f8-4a66-a830-ec4e5db43253,prescribe medication,sector-specific,"Prescribe medications, when indicated, for therapeutic effectiveness, appropriate to the client`s needs and in accordance with evidence-based practice, national and practice protocols and within scope of practice.",No approved automatic normalization match.
ESCO|esco_skills|http://data.europa.eu/esco/skill/d0f2f8a7-d935-4a6d-8e54-dcc3e5e2cbeb,ESCO,1.2.1,skill,esco_skills,http://data.europa.eu/esco/skill/d0f2f8a7-d935-4a6d-8e54-dcc3e5e2cbeb,present reports,cross-sector,"Display results, statistics and conclusions to an audience in a transparent and straightforward way.",No approved automatic normalization match.
ESCO|esco_skills|http://data.europa.eu/esco/skill/ec66b111-d8d0-4516-88ba-ee0b6fe6f695,ESCO,1.2.1,skill,esco_skills,http://data.europa.eu/esco/skill/ec66b111-d8d0-4516-88ba-ee0b6fe6f695,process customer orders,cross-sector,"Handle orders placed by customers. Receive the customer order and define a list of requirements, a working process, and a time frame. Execute the work as planned.",No approved automatic normalization match.
ESCO|esco_skills|http://data.europa.eu/esco/skill/f2d57f41-43b4-4f5b-8100-3df5c21eda50,ESCO,1.2.1,skill,esco_skills,http://data.europa.eu/esco/skill/f2d57f41-43b4-4f5b-8100-3df5c21eda50,process data,cross-sector,"Enter information into a data storage and data retrieval system via processes such as scanning, manual keying or electronic data transfer in order to process large amounts of data.",No approved automatic normalization match.
ESCO|esco_skills|http://data.europa.eu/esco/skill/e49c4d19-dea6-42a1-bde2-30d69dc0ca24,ESCO,1.2.1,skill,esco_skills,http://data.europa.eu/esco/skill/e49c4d19-dea6-42a1-bde2-30d69dc0ca24,profile people,sector-specific,"Create a profile of someone, by outlining this person's characteristics, personality, skills and motives, often by the use of information obtained from an interview or questionnaire.",No approved automatic normalization match.
ESCO|esco_skills|http://data.europa.eu/esco/skill/cf200547-25b5-47c8-9eda-bca4aedc13fb,ESCO,1.2.1,skill,esco_skills,http://data.europa.eu/esco/skill/cf200547-25b5-47c8-9eda-bca4aedc13fb,program firmware,cross-sector,"Program permanent software with a read-only memory (ROM) on a hardware device, such as an integrated circuit.",No approved automatic normalization match.
ESCO|esco_skills|http://data.europa.eu/esco/skill/1b3370df-c280-470c-ac35-951f42ca8b19,ESCO,1.2.1,skill,esco_skills,http://data.europa.eu/esco/skill/1b3370df-c280-470c-ac35-951f42ca8b19,promote a positive image of nursing,cross-sector,Present and preserve a positive image of nursing in specific environments of the healthcare and educational spectra.,No approved automatic normalization match.
ESCO|esco_skills|http://data.europa.eu/esco/skill/14d88fae-ead0-4d19-8519-04b154b46987,ESCO,1.2.1,skill,esco_skills,http://data.europa.eu/esco/skill/14d88fae-ead0-4d19-8519-04b154b46987,promote health and safety policies in health services,sector-specific,"Promote adherence to local, regional, national and EU Health and Safety legislation, policies, guidelines and protocols.",No approved automatic normalization match.
ESCO|esco_skills|http://data.europa.eu/esco/skill/646d871b-4503-4dc8-a076-06d7085e4cde,ESCO,1.2.1,skill,esco_skills,http://data.europa.eu/esco/skill/646d871b-4503-4dc8-a076-06d7085e4cde,promote human rights,cross-sector,"Promote and respect human rights and diversity in light of the physical, psychological, spiritual and social needs of autonomous individuals, taking into account their opinions, beliefs and values, and the international and national codes of ethics, as well as the ethical implications of healthcare provision, ensuring their right to privacy and honouring for the confidentiality of healthcare information.",No approved automatic normalization match.
ESCO|esco_skills|http://data.europa.eu/esco/skill/bcd2ce08-ba12-4d66-865f-f4ba36419707,ESCO,1.2.1,skill,esco_skills,http://data.europa.eu/esco/skill/bcd2ce08-ba12-4d66-865f-f4ba36419707,promote inclusion,cross-sector,"Promote and respect diversity, and advocate for equal treatment of genders, ethnicities and minority groups in organisations in order to prevent discrimination and ensure inclusion and a positive environment.",No approved automatic normalization match.
ESCO|esco_skills|http://data.europa.eu/esco/skill/872a1632-f1db-4feb-bb27-0a6a359b7591,ESCO,1.2.1,skill,esco_skills,http://data.europa.eu/esco/skill/872a1632-f1db-4feb-bb27-0a6a359b7591,promote open innovation in research,cross-sector,"Apply techniques, models, methods and strategies which contribute to the promotion of steps towards innovation through collaboration with people and organizations outside the organisation.",No approved automatic normalization match.
ESCO|esco_skills|http://data.europa.eu/esco/skill/fa642fc3-5cc5-41cf-8926-6617a8b976a7,ESCO,1.2.1,skill,esco_skills,http://data.europa.eu/esco/skill/fa642fc3-5cc5-41cf-8926-6617a8b976a7,promote the participation of citizens in scientific and research activities,cross-sector,"Engage citizens in scientific and research activities and promote their contribution in terms of knowledge, time or resources invested.",No approved automatic normalization match.
ESCO|esco_skills|http://data.europa.eu/esco/skill/988f4ac3-a37c-4b0a-a40f-4e0e56b5919e,ESCO,1.2.1,skill,esco_skills,http://data.europa.eu/esco/skill/988f4ac3-a37c-4b0a-a40f-4e0e56b5919e,promote the transfer of knowledge,cross-sector,"Deploy broad awareness of processes of knowledge valorisation aimed to maximise the two–way flow of technology, intellectual property, expertise and capability between the research base and industry or the public sector.",No approved automatic normalization match.
ESCO|esco_skills|http://data.europa.eu/esco/skill/07e51c60-763a-4335-b4ec-70a15f66d328,ESCO,1.2.1,skill,esco_skills,http://data.europa.eu/esco/skill/07e51c60-763a-4335-b4ec-70a15f66d328,propose ICT solutions to business problems,cross-sector,"Suggest how to solve business issues, using ICT means, so that business processes are improved.",No approved automatic normalization match.
ESCO|esco_skills|http://data.europa.eu/esco/skill/72836f47-cf5c-48e1-a82b-1cf6e4e0f623,ESCO,1.2.1,skill,esco_skills,http://data.europa.eu/esco/skill/72836f47-cf5c-48e1-a82b-1cf6e4e0f623,protect employee rights,cross-sector,Assess and handle situations in which the rights set by legislation and corporate policy for employees may be breached and take the appropriate actions in order to protect the employees.,No approved automatic normalization match.
ESCO|esco_skills|http://data.europa.eu/esco/skill/33a82b83-c838-4889-ae62-fae1317481eb,ESCO,1.2.1,skill,esco_skills,http://data.europa.eu/esco/skill/33a82b83-c838-4889-ae62-fae1317481eb,protect personal data and privacy,cross-sector,Protect personal data and privacy in digital environments. Understand how to use and share personally identifiable information while being able to protect oneself and others from damages. Understand that digital services use a “Privacy policy” to inform how personal data is used.,No approved automatic normalization match.
ESCO|esco_skills|http://data.europa.eu/esco/skill/2cc35da7-3fd8-42e8-aa70-87ef8a3b1f3b,ESCO,1.2.1,skill,esco_skills,http://data.europa.eu/esco/skill/2cc35da7-3fd8-42e8-aa70-87ef8a3b1f3b,provide assistive technology,occupation-specific,Provide persons with assistive technology to enable them to perform activities more functionally.,No approved automatic normalization match.
ESCO|esco_skills|http://data.europa.eu/esco/skill/848c6821-5578-4104-9060-f1bf75bb3a80,ESCO,1.2.1,skill,esco_skills,http://data.europa.eu/esco/skill/848c6821-5578-4104-9060-f1bf75bb3a80,provide comprehensive care for patients with surgical conditions,sector-specific,Provide comprehensive care of critically ill patients with underlying surgical conditions.,No approved automatic normalization match.
ESCO|esco_skills|http://data.europa.eu/esco/skill/48b68726-0fd6-4e03-a5eb-82236516ee7a,ESCO,1.2.1,skill,esco_skills,http://data.europa.eu/esco/skill/48b68726-0fd6-4e03-a5eb-82236516ee7a,provide cost benefit analysis reports,cross-sector,"Prepare, compile and communicate reports with broken down cost analysis on the proposal and budget plans of the company. Analyse the financial or social costs and benefits of a project or investment in advance over a given period of time.",No approved automatic normalization match.
ESCO|esco_skills|http://data.europa.eu/esco/skill/3c1ef982-b91a-47f7-9cab-0bb1b0d50283,ESCO,1.2.1,skill,esco_skills,http://data.europa.eu/esco/skill/3c1ef982-b91a-47f7-9cab-0bb1b0d50283,provide early intervention therapy to infants,occupation-specific,"Identify infants and toddlers who suffer from developmental delays, or are at risk, and provide early intervention therapy.",No approved automatic normalization match.
ESCO|esco_skills|http://data.europa.eu/esco/skill/60b2dd49-c677-4f47-816e-aff3b577e113,ESCO,1.2.1,skill,esco_skills,http://data.europa.eu/esco/skill/60b2dd49-c677-4f47-816e-aff3b577e113,provide health education,cross-sector,"Provide evidence based strategies to promote healthy living, disease prevention and management.",No approved automatic normalization match.
ESCO|esco_skills|http://data.europa.eu/esco/skill/d4cc5022-7801-4885-bcff-166552788d35,ESCO,1.2.1,skill,esco_skills,http://data.europa.eu/esco/skill/d4cc5022-7801-4885-bcff-166552788d35,provide improvement strategies,cross-sector,Identify root causes of problems and submit proposals for effective and long-term solutions.,No approved automatic normalization match.
ESCO|esco_skills|http://data.europa.eu/esco/skill/6d6fb354-ae77-4fb0-80d3-e4e52270774a,ESCO,1.2.1,skill,esco_skills,http://data.europa.eu/esco/skill/6d6fb354-ae77-4fb0-80d3-e4e52270774a,provide information on the effects of physiotherapy,sector-specific,"Provide information on therapeutic outcomes and any inherent risks to the client making sure he/she understands, acting in accordance with ethical principles and local/national policies where the client does not have the capacity to understand.",No approved automatic normalization match.
ESCO|esco_skills|http://data.europa.eu/esco/skill/758e8e0c-2406-460f-b33c-36b422e018bb,ESCO,1.2.1,skill,esco_skills,http://data.europa.eu/esco/skill/758e8e0c-2406-460f-b33c-36b422e018bb,provide learning support in healthcare,sector-specific,"Provide the necessary support to facilitate learning for clients, carers, students, peers, support workers and other healthcare practitioners by assessing the learner`s development needs and preferences, designing agreed formal and informal outcomes of learning and delivering materials that facilitate learning and development.",No approved automatic normalization match.
ESCO|esco_skills|http://data.europa.eu/esco/skill/dfb9cec6-3ae3-408a-9d57-c44361bf7aaf,ESCO,1.2.1,skill,esco_skills,http://data.europa.eu/esco/skill/dfb9cec6-3ae3-408a-9d57-c44361bf7aaf,provide multimedia content,sector-specific,"Develop multimedia materials such as screen shots, graphics, slide shows, animations and videos to be used as content integrated in a broader informational context.",No approved automatic normalization match.
ESCO|esco_skills|http://data.europa.eu/esco/skill/6063652e-22c4-472e-bb96-6e5ec1e7c5de,ESCO,1.2.1,skill,esco_skills,http://data.europa.eu/esco/skill/6063652e-22c4-472e-bb96-6e5ec1e7c5de,provide nursing advice on healthcare,sector-specific,"Give advice to, instruct and support persons needing nursing care and their attachment figures.",No approved automatic normalization match.
ESCO|esco_skills|http://data.europa.eu/esco/skill/0bb3792c-0a17-4e48-a8b3-5603bb12a660,ESCO,1.2.1,skill,esco_skills,http://data.europa.eu/esco/skill/0bb3792c-0a17-4e48-a8b3-5603bb12a660,provide nursing care in community settings,occupation-specific,"Provide nursing care in community settings such as schools, home settings, assisted living facilities, correctional facilities and hospice, and outside the hospital system.",No approved automatic normalization match.
ESCO|esco_skills|http://data.europa.eu/esco/skill/b469a01e-2d3c-4143-8af8-687630fb4ee5,ESCO,1.2.1,skill,esco_skills,http://data.europa.eu/esco/skill/b469a01e-2d3c-4143-8af8-687630fb4ee5,provide palliative care,sector-specific,"Provide care to improve the quality of life of patients and their caregivers confronting life-threatening illness, preventing and relieving suffering by means of early identification and adequate intervention.",No approved automatic normalization match.
ESCO|esco_skills|http://data.europa.eu/esco/skill/154c7027-53f6-4e52-96b9-32bdf949c389,ESCO,1.2.1,skill,esco_skills,http://data.europa.eu/esco/skill/154c7027-53f6-4e52-96b9-32bdf949c389,provide physiotherapy diagnosis,sector-specific,"Provide a physiotherapy diagnosis/clinical impression of the client`s condition, working with the client to identify impairments, activity and participation limitations resulting from illness, injury and/or ageing, undertaking a holistic approach.",No approved automatic normalization match.
ESCO|esco_skills|http://data.europa.eu/esco/skill/1023ac61-250f-4eef-b7a9-238cf071685f,ESCO,1.2.1,skill,esco_skills,http://data.europa.eu/esco/skill/1023ac61-250f-4eef-b7a9-238cf071685f,provide professional care in nursing,cross-sector,"Provide professional care, adequate to the health and nursing care needs of the individuals, families and groups, taking into account the scientific developments, as well as the quality and safety requirements established in accordance with the legal/professional conduct regulations.",No approved automatic normalization match.
ESCO|esco_skills|http://data.europa.eu/esco/skill/624d9fff-370d-4001-9481-9c86129fd84f,ESCO,1.2.1,skill,esco_skills,http://data.europa.eu/esco/skill/624d9fff-370d-4001-9481-9c86129fd84f,provide self management support,cross-sector,Provide evidence-based information and strategies on self management to the client.,No approved automatic normalization match.
ESCO|esco_skills|http://data.europa.eu/esco/skill/81b6d428-028b-4bf5-89a2-5e5cb4a8c444,ESCO,1.2.1,skill,esco_skills,http://data.europa.eu/esco/skill/81b6d428-028b-4bf5-89a2-5e5cb4a8c444,provide stroke rehabilitation services,sector-specific,"Provide services to patients who have suffered from stroke, helping them relearn skills that are lost when part of the brain is damaged.",No approved automatic normalization match.
ESCO|esco_skills|http://data.europa.eu/esco/skill/c82f9319-cf46-4257-a8ce-542d0a7fed8f,ESCO,1.2.1,skill,esco_skills,http://data.europa.eu/esco/skill/c82f9319-cf46-4257-a8ce-542d0a7fed8f,provide treatment strategies for challenges to human health,sector-specific,Identify possible treatment protocols for the challenges to human health within a given community in cases such as infectious diseases of high consequences at the global level.,No approved automatic normalization match.
ESCO|esco_skills|http://data.europa.eu/esco/skill/385479b7-5da5-4367-9763-0d15b41bb65b,ESCO,1.2.1,skill,esco_skills,http://data.europa.eu/esco/skill/385479b7-5da5-4367-9763-0d15b41bb65b,provide user documentation,cross-sector,"Develop and organise the distribution of structured documents to assist people using a particular product or system, such as written or visual information about an application system and how to use it.",No approved automatic normalization match.
ESCO|esco_skills|http://data.europa.eu/esco/skill/be40c4c3-a855-4d67-9ca5-6f4428c34b0d,ESCO,1.2.1,skill,esco_skills,http://data.europa.eu/esco/skill/be40c4c3-a855-4d67-9ca5-6f4428c34b0d,provide written content,cross-sector,Communicate information in written form via digital or print media according to the needs of the target group. Structure the content according to specifications and standards. Apply grammar and spelling rules.,No approved automatic normalization match.
ESCO|esco_skills|http://data.europa.eu/esco/skill/979cf728-896f-4f2c-8fa8-2698ca0d4930,ESCO,1.2.1,skill,esco_skills,http://data.europa.eu/esco/skill/979cf728-896f-4f2c-8fa8-2698ca0d4930,publish academic research,cross-sector,"Conduct academic research, in universities and research institutions, or on a personal account, publish it in books or academic journals with the aim of contributing to a field of expertise and achieving personal academic accreditation.",No approved automatic normalization match.
ESCO|esco_skills|http://data.europa.eu/esco/skill/92f54ff7-f6d8-4702-8e0f-2d7d3254a7fd,ESCO,1.2.1,skill,esco_skills,http://data.europa.eu/esco/skill/92f54ff7-f6d8-4702-8e0f-2d7d3254a7fd,re-assemble engines,sector-specific,"Re-assemble transport equipment engines after overhaul, inspection, repair, maintenace or cleaning according to blueprints and technical plans.",No approved automatic normalization match.
ESCO|esco_skills|http://data.europa.eu/esco/skill/b07daddc-8625-4360-946e-ad2b0e56ebf6,ESCO,1.2.1,skill,esco_skills,http://data.europa.eu/esco/skill/b07daddc-8625-4360-946e-ad2b0e56ebf6,read engineering drawings,cross-sector,"Read the technical drawings of a product made by the engineer in order to suggest improvements, make models of the product or operate it.",No approved automatic normalization match.
ESCO|esco_skills|http://data.europa.eu/esco/skill/68b6ef08-d823-489d-a95c-752ae6f6e6a7,ESCO,1.2.1,skill,esco_skills,http://data.europa.eu/esco/skill/68b6ef08-d823-489d-a95c-752ae6f6e6a7,read standard blueprints,cross-sector,"Read and comprehend standard blueprints, machine, and process drawings.",No approved automatic normalization match.
ESCO|esco_skills|http://data.europa.eu/esco/skill/7d0da710-7fb9-4291-abbe-5e359c8339d0,ESCO,1.2.1,skill,esco_skills,http://data.europa.eu/esco/skill/7d0da710-7fb9-4291-abbe-5e359c8339d0,record healthcare users' billing information,cross-sector,Record the healthcare user`s information for the billing of provided medical services.,No approved automatic normalization match.
ESCO|esco_skills|http://data.europa.eu/esco/skill/342af3a1-4fdc-4ddc-898a-bb82a7f62efe,ESCO,1.2.1,skill,esco_skills,http://data.europa.eu/esco/skill/342af3a1-4fdc-4ddc-898a-bb82a7f62efe,record healthcare users' progress related to treatment,sector-specific,"Record the healthcare user's progress in response to treatment by observing, listening and measuring outcomes.",No approved automatic normalization match.
ESCO|esco_skills|http://data.europa.eu/esco/skill/3adb8e1f-ea24-4d8a-ba91-a78bf97ab87e,ESCO,1.2.1,skill,esco_skills,http://data.europa.eu/esco/skill/3adb8e1f-ea24-4d8a-ba91-a78bf97ab87e,record treated patient's information,cross-sector,Record information accurately relating to the progress of the patient during therapy sessions.,No approved automatic normalization match.
ESCO|esco_skills|http://data.europa.eu/esco/skill/496932f1-0b6b-4f73-9432-d95c7ddcd43b,ESCO,1.2.1,skill,esco_skills,http://data.europa.eu/esco/skill/496932f1-0b6b-4f73-9432-d95c7ddcd43b,recruit employees,cross-sector,"Hire new employees by scoping the job role, advertising, performing interviews and selecting staff in line with company policy and legislation.",No approved automatic normalization match.
ESCO|esco_skills|http://data.europa.eu/esco/skill/eb9f8a48-4be4-434b-be9d-293ff5c07f97,ESCO,1.2.1,skill,esco_skills,http://data.europa.eu/esco/skill/eb9f8a48-4be4-434b-be9d-293ff5c07f97,refer healthcare users,sector-specific,"Make referrals to other professionals, based on the healthcare user's requirements and needs, especially when recognising that additional healthcare diagnostics or interventions are required.",No approved automatic normalization match.
ESCO|esco_skills|http://data.europa.eu/esco/skill/ffef5eb3-a15e-47f5-8c2f-490516c16f6f,ESCO,1.2.1,skill,esco_skills,http://data.europa.eu/esco/skill/ffef5eb3-a15e-47f5-8c2f-490516c16f6f,remediate healthcare user's occupational performance,sector-specific,"Remediate or restore the cognitive, sensorimotor, or psychosocial components of the healthcare user`s occupational performance.",No approved automatic normalization match.
ESCO|esco_skills|http://data.europa.eu/esco/skill/8359bd04-d2cb-4757-af1f-39a921df9efe,ESCO,1.2.1,skill,esco_skills,http://data.europa.eu/esco/skill/8359bd04-d2cb-4757-af1f-39a921df9efe,remove computer virus or malware from a computer,cross-sector,Carry out actions to remove computer viruses or other types of malware from a computer.,No approved automatic normalization match.
ESCO|esco_skills|http://data.europa.eu/esco/skill/1bc7c69b-4292-4592-b854-f48165a06082,ESCO,1.2.1,skill,esco_skills,http://data.europa.eu/esco/skill/1bc7c69b-4292-4592-b854-f48165a06082,repair engines,cross-sector,"Repair identified problems with internal combustion engines, external combustion engines and electrical motors. Replace and fix faulty parts by using hand and machine tools.",No approved automatic normalization match.
ESCO|esco_skills|http://data.europa.eu/esco/skill/c544a9f3-5945-4b54-afed-de0697852817,ESCO,1.2.1,skill,esco_skills,http://data.europa.eu/esco/skill/c544a9f3-5945-4b54-afed-de0697852817,report analysis results,cross-sector,"Produce research documents or give presentations to report the results of a conducted research and analysis project, indicating the analysis procedures and methods which led to the results, as well as potential interpretations of the results.",No approved automatic normalization match.
ESCO|esco_skills|http://data.europa.eu/esco/skill/1a4fdd0e-2cbe-4b77-aa6e-e46efc181b76,ESCO,1.2.1,skill,esco_skills,http://data.europa.eu/esco/skill/1a4fdd0e-2cbe-4b77-aa6e-e46efc181b76,represent the organisation,cross-sector,"Act as representative of the institution, company or organisation to the outside world.",No approved automatic normalization match.
ESCO|esco_skills|http://data.europa.eu/esco/skill/74399ae8-d058-44ee-8f79-aa316de010d4,ESCO,1.2.1,skill,esco_skills,http://data.europa.eu/esco/skill/74399ae8-d058-44ee-8f79-aa316de010d4,represent union members,sector-specific,Replace and speak for the members in negotiations with management about workplace topics and represent the union at conferences and negotiations.,No approved automatic normalization match.
ESCO|esco_skills|http://data.europa.eu/esco/skill/72c02483-714c-47de-a3ff-870c5eb634d0,ESCO,1.2.1,skill,esco_skills,http://data.europa.eu/esco/skill/72c02483-714c-47de-a3ff-870c5eb634d0,resolve difficult account allocation cases,occupation-specific,"Perform various activities in the account area which require special technical expertise such as registering income from investments, capital levies or dividends and interests from fixed-interest securities.",No approved automatic normalization match.
ESCO|esco_skills|http://data.europa.eu/esco/skill/07d3074b-f5cd-420a-bdf8-c8d643563ea5,ESCO,1.2.1,skill,esco_skills,http://data.europa.eu/esco/skill/07d3074b-f5cd-420a-bdf8-c8d643563ea5,respect publication formats,cross-sector,Submit text material for printing purposes. Always respect the required and expected publication formats.,No approved automatic normalization match.
ESCO|esco_skills|http://data.europa.eu/esco/skill/049c8caf-dd12-45fc-9bfa-b64051f32a19,ESCO,1.2.1,skill,esco_skills,http://data.europa.eu/esco/skill/049c8caf-dd12-45fc-9bfa-b64051f32a19,respond to changing situations in health care,cross-sector,Cope with pressure and respond appropriately and in time to unexpected and rapidly changing situations in healthcare.,No approved automatic normalization match.
ESCO|esco_skills|http://data.europa.eu/esco/skill/87cadd76-4e3a-47e5-b66d-559fbc1e8993,ESCO,1.2.1,skill,esco_skills,http://data.europa.eu/esco/skill/87cadd76-4e3a-47e5-b66d-559fbc1e8993,respond to enquiries,cross-sector,Respond to enquiries and requests for information from other organisations and members of the public.,No approved automatic normalization match.
ESCO|esco_skills|http://data.europa.eu/esco/skill/440d5784-52a5-4729-8b04-29f978bd896d,ESCO,1.2.1,skill,esco_skills,http://data.europa.eu/esco/skill/440d5784-52a5-4729-8b04-29f978bd896d,respond to incidents in cloud,sector-specific,Troubleshoot issues with the cloud and determine how to restore operations. Design and automate disaster recovery strategies and evaluate a deployment for points of failure.,No approved automatic normalization match.
ESCO|esco_skills|http://data.europa.eu/esco/skill/c9956564-e281-4c1b-9d62-b412400fb0cb,ESCO,1.2.1,skill,esco_skills,http://data.europa.eu/esco/skill/c9956564-e281-4c1b-9d62-b412400fb0cb,respond to requests for logistics services from all over the world,occupation-specific,Respond to requests for logistical services from customers in any country around the world.,No approved automatic normalization match.
ESCO|esco_skills|http://data.europa.eu/esco/skill/9b9dc550-351e-4dde-ac2b-7bd411e80e23,ESCO,1.2.1,skill,esco_skills,http://data.europa.eu/esco/skill/9b9dc550-351e-4dde-ac2b-7bd411e80e23,review distribution management procedures,sector-specific,Develop and review distribution procedures in order to minimise expenditures and maximise customer satisfaction.,No approved automatic normalization match.
ESCO|esco_skills|http://data.europa.eu/esco/skill/d5e9b47e-580f-41e7-bc6c-e7345566fcb4,ESCO,1.2.1,skill,esco_skills,http://data.europa.eu/esco/skill/d5e9b47e-580f-41e7-bc6c-e7345566fcb4,review patient's medical data,sector-specific,"Assess and review relevant medical data of patients such as X-rays, medical history and laboratory reports.",No approved automatic normalization match.
ESCO|esco_skills|http://data.europa.eu/esco/skill/2a778aeb-f246-4f03-9a96-c60183001037,ESCO,1.2.1,skill,esco_skills,http://data.europa.eu/esco/skill/2a778aeb-f246-4f03-9a96-c60183001037,schedule production,cross-sector,"Schedule the production aiming maximum profitability while still maintaining the company KPIs in cost, quality, service and innovation.",No approved automatic normalization match.
ESCO|esco_skills|http://data.europa.eu/esco/skill/f975091a-e5a5-4472-ac17-11680e53e98f,ESCO,1.2.1,skill,esco_skills,http://data.europa.eu/esco/skill/f975091a-e5a5-4472-ac17-11680e53e98f,seek innovation in current practices,cross-sector,"Search for improvements and present innovative solutions, creativity and alternative thinking to develop new technologies, methods or ideas for and answers to work-related problems.",No approved automatic normalization match.
ESCO|esco_skills|http://data.europa.eu/esco/skill/8e5a3be5-8bbe-470e-8863-1be9539e0647,ESCO,1.2.1,skill,esco_skills,http://data.europa.eu/esco/skill/8e5a3be5-8bbe-470e-8863-1be9539e0647,select artwork developed by staff members,sector-specific,"Review and approve designs, artwork, photography, and graphics developed by other staff members.",No approved automatic normalization match.
ESCO|esco_skills|http://data.europa.eu/esco/skill/c214d86e-fbb8-45c0-87d4-f2cefc954057,ESCO,1.2.1,skill,esco_skills,http://data.europa.eu/esco/skill/c214d86e-fbb8-45c0-87d4-f2cefc954057,select sustainable technologies in design,sector-specific,"Produce a holistic design, which includes passive measures that are complemented by active technologies in a sensible way.",No approved automatic normalization match.
ESCO|esco_skills|http://data.europa.eu/esco/skill/e975b791-b488-4935-be44-06f2f9a443bb,ESCO,1.2.1,skill,esco_skills,http://data.europa.eu/esco/skill/e975b791-b488-4935-be44-06f2f9a443bb,set up automotive robot,cross-sector,"Set up and programme an automotive robot working on machine processes and substituting or collaboratively supporting human labour, such as the six-axis automotive robot.",No approved automatic normalization match.
ESCO|esco_skills|http://data.europa.eu/esco/skill/d9818afc-1dec-4944-8c9c-e3ae8fad176d,ESCO,1.2.1,skill,esco_skills,http://data.europa.eu/esco/skill/d9818afc-1dec-4944-8c9c-e3ae8fad176d,set up the controller of a machine,cross-sector,Set up and give commands to a machine by dispatching the appropriate data and input into the (computer) controller corresponding with the desired processed product.,No approved automatic normalization match.
ESCO|esco_skills|http://data.europa.eu/esco/skill/999f0cf8-0d78-492c-be17-06ee15bce47a,ESCO,1.2.1,skill,esco_skills,http://data.europa.eu/esco/skill/999f0cf8-0d78-492c-be17-06ee15bce47a,simulate mechatronic design concepts,sector-specific,Simulate mechatronic design concepts through creating mechanical models and performing tolerance analysis.,No approved automatic normalization match.
ESCO|esco_skills|http://data.europa.eu/esco/skill/9e06bac6-6b91-48ca-8b7d-c1f48cdecd7c,ESCO,1.2.1,skill,esco_skills,http://data.europa.eu/esco/skill/9e06bac6-6b91-48ca-8b7d-c1f48cdecd7c,solve ICT system problems,cross-sector,"Identify potential component malfunctions. Monitor, document and communicate about incidents. Deploy appropriate resources with minimal outage and deploy appropriate diagnostic tools.",No approved automatic normalization match.
ESCO|esco_skills|http://data.europa.eu/esco/skill/a32e7fb1-af9e-4c09-8ea7-72b7442e9cda,ESCO,1.2.1,skill,esco_skills,http://data.europa.eu/esco/skill/a32e7fb1-af9e-4c09-8ea7-72b7442e9cda,solve problems in healthcare,sector-specific,"Carry out actions, by previously identifying and analysing problems, that facilitate seeking the most beneficial solution for the patient, the family and the community, reaching objectives, improving outcomes and keeping the quality of their work.",No approved automatic normalization match.
ESCO|esco_skills|http://data.europa.eu/esco/skill/2de4572a-4724-4f76-afc2-72a568a264ac,ESCO,1.2.1,skill,esco_skills,http://data.europa.eu/esco/skill/2de4572a-4724-4f76-afc2-72a568a264ac,speak different languages,cross-sector,Master foreign languages to be able to communicate in one or more foreign languages.,No approved automatic normalization match.
ESCO|esco_skills|http://data.europa.eu/esco/skill/611ed16b-99bf-4840-9cab-f55d1d286e0a,ESCO,1.2.1,skill,esco_skills,http://data.europa.eu/esco/skill/611ed16b-99bf-4840-9cab-f55d1d286e0a,store digital data and systems,cross-sector,"Use software tools to archive data by copying and backing them up, in order to ensure their integrity and to prevent data loss.",No approved automatic normalization match.
ESCO|esco_skills|http://data.europa.eu/esco/skill/c8ab7e5b-b786-412f-a519-dfd93517b698,ESCO,1.2.1,skill,esco_skills,http://data.europa.eu/esco/skill/c8ab7e5b-b786-412f-a519-dfd93517b698,study media sources,sector-specific,"Study various media sources such as broadcasts, print media, and online media in order to gather inspiration for the development of creative concepts.",No approved automatic normalization match.
ESCO|esco_skills|http://data.europa.eu/esco/skill/6fe76a8b-4d5f-4cea-b76b-5908463fb014,ESCO,1.2.1,skill,esco_skills,http://data.europa.eu/esco/skill/6fe76a8b-4d5f-4cea-b76b-5908463fb014,study website behaviour patterns,cross-sector,"Research, analyse and optimise business results and user experience online through the use of tracking website metric tools.",No approved automatic normalization match.
ESCO|esco_skills|http://data.europa.eu/esco/skill/ab5c3fac-238f-4006-a122-1114082a2f46,ESCO,1.2.1,skill,esco_skills,http://data.europa.eu/esco/skill/ab5c3fac-238f-4006-a122-1114082a2f46,supervise brand management,cross-sector,"Supervise the promotion of a particular brand of goods, by liaising with the appropriate departments.",No approved automatic normalization match.
ESCO|esco_skills|http://data.europa.eu/esco/skill/9013b46e-5a9b-4929-8918-fcadfdfd37ce,ESCO,1.2.1,skill,esco_skills,http://data.europa.eu/esco/skill/9013b46e-5a9b-4929-8918-fcadfdfd37ce,supervise daily information operations,cross-sector,Direct daily operations of different units. Coordinate program/project activities to assure the respect of costs and time.,No approved automatic normalization match.
ESCO|esco_skills|http://data.europa.eu/esco/skill/e6ec4da7-8c85-4e80-8660-075f36196a45,ESCO,1.2.1,skill,esco_skills,http://data.europa.eu/esco/skill/e6ec4da7-8c85-4e80-8660-075f36196a45,supervise medical residents,sector-specific,"Oversee and manage the work of residents within the specific medical unit, providing them with guidance and support.",No approved automatic normalization match.
ESCO|esco_skills|http://data.europa.eu/esco/skill/a1ce519d-6aeb-4f54-955a-beef7f08f5f0,ESCO,1.2.1,skill,esco_skills,http://data.europa.eu/esco/skill/a1ce519d-6aeb-4f54-955a-beef7f08f5f0,supervise physiotherapist assistants,sector-specific,Supervise and provide learning opportunities for physiotherapist assistants.,No approved automatic normalization match.
ESCO|esco_skills|http://data.europa.eu/esco/skill/d07e7d39-60f9-4ab9-ba03-73f5f8d65cc8,ESCO,1.2.1,skill,esco_skills,http://data.europa.eu/esco/skill/d07e7d39-60f9-4ab9-ba03-73f5f8d65cc8,supervise physiotherapy students,cross-sector,"Supervise, educate and provide learning opportunities for physiotherapy students.",No approved automatic normalization match.
ESCO|esco_skills|http://data.europa.eu/esco/skill/9601b2a8-68e4-4906-9306-a23679b8f0b0,ESCO,1.2.1,skill,esco_skills,http://data.europa.eu/esco/skill/9601b2a8-68e4-4906-9306-a23679b8f0b0,supervise staff,cross-sector,"Oversee the selection, training, performance and motivation of staff.",No approved automatic normalization match.
ESCO|esco_skills|http://data.europa.eu/esco/skill/147170ba-0141-4337-89af-b4513d745afe,ESCO,1.2.1,skill,esco_skills,http://data.europa.eu/esco/skill/147170ba-0141-4337-89af-b4513d745afe,support development of annual budget,sector-specific,Support the development of the annual budget by producing base data as defined by the operations budget process.,No approved automatic normalization match.
ESCO|esco_skills|http://data.europa.eu/esco/skill/f3c5fae0-c0e3-4410-bc09-62bd82d4cecc,ESCO,1.2.1,skill,esco_skills,http://data.europa.eu/esco/skill/f3c5fae0-c0e3-4410-bc09-62bd82d4cecc,support employability of people with disabilities,cross-sector,Ensure employment opportunities for people with disabilities by making appropriate adjustments to accommodate within reason in line with national legislation and policies on accessibility. Ensure their full integration into the work environment by promoting a culture of acceptance within the organisation and fighting potential stereotypes and prejudices.,No approved automatic normalization match.
ESCO|esco_skills|http://data.europa.eu/esco/skill/f715be1d-5fc4-49d3-82a5-0b8090d12849,ESCO,1.2.1,skill,esco_skills,http://data.europa.eu/esco/skill/f715be1d-5fc4-49d3-82a5-0b8090d12849,synthesise information,cross-sector,"Critically read, interpret, and summarise new and complex information from diverse sources.",No approved automatic normalization match.
ESCO|esco_skills|http://data.europa.eu/esco/skill/daa52226-7795-48ff-aa3e-ad3189d9aa61,ESCO,1.2.1,skill,esco_skills,http://data.europa.eu/esco/skill/daa52226-7795-48ff-aa3e-ad3189d9aa61,tabulate survey results,cross-sector,Collate and organise the answers gathered in interviews or polls in order to be analysed and draw conclusions from them.,No approved automatic normalization match.
ESCO|esco_skills|http://data.europa.eu/esco/skill/441da17f-5560-43d3-920e-2865931c96d2,ESCO,1.2.1,skill,esco_skills,http://data.europa.eu/esco/skill/441da17f-5560-43d3-920e-2865931c96d2,take pictures,sector-specific,"Take photographs of individual people, families and groups, either in a studio setting or on location.",No approved automatic normalization match.
ESCO|esco_skills|http://data.europa.eu/esco/skill/4cd85845-f31c-4306-994d-e12d45114d83,ESCO,1.2.1,skill,esco_skills,http://data.europa.eu/esco/skill/4cd85845-f31c-4306-994d-e12d45114d83,teach in academic or vocational contexts,cross-sector,"Instruct students in the theory and practice of academic or vocational subjects, transferring the content of own and others' research activities.",No approved automatic normalization match.
ESCO|esco_skills|http://data.europa.eu/esco/skill/4babe92a-68a1-4718-b1ab-640735c2cd53,ESCO,1.2.1,skill,esco_skills,http://data.europa.eu/esco/skill/4babe92a-68a1-4718-b1ab-640735c2cd53,test electromechanical systems,sector-specific,"Test electromechanical systems, machines, and components using appropriate equipment. Gather and analyse data. Monitor and evaluate system performance and take action if needed.",No approved automatic normalization match.
ESCO|esco_skills|http://data.europa.eu/esco/skill/6c65bbce-15ce-447e-9666-0fe928f5588c,ESCO,1.2.1,skill,esco_skills,http://data.europa.eu/esco/skill/6c65bbce-15ce-447e-9666-0fe928f5588c,test mechatronic units,sector-specific,Test mechatronic units using appropriate equipment. Gather and analyse data. Monitor and evaluate system performance and take action if needed.,No approved automatic normalization match.
ESCO|esco_skills|http://data.europa.eu/esco/skill/7957b5f9-1f33-4ff8-84e9-e258b17882c2,ESCO,1.2.1,skill,esco_skills,http://data.europa.eu/esco/skill/7957b5f9-1f33-4ff8-84e9-e258b17882c2,test microelectronics,sector-specific,Test microelectronics using appropriate equipment. Gather and analyse data. Monitor and evaluate system performance and take action if needed.,No approved automatic normalization match.
ESCO|esco_skills|http://data.europa.eu/esco/skill/6e34b68e-0d61-49f2-bc4d-571c0326d857,ESCO,1.2.1,skill,esco_skills,http://data.europa.eu/esco/skill/6e34b68e-0d61-49f2-bc4d-571c0326d857,test sensors,cross-sector,Test sensors using appropriate equipment. Gather and analyse data. Monitor and evaluate system performance and take action if needed.,No approved automatic normalization match.
ESCO|esco_skills|http://data.europa.eu/esco/skill/be64bb4c-84ac-4c83-8cc7-fc8593e15136,ESCO,1.2.1,skill,esco_skills,http://data.europa.eu/esco/skill/be64bb4c-84ac-4c83-8cc7-fc8593e15136,test system accessibility for users with special needs,sector-specific,Examine whether software interface complies with standards and regulations so that the system can be used by people with special needs.,No approved automatic normalization match.
ESCO|esco_skills|http://data.europa.eu/esco/skill/9a58cd26-58eb-4a1c-b1b6-64037fe9cfa1,ESCO,1.2.1,skill,esco_skills,http://data.europa.eu/esco/skill/9a58cd26-58eb-4a1c-b1b6-64037fe9cfa1,think abstractly,cross-sector,"Demonstrate the ability to use concepts in order to make and understand generalisations, and relate or connect them to other items, events, or experiences.",No approved automatic normalization match.
ESCO|esco_skills|http://data.europa.eu/esco/skill/e54ff029-1ce9-447d-a5b2-eb7283a23e6e,ESCO,1.2.1,skill,esco_skills,http://data.europa.eu/esco/skill/e54ff029-1ce9-447d-a5b2-eb7283a23e6e,train employees,cross-sector,Lead and guide employees through a process in which they are taught the necessary skills for the perspective job. Organise activities aimed at introducing the work and systems or improving the performance of individuals and groups in organisational settings.,No approved automatic normalization match.
ESCO|esco_skills|http://data.europa.eu/esco/skill/d70701ca-d3be-44cb-963e-8e7142555144,ESCO,1.2.1,skill,esco_skills,http://data.europa.eu/esco/skill/d70701ca-d3be-44cb-963e-8e7142555144,transfer medical information,sector-specific,Extract information from a patient's notes and enter them in a computer programme.,No approved automatic normalization match.
ESCO|esco_skills|http://data.europa.eu/esco/skill/2d6d4784-0992-48e7-b100-22d7229b3f0a,ESCO,1.2.1,skill,esco_skills,http://data.europa.eu/esco/skill/2d6d4784-0992-48e7-b100-22d7229b3f0a,translate requirements into visual design,cross-sector,"Develop visual design from given specifications and requirements, based on the analysis of the scope and target audience. Create a visual representation of ideas such as logos, website graphics, digital games and layouts.",No approved automatic normalization match.
ESCO|esco_skills|http://data.europa.eu/esco/skill/c2aa438c-4f6d-41d4-8146-f899dfb4d1f1,ESCO,1.2.1,skill,esco_skills,http://data.europa.eu/esco/skill/c2aa438c-4f6d-41d4-8146-f899dfb4d1f1,treat medical conditions of elderly people,sector-specific,"Provide treatment to elderly patients affected by the diseases that are common in this age group such as Alzheimer`s disease, cancer (ovarian cancer, prostate cancer), dementia, diabetes, epilepsy, heart disease, osteoporosis, Parkinson`s disease, sleep disorders, and stroke.",No approved automatic normalization match.
ESCO|esco_skills|http://data.europa.eu/esco/skill/32fcad69-381e-43cb-aebc-94f51ea15bab,ESCO,1.2.1,skill,esco_skills,http://data.europa.eu/esco/skill/32fcad69-381e-43cb-aebc-94f51ea15bab,triage clients for physiotherapy,sector-specific,"Triage clients for physiotherapy, prioritising their assessment and indicating where additional services are required.",No approved automatic normalization match.
ESCO|esco_skills|http://data.europa.eu/esco/skill/0c8c1e58-1c48-4efc-9359-9a28f803c52d,ESCO,1.2.1,skill,esco_skills,http://data.europa.eu/esco/skill/0c8c1e58-1c48-4efc-9359-9a28f803c52d,undertake clinical audit,sector-specific,"Undertake internal clinical audit through the collection of statistical, financial and other data related to service delivery.",No approved automatic normalization match.
ESCO|esco_skills|http://data.europa.eu/esco/skill/721419a7-f1b6-454c-80f4-2a84ad90dd33,ESCO,1.2.1,skill,esco_skills,http://data.europa.eu/esco/skill/721419a7-f1b6-454c-80f4-2a84ad90dd33,undertake healthcare examination,sector-specific,"Assess the healthcare user's physical state, taking detailed information on previous injuries, surgery, general health, resources and lifestyle into account.",No approved automatic normalization match.
ESCO|esco_skills|http://data.europa.eu/esco/skill/5da73370-f6b9-417d-a94c-09bf01f84aa2,ESCO,1.2.1,skill,esco_skills,http://data.europa.eu/esco/skill/5da73370-f6b9-417d-a94c-09bf01f84aa2,use access control software,sector-specific,"Utilise software to define the roles and manage user authentication, privileges and access rights to ICT systems, data and services.",No approved automatic normalization match.
ESCO|esco_skills|http://data.europa.eu/esco/skill/04fe962b-4017-4eb7-9139-7d69b6922bc9,ESCO,1.2.1,skill,esco_skills,http://data.europa.eu/esco/skill/04fe962b-4017-4eb7-9139-7d69b6922bc9,use an application-specific interface,sector-specific,Understand and use interfaces particular to an application or use case.,No approved automatic normalization match.
ESCO|esco_skills|http://data.europa.eu/esco/skill/683bc3e3-6ec1-4ad2-8d62-d0ac1fabbe76,ESCO,1.2.1,skill,esco_skills,http://data.europa.eu/esco/skill/683bc3e3-6ec1-4ad2-8d62-d0ac1fabbe76,use analytics for commercial purposes,cross-sector,"Understand, extract and make use of patterns found in data. Use analytics to describe consistent happenings in observed samples in order to apply them to commercial plans, strategies, and corporate quests.",No approved automatic normalization match.
ESCO|esco_skills|http://data.europa.eu/esco/skill/7d10fcb2-b368-48ab-996b-7c9fafcf68ed,ESCO,1.2.1,skill,esco_skills,http://data.europa.eu/esco/skill/7d10fcb2-b368-48ab-996b-7c9fafcf68ed,use automatic programming,sector-specific,"Utilise specialised software tools to generate computer code from specifications, such as diagrams, structured informations or other means of describing functionality.",No approved automatic normalization match.
ESCO|esco_skills|http://data.europa.eu/esco/skill/82de2df7-0d6c-42b1-94ac-b3e9a029e917,ESCO,1.2.1,skill,esco_skills,http://data.europa.eu/esco/skill/82de2df7-0d6c-42b1-94ac-b3e9a029e917,use back-up and recovery tools,cross-sector,"Use tools which allow users to copy and archive computer software, configurations and data and recover them in case of loss.",No approved automatic normalization match.
ESCO|esco_skills|http://data.europa.eu/esco/skill/b34e2ba1-9080-48c9-9b42-ee9192a4d3f1,ESCO,1.2.1,skill,esco_skills,http://data.europa.eu/esco/skill/b34e2ba1-9080-48c9-9b42-ee9192a4d3f1,use CAD software,cross-sector,"Use computer-aided design (CAD) systems to assist in the creation, modification, analysis, or optimisation of a design.",No approved automatic normalization match.
ESCO|esco_skills|http://data.europa.eu/esco/skill/9ab0a456-e4f6-4070-a360-46e1009b6c0d,ESCO,1.2.1,skill,esco_skills,http://data.europa.eu/esco/skill/9ab0a456-e4f6-4070-a360-46e1009b6c0d,use CAE software,sector-specific,Work with computer-aided engineering (CAE) tools to perform analysis tasks such as Finite Element Analysis and Computational Fluid Dynamics.,No approved automatic normalization match.
ESCO|esco_skills|http://data.europa.eu/esco/skill/0f551181-e1af-47e2-b2d8-ff9f4e011ecd,ESCO,1.2.1,skill,esco_skills,http://data.europa.eu/esco/skill/0f551181-e1af-47e2-b2d8-ff9f4e011ecd,use clinical assessment techniques,sector-specific,"Use clinical reasoning techniques and clinical judgement when applying a range of appropriate assessment techniques, such as mental status assessment, diagnosis, dynamic formulation, and potential treatment planning.",No approved automatic normalization match.
ESCO|esco_skills|http://data.europa.eu/esco/skill/87a708d8-a14d-42ce-8f03-c8a199f999d5,ESCO,1.2.1,skill,esco_skills,http://data.europa.eu/esco/skill/87a708d8-a14d-42ce-8f03-c8a199f999d5,use clinical reasoning,sector-specific,"Reflect on care situations conceptually and theoretically, think critically and apply nursing models to real situations.",No approved automatic normalization match.
ESCO|esco_skills|http://data.europa.eu/esco/skill/7ff2c668-0e86-418a-a962-4958262ee337,ESCO,1.2.1,skill,esco_skills,http://data.europa.eu/esco/skill/7ff2c668-0e86-418a-a962-4958262ee337,use communication techniques,cross-sector,Apply techniques of communication which allow interlocutors to better understand each other and communicate accurately in the transmission of messages.,No approved automatic normalization match.
ESCO|esco_skills|http://data.europa.eu/esco/skill/64ab52f5-9200-45a3-a127-679b487c6415,ESCO,1.2.1,skill,esco_skills,http://data.europa.eu/esco/skill/64ab52f5-9200-45a3-a127-679b487c6415,use computer programs to improve patients' skills,occupation-specific,"Use specialised computer programs to help patients improve skills they use in their daily lives, working on decision-making, abstract reasoning, memory, sequencing, coordination, problem-solving, and perceptual skills.",No approved automatic normalization match.
ESCO|esco_skills|http://data.europa.eu/esco/skill/25b291b5-8245-4d9d-b391-86a8a31d7109,ESCO,1.2.1,skill,esco_skills,http://data.europa.eu/esco/skill/25b291b5-8245-4d9d-b391-86a8a31d7109,use concurrent programming,sector-specific,"Utilise specialised ICT tools to create programs that can execute concurrent operations by splitting programs into parallel processes and, once computed, combining the outcomes together.",No approved automatic normalization match.
ESCO|esco_skills|http://data.europa.eu/esco/skill/414332e4-8347-4771-b947-65bd3801a620,ESCO,1.2.1,skill,esco_skills,http://data.europa.eu/esco/skill/414332e4-8347-4771-b947-65bd3801a620,use consulting techniques,cross-sector,Advise clients in different personal or professional matters.,No approved automatic normalization match.
ESCO|esco_skills|http://data.europa.eu/esco/skill/56a10e3e-c9e7-4d39-b6f1-6013398fcb3a,ESCO,1.2.1,skill,esco_skills,http://data.europa.eu/esco/skill/56a10e3e-c9e7-4d39-b6f1-6013398fcb3a,use content management system software,cross-sector,"Use software that allows publishing, editing and modifying content as well as maintenance from a central interface.",No approved automatic normalization match.
ESCO|esco_skills|http://data.europa.eu/esco/skill/1bc718b6-ed90-4a9d-9fa7-8cec928a4581,ESCO,1.2.1,skill,esco_skills,http://data.europa.eu/esco/skill/1bc718b6-ed90-4a9d-9fa7-8cec928a4581,use creative suite software,occupation-specific,Use a creative software suite such as ''Adobe'' to aid in graphic designing.,No approved automatic normalization match.
ESCO|esco_skills|http://data.europa.eu/esco/skill/9889b795-d755-41b2-8afd-2e3c87a65a38,ESCO,1.2.1,skill,esco_skills,http://data.europa.eu/esco/skill/9889b795-d755-41b2-8afd-2e3c87a65a38,use customer relationship management software,cross-sector,"Use specialised software to manage company’s interactions with current and future customers. Organise, automate and synchronise sales, marketing, customer service, and technical support, to increase targeted sales.",No approved automatic normalization match.
ESCO|esco_skills|http://data.europa.eu/esco/skill/1b70a55d-b8a4-49fc-96c6-15ab4cff2522,ESCO,1.2.1,skill,esco_skills,http://data.europa.eu/esco/skill/1b70a55d-b8a4-49fc-96c6-15ab4cff2522,use data processing techniques,cross-sector,"Gather, process and analyse relevant data and information, properly store and update data and represent figures and data using charts and statistical diagrams.",No approved automatic normalization match.
ESCO|esco_skills|http://data.europa.eu/esco/skill/4463a721-69f3-413d-8321-43e3af13a4f1,ESCO,1.2.1,skill,esco_skills,http://data.europa.eu/esco/skill/4463a721-69f3-413d-8321-43e3af13a4f1,use databases,cross-sector,"Use software tools for managing and organising data in a structured environment which consists of attributes, tables and relationships in order to query and modify the stored data.",No approved automatic normalization match.
ESCO|esco_skills|http://data.europa.eu/esco/skill/415abd43-e8e5-4643-b5da-5f11307af57a,ESCO,1.2.1,skill,esco_skills,http://data.europa.eu/esco/skill/415abd43-e8e5-4643-b5da-5f11307af57a,use different communication channels,cross-sector,"Make use of various types of communication channels such as verbal, handwritten, digital and telephonic communication with the purpose of constructing and sharing ideas or information.",No approved automatic normalization match.
ESCO|esco_skills|http://data.europa.eu/esco/skill/8ff314a8-57d7-4b8c-bf41-79f9572fedd0,ESCO,1.2.1,skill,esco_skills,http://data.europa.eu/esco/skill/8ff314a8-57d7-4b8c-bf41-79f9572fedd0,use digital illustration techniques,sector-specific,Create drawings using digital illustration programmes and techniques.,No approved automatic normalization match.
ESCO|esco_skills|http://data.europa.eu/esco/skill/16636767-c215-4cf0-b126-e144fea20926,ESCO,1.2.1,skill,esco_skills,http://data.europa.eu/esco/skill/16636767-c215-4cf0-b126-e144fea20926,use e-health and mobile health technologies,sector-specific,Use mobile health technologies and e-health (online applications and services) in order to enhance the provided healthcare.,No approved automatic normalization match.
ESCO|esco_skills|http://data.europa.eu/esco/skill/16a00c69-9c74-4c37-96d7-6301d285e5ce,ESCO,1.2.1,skill,esco_skills,http://data.europa.eu/esco/skill/16a00c69-9c74-4c37-96d7-6301d285e5ce,use e-services,cross-sector,Participate in society through the use of public and private digital services. Seek opportunities for self-empowerment and for participatory citizenship through appropriate digital technologies.,No approved automatic normalization match.
ESCO|esco_skills|http://data.europa.eu/esco/skill/a46743b7-ff8c-49b6-99f7-7fa5bc241771,ESCO,1.2.1,skill,esco_skills,http://data.europa.eu/esco/skill/a46743b7-ff8c-49b6-99f7-7fa5bc241771,use electronic health records in nursing,sector-specific,"Use electronic health records to document nursing assessment, diagnosis, interventions and outcomes based on comparable nursing classification systems and nursing taxonomy.",No approved automatic normalization match.
ESCO|esco_skills|http://data.europa.eu/esco/skill/53141450-2fa9-4890-a64e-7ffd4e1144be,ESCO,1.2.1,skill,esco_skills,http://data.europa.eu/esco/skill/53141450-2fa9-4890-a64e-7ffd4e1144be,use electronic health records management system,sector-specific,"Be able to use specific software for the management of health care records, following appropriate codes of practice.",No approved automatic normalization match.
ESCO|esco_skills|http://data.europa.eu/esco/skill/cc69175e-c35d-4494-8844-e71385ccce4a,ESCO,1.2.1,skill,esco_skills,http://data.europa.eu/esco/skill/cc69175e-c35d-4494-8844-e71385ccce4a,use foreign languages for health-related research,cross-sector,Use foreign languages for conducting and collaborating in health-related research.,No approved automatic normalization match.
ESCO|esco_skills|http://data.europa.eu/esco/skill/e724205b-6b9a-45b4-b629-cd32a6c80b4f,ESCO,1.2.1,skill,esco_skills,http://data.europa.eu/esco/skill/e724205b-6b9a-45b4-b629-cd32a6c80b4f,use foreign languages in patient care,cross-sector,"Communicate in foreign languages with healthcare users, their carers, or services providers. Use foreign languages to faciliate patient care according to the needs of the patient.",No approved automatic normalization match.
ESCO|esco_skills|http://data.europa.eu/esco/skill/d31fab87-2a7d-485c-b699-2901ca294b15,ESCO,1.2.1,skill,esco_skills,http://data.europa.eu/esco/skill/d31fab87-2a7d-485c-b699-2901ca294b15,use functional programming,sector-specific,"Utilise specialised ICT tools to create computer code which treats computation as the evaluation of mathematical functions and seeks to avoid state and mutable data. Use programming languages which support this method such as LISP, PROLOG and Haskell.",No approved automatic normalization match.
ESCO|esco_skills|http://data.europa.eu/esco/skill/440f64e5-e66c-45ee-bc29-53c14a2ad720,ESCO,1.2.1,skill,esco_skills,http://data.europa.eu/esco/skill/440f64e5-e66c-45ee-bc29-53c14a2ad720,use geographic information systems,sector-specific,Work with computer data systems such as Geographic Information Systems (GIS).,No approved automatic normalization match.
ESCO|esco_skills|http://data.europa.eu/esco/skill/6430eb0d-c6de-46b7-a7fc-3dd2e8e62a69,ESCO,1.2.1,skill,esco_skills,http://data.europa.eu/esco/skill/6430eb0d-c6de-46b7-a7fc-3dd2e8e62a69,use ICT ticketing system,cross-sector,"Utilise a specialised system to track registration, processing and resolution of issues in an organisation by assigning each of these issues a ticket, registering inputs from involved persons, tracking changes and displaying the status of the ticket, until it is completed.",No approved automatic normalization match.
ESCO|esco_skills|http://data.europa.eu/esco/skill/2c4e11ef-da18-4e19-816b-e6bc19e12424,ESCO,1.2.1,skill,esco_skills,http://data.europa.eu/esco/skill/2c4e11ef-da18-4e19-816b-e6bc19e12424,use logic programming,sector-specific,"Utilise specialised ICT tools to create computer code composed of series of sentences in logical form, expressing rules and facts about some problem domain. Use programming languages which support this method such as Prolog, Answer Set Programming and Datalog.",No approved automatic normalization match.
ESCO|esco_skills|http://data.europa.eu/esco/skill/0af062de-eb43-41e9-9b96-249e2cd22d26,ESCO,1.2.1,skill,esco_skills,http://data.europa.eu/esco/skill/0af062de-eb43-41e9-9b96-249e2cd22d26,use markup languages,sector-specific,"Utilise computer languages that are syntactically distinguishable from the text, to add annotations to a document, specify layout and process types of documents such as HTML.",No approved automatic normalization match.
ESCO|esco_skills|http://data.europa.eu/esco/skill/7364cc39-b9c0-449f-9416-57723e2fd9c4,ESCO,1.2.1,skill,esco_skills,http://data.europa.eu/esco/skill/7364cc39-b9c0-449f-9416-57723e2fd9c4,use methodologies for user-centered design,sector-specific,"Use design methodologies in which the needs, wishes and limitations of end users of a product, service or process are given extensive attention at each stage of the design process.",No approved automatic normalization match.
ESCO|esco_skills|http://data.europa.eu/esco/skill/6f993130-082b-4732-b62f-52cdf2096ad9,ESCO,1.2.1,skill,esco_skills,http://data.europa.eu/esco/skill/6f993130-082b-4732-b62f-52cdf2096ad9,use methods of logistical data analysis,cross-sector,"Read and interpret supply chain and transportation data. Analyse the reliability and availability of findings by using methods such as data mining, data modelling and cost-benefit analysis.",No approved automatic normalization match.
ESCO|esco_skills|http://data.europa.eu/esco/skill/5b9cde20-f1b9-4adc-bfb3-dbf70b14138d,ESCO,1.2.1,skill,esco_skills,http://data.europa.eu/esco/skill/5b9cde20-f1b9-4adc-bfb3-dbf70b14138d,use object-oriented programming,sector-specific,"Utilise specialised ICT tools for programming paradigm based on the concept of objects, which can contain data in the form of fields and code in the form of procedures. Use programming languages which support this method such as JAVA and C++.",No approved automatic normalization match.
ESCO|esco_skills|http://data.europa.eu/esco/skill/fdf15b35-9028-4acb-bfd2-43f00a015cd9,ESCO,1.2.1,skill,esco_skills,http://data.europa.eu/esco/skill/fdf15b35-9028-4acb-bfd2-43f00a015cd9,use personal organization software,cross-sector,"Use software tools, such as calendars, to-do lists, time-tracking, contact lists, to help in managing personal efficiency.",No approved automatic normalization match.
ESCO|esco_skills|http://data.europa.eu/esco/skill/c7b1e520-8921-46dd-b444-e0637323bb7f,ESCO,1.2.1,skill,esco_skills,http://data.europa.eu/esco/skill/c7b1e520-8921-46dd-b444-e0637323bb7f,use photographic equipment,sector-specific,"Use analogue or digital camera equipment, along with a variety of accessories such as tripods, filters and lenses.",No approved automatic normalization match.
ESCO|esco_skills|http://data.europa.eu/esco/skill/a99c6783-50c0-4f7a-99df-bf93429ef6dc,ESCO,1.2.1,skill,esco_skills,http://data.europa.eu/esco/skill/a99c6783-50c0-4f7a-99df-bf93429ef6dc,use precision tools,cross-sector,"Use electronic, mechanical, electric, or optical precision tools, such as drilling machines, grinders, gear cutters and milling machines to boost accuracy while machining products.",No approved automatic normalization match.
ESCO|esco_skills|http://data.europa.eu/esco/skill/234aeb8d-56c3-4531-9193-1c5e6a8d16cb,ESCO,1.2.1,skill,esco_skills,http://data.europa.eu/esco/skill/234aeb8d-56c3-4531-9193-1c5e6a8d16cb,use presentation software,cross-sector,"Use software tools to create digital presentations which combine various elements, such as graphs, images, text and other multimedia.",No approved automatic normalization match.
ESCO|esco_skills|http://data.europa.eu/esco/skill/75f839c2-fd9a-4ad3-8921-6e734608568d,ESCO,1.2.1,skill,esco_skills,http://data.europa.eu/esco/skill/75f839c2-fd9a-4ad3-8921-6e734608568d,use query languages,sector-specific,Retrieve information from a database or information system using computer languages designed for the retrieval of data.,No approved automatic normalization match.
ESCO|esco_skills|http://data.europa.eu/esco/skill/2b7a79e5-84d8-4880-be66-3d9bb05bea17,ESCO,1.2.1,skill,esco_skills,http://data.europa.eu/esco/skill/2b7a79e5-84d8-4880-be66-3d9bb05bea17,use software design patterns,sector-specific,"Utilise reusable solutions, formalised best practices, to solve common ICT development tasks in software development and design.",No approved automatic normalization match.
ESCO|esco_skills|http://data.europa.eu/esco/skill/8b94aa1e-89c9-459d-b3b4-1dfab8dec2df,ESCO,1.2.1,skill,esco_skills,http://data.europa.eu/esco/skill/8b94aa1e-89c9-459d-b3b4-1dfab8dec2df,use software libraries,sector-specific,Utilise collections of codes and software packages which capture frequently used routines to help programmers simplify their work.,No approved automatic normalization match.
ESCO|esco_skills|http://data.europa.eu/esco/skill/55cc1f3f-69fc-46ec-b24a-9708f6bd92b4,ESCO,1.2.1,skill,esco_skills,http://data.europa.eu/esco/skill/55cc1f3f-69fc-46ec-b24a-9708f6bd92b4,use software tools for site modelling,sector-specific,Use software and other modelling tools to create simulations of and develop scenarios for possible outcomes of site operations. Use the information gathered from simulations and models for analysis and decision making.,No approved automatic normalization match.
ESCO|esco_skills|http://data.europa.eu/esco/skill/c95c29fe-3971-46b7-80e9-1f7e75ba99b3,ESCO,1.2.1,skill,esco_skills,http://data.europa.eu/esco/skill/c95c29fe-3971-46b7-80e9-1f7e75ba99b3,use specific data analysis software,occupation-specific,"Use specific software for data analysis, including statistics, spreadsheets, and databases. Explore possibilities in order to make reports to managers, superiors, or clients.",No approved automatic normalization match.
ESCO|esco_skills|http://data.europa.eu/esco/skill/1973c966-f236-40c9-b2d4-5d71a89019be,ESCO,1.2.1,skill,esco_skills,http://data.europa.eu/esco/skill/1973c966-f236-40c9-b2d4-5d71a89019be,use spreadsheets software,cross-sector,"Use software tools to create and edit tabular data to carry out mathematical calculations, organise data and information, create diagrams based on data and to retrieve them.",No approved automatic normalization match.
ESCO|esco_skills|http://data.europa.eu/esco/skill/541561bc-510c-4a99-881c-2d8bf5a85462,ESCO,1.2.1,skill,esco_skills,http://data.europa.eu/esco/skill/541561bc-510c-4a99-881c-2d8bf5a85462,use technical drawing software,cross-sector,Create technical designs and technical drawings using specialised software.,No approved automatic normalization match.
ESCO|esco_skills|http://data.europa.eu/esco/skill/e54dc9c5-0f7f-4503-9776-efff47902602,ESCO,1.2.1,skill,esco_skills,http://data.europa.eu/esco/skill/e54dc9c5-0f7f-4503-9776-efff47902602,use techniques to increase patients' motivation,sector-specific,"Encourage the patient`s motivation to change and promote the belief that therapy can help, using techniques and treatment engagement procedures for this purpose.",No approved automatic normalization match.
ESCO|esco_skills|http://data.europa.eu/esco/skill/78482aac-638e-42da-a7a9-5eefe1bffdea,ESCO,1.2.1,skill,esco_skills,http://data.europa.eu/esco/skill/78482aac-638e-42da-a7a9-5eefe1bffdea,use theoretical marketing models,cross-sector,"Interpret different academic theories and models of academic nature and make use of them to create the marketing strategy of the company. Employ strategies such as the 7Ps, the customer lifetime value, and the unique selling proposition (USP).",No approved automatic normalization match.
ESCO|esco_skills|http://data.europa.eu/esco/skill/325ef602-74c0-4944-9cc2-95c9af86857b,ESCO,1.2.1,skill,esco_skills,http://data.europa.eu/esco/skill/325ef602-74c0-4944-9cc2-95c9af86857b,use traditional illustration techniques,sector-specific,"Create drawings using traditional illustration techniques such as watercolour, pen and ink, airbrush art, oil painting, pastels, wood engraving, and linoleum cuts.",No approved automatic normalization match.
ESCO|esco_skills|http://data.europa.eu/esco/skill/81633a44-f1db-4a01-a940-804c6905e330,ESCO,1.2.1,skill,esco_skills,http://data.europa.eu/esco/skill/81633a44-f1db-4a01-a940-804c6905e330,use word processing software,cross-sector,"Use computer software applications for composition, editing, formatting, and printing of any sort of written material.",No approved automatic normalization match.
ESCO|esco_skills|http://data.europa.eu/esco/skill/172020d1-e151-445b-8173-e2a5fb16fe51,ESCO,1.2.1,skill,esco_skills,http://data.europa.eu/esco/skill/172020d1-e151-445b-8173-e2a5fb16fe51,utilise computer-aided software engineering tools,sector-specific,"Use software tools (CASE) to support the development lifecycle, design and implementation of software and applications of high-quality that can be easily maintained.",No approved automatic normalization match.
ESCO|esco_skills|http://data.europa.eu/esco/skill/8369c2d6-c100-4cf6-bd83-9668d8678433,ESCO,1.2.1,skill,esco_skills,http://data.europa.eu/esco/skill/8369c2d6-c100-4cf6-bd83-9668d8678433,utilise machine learning,sector-specific,"Use techniques and algorithms that are able to extract mastery out of data, learn from it and make predictions, to be used for program optimisation, application adaptation, pattern recognition, filtering, search engines and computer vision.",No approved automatic normalization match.
ESCO|esco_skills|http://data.europa.eu/esco/skill/fe29e658-7cad-4b70-a169-10a240ec0bef,ESCO,1.2.1,skill,esco_skills,http://data.europa.eu/esco/skill/fe29e658-7cad-4b70-a169-10a240ec0bef,work in a logistics team,sector-specific,"Ability to work confidently within a logistics team, with each member of the team fulfilling a role designed to increase the efficiency of the whole.",No approved automatic normalization match.
ESCO|esco_skills|http://data.europa.eu/esco/skill/b55f61a4-5f9e-4741-ba95-9ac04b64119b,ESCO,1.2.1,skill,esco_skills,http://data.europa.eu/esco/skill/b55f61a4-5f9e-4741-ba95-9ac04b64119b,work in a multicultural environment in health care,cross-sector,"Interact, relate and communicate with individuals from a variety of different cultures, when working in a healthcare environment.",No approved automatic normalization match.
ESCO|esco_skills|http://data.europa.eu/esco/skill/eba85523-6ad2-4cd9-9b27-a0b6a39b8cfa,ESCO,1.2.1,skill,esco_skills,http://data.europa.eu/esco/skill/eba85523-6ad2-4cd9-9b27-a0b6a39b8cfa,work in multidisciplinary health teams,sector-specific,"Participate in the delivery of multidisciplinary health care, and understand the rules and competences of other healthcare related professions.",No approved automatic normalization match.
ESCO|esco_skills|http://data.europa.eu/esco/skill/64db87c7-2360-4e20-88d3-d222402e477c,ESCO,1.2.1,skill,esco_skills,http://data.europa.eu/esco/skill/64db87c7-2360-4e20-88d3-d222402e477c,write database documentation,sector-specific,Develop documentation containing information about the database that is relevant to end users.,No approved automatic normalization match.
ESCO|esco_skills|http://data.europa.eu/esco/skill/c3c2420c-ce9a-4371-8eed-1db479c3a562,ESCO,1.2.1,skill,esco_skills,http://data.europa.eu/esco/skill/c3c2420c-ce9a-4371-8eed-1db479c3a562,write scientific publications,cross-sector,"Present the hypothesis, findings, and conclusions of your scientific research in your field of expertise in a professional publication.",No approved automatic normalization match.
ESCO|esco_skills|http://data.europa.eu/esco/skill/918f5211-b99f-4b29-9a34-6e475583ef55,ESCO,1.2.1,skill,esco_skills,http://data.europa.eu/esco/skill/918f5211-b99f-4b29-9a34-6e475583ef55,write work-related reports,cross-sector,Compose work-related reports that support effective relationship management and a high standard of documentation and record keeping. Write and present results and conclusions in a clear and intelligible way so they are comprehensible to a non-expert audience.,No approved automatic normalization match.
