canonical_key,dataset_source,dataset_version,external_id,external_label,source_domain,mapping_method,review_status,confidence_score,mapping_basis
canonical:ESCO|esco_skills|http://data.europa.eu/esco/skill/00506f28-e884-4496-800c-3477c67eb355,ESCO,1.2.1,http://data.europa.eu/esco/skill/00506f28-e884-4496-800c-3477c67eb355,sport and exercise medicine,esco_skills,exact_title,approved,,canonical_name_exact
canonical:ESCO|esco_skills|http://data.europa.eu/esco/skill/00b9a3aa-7070-4bb5-8020-f228a97cf42f,ESCO,1.2.1,http://data.europa.eu/esco/skill/00b9a3aa-7070-4bb5-8020-f228a97cf42f,draft scientific or academic papers and technical documentation,esco_skills,exact_title,approved,,canonical_name_exact
canonical:ESCO|esco_skills|http://data.europa.eu/esco/skill/00c04e40-35ea-4ed1-824c-82f936c8f876,ESCO,1.2.1,http://data.europa.eu/esco/skill/00c04e40-35ea-4ed1-824c-82f936c8f876,incremental development,esco_skills,exact_title,approved,,canonical_name_exact
canonical:ESCO|esco_skills|http://data.europa.eu/esco/skill/00ebb379-ce26-439a-ba89-9a7d1ef2f696,ESCO,1.2.1,http://data.europa.eu/esco/skill/00ebb379-ce26-439a-ba89-9a7d1ef2f696,develop a rehabilitation programme,esco_skills,exact_title,approved,,canonical_name_exact
canonical:ESCO|esco_skills|http://data.europa.eu/esco/skill/013441c1-1f13-47e9-80c4-9a53e8e1bc05,ESCO,1.2.1,http://data.europa.eu/esco/skill/013441c1-1f13-47e9-80c4-9a53e8e1bc05,KDevelop,esco_skills,exact_title,approved,,canonical_name_exact
canonical:ESCO|esco_skills|http://data.europa.eu/esco/skill/020918ef-4b55-47c1-8430-ab7b8f6a7377,ESCO,1.2.1,http://data.europa.eu/esco/skill/020918ef-4b55-47c1-8430-ab7b8f6a7377,migrate existing data,esco_skills,exact_title,approved,,canonical_name_exact
canonical:ESCO|esco_skills|http://data.europa.eu/esco/skill/020b3c27-bae1-4b85-9d6f-eccee0f5ed99,ESCO,1.2.1,http://data.europa.eu/esco/skill/020b3c27-bae1-4b85-9d6f-eccee0f5ed99,manage supplies,esco_skills,exact_title,approved,,canonical_name_exact
canonical:ESCO|esco_skills|http://data.europa.eu/esco/skill/022dc430-872a-473a-9cf4-fed4895e58ad,ESCO,1.2.1,http://data.europa.eu/esco/skill/022dc430-872a-473a-9cf4-fed4895e58ad,define database physical structure,esco_skills,exact_title,approved,,canonical_name_exact
canonical:ESCO|esco_skills|http://data.europa.eu/esco/skill/023f4870-b417-4bd2-b0ae-78e61587c79f,ESCO,1.2.1,http://data.europa.eu/esco/skill/023f4870-b417-4bd2-b0ae-78e61587c79f,geomatics,esco_skills,exact_title,approved,,canonical_name_exact
canonical:ESCO|esco_skills|http://data.europa.eu/esco/skill/029e2bb0-6dd8-4600-bb89-ac7480ae8fb0,ESCO,1.2.1,http://data.europa.eu/esco/skill/029e2bb0-6dd8-4600-bb89-ac7480ae8fb0,contribute to quality physiotherapy services,esco_skills,exact_title,approved,,canonical_name_exact
canonical:ESCO|esco_skills|http://data.europa.eu/esco/skill/02c71cde-f513-43da-8952-0974763c7568,ESCO,1.2.1,http://data.europa.eu/esco/skill/02c71cde-f513-43da-8952-0974763c7568,interpret circuit diagrams,esco_skills,exact_title,approved,,canonical_name_exact
canonical:ESCO|esco_skills|http://data.europa.eu/esco/skill/034c29fa-c3ba-45ea-b8f3-bf8e3705e386,ESCO,1.2.1,http://data.europa.eu/esco/skill/034c29fa-c3ba-45ea-b8f3-bf8e3705e386,Erlang,esco_skills,exact_title,approved,,canonical_name_exact
canonical:ESCO|esco_skills|http://data.europa.eu/esco/skill/03a74eee-2dc6-4147-8667-5cdeb65f122d,ESCO,1.2.1,http://data.europa.eu/esco/skill/03a74eee-2dc6-4147-8667-5cdeb65f122d,manage ICT data classification,esco_skills,exact_title,approved,,canonical_name_exact
canonical:ESCO|esco_skills|http://data.europa.eu/esco/skill/03b9b491-fc9b-4868-914a-bf7cd47b5041,ESCO,1.2.1,http://data.europa.eu/esco/skill/03b9b491-fc9b-4868-914a-bf7cd47b5041,create solutions to problems,esco_skills,exact_title,approved,,canonical_name_exact
canonical:ESCO|esco_skills|http://data.europa.eu/esco/skill/03ff0d53-573a-47a0-a0ad-1995815a4339,ESCO,1.2.1,http://data.europa.eu/esco/skill/03ff0d53-573a-47a0-a0ad-1995815a4339,information structure,esco_skills,exact_title,approved,,canonical_name_exact
canonical:ESCO|esco_skills|http://data.europa.eu/esco/skill/0435fe96-523f-4888-a76f-22df1e92d9c4,ESCO,1.2.1,http://data.europa.eu/esco/skill/0435fe96-523f-4888-a76f-22df1e92d9c4,photogrammetry,esco_skills,exact_title,approved,,canonical_name_exact
canonical:ESCO|esco_skills|http://data.europa.eu/esco/skill/0450eaee-1a00-4622-8f4e-5356fce816d2,ESCO,1.2.1,http://data.europa.eu/esco/skill/0450eaee-1a00-4622-8f4e-5356fce816d2,hygiene in a health care setting,esco_skills,exact_title,approved,,canonical_name_exact
canonical:ESCO|esco_skills|http://data.europa.eu/esco/skill/0458f6a0-cb54-4ff5-a543-b2c5354e17c0,ESCO,1.2.1,http://data.europa.eu/esco/skill/0458f6a0-cb54-4ff5-a543-b2c5354e17c0,keep up with digital transformation of industrial processes,esco_skills,exact_title,approved,,canonical_name_exact
canonical:ESCO|esco_skills|http://data.europa.eu/esco/skill/049c8caf-dd12-45fc-9bfa-b64051f32a19,ESCO,1.2.1,http://data.europa.eu/esco/skill/049c8caf-dd12-45fc-9bfa-b64051f32a19,respond to changing situations in health care,esco_skills,exact_title,approved,,canonical_name_exact
canonical:ESCO|esco_skills|http://data.europa.eu/esco/skill/04f1b938-d4d4-4cb1-a863-982af76b9d93,ESCO,1.2.1,http://data.europa.eu/esco/skill/04f1b938-d4d4-4cb1-a863-982af76b9d93,SAS language,esco_skills,exact_title,approved,,canonical_name_exact
canonical:ESCO|esco_skills|http://data.europa.eu/esco/skill/04fe962b-4017-4eb7-9139-7d69b6922bc9,ESCO,1.2.1,http://data.europa.eu/esco/skill/04fe962b-4017-4eb7-9139-7d69b6922bc9,use an application-specific interface,esco_skills,exact_title,approved,,canonical_name_exact
canonical:ESCO|esco_skills|http://data.europa.eu/esco/skill/05010f6c-0b40-4525-ac4a-057d46a2b6f4,ESCO,1.2.1,http://data.europa.eu/esco/skill/05010f6c-0b40-4525-ac4a-057d46a2b6f4,design electrical systems,esco_skills,exact_title,approved,,canonical_name_exact
canonical:ESCO|esco_skills|http://data.europa.eu/esco/skill/0550431f-9c8b-4204-9c45-59bc5feacf06,ESCO,1.2.1,http://data.europa.eu/esco/skill/0550431f-9c8b-4204-9c45-59bc5feacf06,continuous improvement philosophies,esco_skills,exact_title,approved,,canonical_name_exact
canonical:ESCO|esco_skills|http://data.europa.eu/esco/skill/05c00631-b864-4842-b47e-06710c197c7a,ESCO,1.2.1,http://data.europa.eu/esco/skill/05c00631-b864-4842-b47e-06710c197c7a,coordinate manufacturing production activities,esco_skills,exact_title,approved,,canonical_name_exact
canonical:ESCO|esco_skills|http://data.europa.eu/esco/skill/05fc6f8d-639c-4329-a6de-dfdd800ed091,ESCO,1.2.1,http://data.europa.eu/esco/skill/05fc6f8d-639c-4329-a6de-dfdd800ed091,customer insight,esco_skills,exact_title,approved,,canonical_name_exact
canonical:ESCO|esco_skills|http://data.europa.eu/esco/skill/0620ecd1-e4b1-4dfa-972b-38a93e5ebd9d,ESCO,1.2.1,http://data.europa.eu/esco/skill/0620ecd1-e4b1-4dfa-972b-38a93e5ebd9d,create 3D environments,esco_skills,exact_title,approved,,canonical_name_exact
canonical:ESCO|esco_skills|http://data.europa.eu/esco/skill/062320e5-79d1-45e8-8b7e-5deeb53279a2,ESCO,1.2.1,http://data.europa.eu/esco/skill/062320e5-79d1-45e8-8b7e-5deeb53279a2,perform online data analysis,esco_skills,exact_title,approved,,canonical_name_exact
canonical:ESCO|esco_skills|http://data.europa.eu/esco/skill/06f33d6a-f7a7-4a2b-baa5-8c3c53bd1a9c,ESCO,1.2.1,http://data.europa.eu/esco/skill/06f33d6a-f7a7-4a2b-baa5-8c3c53bd1a9c,keywords in digital content,esco_skills,exact_title,approved,,canonical_name_exact
canonical:ESCO|esco_skills|http://data.europa.eu/esco/skill/071233c4-ad2b-4f50-b79f-768d2231163e,ESCO,1.2.1,http://data.europa.eu/esco/skill/071233c4-ad2b-4f50-b79f-768d2231163e,domain name service,esco_skills,exact_title,approved,,canonical_name_exact
canonical:ESCO|esco_skills|http://data.europa.eu/esco/skill/072a702d-70c3-4959-91c7-85e69d143894,ESCO,1.2.1,http://data.europa.eu/esco/skill/072a702d-70c3-4959-91c7-85e69d143894,manage a healthcare unit budget,esco_skills,exact_title,approved,,canonical_name_exact
canonical:ESCO|esco_skills|http://data.europa.eu/esco/skill/0760bfac-9a03-427a-ad84-ccd33a2f2ae8,ESCO,1.2.1,http://data.europa.eu/esco/skill/0760bfac-9a03-427a-ad84-ccd33a2f2ae8,mathematical modelling,esco_skills,exact_title,approved,,canonical_name_exact
canonical:ESCO|esco_skills|http://data.europa.eu/esco/skill/07889c08-7220-47c8-96f7-6068fbea00dc,ESCO,1.2.1,http://data.europa.eu/esco/skill/07889c08-7220-47c8-96f7-6068fbea00dc,normalise data,esco_skills,exact_title,approved,,canonical_name_exact
canonical:ESCO|esco_skills|http://data.europa.eu/esco/skill/07d3074b-f5cd-420a-bdf8-c8d643563ea5,ESCO,1.2.1,http://data.europa.eu/esco/skill/07d3074b-f5cd-420a-bdf8-c8d643563ea5,respect publication formats,esco_skills,exact_title,approved,,canonical_name_exact
canonical:ESCO|esco_skills|http://data.europa.eu/esco/skill/07e51c60-763a-4335-b4ec-70a15f66d328,ESCO,1.2.1,http://data.europa.eu/esco/skill/07e51c60-763a-4335-b4ec-70a15f66d328,propose ICT solutions to business problems,esco_skills,exact_title,approved,,canonical_name_exact
canonical:ESCO|esco_skills|http://data.europa.eu/esco/skill/080b0153-36ae-43f6-b3c3-c1fe6fd8f1de,ESCO,1.2.1,http://data.europa.eu/esco/skill/080b0153-36ae-43f6-b3c3-c1fe6fd8f1de,plan procedures for cargo operations,esco_skills,exact_title,approved,,canonical_name_exact
canonical:ESCO|esco_skills|http://data.europa.eu/esco/skill/081d7679-5070-4777-bece-a28c49f15636,ESCO,1.2.1,http://data.europa.eu/esco/skill/081d7679-5070-4777-bece-a28c49f15636,environmental policy,esco_skills,exact_title,approved,,canonical_name_exact
canonical:ESCO|esco_skills|http://data.europa.eu/esco/skill/0823ccef-813f-4f22-afef-ac0d68615e8f,ESCO,1.2.1,http://data.europa.eu/esco/skill/0823ccef-813f-4f22-afef-ac0d68615e8f,computer simulation,esco_skills,exact_title,approved,,canonical_name_exact
canonical:ESCO|esco_skills|http://data.europa.eu/esco/skill/08371fe9-c658-4f6a-966f-71dbb0ab683d,ESCO,1.2.1,http://data.europa.eu/esco/skill/08371fe9-c658-4f6a-966f-71dbb0ab683d,accounting department processes,esco_skills,exact_title,approved,,canonical_name_exact
canonical:ESCO|esco_skills|http://data.europa.eu/esco/skill/0864c444-c22f-46ee-ae1e-c0eeffd49c34,ESCO,1.2.1,http://data.europa.eu/esco/skill/0864c444-c22f-46ee-ae1e-c0eeffd49c34,battery design,esco_skills,exact_title,approved,,canonical_name_exact
canonical:ESCO|esco_skills|http://data.europa.eu/esco/skill/089ddb19-1c7a-43ff-ba64-070f7ce4787a,ESCO,1.2.1,http://data.europa.eu/esco/skill/089ddb19-1c7a-43ff-ba64-070f7ce4787a,warehouse operations,esco_skills,exact_title,approved,,canonical_name_exact
canonical:ESCO|esco_skills|http://data.europa.eu/esco/skill/089ee650-297e-4716-87d1-440743b70a0d,ESCO,1.2.1,http://data.europa.eu/esco/skill/089ee650-297e-4716-87d1-440743b70a0d,ensure compliance with environmental legislation,esco_skills,exact_title,approved,,canonical_name_exact
canonical:ESCO|esco_skills|http://data.europa.eu/esco/skill/08b04e53-ed25-41a2-9f90-0b9cd939ba3d,ESCO,1.2.1,http://data.europa.eu/esco/skill/08b04e53-ed25-41a2-9f90-0b9cd939ba3d,manage research data,esco_skills,exact_title,approved,,canonical_name_exact
canonical:ESCO|esco_skills|http://data.europa.eu/esco/skill/08fd2839-670c-4f16-8024-97437f2035ab,ESCO,1.2.1,http://data.europa.eu/esco/skill/08fd2839-670c-4f16-8024-97437f2035ab,plan marketing strategy,esco_skills,exact_title,approved,,canonical_name_exact
canonical:ESCO|esco_skills|http://data.europa.eu/esco/skill/08fe5910-8c4c-4679-a988-eb2ded3c4909,ESCO,1.2.1,http://data.europa.eu/esco/skill/08fe5910-8c4c-4679-a988-eb2ded3c4909,labour legislation,esco_skills,exact_title,approved,,canonical_name_exact
canonical:ESCO|esco_skills|http://data.europa.eu/esco/skill/092f44f6-8631-460c-a862-f79f5c15dc03,ESCO,1.2.1,http://data.europa.eu/esco/skill/092f44f6-8631-460c-a862-f79f5c15dc03,delegate emergency care,esco_skills,exact_title,approved,,canonical_name_exact
canonical:ESCO|esco_skills|http://data.europa.eu/esco/skill/097098fc-6d89-44e9-9305-98ac5c0a78ac,ESCO,1.2.1,http://data.europa.eu/esco/skill/097098fc-6d89-44e9-9305-98ac5c0a78ac,educate on the prevention of illness,esco_skills,exact_title,approved,,canonical_name_exact
canonical:ESCO|esco_skills|http://data.europa.eu/esco/skill/09f2f811-a3fb-4de3-a70f-6420a6935575,ESCO,1.2.1,http://data.europa.eu/esco/skill/09f2f811-a3fb-4de3-a70f-6420a6935575,systems development life-cycle,esco_skills,exact_title,approved,,canonical_name_exact
canonical:ESCO|esco_skills|http://data.europa.eu/esco/skill/0a43729f-2a79-4dae-9faa-95520daae79f,ESCO,1.2.1,http://data.europa.eu/esco/skill/0a43729f-2a79-4dae-9faa-95520daae79f,apply company policies,esco_skills,exact_title,approved,,canonical_name_exact
canonical:ESCO|esco_skills|http://data.europa.eu/esco/skill/0a48d064-dd04-47fb-a00d-85e9b4874033,ESCO,1.2.1,http://data.europa.eu/esco/skill/0a48d064-dd04-47fb-a00d-85e9b4874033,business management principles,esco_skills,exact_title,approved,,canonical_name_exact
canonical:ESCO|esco_skills|http://data.europa.eu/esco/skill/0a52bed5-fd29-45fb-aba6-e32bccfda1c1,ESCO,1.2.1,http://data.europa.eu/esco/skill/0a52bed5-fd29-45fb-aba6-e32bccfda1c1,plan migration to cloud,esco_skills,exact_title,approved,,canonical_name_exact
canonical:ESCO|esco_skills|http://data.europa.eu/esco/skill/0a856d55-23b5-4bdc-ad24-3eb5bc83d81f,ESCO,1.2.1,http://data.europa.eu/esco/skill/0a856d55-23b5-4bdc-ad24-3eb5bc83d81f,implement route planning in smart mobility services,esco_skills,exact_title,approved,,canonical_name_exact
canonical:ESCO|esco_skills|http://data.europa.eu/esco/skill/0a9acb6b-1139-4be9-b431-3a80a959f2f4,ESCO,1.2.1,http://data.europa.eu/esco/skill/0a9acb6b-1139-4be9-b431-3a80a959f2f4,Agile project management,esco_skills,exact_title,approved,,canonical_name_exact
canonical:ESCO|esco_skills|http://data.europa.eu/esco/skill/0aa02c52-077d-45f8-8c2d-7132c11ac16e,ESCO,1.2.1,http://data.europa.eu/esco/skill/0aa02c52-077d-45f8-8c2d-7132c11ac16e,carry out strategic research,esco_skills,exact_title,approved,,canonical_name_exact
canonical:ESCO|esco_skills|http://data.europa.eu/esco/skill/0af062de-eb43-41e9-9b96-249e2cd22d26,ESCO,1.2.1,http://data.europa.eu/esco/skill/0af062de-eb43-41e9-9b96-249e2cd22d26,use markup languages,esco_skills,exact_title,approved,,canonical_name_exact
canonical:ESCO|esco_skills|http://data.europa.eu/esco/skill/0af529ff-a95d-419b-ab2a-335f6894a966,ESCO,1.2.1,http://data.europa.eu/esco/skill/0af529ff-a95d-419b-ab2a-335f6894a966,maintain logistics databases,esco_skills,exact_title,approved,,canonical_name_exact
canonical:ESCO|esco_skills|http://data.europa.eu/esco/skill/0b0335f3-0aa1-491e-895e-81fc8774a300,ESCO,1.2.1,http://data.europa.eu/esco/skill/0b0335f3-0aa1-491e-895e-81fc8774a300,develop automated migration methods,esco_skills,exact_title,approved,,canonical_name_exact
canonical:ESCO|esco_skills|http://data.europa.eu/esco/skill/0b5aaee4-c948-4853-bf8d-b9cd6c4917ee,ESCO,1.2.1,http://data.europa.eu/esco/skill/0b5aaee4-c948-4853-bf8d-b9cd6c4917ee,inform policy makers on health-related challenges,esco_skills,exact_title,approved,,canonical_name_exact
canonical:ESCO|esco_skills|http://data.europa.eu/esco/skill/0b8da079-f587-403f-a6ad-cd18b8150044,ESCO,1.2.1,http://data.europa.eu/esco/skill/0b8da079-f587-403f-a6ad-cd18b8150044,gather technical information,esco_skills,exact_title,approved,,canonical_name_exact
canonical:ESCO|esco_skills|http://data.europa.eu/esco/skill/0bb3792c-0a17-4e48-a8b3-5603bb12a660,ESCO,1.2.1,http://data.europa.eu/esco/skill/0bb3792c-0a17-4e48-a8b3-5603bb12a660,provide nursing care in community settings,esco_skills,exact_title,approved,,canonical_name_exact
canonical:ESCO|esco_skills|http://data.europa.eu/esco/skill/0c766ca3-9364-4203-916b-fed16e4814c1,ESCO,1.2.1,http://data.europa.eu/esco/skill/0c766ca3-9364-4203-916b-fed16e4814c1,gather data for forensic purposes,esco_skills,exact_title,approved,,canonical_name_exact
canonical:ESCO|esco_skills|http://data.europa.eu/esco/skill/0c8c1e58-1c48-4efc-9359-9a28f803c52d,ESCO,1.2.1,http://data.europa.eu/esco/skill/0c8c1e58-1c48-4efc-9359-9a28f803c52d,undertake clinical audit,esco_skills,exact_title,approved,,canonical_name_exact
canonical:ESCO|esco_skills|http://data.europa.eu/esco/skill/0cc9c234-f817-4f4c-908a-4d28fe3b0f4a,ESCO,1.2.1,http://data.europa.eu/esco/skill/0cc9c234-f817-4f4c-908a-4d28fe3b0f4a,coach employees,esco_skills,exact_title,approved,,canonical_name_exact
canonical:ESCO|esco_skills|http://data.europa.eu/esco/skill/0ccdfe98-f845-4598-84a1-3dca66e9d9a3,ESCO,1.2.1,http://data.europa.eu/esco/skill/0ccdfe98-f845-4598-84a1-3dca66e9d9a3,Ruby (computer programming),esco_skills,exact_title,approved,,canonical_name_exact
canonical:ESCO|esco_skills|http://data.europa.eu/esco/skill/0cd351e5-8798-482e-88a0-4d3eb8fec257,ESCO,1.2.1,http://data.europa.eu/esco/skill/0cd351e5-8798-482e-88a0-4d3eb8fec257,adjust physiotherapy interventions,esco_skills,exact_title,approved,,canonical_name_exact
canonical:ESCO|esco_skills|http://data.europa.eu/esco/skill/0cd6dcf1-5778-42a5-b685-4d01ae4a4871,ESCO,1.2.1,http://data.europa.eu/esco/skill/0cd6dcf1-5778-42a5-b685-4d01ae4a4871,Common Lisp,esco_skills,exact_title,approved,,canonical_name_exact
canonical:ESCO|esco_skills|http://data.europa.eu/esco/skill/0cf27a00-947f-473d-af1a-24028c17ba27,ESCO,1.2.1,http://data.europa.eu/esco/skill/0cf27a00-947f-473d-af1a-24028c17ba27,international regulations for cargo handling,esco_skills,exact_title,approved,,canonical_name_exact
canonical:ESCO|esco_skills|http://data.europa.eu/esco/skill/0d6714c6-720e-4985-9791-5ab85d28da79,ESCO,1.2.1,http://data.europa.eu/esco/skill/0d6714c6-720e-4985-9791-5ab85d28da79,gather data,esco_skills,exact_title,approved,,canonical_name_exact
canonical:ESCO|esco_skills|http://data.europa.eu/esco/skill/0d85dc6f-ea26-49a9-85b9-532441b000e2,ESCO,1.2.1,http://data.europa.eu/esco/skill/0d85dc6f-ea26-49a9-85b9-532441b000e2,handle the logistics of medicinal products,esco_skills,exact_title,approved,,canonical_name_exact
canonical:ESCO|esco_skills|http://data.europa.eu/esco/skill/0da516ee-e70e-4384-be13-f5ff80be8127,ESCO,1.2.1,http://data.europa.eu/esco/skill/0da516ee-e70e-4384-be13-f5ff80be8127,communicate with customers,esco_skills,exact_title,approved,,canonical_name_exact
canonical:ESCO|esco_skills|http://data.europa.eu/esco/skill/0daaf096-1639-461c-bf1a-bbeea77e6b67,ESCO,1.2.1,http://data.europa.eu/esco/skill/0daaf096-1639-461c-bf1a-bbeea77e6b67,internal risk management policy,esco_skills,exact_title,approved,,canonical_name_exact
canonical:ESCO|esco_skills|http://data.europa.eu/esco/skill/0dc7aa1b-b5af-4f4b-81ce-ee22ed8b6926,ESCO,1.2.1,http://data.europa.eu/esco/skill/0dc7aa1b-b5af-4f4b-81ce-ee22ed8b6926,assess ICT knowledge,esco_skills,exact_title,approved,,canonical_name_exact
canonical:ESCO|esco_skills|http://data.europa.eu/esco/skill/0dd4d328-f015-463d-9a7e-06b7041f0b26,ESCO,1.2.1,http://data.europa.eu/esco/skill/0dd4d328-f015-463d-9a7e-06b7041f0b26,consumer goods industry,esco_skills,exact_title,approved,,canonical_name_exact
canonical:ESCO|esco_skills|http://data.europa.eu/esco/skill/0de61385-de6d-4146-ba32-1cc1bc102220,ESCO,1.2.1,http://data.europa.eu/esco/skill/0de61385-de6d-4146-ba32-1cc1bc102220,Lisp,esco_skills,exact_title,approved,,canonical_name_exact
canonical:ESCO|esco_skills|http://data.europa.eu/esco/skill/0e0c9c11-b39e-43cf-ba95-2fe646f5de64,ESCO,1.2.1,http://data.europa.eu/esco/skill/0e0c9c11-b39e-43cf-ba95-2fe646f5de64,identify customer requirements,esco_skills,exact_title,approved,,canonical_name_exact
canonical:ESCO|esco_skills|http://data.europa.eu/esco/skill/0e0e4af2-4af8-40f5-8460-99e7401733c6,ESCO,1.2.1,http://data.europa.eu/esco/skill/0e0e4af2-4af8-40f5-8460-99e7401733c6,employ cognitive behaviour treatment techniques,esco_skills,exact_title,approved,,canonical_name_exact
canonical:ESCO|esco_skills|http://data.europa.eu/esco/skill/0e44ceb3-9dd4-4ec4-b1d7-a0e83ddba7d4,ESCO,1.2.1,http://data.europa.eu/esco/skill/0e44ceb3-9dd4-4ec4-b1d7-a0e83ddba7d4,automotive engineering,esco_skills,exact_title,approved,,canonical_name_exact
canonical:ESCO|esco_skills|http://data.europa.eu/esco/skill/0e54cc0e-6cef-41ec-bd8c-e8e8778969ec,ESCO,1.2.1,http://data.europa.eu/esco/skill/0e54cc0e-6cef-41ec-bd8c-e8e8778969ec,relationship marketing,esco_skills,exact_title,approved,,canonical_name_exact
canonical:ESCO|esco_skills|http://data.europa.eu/esco/skill/0ee94af1-b445-4973-9c3f-459fab250342,ESCO,1.2.1,http://data.europa.eu/esco/skill/0ee94af1-b445-4973-9c3f-459fab250342,apply conflict management,esco_skills,exact_title,approved,,canonical_name_exact
canonical:ESCO|esco_skills|http://data.europa.eu/esco/skill/0ee94c0a-3716-494a-95a2-dcbab9e58be2,ESCO,1.2.1,http://data.europa.eu/esco/skill/0ee94c0a-3716-494a-95a2-dcbab9e58be2,business requirements techniques,esco_skills,exact_title,approved,,canonical_name_exact
canonical:ESCO|esco_skills|http://data.europa.eu/esco/skill/0efbe2dc-2770-47ec-b8f4-d1bdff6ac0a4,ESCO,1.2.1,http://data.europa.eu/esco/skill/0efbe2dc-2770-47ec-b8f4-d1bdff6ac0a4,advise on risk management,esco_skills,exact_title,approved,,canonical_name_exact
canonical:ESCO|esco_skills|http://data.europa.eu/esco/skill/0f0698e7-04e4-4bf7-9af2-e3191147525a,ESCO,1.2.1,http://data.europa.eu/esco/skill/0f0698e7-04e4-4bf7-9af2-e3191147525a,optimise production processes parameters,esco_skills,exact_title,approved,,canonical_name_exact
canonical:ESCO|esco_skills|http://data.europa.eu/esco/skill/0f3ac478-54fa-4305-b077-50e3c0baeb8c,ESCO,1.2.1,http://data.europa.eu/esco/skill/0f3ac478-54fa-4305-b077-50e3c0baeb8c,manage physiotherapy staff,esco_skills,exact_title,approved,,canonical_name_exact
canonical:ESCO|esco_skills|http://data.europa.eu/esco/skill/0f551181-e1af-47e2-b2d8-ff9f4e011ecd,ESCO,1.2.1,http://data.europa.eu/esco/skill/0f551181-e1af-47e2-b2d8-ff9f4e011ecd,use clinical assessment techniques,esco_skills,exact_title,approved,,canonical_name_exact
canonical:ESCO|esco_skills|http://data.europa.eu/esco/skill/0f62b20e-90ea-446b-b5a4-eb5ece4057b0,ESCO,1.2.1,http://data.europa.eu/esco/skill/0f62b20e-90ea-446b-b5a4-eb5ece4057b0,develop strategic plans for physiotherapy services,esco_skills,exact_title,approved,,canonical_name_exact
canonical:ESCO|esco_skills|http://data.europa.eu/esco/skill/0fba68dc-6f5d-4974-b3cf-5d3215f7d363,ESCO,1.2.1,http://data.europa.eu/esco/skill/0fba68dc-6f5d-4974-b3cf-5d3215f7d363,edit negatives,esco_skills,exact_title,approved,,canonical_name_exact
canonical:ESCO|esco_skills|http://data.europa.eu/esco/skill/0fdc32f8-d7f4-48c3-895a-5aefc23a44b4,ESCO,1.2.1,http://data.europa.eu/esco/skill/0fdc32f8-d7f4-48c3-895a-5aefc23a44b4,perform ideation activities,esco_skills,exact_title,approved,,canonical_name_exact
canonical:ESCO|esco_skills|http://data.europa.eu/esco/skill/0ffdb6ac-03b5-4f1c-bfcc-3d9cb874fdf9,ESCO,1.2.1,http://data.europa.eu/esco/skill/0ffdb6ac-03b5-4f1c-bfcc-3d9cb874fdf9,ethical hacking principles,esco_skills,exact_title,approved,,canonical_name_exact
canonical:ESCO|esco_skills|http://data.europa.eu/esco/skill/10026df1-670d-4c75-b3d5-ee0037f9d59b,ESCO,1.2.1,http://data.europa.eu/esco/skill/10026df1-670d-4c75-b3d5-ee0037f9d59b,lead process optimisation,esco_skills,exact_title,approved,,canonical_name_exact
canonical:ESCO|esco_skills|http://data.europa.eu/esco/skill/1019423b-3368-4f83-b24f-19e5fa23e816,ESCO,1.2.1,http://data.europa.eu/esco/skill/1019423b-3368-4f83-b24f-19e5fa23e816,software UI design patterns,esco_skills,exact_title,approved,,canonical_name_exact
canonical:ESCO|esco_skills|http://data.europa.eu/esco/skill/1023ac61-250f-4eef-b7a9-238cf071685f,ESCO,1.2.1,http://data.europa.eu/esco/skill/1023ac61-250f-4eef-b7a9-238cf071685f,provide professional care in nursing,esco_skills,exact_title,approved,,canonical_name_exact
canonical:ESCO|esco_skills|http://data.europa.eu/esco/skill/103f7814-d262-4df6-a1b6-759bc51f76cb,ESCO,1.2.1,http://data.europa.eu/esco/skill/103f7814-d262-4df6-a1b6-759bc51f76cb,sustainable technologies,esco_skills,exact_title,approved,,canonical_name_exact
canonical:ESCO|esco_skills|http://data.europa.eu/esco/skill/1110c92f-3059-445a-9436-0f4200d365f5,ESCO,1.2.1,http://data.europa.eu/esco/skill/1110c92f-3059-445a-9436-0f4200d365f5,Sass,esco_skills,exact_title,approved,,canonical_name_exact
canonical:ESCO|esco_skills|http://data.europa.eu/esco/skill/11430d93-c835-48ed-8e70-285fa69c9ae6,ESCO,1.2.1,http://data.europa.eu/esco/skill/11430d93-c835-48ed-8e70-285fa69c9ae6,design cloud architecture,esco_skills,exact_title,approved,,canonical_name_exact
canonical:ESCO|esco_skills|http://data.europa.eu/esco/skill/114c9698-c999-4369-8498-81bf641fe871,ESCO,1.2.1,http://data.europa.eu/esco/skill/114c9698-c999-4369-8498-81bf641fe871,establish an ICT security prevention plan,esco_skills,exact_title,approved,,canonical_name_exact
canonical:ESCO|esco_skills|http://data.europa.eu/esco/skill/118a9b27-1c5a-4214-b685-1a4d9e6365ea,ESCO,1.2.1,http://data.europa.eu/esco/skill/118a9b27-1c5a-4214-b685-1a4d9e6365ea,computer forensics,esco_skills,exact_title,approved,,canonical_name_exact
canonical:ESCO|esco_skills|http://data.europa.eu/esco/skill/11c56452-fcec-4b00-9695-cca4728e5048,ESCO,1.2.1,http://data.europa.eu/esco/skill/11c56452-fcec-4b00-9695-cca4728e5048,marketing analytics,esco_skills,exact_title,approved,,canonical_name_exact
canonical:ESCO|esco_skills|http://data.europa.eu/esco/skill/11cbcf7f-8dc3-4c9a-9ec1-37f51b5cbc19,ESCO,1.2.1,http://data.europa.eu/esco/skill/11cbcf7f-8dc3-4c9a-9ec1-37f51b5cbc19,international trade,esco_skills,exact_title,approved,,canonical_name_exact
canonical:ESCO|esco_skills|http://data.europa.eu/esco/skill/11eebd42-44ab-401d-8a2c-bdb9fc9beb50,ESCO,1.2.1,http://data.europa.eu/esco/skill/11eebd42-44ab-401d-8a2c-bdb9fc9beb50,information security strategy,esco_skills,exact_title,approved,,canonical_name_exact
canonical:ESCO|esco_skills|http://data.europa.eu/esco/skill/1212ac42-2564-4fce-80e1-6ce4ea4d9bf5,ESCO,1.2.1,http://data.europa.eu/esco/skill/1212ac42-2564-4fce-80e1-6ce4ea4d9bf5,advise on personnel management,esco_skills,exact_title,approved,,canonical_name_exact
canonical:ESCO|esco_skills|http://data.europa.eu/esco/skill/12274664-b642-4945-b88f-d7787dc3c9dd,ESCO,1.2.1,http://data.europa.eu/esco/skill/12274664-b642-4945-b88f-d7787dc3c9dd,design interaction model,esco_skills,exact_title,approved,,canonical_name_exact
canonical:ESCO|esco_skills|http://data.europa.eu/esco/skill/123cf7c5-6a3b-419d-be4f-49a6cc020f9f,ESCO,1.2.1,http://data.europa.eu/esco/skill/123cf7c5-6a3b-419d-be4f-49a6cc020f9f,interactive media,esco_skills,exact_title,approved,,canonical_name_exact
canonical:ESCO|esco_skills|http://data.europa.eu/esco/skill/12428071-1ec8-4d52-a0ce-3eee78e1e1be,ESCO,1.2.1,http://data.europa.eu/esco/skill/12428071-1ec8-4d52-a0ce-3eee78e1e1be,perform records management,esco_skills,exact_title,approved,,canonical_name_exact
canonical:ESCO|esco_skills|http://data.europa.eu/esco/skill/136e0cab-0b19-48f7-9086-745d615f416b,ESCO,1.2.1,http://data.europa.eu/esco/skill/136e0cab-0b19-48f7-9086-745d615f416b,customer segmentation,esco_skills,exact_title,approved,,canonical_name_exact
canonical:ESCO|esco_skills|http://data.europa.eu/esco/skill/13724e7d-b946-4773-915e-9621340237bc,ESCO,1.2.1,http://data.europa.eu/esco/skill/13724e7d-b946-4773-915e-9621340237bc,contribute to continuity of health care,esco_skills,exact_title,approved,,canonical_name_exact
canonical:ESCO|esco_skills|http://data.europa.eu/esco/skill/13bdd41a-2a18-441f-96db-41252c519413,ESCO,1.2.1,http://data.europa.eu/esco/skill/13bdd41a-2a18-441f-96db-41252c519413,Visual Basic,esco_skills,exact_title,approved,,canonical_name_exact
canonical:ESCO|esco_skills|http://data.europa.eu/esco/skill/13e2378e-0d10-450d-843a-b3592575826e,ESCO,1.2.1,http://data.europa.eu/esco/skill/13e2378e-0d10-450d-843a-b3592575826e,implement marketing strategies,esco_skills,exact_title,approved,,canonical_name_exact
canonical:ESCO|esco_skills|http://data.europa.eu/esco/skill/143769cb-b61e-47d8-a61e-eedfbec1016c,ESCO,1.2.1,http://data.europa.eu/esco/skill/143769cb-b61e-47d8-a61e-eedfbec1016c,business intelligence,esco_skills,exact_title,approved,,canonical_name_exact
canonical:ESCO|esco_skills|http://data.europa.eu/esco/skill/14593aaa-def7-4766-ba88-03e89c8f51b7,ESCO,1.2.1,http://data.europa.eu/esco/skill/14593aaa-def7-4766-ba88-03e89c8f51b7,manage the operation of propulsion plant machinery,esco_skills,exact_title,approved,,canonical_name_exact
canonical:ESCO|esco_skills|http://data.europa.eu/esco/skill/147170ba-0141-4337-89af-b4513d745afe,ESCO,1.2.1,http://data.europa.eu/esco/skill/147170ba-0141-4337-89af-b4513d745afe,support development of annual budget,esco_skills,exact_title,approved,,canonical_name_exact
canonical:ESCO|esco_skills|http://data.europa.eu/esco/skill/1492f016-379c-4dbe-a3f6-6b486c103b8f,ESCO,1.2.1,http://data.europa.eu/esco/skill/1492f016-379c-4dbe-a3f6-6b486c103b8f,bobath therapy,esco_skills,exact_title,approved,,canonical_name_exact
canonical:ESCO|esco_skills|http://data.europa.eu/esco/skill/14d1e367-3efe-4ec5-86ae-eca48710ee4e,ESCO,1.2.1,http://data.europa.eu/esco/skill/14d1e367-3efe-4ec5-86ae-eca48710ee4e,implement ICT security policies,esco_skills,exact_title,approved,,canonical_name_exact
canonical:ESCO|esco_skills|http://data.europa.eu/esco/skill/14d88fae-ead0-4d19-8519-04b154b46987,ESCO,1.2.1,http://data.europa.eu/esco/skill/14d88fae-ead0-4d19-8519-04b154b46987,promote health and safety policies in health services,esco_skills,exact_title,approved,,canonical_name_exact
canonical:ESCO|esco_skills|http://data.europa.eu/esco/skill/153517bb-84ef-45f1-a185-1d427792026d,ESCO,1.2.1,http://data.europa.eu/esco/skill/153517bb-84ef-45f1-a185-1d427792026d,check the production schedule,esco_skills,exact_title,approved,,canonical_name_exact
canonical:ESCO|esco_skills|http://data.europa.eu/esco/skill/154c7027-53f6-4e52-96b9-32bdf949c389,ESCO,1.2.1,http://data.europa.eu/esco/skill/154c7027-53f6-4e52-96b9-32bdf949c389,provide physiotherapy diagnosis,esco_skills,exact_title,approved,,canonical_name_exact
canonical:ESCO|esco_skills|http://data.europa.eu/esco/skill/15a33d76-4640-438d-ae64-fdc0c1d3eebc,ESCO,1.2.1,http://data.europa.eu/esco/skill/15a33d76-4640-438d-ae64-fdc0c1d3eebc,customer service,esco_skills,exact_title,approved,,canonical_name_exact
canonical:ESCO|esco_skills|http://data.europa.eu/esco/skill/1605025e-a179-421f-8f35-5b07d182a6b2,ESCO,1.2.1,http://data.europa.eu/esco/skill/1605025e-a179-421f-8f35-5b07d182a6b2,web analytics,esco_skills,exact_title,approved,,canonical_name_exact
canonical:ESCO|esco_skills|http://data.europa.eu/esco/skill/16284f84-15c9-4542-b122-a6d584f937ee,ESCO,1.2.1,http://data.europa.eu/esco/skill/16284f84-15c9-4542-b122-a6d584f937ee,manage clinical risk,esco_skills,exact_title,approved,,canonical_name_exact
canonical:ESCO|esco_skills|http://data.europa.eu/esco/skill/16636767-c215-4cf0-b126-e144fea20926,ESCO,1.2.1,http://data.europa.eu/esco/skill/16636767-c215-4cf0-b126-e144fea20926,use e-health and mobile health technologies,esco_skills,exact_title,approved,,canonical_name_exact
canonical:ESCO|esco_skills|http://data.europa.eu/esco/skill/16a00c69-9c74-4c37-96d7-6301d285e5ce,ESCO,1.2.1,http://data.europa.eu/esco/skill/16a00c69-9c74-4c37-96d7-6301d285e5ce,use e-services,esco_skills,exact_title,approved,,canonical_name_exact
canonical:ESCO|esco_skills|http://data.europa.eu/esco/skill/16a3d876-e330-4648-b03f-5f8d7e18ee17,ESCO,1.2.1,http://data.europa.eu/esco/skill/16a3d876-e330-4648-b03f-5f8d7e18ee17,collect geological data,esco_skills,exact_title,approved,,canonical_name_exact
canonical:ESCO|esco_skills|http://data.europa.eu/esco/skill/16c8eade-5c2b-4c9c-a60d-6799dbc758a3,ESCO,1.2.1,http://data.europa.eu/esco/skill/16c8eade-5c2b-4c9c-a60d-6799dbc758a3,instrumentation equipment,esco_skills,exact_title,approved,,canonical_name_exact
canonical:ESCO|esco_skills|http://data.europa.eu/esco/skill/1709f408-9965-489b-9805-8e1e5d9e483b,ESCO,1.2.1,http://data.europa.eu/esco/skill/1709f408-9965-489b-9805-8e1e5d9e483b,health care legislation,esco_skills,exact_title,approved,,canonical_name_exact
canonical:ESCO|esco_skills|http://data.europa.eu/esco/skill/172020d1-e151-445b-8173-e2a5fb16fe51,ESCO,1.2.1,http://data.europa.eu/esco/skill/172020d1-e151-445b-8173-e2a5fb16fe51,utilise computer-aided software engineering tools,esco_skills,exact_title,approved,,canonical_name_exact
canonical:ESCO|esco_skills|http://data.europa.eu/esco/skill/17446f6d-d8b0-4945-a37b-9ad0dfc9f3e8,ESCO,1.2.1,http://data.europa.eu/esco/skill/17446f6d-d8b0-4945-a37b-9ad0dfc9f3e8,design a solar absorption cooling system,esco_skills,exact_title,approved,,canonical_name_exact
canonical:ESCO|esco_skills|http://data.europa.eu/esco/skill/1774bd31-8893-44cf-9498-7e3d95508419,ESCO,1.2.1,http://data.europa.eu/esco/skill/1774bd31-8893-44cf-9498-7e3d95508419,screen reader,esco_skills,exact_title,approved,,canonical_name_exact
canonical:ESCO|esco_skills|http://data.europa.eu/esco/skill/17924c75-45f4-4593-afac-eea0d51f04b5,ESCO,1.2.1,http://data.europa.eu/esco/skill/17924c75-45f4-4593-afac-eea0d51f04b5,defence standard procedures,esco_skills,exact_title,approved,,canonical_name_exact
canonical:ESCO|esco_skills|http://data.europa.eu/esco/skill/1859883d-c047-4fe1-8e74-7bb4385d6ad2,ESCO,1.2.1,http://data.europa.eu/esco/skill/1859883d-c047-4fe1-8e74-7bb4385d6ad2,apply 3D imaging techniques,esco_skills,exact_title,approved,,canonical_name_exact
canonical:ESCO|esco_skills|http://data.europa.eu/esco/skill/188048ff-18bf-43c4-a1a0-7adb6e68f421,ESCO,1.2.1,http://data.europa.eu/esco/skill/188048ff-18bf-43c4-a1a0-7adb6e68f421,monitor machine operations,esco_skills,exact_title,approved,,canonical_name_exact
canonical:ESCO|esco_skills|http://data.europa.eu/esco/skill/190be8c6-69a6-4aff-8320-473aee68d4c8,ESCO,1.2.1,http://data.europa.eu/esco/skill/190be8c6-69a6-4aff-8320-473aee68d4c8,orthopaedic manual physiotherapy,esco_skills,exact_title,approved,,canonical_name_exact
canonical:ESCO|esco_skills|http://data.europa.eu/esco/skill/1973c966-f236-40c9-b2d4-5d71a89019be,ESCO,1.2.1,http://data.europa.eu/esco/skill/1973c966-f236-40c9-b2d4-5d71a89019be,use spreadsheets software,esco_skills,exact_title,approved,,canonical_name_exact
canonical:ESCO|esco_skills|http://data.europa.eu/esco/skill/19a8293b-8e95-4de3-983f-77484079c389,ESCO,1.2.1,http://data.europa.eu/esco/skill/19a8293b-8e95-4de3-983f-77484079c389,Java (computer programming),esco_skills,exact_title,approved,,canonical_name_exact
canonical:ESCO|esco_skills|http://data.europa.eu/esco/skill/1a4cc54f-1e53-442b-a6d2-1682dc8ef8f9,ESCO,1.2.1,http://data.europa.eu/esco/skill/1a4cc54f-1e53-442b-a6d2-1682dc8ef8f9,creatively use digital technologies,esco_skills,exact_title,approved,,canonical_name_exact
canonical:ESCO|esco_skills|http://data.europa.eu/esco/skill/1a4fdd0e-2cbe-4b77-aa6e-e46efc181b76,ESCO,1.2.1,http://data.europa.eu/esco/skill/1a4fdd0e-2cbe-4b77-aa6e-e46efc181b76,represent the organisation,esco_skills,exact_title,approved,,canonical_name_exact
canonical:ESCO|esco_skills|http://data.europa.eu/esco/skill/1ad823ab-5eb5-4377-a24a-d3deca1f7bfd,ESCO,1.2.1,http://data.europa.eu/esco/skill/1ad823ab-5eb5-4377-a24a-d3deca1f7bfd,maintain relations with local representatives,esco_skills,exact_title,approved,,canonical_name_exact
canonical:ESCO|esco_skills|http://data.europa.eu/esco/skill/1b2889c2-154d-4e5f-b7d1-bd1f07df86ab,ESCO,1.2.1,http://data.europa.eu/esco/skill/1b2889c2-154d-4e5f-b7d1-bd1f07df86ab,create animated narratives,esco_skills,exact_title,approved,,canonical_name_exact
canonical:ESCO|esco_skills|http://data.europa.eu/esco/skill/1b3370df-c280-470c-ac35-951f42ca8b19,ESCO,1.2.1,http://data.europa.eu/esco/skill/1b3370df-c280-470c-ac35-951f42ca8b19,promote a positive image of nursing,esco_skills,exact_title,approved,,canonical_name_exact
canonical:ESCO|esco_skills|http://data.europa.eu/esco/skill/1b70a55d-b8a4-49fc-96c6-15ab4cff2522,ESCO,1.2.1,http://data.europa.eu/esco/skill/1b70a55d-b8a4-49fc-96c6-15ab4cff2522,use data processing techniques,esco_skills,exact_title,approved,,canonical_name_exact
canonical:ESCO|esco_skills|http://data.europa.eu/esco/skill/1b7c716e-af95-4cda-a42f-6479c8b139f5,ESCO,1.2.1,http://data.europa.eu/esco/skill/1b7c716e-af95-4cda-a42f-6479c8b139f5,MDX,esco_skills,exact_title,approved,,canonical_name_exact
canonical:ESCO|esco_skills|http://data.europa.eu/esco/skill/1b7d5366-516a-4e3a-8ff0-e3f7973c00a7,ESCO,1.2.1,http://data.europa.eu/esco/skill/1b7d5366-516a-4e3a-8ff0-e3f7973c00a7,monitor regulations in social services,esco_skills,exact_title,approved,,canonical_name_exact
canonical:ESCO|esco_skills|http://data.europa.eu/esco/skill/1b9899a4-5b50-44b0-a21a-e2f86c51ac5a,ESCO,1.2.1,http://data.europa.eu/esco/skill/1b9899a4-5b50-44b0-a21a-e2f86c51ac5a,assess physical conditions of clients,esco_skills,exact_title,approved,,canonical_name_exact
canonical:ESCO|esco_skills|http://data.europa.eu/esco/skill/1ba59ce0-7fec-434b-8d5c-9b275250a26c,ESCO,1.2.1,http://data.europa.eu/esco/skill/1ba59ce0-7fec-434b-8d5c-9b275250a26c,prepare presentation material,esco_skills,exact_title,approved,,canonical_name_exact
canonical:ESCO|esco_skills|http://data.europa.eu/esco/skill/1bba98a7-92b9-450b-9235-e0c905f8f3c4,ESCO,1.2.1,http://data.europa.eu/esco/skill/1bba98a7-92b9-450b-9235-e0c905f8f3c4,information architecture,esco_skills,exact_title,approved,,canonical_name_exact
canonical:ESCO|esco_skills|http://data.europa.eu/esco/skill/1bc718b6-ed90-4a9d-9fa7-8cec928a4581,ESCO,1.2.1,http://data.europa.eu/esco/skill/1bc718b6-ed90-4a9d-9fa7-8cec928a4581,use creative suite software,esco_skills,exact_title,approved,,canonical_name_exact
canonical:ESCO|esco_skills|http://data.europa.eu/esco/skill/1bc7c69b-4292-4592-b854-f48165a06082,ESCO,1.2.1,http://data.europa.eu/esco/skill/1bc7c69b-4292-4592-b854-f48165a06082,repair engines,esco_skills,exact_title,approved,,canonical_name_exact
canonical:ESCO|esco_skills|http://data.europa.eu/esco/skill/1bd24c22-f065-4ef9-adf4-068f01581987,ESCO,1.2.1,http://data.europa.eu/esco/skill/1bd24c22-f065-4ef9-adf4-068f01581987,occupational physiology,esco_skills,exact_title,approved,,canonical_name_exact
canonical:ESCO|esco_skills|http://data.europa.eu/esco/skill/1c2978b8-bb0d-4249-9c23-877571a4dffa,ESCO,1.2.1,http://data.europa.eu/esco/skill/1c2978b8-bb0d-4249-9c23-877571a4dffa,cloud security and compliance,esco_skills,exact_title,approved,,canonical_name_exact
canonical:ESCO|esco_skills|http://data.europa.eu/esco/skill/1c460d2d-90c6-4fc9-ad49-febb6e15605a,ESCO,1.2.1,http://data.europa.eu/esco/skill/1c460d2d-90c6-4fc9-ad49-febb6e15605a,pricing strategies,esco_skills,exact_title,approved,,canonical_name_exact
canonical:ESCO|esco_skills|http://data.europa.eu/esco/skill/1cca610d-2afc-44a7-97fc-f2262fb5fc75,ESCO,1.2.1,http://data.europa.eu/esco/skill/1cca610d-2afc-44a7-97fc-f2262fb5fc75,surveying,esco_skills,exact_title,approved,,canonical_name_exact
canonical:ESCO|esco_skills|http://data.europa.eu/esco/skill/1cdd0afe-196f-4d8a-924f-4d7473cce3c7,ESCO,1.2.1,http://data.europa.eu/esco/skill/1cdd0afe-196f-4d8a-924f-4d7473cce3c7,battery management systems,esco_skills,exact_title,approved,,canonical_name_exact
canonical:ESCO|esco_skills|http://data.europa.eu/esco/skill/1d0c2220-6855-4689-aeea-16c9c615b284,ESCO,1.2.1,http://data.europa.eu/esco/skill/1d0c2220-6855-4689-aeea-16c9c615b284,consult with motion picture producer,esco_skills,exact_title,approved,,canonical_name_exact
canonical:ESCO|esco_skills|http://data.europa.eu/esco/skill/1d4b74b0-1a48-48ec-a3cd-26cca0c212a3,ESCO,1.2.1,http://data.europa.eu/esco/skill/1d4b74b0-1a48-48ec-a3cd-26cca0c212a3,biological chemistry,esco_skills,exact_title,approved,,canonical_name_exact
canonical:ESCO|esco_skills|http://data.europa.eu/esco/skill/1dd23dba-dd00-45ab-abf4-642902538317,ESCO,1.2.1,http://data.europa.eu/esco/skill/1dd23dba-dd00-45ab-abf4-642902538317,perform risk analysis,esco_skills,exact_title,approved,,canonical_name_exact
canonical:ESCO|esco_skills|http://data.europa.eu/esco/skill/1de548e0-9535-4d2e-9d20-d4474c1ea813,ESCO,1.2.1,http://data.europa.eu/esco/skill/1de548e0-9535-4d2e-9d20-d4474c1ea813,oversee construction project,esco_skills,exact_title,approved,,canonical_name_exact
canonical:ESCO|esco_skills|http://data.europa.eu/esco/skill/1e3222fa-724d-41f0-9b0a-e88d1003cd35,ESCO,1.2.1,http://data.europa.eu/esco/skill/1e3222fa-724d-41f0-9b0a-e88d1003cd35,perform a feasibility study on solar absorption cooling,esco_skills,exact_title,approved,,canonical_name_exact
canonical:ESCO|esco_skills|http://data.europa.eu/esco/skill/1e77e42a-181f-4b48-8e74-201ce50ffc29,ESCO,1.2.1,http://data.europa.eu/esco/skill/1e77e42a-181f-4b48-8e74-201ce50ffc29,interpret current data,esco_skills,exact_title,approved,,canonical_name_exact
canonical:ESCO|esco_skills|http://data.europa.eu/esco/skill/1f1cdba2-4887-45ef-9eb0-235e7f63fa8b,ESCO,1.2.1,http://data.europa.eu/esco/skill/1f1cdba2-4887-45ef-9eb0-235e7f63fa8b,create electrical wiring diagram,esco_skills,exact_title,approved,,canonical_name_exact
canonical:ESCO|esco_skills|http://data.europa.eu/esco/skill/1f632076-fd9b-4b18-a9a2-b59a59181d3e,ESCO,1.2.1,http://data.europa.eu/esco/skill/1f632076-fd9b-4b18-a9a2-b59a59181d3e,urban planning law,esco_skills,exact_title,approved,,canonical_name_exact
canonical:ESCO|esco_skills|http://data.europa.eu/esco/skill/1fea0bc2-a6fa-4fe8-b36f-7a3194f8ed1c,ESCO,1.2.1,http://data.europa.eu/esco/skill/1fea0bc2-a6fa-4fe8-b36f-7a3194f8ed1c,electricity principles,esco_skills,exact_title,approved,,canonical_name_exact
canonical:ESCO|esco_skills|http://data.europa.eu/esco/skill/209a5498-3449-4689-8ed9-bd08cab4fd78,ESCO,1.2.1,http://data.europa.eu/esco/skill/209a5498-3449-4689-8ed9-bd08cab4fd78,engineering principles,esco_skills,exact_title,approved,,canonical_name_exact
canonical:ESCO|esco_skills|http://data.europa.eu/esco/skill/20a8fe89-d4eb-4698-8521-8881c13377e0,ESCO,1.2.1,http://data.europa.eu/esco/skill/20a8fe89-d4eb-4698-8521-8881c13377e0,interact professionally in research and professional environments,esco_skills,exact_title,approved,,canonical_name_exact
canonical:ESCO|esco_skills|http://data.europa.eu/esco/skill/21c27eba-bd1f-42f5-a1d5-c250227030f7,ESCO,1.2.1,http://data.europa.eu/esco/skill/21c27eba-bd1f-42f5-a1d5-c250227030f7,electricity consumption,esco_skills,exact_title,approved,,canonical_name_exact
canonical:ESCO|esco_skills|http://data.europa.eu/esco/skill/21c5790c-0930-4d74-b3b0-84caf5af12ea,ESCO,1.2.1,http://data.europa.eu/esco/skill/21c5790c-0930-4d74-b3b0-84caf5af12ea,manage budgets,esco_skills,exact_title,approved,,canonical_name_exact
canonical:ESCO|esco_skills|http://data.europa.eu/esco/skill/21d2f96d-35f7-4e3f-9745-c533d2dd6e97,ESCO,1.2.1,http://data.europa.eu/esco/skill/21d2f96d-35f7-4e3f-9745-c533d2dd6e97,computer programming,esco_skills,exact_title,approved,,canonical_name_exact
canonical:ESCO|esco_skills|http://data.europa.eu/esco/skill/2239694b-771a-4586-8b54-2794e361a9ae,ESCO,1.2.1,http://data.europa.eu/esco/skill/2239694b-771a-4586-8b54-2794e361a9ae,maintain relationship with customers,esco_skills,exact_title,approved,,canonical_name_exact
canonical:ESCO|esco_skills|http://data.europa.eu/esco/skill/2245cba7-fa4f-47b8-a0cb-3a6b60d703ee,ESCO,1.2.1,http://data.europa.eu/esco/skill/2245cba7-fa4f-47b8-a0cb-3a6b60d703ee,give advice on personal matters,esco_skills,exact_title,approved,,canonical_name_exact
canonical:ESCO|esco_skills|http://data.europa.eu/esco/skill/22a173f5-868c-4d82-87e6-beed500ce070,ESCO,1.2.1,http://data.europa.eu/esco/skill/22a173f5-868c-4d82-87e6-beed500ce070,prepare tax returns forms,esco_skills,exact_title,approved,,canonical_name_exact
canonical:ESCO|esco_skills|http://data.europa.eu/esco/skill/233be639-bdb5-4099-ab40-96d537d6c1f3,ESCO,1.2.1,http://data.europa.eu/esco/skill/233be639-bdb5-4099-ab40-96d537d6c1f3,ensure compliance with safety legislation,esco_skills,exact_title,approved,,canonical_name_exact
canonical:ESCO|esco_skills|http://data.europa.eu/esco/skill/234aeb8d-56c3-4531-9193-1c5e6a8d16cb,ESCO,1.2.1,http://data.europa.eu/esco/skill/234aeb8d-56c3-4531-9193-1c5e6a8d16cb,use presentation software,esco_skills,exact_title,approved,,canonical_name_exact
canonical:ESCO|esco_skills|http://data.europa.eu/esco/skill/24229e89-9e1d-4c1a-ae23-c64777b152ce,ESCO,1.2.1,http://data.europa.eu/esco/skill/24229e89-9e1d-4c1a-ae23-c64777b152ce,consult with production director,esco_skills,exact_title,approved,,canonical_name_exact
canonical:ESCO|esco_skills|http://data.europa.eu/esco/skill/2475cd27-8d6c-4318-a364-21395b23acba,ESCO,1.2.1,http://data.europa.eu/esco/skill/2475cd27-8d6c-4318-a364-21395b23acba,empathise with the healthcare user,esco_skills,exact_title,approved,,canonical_name_exact
canonical:ESCO|esco_skills|http://data.europa.eu/esco/skill/248894d1-42dc-474f-af6e-2da52ac0c679,ESCO,1.2.1,http://data.europa.eu/esco/skill/248894d1-42dc-474f-af6e-2da52ac0c679,define technology strategy,esco_skills,exact_title,approved,,canonical_name_exact
canonical:ESCO|esco_skills|http://data.europa.eu/esco/skill/24c200e5-be20-4370-a137-ab53797f3a17,ESCO,1.2.1,http://data.europa.eu/esco/skill/24c200e5-be20-4370-a137-ab53797f3a17,software frameworks,esco_skills,exact_title,approved,,canonical_name_exact
canonical:ESCO|esco_skills|http://data.europa.eu/esco/skill/24e67151-ff7e-43e2-99c0-424a758278a4,ESCO,1.2.1,http://data.europa.eu/esco/skill/24e67151-ff7e-43e2-99c0-424a758278a4,liaise with auditors,esco_skills,exact_title,approved,,canonical_name_exact
canonical:ESCO|esco_skills|http://data.europa.eu/esco/skill/2522a6ce-3202-4ac8-9f5b-b9cb5a3a83a1,ESCO,1.2.1,http://data.europa.eu/esco/skill/2522a6ce-3202-4ac8-9f5b-b9cb5a3a83a1,debug software,esco_skills,exact_title,approved,,canonical_name_exact
canonical:ESCO|esco_skills|http://data.europa.eu/esco/skill/25b291b5-8245-4d9d-b391-86a8a31d7109,ESCO,1.2.1,http://data.europa.eu/esco/skill/25b291b5-8245-4d9d-b391-86a8a31d7109,use concurrent programming,esco_skills,exact_title,approved,,canonical_name_exact
canonical:ESCO|esco_skills|http://data.europa.eu/esco/skill/25b762be-23eb-4165-aa05-64663de3e654,ESCO,1.2.1,http://data.europa.eu/esco/skill/25b762be-23eb-4165-aa05-64663de3e654,assist in performing physical exercises,esco_skills,exact_title,approved,,canonical_name_exact
canonical:ESCO|esco_skills|http://data.europa.eu/esco/skill/25f0ea33-b4a2-4f31-b7b4-7d20e827b180,ESCO,1.2.1,http://data.europa.eu/esco/skill/25f0ea33-b4a2-4f31-b7b4-7d20e827b180,data mining,esco_skills,exact_title,approved,,canonical_name_exact
canonical:ESCO|esco_skills|http://data.europa.eu/esco/skill/25f4c955-e429-44a6-98a7-7d8cb3b6b690,ESCO,1.2.1,http://data.europa.eu/esco/skill/25f4c955-e429-44a6-98a7-7d8cb3b6b690,follow a brief,esco_skills,exact_title,approved,,canonical_name_exact
canonical:ESCO|esco_skills|http://data.europa.eu/esco/skill/2618f336-8e71-4666-83b5-f368edb0906d,ESCO,1.2.1,http://data.europa.eu/esco/skill/2618f336-8e71-4666-83b5-f368edb0906d,cognitive psychology,esco_skills,exact_title,approved,,canonical_name_exact
canonical:ESCO|esco_skills|http://data.europa.eu/esco/skill/267b9417-9d05-4731-a877-bfb978fb50eb,ESCO,1.2.1,http://data.europa.eu/esco/skill/267b9417-9d05-4731-a877-bfb978fb50eb,plan engineering activities,esco_skills,exact_title,approved,,canonical_name_exact
canonical:ESCO|esco_skills|http://data.europa.eu/esco/skill/269b8734-fa1d-4c6f-a843-523fa3bbae6e,ESCO,1.2.1,http://data.europa.eu/esco/skill/269b8734-fa1d-4c6f-a843-523fa3bbae6e,behavioural science,esco_skills,exact_title,approved,,canonical_name_exact
canonical:ESCO|esco_skills|http://data.europa.eu/esco/skill/26fa7a33-a426-4cd5-9792-33bf668612e1,ESCO,1.2.1,http://data.europa.eu/esco/skill/26fa7a33-a426-4cd5-9792-33bf668612e1,LESS,esco_skills,exact_title,approved,,canonical_name_exact
canonical:ESCO|esco_skills|http://data.europa.eu/esco/skill/27065048-bca8-4b0a-891a-b192b9ceadfd,ESCO,1.2.1,http://data.europa.eu/esco/skill/27065048-bca8-4b0a-891a-b192b9ceadfd,CAM software,esco_skills,exact_title,approved,,canonical_name_exact
canonical:ESCO|esco_skills|http://data.europa.eu/esco/skill/273eb12c-7c34-41d2-afd2-c0222bf853bc,ESCO,1.2.1,http://data.europa.eu/esco/skill/273eb12c-7c34-41d2-afd2-c0222bf853bc,develop an artistic framework,esco_skills,exact_title,approved,,canonical_name_exact
canonical:ESCO|esco_skills|http://data.europa.eu/esco/skill/27a638bc-6362-45f8-afce-5596a606269b,ESCO,1.2.1,http://data.europa.eu/esco/skill/27a638bc-6362-45f8-afce-5596a606269b,impact of social contexts on health,esco_skills,exact_title,approved,,canonical_name_exact
canonical:ESCO|esco_skills|http://data.europa.eu/esco/skill/27ad6528-0914-4049-87c0-2f05791d0e2e,ESCO,1.2.1,http://data.europa.eu/esco/skill/27ad6528-0914-4049-87c0-2f05791d0e2e,design a domotic system in buildings,esco_skills,exact_title,approved,,canonical_name_exact
canonical:ESCO|esco_skills|http://data.europa.eu/esco/skill/27ed854c-15b8-4ba2-90e9-ae888a219703,ESCO,1.2.1,http://data.europa.eu/esco/skill/27ed854c-15b8-4ba2-90e9-ae888a219703,perform business analysis,esco_skills,exact_title,approved,,canonical_name_exact
canonical:ESCO|esco_skills|http://data.europa.eu/esco/skill/2806260f-6399-4add-8f11-070141423f9d,ESCO,1.2.1,http://data.europa.eu/esco/skill/2806260f-6399-4add-8f11-070141423f9d,medical terminology,esco_skills,exact_title,approved,,canonical_name_exact
canonical:ESCO|esco_skills|http://data.europa.eu/esco/skill/2857540c-180b-4208-9127-e94a01871966,ESCO,1.2.1,http://data.europa.eu/esco/skill/2857540c-180b-4208-9127-e94a01871966,align software with system architectures,esco_skills,exact_title,approved,,canonical_name_exact
canonical:ESCO|esco_skills|http://data.europa.eu/esco/skill/2876970d-90af-45bd-9cfd-c0af757947ea,ESCO,1.2.1,http://data.europa.eu/esco/skill/2876970d-90af-45bd-9cfd-c0af757947ea,maintain electrical engines,esco_skills,exact_title,approved,,canonical_name_exact
canonical:ESCO|esco_skills|http://data.europa.eu/esco/skill/28cd3cc4-5b92-47e6-9534-a0e1a4981103,ESCO,1.2.1,http://data.europa.eu/esco/skill/28cd3cc4-5b92-47e6-9534-a0e1a4981103,emergency surgery,esco_skills,exact_title,approved,,canonical_name_exact
canonical:ESCO|esco_skills|http://data.europa.eu/esco/skill/29154735-107a-4daa-a050-537f7707f34e,ESCO,1.2.1,http://data.europa.eu/esco/skill/29154735-107a-4daa-a050-537f7707f34e,conduct content quality assurance,esco_skills,exact_title,approved,,canonical_name_exact
canonical:ESCO|esco_skills|http://data.europa.eu/esco/skill/292549e6-08ec-456c-b008-eba7a0a68428,ESCO,1.2.1,http://data.europa.eu/esco/skill/292549e6-08ec-456c-b008-eba7a0a68428,analyse market financial trends,esco_skills,exact_title,approved,,canonical_name_exact
canonical:ESCO|esco_skills|http://data.europa.eu/esco/skill/2964011e-f828-4c6c-b98b-51e984d66365,ESCO,1.2.1,http://data.europa.eu/esco/skill/2964011e-f828-4c6c-b98b-51e984d66365,material mechanics,esco_skills,exact_title,approved,,canonical_name_exact
canonical:ESCO|esco_skills|http://data.europa.eu/esco/skill/29fb0fb5-dfc4-4098-ac9b-3a712000f48f,ESCO,1.2.1,http://data.europa.eu/esco/skill/29fb0fb5-dfc4-4098-ac9b-3a712000f48f,manage database,esco_skills,exact_title,approved,,canonical_name_exact
canonical:ESCO|esco_skills|http://data.europa.eu/esco/skill/2a3a96a3-709e-4d60-81f6-d247d6933f13,ESCO,1.2.1,http://data.europa.eu/esco/skill/2a3a96a3-709e-4d60-81f6-d247d6933f13,manage system security,esco_skills,exact_title,approved,,canonical_name_exact
canonical:ESCO|esco_skills|http://data.europa.eu/esco/skill/2a778aeb-f246-4f03-9a96-c60183001037,ESCO,1.2.1,http://data.europa.eu/esco/skill/2a778aeb-f246-4f03-9a96-c60183001037,schedule production,esco_skills,exact_title,approved,,canonical_name_exact
canonical:ESCO|esco_skills|http://data.europa.eu/esco/skill/2abb7341-11a9-4799-9aef-7f2a83de0358,ESCO,1.2.1,http://data.europa.eu/esco/skill/2abb7341-11a9-4799-9aef-7f2a83de0358,theory of constraints,esco_skills,exact_title,approved,,canonical_name_exact
canonical:ESCO|esco_skills|http://data.europa.eu/esco/skill/2ac4b20b-bf0f-44e4-910e-090de3d4bbab,ESCO,1.2.1,http://data.europa.eu/esco/skill/2ac4b20b-bf0f-44e4-910e-090de3d4bbab,manage engine-room resources,esco_skills,exact_title,approved,,canonical_name_exact
canonical:ESCO|esco_skills|http://data.europa.eu/esco/skill/2ad081e6-0a3f-4612-ac15-7ace75d39e26,ESCO,1.2.1,http://data.europa.eu/esco/skill/2ad081e6-0a3f-4612-ac15-7ace75d39e26,intellectual property law,esco_skills,exact_title,approved,,canonical_name_exact
canonical:ESCO|esco_skills|http://data.europa.eu/esco/skill/2ae4ae1a-367e-47e0-a0cc-6777be3e58d0,ESCO,1.2.1,http://data.europa.eu/esco/skill/2ae4ae1a-367e-47e0-a0cc-6777be3e58d0,organise staff assessment,esco_skills,exact_title,approved,,canonical_name_exact
canonical:ESCO|esco_skills|http://data.europa.eu/esco/skill/2afb2b59-c9a3-4cf3-b1dd-1a2fad51e583,ESCO,1.2.1,http://data.europa.eu/esco/skill/2afb2b59-c9a3-4cf3-b1dd-1a2fad51e583,3D printing process,esco_skills,exact_title,approved,,canonical_name_exact
canonical:ESCO|esco_skills|http://data.europa.eu/esco/skill/2aff3316-15b8-4ca1-8ae2-270bd5fd22e1,ESCO,1.2.1,http://data.europa.eu/esco/skill/2aff3316-15b8-4ca1-8ae2-270bd5fd22e1,electrical equipment regulations,esco_skills,exact_title,approved,,canonical_name_exact
canonical:ESCO|esco_skills|http://data.europa.eu/esco/skill/2b1ce548-4e16-45fb-bfb2-f3141c8efe8d,ESCO,1.2.1,http://data.europa.eu/esco/skill/2b1ce548-4e16-45fb-bfb2-f3141c8efe8d,patient autonomy,esco_skills,exact_title,approved,,canonical_name_exact
canonical:ESCO|esco_skills|http://data.europa.eu/esco/skill/2b1e2927-3542-48da-9063-02925e7562c1,ESCO,1.2.1,http://data.europa.eu/esco/skill/2b1e2927-3542-48da-9063-02925e7562c1,disseminate results to the scientific community,esco_skills,exact_title,approved,,canonical_name_exact
canonical:ESCO|esco_skills|http://data.europa.eu/esco/skill/2b34764d-637c-48f5-aa70-31e15c965db6,ESCO,1.2.1,http://data.europa.eu/esco/skill/2b34764d-637c-48f5-aa70-31e15c965db6,operate open source software,esco_skills,exact_title,approved,,canonical_name_exact
canonical:ESCO|esco_skills|http://data.europa.eu/esco/skill/2b76cbbf-eddc-4a12-a120-f4ea370820a5,ESCO,1.2.1,http://data.europa.eu/esco/skill/2b76cbbf-eddc-4a12-a120-f4ea370820a5,ensure safety in electrical power operations,esco_skills,exact_title,approved,,canonical_name_exact
canonical:ESCO|esco_skills|http://data.europa.eu/esco/skill/2b7a79e5-84d8-4880-be66-3d9bb05bea17,ESCO,1.2.1,http://data.europa.eu/esco/skill/2b7a79e5-84d8-4880-be66-3d9bb05bea17,use software design patterns,esco_skills,exact_title,approved,,canonical_name_exact
canonical:ESCO|esco_skills|http://data.europa.eu/esco/skill/2b92a5b2-6758-4ee3-9fb4-b6387a55cc8f,ESCO,1.2.1,http://data.europa.eu/esco/skill/2b92a5b2-6758-4ee3-9fb4-b6387a55cc8f,perform data analysis,esco_skills,exact_title,approved,,canonical_name_exact
canonical:ESCO|esco_skills|http://data.europa.eu/esco/skill/2b9f4584-da2e-44e2-a2fb-4dd4fc64c1a2,ESCO,1.2.1,http://data.europa.eu/esco/skill/2b9f4584-da2e-44e2-a2fb-4dd4fc64c1a2,integrated circuits,esco_skills,exact_title,approved,,canonical_name_exact
canonical:ESCO|esco_skills|http://data.europa.eu/esco/skill/2bbdea06-a265-42b5-bb4f-7241b661f069,ESCO,1.2.1,http://data.europa.eu/esco/skill/2bbdea06-a265-42b5-bb4f-7241b661f069,electromechanics,esco_skills,exact_title,approved,,canonical_name_exact
canonical:ESCO|esco_skills|http://data.europa.eu/esco/skill/2bc626f8-32ce-4131-9f65-c52929d55a95,ESCO,1.2.1,http://data.europa.eu/esco/skill/2bc626f8-32ce-4131-9f65-c52929d55a95,electric heating systems,esco_skills,exact_title,approved,,canonical_name_exact
canonical:ESCO|esco_skills|http://data.europa.eu/esco/skill/2bde42ae-e776-41c1-9ded-b07b30bfe985,ESCO,1.2.1,http://data.europa.eu/esco/skill/2bde42ae-e776-41c1-9ded-b07b30bfe985,Prolog (computer programming),esco_skills,exact_title,approved,,canonical_name_exact
canonical:ESCO|esco_skills|http://data.europa.eu/esco/skill/2be699a7-416a-4f32-967c-4edc65027b71,ESCO,1.2.1,http://data.europa.eu/esco/skill/2be699a7-416a-4f32-967c-4edc65027b71,government policy implementation,esco_skills,exact_title,approved,,canonical_name_exact
canonical:ESCO|esco_skills|http://data.europa.eu/esco/skill/2c28fc20-8a60-4311-8899-5ef8729c05b3,ESCO,1.2.1,http://data.europa.eu/esco/skill/2c28fc20-8a60-4311-8899-5ef8729c05b3,design process,esco_skills,exact_title,approved,,canonical_name_exact
canonical:ESCO|esco_skills|http://data.europa.eu/esco/skill/2c4e11ef-da18-4e19-816b-e6bc19e12424,ESCO,1.2.1,http://data.europa.eu/esco/skill/2c4e11ef-da18-4e19-816b-e6bc19e12424,use logic programming,esco_skills,exact_title,approved,,canonical_name_exact
canonical:ESCO|esco_skills|http://data.europa.eu/esco/skill/2ca4c857-1450-4004-9fdb-8500def6b8fa,ESCO,1.2.1,http://data.europa.eu/esco/skill/2ca4c857-1450-4004-9fdb-8500def6b8fa,military logistics,esco_skills,exact_title,approved,,canonical_name_exact
canonical:ESCO|esco_skills|http://data.europa.eu/esco/skill/2cc35da7-3fd8-42e8-aa70-87ef8a3b1f3b,ESCO,1.2.1,http://data.europa.eu/esco/skill/2cc35da7-3fd8-42e8-aa70-87ef8a3b1f3b,provide assistive technology,esco_skills,exact_title,approved,,canonical_name_exact
canonical:ESCO|esco_skills|http://data.europa.eu/esco/skill/2d6904db-9e16-42a5-bc12-c5acb8bfab18,ESCO,1.2.1,http://data.europa.eu/esco/skill/2d6904db-9e16-42a5-bc12-c5acb8bfab18,safe management of medicines,esco_skills,exact_title,approved,,canonical_name_exact
canonical:ESCO|esco_skills|http://data.europa.eu/esco/skill/2d6d4784-0992-48e7-b100-22d7229b3f0a,ESCO,1.2.1,http://data.europa.eu/esco/skill/2d6d4784-0992-48e7-b100-22d7229b3f0a,translate requirements into visual design,esco_skills,exact_title,approved,,canonical_name_exact
canonical:ESCO|esco_skills|http://data.europa.eu/esco/skill/2daa2d63-07ef-4c16-b0f3-697bbb6fc205,ESCO,1.2.1,http://data.europa.eu/esco/skill/2daa2d63-07ef-4c16-b0f3-697bbb6fc205,adapt to change in marketing,esco_skills,exact_title,approved,,canonical_name_exact
canonical:ESCO|esco_skills|http://data.europa.eu/esco/skill/2daec0e6-f0c1-43e8-8178-aedba99130ec,ESCO,1.2.1,http://data.europa.eu/esco/skill/2daec0e6-f0c1-43e8-8178-aedba99130ec,establish data processes,esco_skills,exact_title,approved,,canonical_name_exact
canonical:ESCO|esco_skills|http://data.europa.eu/esco/skill/2ddb1226-1117-4eb4-ae65-3a2f5a5a3c80,ESCO,1.2.1,http://data.europa.eu/esco/skill/2ddb1226-1117-4eb4-ae65-3a2f5a5a3c80,ICT network security risks,esco_skills,exact_title,approved,,canonical_name_exact
canonical:ESCO|esco_skills|http://data.europa.eu/esco/skill/2de4572a-4724-4f76-afc2-72a568a264ac,ESCO,1.2.1,http://data.europa.eu/esco/skill/2de4572a-4724-4f76-afc2-72a568a264ac,speak different languages,esco_skills,exact_title,approved,,canonical_name_exact
canonical:ESCO|esco_skills|http://data.europa.eu/esco/skill/2dfa5bd5-c87c-461c-bce9-69b2c58732bd,ESCO,1.2.1,http://data.europa.eu/esco/skill/2dfa5bd5-c87c-461c-bce9-69b2c58732bd,cartography,esco_skills,exact_title,approved,,canonical_name_exact
canonical:ESCO|esco_skills|http://data.europa.eu/esco/skill/2e040fb0-66b9-4529-bec6-466472b60773,ESCO,1.2.1,http://data.europa.eu/esco/skill/2e040fb0-66b9-4529-bec6-466472b60773,archive healthcare users' records,esco_skills,exact_title,approved,,canonical_name_exact
canonical:ESCO|esco_skills|http://data.europa.eu/esco/skill/2e55bf22-45f2-43f6-8aa0-28894263313d,ESCO,1.2.1,http://data.europa.eu/esco/skill/2e55bf22-45f2-43f6-8aa0-28894263313d,electric motors,esco_skills,exact_title,approved,,canonical_name_exact
canonical:ESCO|esco_skills|http://data.europa.eu/esco/skill/2ecf90f1-c511-464b-b26f-598d69182c70,ESCO,1.2.1,http://data.europa.eu/esco/skill/2ecf90f1-c511-464b-b26f-598d69182c70,calculate tax,esco_skills,exact_title,approved,,canonical_name_exact
canonical:ESCO|esco_skills|http://data.europa.eu/esco/skill/2ed78f04-8282-40ab-89a6-9392fde00826,ESCO,1.2.1,http://data.europa.eu/esco/skill/2ed78f04-8282-40ab-89a6-9392fde00826,orthopaedics,esco_skills,exact_title,approved,,canonical_name_exact
canonical:ESCO|esco_skills|http://data.europa.eu/esco/skill/2fb8480e-de3c-462b-b169-e8bbb344da68,ESCO,1.2.1,http://data.europa.eu/esco/skill/2fb8480e-de3c-462b-b169-e8bbb344da68,innovation processes,esco_skills,exact_title,approved,,canonical_name_exact
canonical:ESCO|esco_skills|http://data.europa.eu/esco/skill/2fea2558-630e-480d-9e12-47a05bc19b55,ESCO,1.2.1,http://data.europa.eu/esco/skill/2fea2558-630e-480d-9e12-47a05bc19b55,precision mechanics,esco_skills,exact_title,approved,,canonical_name_exact
canonical:ESCO|esco_skills|http://data.europa.eu/esco/skill/2ff405ec-f59c-4a7b-84b6-9776a49582c4,ESCO,1.2.1,http://data.europa.eu/esco/skill/2ff405ec-f59c-4a7b-84b6-9776a49582c4,bookkeeping regulations,esco_skills,exact_title,approved,,canonical_name_exact
canonical:ESCO|esco_skills|http://data.europa.eu/esco/skill/300d432b-f457-4cd3-9cb1-1858c7d14954,ESCO,1.2.1,http://data.europa.eu/esco/skill/300d432b-f457-4cd3-9cb1-1858c7d14954,OpenEdge Advanced Business Language,esco_skills,exact_title,approved,,canonical_name_exact
canonical:ESCO|esco_skills|http://data.europa.eu/esco/skill/303c6ab0-21c3-4b09-ac77-d405936857d9,ESCO,1.2.1,http://data.europa.eu/esco/skill/303c6ab0-21c3-4b09-ac77-d405936857d9,sustainable installation materials,esco_skills,exact_title,approved,,canonical_name_exact
canonical:ESCO|esco_skills|http://data.europa.eu/esco/skill/30a4d870-d6fc-4b78-80d5-5741322cc44d,ESCO,1.2.1,http://data.europa.eu/esco/skill/30a4d870-d6fc-4b78-80d5-5741322cc44d,perform patient activity analyses,esco_skills,exact_title,approved,,canonical_name_exact
canonical:ESCO|esco_skills|http://data.europa.eu/esco/skill/31c69100-b612-4a61-8db5-fd314318854c,ESCO,1.2.1,http://data.europa.eu/esco/skill/31c69100-b612-4a61-8db5-fd314318854c,execute analytical mathematical calculations,esco_skills,exact_title,approved,,canonical_name_exact
canonical:ESCO|esco_skills|http://data.europa.eu/esco/skill/324f0243-1a21-4f5c-9f71-52eebc2596ed,ESCO,1.2.1,http://data.europa.eu/esco/skill/324f0243-1a21-4f5c-9f71-52eebc2596ed,interview techniques,esco_skills,exact_title,approved,,canonical_name_exact
canonical:ESCO|esco_skills|http://data.europa.eu/esco/skill/325ef602-74c0-4944-9cc2-95c9af86857b,ESCO,1.2.1,http://data.europa.eu/esco/skill/325ef602-74c0-4944-9cc2-95c9af86857b,use traditional illustration techniques,esco_skills,exact_title,approved,,canonical_name_exact
canonical:ESCO|esco_skills|http://data.europa.eu/esco/skill/326809fc-238d-40c2-881e-40042f7f2f0d,ESCO,1.2.1,http://data.europa.eu/esco/skill/326809fc-238d-40c2-881e-40042f7f2f0d,establish collaborative relations,esco_skills,exact_title,approved,,canonical_name_exact
canonical:ESCO|esco_skills|http://data.europa.eu/esco/skill/327d15c8-29ff-4ad4-a4fe-6536d777a45f,ESCO,1.2.1,http://data.europa.eu/esco/skill/327d15c8-29ff-4ad4-a4fe-6536d777a45f,documentation types,esco_skills,exact_title,approved,,canonical_name_exact
canonical:ESCO|esco_skills|http://data.europa.eu/esco/skill/32fcad69-381e-43cb-aebc-94f51ea15bab,ESCO,1.2.1,http://data.europa.eu/esco/skill/32fcad69-381e-43cb-aebc-94f51ea15bab,triage clients for physiotherapy,esco_skills,exact_title,approved,,canonical_name_exact
canonical:ESCO|esco_skills|http://data.europa.eu/esco/skill/33a0a2ea-025e-4107-8717-39ac45b3b78c,ESCO,1.2.1,http://data.europa.eu/esco/skill/33a0a2ea-025e-4107-8717-39ac45b3b78c,design management,esco_skills,exact_title,approved,,canonical_name_exact
canonical:ESCO|esco_skills|http://data.europa.eu/esco/skill/33a82b83-c838-4889-ae62-fae1317481eb,ESCO,1.2.1,http://data.europa.eu/esco/skill/33a82b83-c838-4889-ae62-fae1317481eb,protect personal data and privacy,esco_skills,exact_title,approved,,canonical_name_exact
canonical:ESCO|esco_skills|http://data.europa.eu/esco/skill/33c01497-8264-4773-81dd-6096ad512f02,ESCO,1.2.1,http://data.europa.eu/esco/skill/33c01497-8264-4773-81dd-6096ad512f02,health care occupation-specific ethics,esco_skills,exact_title,approved,,canonical_name_exact
canonical:ESCO|esco_skills|http://data.europa.eu/esco/skill/33d49d4f-31ec-473f-9b8a-b555aa5116bb,ESCO,1.2.1,http://data.europa.eu/esco/skill/33d49d4f-31ec-473f-9b8a-b555aa5116bb,iterative development,esco_skills,exact_title,approved,,canonical_name_exact
canonical:ESCO|esco_skills|http://data.europa.eu/esco/skill/33e584f9-ff7a-4979-bfc0-5a3a374a145a,ESCO,1.2.1,http://data.europa.eu/esco/skill/33e584f9-ff7a-4979-bfc0-5a3a374a145a,social network analysis,esco_skills,exact_title,approved,,canonical_name_exact
canonical:ESCO|esco_skills|http://data.europa.eu/esco/skill/341c4478-c976-4ff0-a102-cfd92174d873,ESCO,1.2.1,http://data.europa.eu/esco/skill/341c4478-c976-4ff0-a102-cfd92174d873,business law,esco_skills,exact_title,approved,,canonical_name_exact
canonical:ESCO|esco_skills|http://data.europa.eu/esco/skill/342af3a1-4fdc-4ddc-898a-bb82a7f62efe,ESCO,1.2.1,http://data.europa.eu/esco/skill/342af3a1-4fdc-4ddc-898a-bb82a7f62efe,record healthcare users' progress related to treatment,esco_skills,exact_title,approved,,canonical_name_exact
canonical:ESCO|esco_skills|http://data.europa.eu/esco/skill/348b74cd-49ce-4844-8bdf-ec188b497213,ESCO,1.2.1,http://data.europa.eu/esco/skill/348b74cd-49ce-4844-8bdf-ec188b497213,visual presentation techniques,esco_skills,exact_title,approved,,canonical_name_exact
canonical:ESCO|esco_skills|http://data.europa.eu/esco/skill/34d6ed30-5d35-44b9-9498-fd15badb5f28,ESCO,1.2.1,http://data.europa.eu/esco/skill/34d6ed30-5d35-44b9-9498-fd15badb5f28,advise on market strategies,esco_skills,exact_title,approved,,canonical_name_exact
canonical:ESCO|esco_skills|http://data.europa.eu/esco/skill/3579208e-49b3-4ce4-98e7-20e41b1ce8d4,ESCO,1.2.1,http://data.europa.eu/esco/skill/3579208e-49b3-4ce4-98e7-20e41b1ce8d4,develop information security strategy,esco_skills,exact_title,approved,,canonical_name_exact
canonical:ESCO|esco_skills|http://data.europa.eu/esco/skill/36931cb7-ca3f-4be1-8428-f38eefc8e1ed,ESCO,1.2.1,http://data.europa.eu/esco/skill/36931cb7-ca3f-4be1-8428-f38eefc8e1ed,execute email marketing,esco_skills,exact_title,approved,,canonical_name_exact
canonical:ESCO|esco_skills|http://data.europa.eu/esco/skill/3786b61f-f22e-48d1-af8d-ad4c354534db,ESCO,1.2.1,http://data.europa.eu/esco/skill/3786b61f-f22e-48d1-af8d-ad4c354534db,manufacturing processes,esco_skills,exact_title,approved,,canonical_name_exact
canonical:ESCO|esco_skills|http://data.europa.eu/esco/skill/37bc4dc0-1233-4008-98db-1116d0c1cfcc,ESCO,1.2.1,http://data.europa.eu/esco/skill/37bc4dc0-1233-4008-98db-1116d0c1cfcc,define security policies,esco_skills,exact_title,approved,,canonical_name_exact
canonical:ESCO|esco_skills|http://data.europa.eu/esco/skill/382c11ed-20d5-4ae7-b60e-15fec527fa6c,ESCO,1.2.1,http://data.europa.eu/esco/skill/382c11ed-20d5-4ae7-b60e-15fec527fa6c,apply statistical analysis techniques,esco_skills,exact_title,approved,,canonical_name_exact
canonical:ESCO|esco_skills|http://data.europa.eu/esco/skill/38509fa4-7c06-4a4b-9622-f521f03c37b8,ESCO,1.2.1,http://data.europa.eu/esco/skill/38509fa4-7c06-4a4b-9622-f521f03c37b8,photography,esco_skills,exact_title,approved,,canonical_name_exact
canonical:ESCO|esco_skills|http://data.europa.eu/esco/skill/385479b7-5da5-4367-9763-0d15b41bb65b,ESCO,1.2.1,http://data.europa.eu/esco/skill/385479b7-5da5-4367-9763-0d15b41bb65b,provide user documentation,esco_skills,exact_title,approved,,canonical_name_exact
canonical:ESCO|esco_skills|http://data.europa.eu/esco/skill/386774ac-fe5b-431a-b485-9aec0bf5c09e,ESCO,1.2.1,http://data.europa.eu/esco/skill/386774ac-fe5b-431a-b485-9aec0bf5c09e,maintain electrical equipment,esco_skills,exact_title,approved,,canonical_name_exact
canonical:ESCO|esco_skills|http://data.europa.eu/esco/skill/38716afc-a93b-44ab-96cc-2ecf67edcf32,ESCO,1.2.1,http://data.europa.eu/esco/skill/38716afc-a93b-44ab-96cc-2ecf67edcf32,do cloud refactoring,esco_skills,exact_title,approved,,canonical_name_exact
canonical:ESCO|esco_skills|http://data.europa.eu/esco/skill/38788a64-6271-40ff-9e0b-5644c38322ff,ESCO,1.2.1,http://data.europa.eu/esco/skill/38788a64-6271-40ff-9e0b-5644c38322ff,consultation methods,esco_skills,exact_title,approved,,canonical_name_exact
canonical:ESCO|esco_skills|http://data.europa.eu/esco/skill/38a5c459-c591-4f76-a358-37de342bb11d,ESCO,1.2.1,http://data.europa.eu/esco/skill/38a5c459-c591-4f76-a358-37de342bb11d,job market offers,esco_skills,exact_title,approved,,canonical_name_exact
canonical:ESCO|esco_skills|http://data.europa.eu/esco/skill/38cd93b5-af8a-4528-a0f0-f8439ccb4b09,ESCO,1.2.1,http://data.europa.eu/esco/skill/38cd93b5-af8a-4528-a0f0-f8439ccb4b09,answer patients' questions,esco_skills,exact_title,approved,,canonical_name_exact
canonical:ESCO|esco_skills|http://data.europa.eu/esco/skill/38d49d88-9069-467b-b29e-3cae739bdd4d,ESCO,1.2.1,http://data.europa.eu/esco/skill/38d49d88-9069-467b-b29e-3cae739bdd4d,build predictive models,esco_skills,exact_title,approved,,canonical_name_exact
canonical:ESCO|esco_skills|http://data.europa.eu/esco/skill/394028bf-8dd1-4910-ad46-bc9e8e6e5b6d,ESCO,1.2.1,http://data.europa.eu/esco/skill/394028bf-8dd1-4910-ad46-bc9e8e6e5b6d,advocate health,esco_skills,exact_title,approved,,canonical_name_exact
canonical:ESCO|esco_skills|http://data.europa.eu/esco/skill/397da142-ab35-48fe-b154-7c38f447adfb,ESCO,1.2.1,http://data.europa.eu/esco/skill/397da142-ab35-48fe-b154-7c38f447adfb,digital systems,esco_skills,exact_title,approved,,canonical_name_exact
canonical:ESCO|esco_skills|http://data.europa.eu/esco/skill/398304c5-6073-4968-afc7-394fbd837d74,ESCO,1.2.1,http://data.europa.eu/esco/skill/398304c5-6073-4968-afc7-394fbd837d74,measure effectiveness of the service provided,esco_skills,exact_title,approved,,canonical_name_exact
canonical:ESCO|esco_skills|http://data.europa.eu/esco/skill/39e43f7c-a95e-4583-be76-bb134ccce1ae,ESCO,1.2.1,http://data.europa.eu/esco/skill/39e43f7c-a95e-4583-be76-bb134ccce1ae,financial department processes,esco_skills,exact_title,approved,,canonical_name_exact
canonical:ESCO|esco_skills|http://data.europa.eu/esco/skill/39f67488-cfd3-4370-8d7e-da98163102d9,ESCO,1.2.1,http://data.europa.eu/esco/skill/39f67488-cfd3-4370-8d7e-da98163102d9,evaluate research activities,esco_skills,exact_title,approved,,canonical_name_exact
canonical:ESCO|esco_skills|http://data.europa.eu/esco/skill/39f9b48c-04b5-4e6f-9c52-3cdb29a5a93b,ESCO,1.2.1,http://data.europa.eu/esco/skill/39f9b48c-04b5-4e6f-9c52-3cdb29a5a93b,publishing industry,esco_skills,exact_title,approved,,canonical_name_exact
canonical:ESCO|esco_skills|http://data.europa.eu/esco/skill/3a0f10bd-4c3f-4020-b29c-f03cfe6d6e5b,ESCO,1.2.1,http://data.europa.eu/esco/skill/3a0f10bd-4c3f-4020-b29c-f03cfe6d6e5b,coordinate transportation,esco_skills,exact_title,approved,,canonical_name_exact
canonical:ESCO|esco_skills|http://data.europa.eu/esco/skill/3a116ee0-19d4-49e9-a8f0-f2cd4f51c463,ESCO,1.2.1,http://data.europa.eu/esco/skill/3a116ee0-19d4-49e9-a8f0-f2cd4f51c463,transmission towers,esco_skills,exact_title,approved,,canonical_name_exact
canonical:ESCO|esco_skills|http://data.europa.eu/esco/skill/3a5231a0-8c30-48ee-b671-08e2debd4441,ESCO,1.2.1,http://data.europa.eu/esco/skill/3a5231a0-8c30-48ee-b671-08e2debd4441,organisational policies,esco_skills,exact_title,approved,,canonical_name_exact
canonical:ESCO|esco_skills|http://data.europa.eu/esco/skill/3adb8e1f-ea24-4d8a-ba91-a78bf97ab87e,ESCO,1.2.1,http://data.europa.eu/esco/skill/3adb8e1f-ea24-4d8a-ba91-a78bf97ab87e,record treated patient's information,esco_skills,exact_title,approved,,canonical_name_exact
canonical:ESCO|esco_skills|http://data.europa.eu/esco/skill/3b3b7373-220a-4287-87cf-e24a208b63c6,ESCO,1.2.1,http://data.europa.eu/esco/skill/3b3b7373-220a-4287-87cf-e24a208b63c6,quality and cycle time optimisation,esco_skills,exact_title,approved,,canonical_name_exact
canonical:ESCO|esco_skills|http://data.europa.eu/esco/skill/3b64ab47-a874-403a-b781-7b23c2fc3c6c,ESCO,1.2.1,http://data.europa.eu/esco/skill/3b64ab47-a874-403a-b781-7b23c2fc3c6c,advise on building matters,esco_skills,exact_title,approved,,canonical_name_exact
canonical:ESCO|esco_skills|http://data.europa.eu/esco/skill/3bddfd7c-ab6d-40c2-883d-5e97fb7640ba,ESCO,1.2.1,http://data.europa.eu/esco/skill/3bddfd7c-ab6d-40c2-883d-5e97fb7640ba,create software design,esco_skills,exact_title,approved,,canonical_name_exact
canonical:ESCO|esco_skills|http://data.europa.eu/esco/skill/3be6b84a-fa78-42b9-a8df-150cdb40b9d7,ESCO,1.2.1,http://data.europa.eu/esco/skill/3be6b84a-fa78-42b9-a8df-150cdb40b9d7,ICT quality policy,esco_skills,exact_title,approved,,canonical_name_exact
canonical:ESCO|esco_skills|http://data.europa.eu/esco/skill/3c03ee71-4a23-448f-b79e-81fd75d27dca,ESCO,1.2.1,http://data.europa.eu/esco/skill/3c03ee71-4a23-448f-b79e-81fd75d27dca,apply change management,esco_skills,exact_title,approved,,canonical_name_exact
canonical:ESCO|esco_skills|http://data.europa.eu/esco/skill/3c1ef982-b91a-47f7-9cab-0bb1b0d50283,ESCO,1.2.1,http://data.europa.eu/esco/skill/3c1ef982-b91a-47f7-9cab-0bb1b0d50283,provide early intervention therapy to infants,esco_skills,exact_title,approved,,canonical_name_exact
canonical:ESCO|esco_skills|http://data.europa.eu/esco/skill/3c2e6f38-42c1-46ec-b782-5854b2db330d,ESCO,1.2.1,http://data.europa.eu/esco/skill/3c2e6f38-42c1-46ec-b782-5854b2db330d,blockchain openness,esco_skills,exact_title,approved,,canonical_name_exact
canonical:ESCO|esco_skills|http://data.europa.eu/esco/skill/3c333552-8d89-43f5-90bd-856e15bec433,ESCO,1.2.1,http://data.europa.eu/esco/skill/3c333552-8d89-43f5-90bd-856e15bec433,design drawings,esco_skills,exact_title,approved,,canonical_name_exact
canonical:ESCO|esco_skills|http://data.europa.eu/esco/skill/3c42d13b-d6e4-4ed9-bdc4-991251461dc4,ESCO,1.2.1,http://data.europa.eu/esco/skill/3c42d13b-d6e4-4ed9-bdc4-991251461dc4,engineering control theory,esco_skills,exact_title,approved,,canonical_name_exact
canonical:ESCO|esco_skills|http://data.europa.eu/esco/skill/3c76296d-4bbd-44ba-8eaa-95bf275f79b7,ESCO,1.2.1,http://data.europa.eu/esco/skill/3c76296d-4bbd-44ba-8eaa-95bf275f79b7,manage ICT project,esco_skills,exact_title,approved,,canonical_name_exact
canonical:ESCO|esco_skills|http://data.europa.eu/esco/skill/3cc1ee94-ab2c-4f35-8171-3cf4b5b664e4,ESCO,1.2.1,http://data.europa.eu/esco/skill/3cc1ee94-ab2c-4f35-8171-3cf4b5b664e4,digital compositing,esco_skills,exact_title,approved,,canonical_name_exact
canonical:ESCO|esco_skills|http://data.europa.eu/esco/skill/3cd35f5d-ce6d-4f14-9a09-53d7a28d834c,ESCO,1.2.1,http://data.europa.eu/esco/skill/3cd35f5d-ce6d-4f14-9a09-53d7a28d834c,maintain relationship with suppliers,esco_skills,exact_title,approved,,canonical_name_exact
canonical:ESCO|esco_skills|http://data.europa.eu/esco/skill/3ce1fe19-7f9e-4070-941d-651673a5693b,ESCO,1.2.1,http://data.europa.eu/esco/skill/3ce1fe19-7f9e-4070-941d-651673a5693b,decision support systems,esco_skills,exact_title,approved,,canonical_name_exact
canonical:ESCO|esco_skills|http://data.europa.eu/esco/skill/3cee858e-79e8-4a4b-b99f-93c7f735d58b,ESCO,1.2.1,http://data.europa.eu/esco/skill/3cee858e-79e8-4a4b-b99f-93c7f735d58b,DB2,esco_skills,exact_title,approved,,canonical_name_exact
canonical:ESCO|esco_skills|http://data.europa.eu/esco/skill/3d957fb2-b8f4-4b4c-b955-23299c761ad5,ESCO,1.2.1,http://data.europa.eu/esco/skill/3d957fb2-b8f4-4b4c-b955-23299c761ad5,design web-based courses,esco_skills,exact_title,approved,,canonical_name_exact
canonical:ESCO|esco_skills|http://data.europa.eu/esco/skill/3d96dc4c-d812-4015-b1f9-8307c086c595,ESCO,1.2.1,http://data.europa.eu/esco/skill/3d96dc4c-d812-4015-b1f9-8307c086c595,evaluate marketing content,esco_skills,exact_title,approved,,canonical_name_exact
canonical:ESCO|esco_skills|http://data.europa.eu/esco/skill/3dc6fd8e-6ff7-432e-a262-04d487858efb,ESCO,1.2.1,http://data.europa.eu/esco/skill/3dc6fd8e-6ff7-432e-a262-04d487858efb,assemble hardware components,esco_skills,exact_title,approved,,canonical_name_exact
canonical:ESCO|esco_skills|http://data.europa.eu/esco/skill/3e20dad4-2b69-41d8-906f-bea6a317c884,ESCO,1.2.1,http://data.europa.eu/esco/skill/3e20dad4-2b69-41d8-906f-bea6a317c884,community-based rehabilitation,esco_skills,exact_title,approved,,canonical_name_exact
canonical:ESCO|esco_skills|http://data.europa.eu/esco/skill/3e23db60-0c3d-498a-a6ac-ffbed0ecb033,ESCO,1.2.1,http://data.europa.eu/esco/skill/3e23db60-0c3d-498a-a6ac-ffbed0ecb033,ICT accessibility standards,esco_skills,exact_title,approved,,canonical_name_exact
canonical:ESCO|esco_skills|http://data.europa.eu/esco/skill/3e28860e-f520-461d-8282-a32264c4f4a1,ESCO,1.2.1,http://data.europa.eu/esco/skill/3e28860e-f520-461d-8282-a32264c4f4a1,manage revenue,esco_skills,exact_title,approved,,canonical_name_exact
canonical:ESCO|esco_skills|http://data.europa.eu/esco/skill/3e2ab38a-4519-4bef-b762-a8bf4836a775,ESCO,1.2.1,http://data.europa.eu/esco/skill/3e2ab38a-4519-4bef-b762-a8bf4836a775,perform dimensionality reduction,esco_skills,exact_title,approved,,canonical_name_exact
canonical:ESCO|esco_skills|http://data.europa.eu/esco/skill/3e40c7d0-0e36-4b33-bc33-0aa87eda0561,ESCO,1.2.1,http://data.europa.eu/esco/skill/3e40c7d0-0e36-4b33-bc33-0aa87eda0561,electrical engineering,esco_skills,exact_title,approved,,canonical_name_exact
canonical:ESCO|esco_skills|http://data.europa.eu/esco/skill/3e4cdaee-740c-4754-9135-466362bbd22e,ESCO,1.2.1,http://data.europa.eu/esco/skill/3e4cdaee-740c-4754-9135-466362bbd22e,maintain industrial equipment,esco_skills,exact_title,approved,,canonical_name_exact
canonical:ESCO|esco_skills|http://data.europa.eu/esco/skill/3e9b580d-811b-48df-a5d1-a7bdd26f901f,ESCO,1.2.1,http://data.europa.eu/esco/skill/3e9b580d-811b-48df-a5d1-a7bdd26f901f,prepare financial auditing reports,esco_skills,exact_title,approved,,canonical_name_exact
canonical:ESCO|esco_skills|http://data.europa.eu/esco/skill/3eb03076-6fb4-48a1-8b36-36b5a5031ead,ESCO,1.2.1,http://data.europa.eu/esco/skill/3eb03076-6fb4-48a1-8b36-36b5a5031ead,bridge engineering,esco_skills,exact_title,approved,,canonical_name_exact
canonical:ESCO|esco_skills|http://data.europa.eu/esco/skill/3ec2e4d6-7000-4905-bf1a-c5b1679416de,ESCO,1.2.1,http://data.europa.eu/esco/skill/3ec2e4d6-7000-4905-bf1a-c5b1679416de,data warehouse,esco_skills,exact_title,approved,,canonical_name_exact
canonical:ESCO|esco_skills|http://data.europa.eu/esco/skill/3edd4853-a8d2-4791-a5f0-af3a92f18245,ESCO,1.2.1,http://data.europa.eu/esco/skill/3edd4853-a8d2-4791-a5f0-af3a92f18245,electromagnetism,esco_skills,exact_title,approved,,canonical_name_exact
canonical:ESCO|esco_skills|http://data.europa.eu/esco/skill/3ee090a1-9d1c-44ed-bd93-f6b7c9b68a97,ESCO,1.2.1,http://data.europa.eu/esco/skill/3ee090a1-9d1c-44ed-bd93-f6b7c9b68a97,manage payroll reports,esco_skills,exact_title,approved,,canonical_name_exact
canonical:ESCO|esco_skills|http://data.europa.eu/esco/skill/3ff589b7-68df-4ea5-ae41-b395bdb2378f,ESCO,1.2.1,http://data.europa.eu/esco/skill/3ff589b7-68df-4ea5-ae41-b395bdb2378f,ICT security standards,esco_skills,exact_title,approved,,canonical_name_exact
canonical:ESCO|esco_skills|http://data.europa.eu/esco/skill/40f27736-0d98-4446-8234-11646e4f4bc3,ESCO,1.2.1,http://data.europa.eu/esco/skill/40f27736-0d98-4446-8234-11646e4f4bc3,oversee logistics of finished products,esco_skills,exact_title,approved,,canonical_name_exact
canonical:ESCO|esco_skills|http://data.europa.eu/esco/skill/4107d971-baf4-4118-a217-4025810d6256,ESCO,1.2.1,http://data.europa.eu/esco/skill/4107d971-baf4-4118-a217-4025810d6256,micromechatronic engineering,esco_skills,exact_title,approved,,canonical_name_exact
canonical:ESCO|esco_skills|http://data.europa.eu/esco/skill/4134622c-c3fb-4a41-beb6-6d58ba5107db,ESCO,1.2.1,http://data.europa.eu/esco/skill/4134622c-c3fb-4a41-beb6-6d58ba5107db,demonstrate disciplinary expertise,esco_skills,exact_title,approved,,canonical_name_exact
canonical:ESCO|esco_skills|http://data.europa.eu/esco/skill/414332e4-8347-4771-b947-65bd3801a620,ESCO,1.2.1,http://data.europa.eu/esco/skill/414332e4-8347-4771-b947-65bd3801a620,use consulting techniques,esco_skills,exact_title,approved,,canonical_name_exact
canonical:ESCO|esco_skills|http://data.europa.eu/esco/skill/415abd43-e8e5-4643-b5da-5f11307af57a,ESCO,1.2.1,http://data.europa.eu/esco/skill/415abd43-e8e5-4643-b5da-5f11307af57a,use different communication channels,esco_skills,exact_title,approved,,canonical_name_exact
canonical:ESCO|esco_skills|http://data.europa.eu/esco/skill/4216e465-7baa-4884-a241-54b197bb9278,ESCO,1.2.1,http://data.europa.eu/esco/skill/4216e465-7baa-4884-a241-54b197bb9278,perform data mining,esco_skills,exact_title,approved,,canonical_name_exact
canonical:ESCO|esco_skills|http://data.europa.eu/esco/skill/42b23922-1c40-4dbe-9e0c-7a568dfdf06b,ESCO,1.2.1,http://data.europa.eu/esco/skill/42b23922-1c40-4dbe-9e0c-7a568dfdf06b,adjust engineering designs,esco_skills,exact_title,approved,,canonical_name_exact
canonical:ESCO|esco_skills|http://data.europa.eu/esco/skill/42ed3bfb-1a01-4c8b-9758-fc6438865734,ESCO,1.2.1,http://data.europa.eu/esco/skill/42ed3bfb-1a01-4c8b-9758-fc6438865734,Smalltalk (computer programming),esco_skills,exact_title,approved,,canonical_name_exact
canonical:ESCO|esco_skills|http://data.europa.eu/esco/skill/434fb032-3c05-45bd-aaf2-09468ee34d7f,ESCO,1.2.1,http://data.europa.eu/esco/skill/434fb032-3c05-45bd-aaf2-09468ee34d7f,identify research topics,esco_skills,exact_title,approved,,canonical_name_exact
canonical:ESCO|esco_skills|http://data.europa.eu/esco/skill/436b8f31-1a12-408a-be5f-a951942fbf92,ESCO,1.2.1,http://data.europa.eu/esco/skill/436b8f31-1a12-408a-be5f-a951942fbf92,simulation-based clinical education,esco_skills,exact_title,approved,,canonical_name_exact
canonical:ESCO|esco_skills|http://data.europa.eu/esco/skill/438ff259-d086-4004-acda-1ec3e1631bc6,ESCO,1.2.1,http://data.europa.eu/esco/skill/438ff259-d086-4004-acda-1ec3e1631bc6,software anomalies,esco_skills,exact_title,approved,,canonical_name_exact
canonical:ESCO|esco_skills|http://data.europa.eu/esco/skill/43ae58b9-5e56-4524-b45a-b422777a0576,ESCO,1.2.1,http://data.europa.eu/esco/skill/43ae58b9-5e56-4524-b45a-b422777a0576,database,esco_skills,exact_title,approved,,canonical_name_exact
canonical:ESCO|esco_skills|http://data.europa.eu/esco/skill/43d1d56b-ce62-4fe8-8f18-35d92ec73023,ESCO,1.2.1,http://data.europa.eu/esco/skill/43d1d56b-ce62-4fe8-8f18-35d92ec73023,identify undetected organisational needs,esco_skills,exact_title,approved,,canonical_name_exact
canonical:ESCO|esco_skills|http://data.europa.eu/esco/skill/43dfbe7f-9e10-4871-b171-e5076737b4cf,ESCO,1.2.1,http://data.europa.eu/esco/skill/43dfbe7f-9e10-4871-b171-e5076737b4cf,digital marketing techniques,esco_skills,exact_title,approved,,canonical_name_exact
canonical:ESCO|esco_skills|http://data.europa.eu/esco/skill/43ec6db6-33f7-449b-a566-5779a7e8997a,ESCO,1.2.1,http://data.europa.eu/esco/skill/43ec6db6-33f7-449b-a566-5779a7e8997a,OpenEdge Database,esco_skills,exact_title,approved,,canonical_name_exact
canonical:ESCO|esco_skills|http://data.europa.eu/esco/skill/440d5784-52a5-4729-8b04-29f978bd896d,ESCO,1.2.1,http://data.europa.eu/esco/skill/440d5784-52a5-4729-8b04-29f978bd896d,respond to incidents in cloud,esco_skills,exact_title,approved,,canonical_name_exact
canonical:ESCO|esco_skills|http://data.europa.eu/esco/skill/440f64e5-e66c-45ee-bc29-53c14a2ad720,ESCO,1.2.1,http://data.europa.eu/esco/skill/440f64e5-e66c-45ee-bc29-53c14a2ad720,use geographic information systems,esco_skills,exact_title,approved,,canonical_name_exact
canonical:ESCO|esco_skills|http://data.europa.eu/esco/skill/441707bb-9ad3-406c-9975-a6bec96f537b,ESCO,1.2.1,http://data.europa.eu/esco/skill/441707bb-9ad3-406c-9975-a6bec96f537b,"empower individuals, families and groups",esco_skills,exact_title,approved,,canonical_name_exact
canonical:ESCO|esco_skills|http://data.europa.eu/esco/skill/441da17f-5560-43d3-920e-2865931c96d2,ESCO,1.2.1,http://data.europa.eu/esco/skill/441da17f-5560-43d3-920e-2865931c96d2,take pictures,esco_skills,exact_title,approved,,canonical_name_exact
canonical:ESCO|esco_skills|http://data.europa.eu/esco/skill/4463a721-69f3-413d-8321-43e3af13a4f1,ESCO,1.2.1,http://data.europa.eu/esco/skill/4463a721-69f3-413d-8321-43e3af13a4f1,use databases,esco_skills,exact_title,approved,,canonical_name_exact
canonical:ESCO|esco_skills|http://data.europa.eu/esco/skill/44b768da-1397-4ff8-b575-d71889a67b9d,ESCO,1.2.1,http://data.europa.eu/esco/skill/44b768da-1397-4ff8-b575-d71889a67b9d,meet expectations of target audience,esco_skills,exact_title,approved,,canonical_name_exact
canonical:ESCO|esco_skills|http://data.europa.eu/esco/skill/455a7133-cf0f-4c74-a91f-fd35c0d25b79,ESCO,1.2.1,http://data.europa.eu/esco/skill/455a7133-cf0f-4c74-a91f-fd35c0d25b79,install mechatronic equipment,esco_skills,exact_title,approved,,canonical_name_exact
canonical:ESCO|esco_skills|http://data.europa.eu/esco/skill/45f1ae17-c20d-40fc-9307-7d33b6ca9213,ESCO,1.2.1,http://data.europa.eu/esco/skill/45f1ae17-c20d-40fc-9307-7d33b6ca9213,image recognition,esco_skills,exact_title,approved,,canonical_name_exact
canonical:ESCO|esco_skills|http://data.europa.eu/esco/skill/46003629-a579-4d0a-b3ea-80ef890699d6,ESCO,1.2.1,http://data.europa.eu/esco/skill/46003629-a579-4d0a-b3ea-80ef890699d6,diagnose nursing care,esco_skills,exact_title,approved,,canonical_name_exact
canonical:ESCO|esco_skills|http://data.europa.eu/esco/skill/465e7c78-cd26-4503-a5ca-40009e807705,ESCO,1.2.1,http://data.europa.eu/esco/skill/465e7c78-cd26-4503-a5ca-40009e807705,assess users' interaction with ICT applications,esco_skills,exact_title,approved,,canonical_name_exact
canonical:ESCO|esco_skills|http://data.europa.eu/esco/skill/465ff64a-1271-4064-8ed1-e969cb68d8b4,ESCO,1.2.1,http://data.europa.eu/esco/skill/465ff64a-1271-4064-8ed1-e969cb68d8b4,perform test run,esco_skills,exact_title,approved,,canonical_name_exact
canonical:ESCO|esco_skills|http://data.europa.eu/esco/skill/46a8c70b-3894-4ce5-887b-7df4f7456b36,ESCO,1.2.1,http://data.europa.eu/esco/skill/46a8c70b-3894-4ce5-887b-7df4f7456b36,monitor patients' progress related to treatment,esco_skills,exact_title,approved,,canonical_name_exact
canonical:ESCO|esco_skills|http://data.europa.eu/esco/skill/46cb7282-7fb0-4d3c-b6b8-bfe81fab077e,ESCO,1.2.1,http://data.europa.eu/esco/skill/46cb7282-7fb0-4d3c-b6b8-bfe81fab077e,draw conclusions from market research results,esco_skills,exact_title,approved,,canonical_name_exact
canonical:ESCO|esco_skills|http://data.europa.eu/esco/skill/46ec0033-3c71-415e-bcff-b065675ba2dc,ESCO,1.2.1,http://data.europa.eu/esco/skill/46ec0033-3c71-415e-bcff-b065675ba2dc,integrate ICT data,esco_skills,exact_title,approved,,canonical_name_exact
canonical:ESCO|esco_skills|http://data.europa.eu/esco/skill/473a8b64-a05c-4d49-962d-b9d9219950bc,ESCO,1.2.1,http://data.europa.eu/esco/skill/473a8b64-a05c-4d49-962d-b9d9219950bc,analyse relation between supply chain improvement and profit,esco_skills,exact_title,approved,,canonical_name_exact
canonical:ESCO|esco_skills|http://data.europa.eu/esco/skill/477173ca-5fc2-406b-9122-95d92811f284,ESCO,1.2.1,http://data.europa.eu/esco/skill/477173ca-5fc2-406b-9122-95d92811f284,communicate with stakeholders,esco_skills,exact_title,approved,,canonical_name_exact
canonical:ESCO|esco_skills|http://data.europa.eu/esco/skill/47a49cd6-097d-457a-9f7b-c290c14930d5,ESCO,1.2.1,http://data.europa.eu/esco/skill/47a49cd6-097d-457a-9f7b-c290c14930d5,analyse big data,esco_skills,exact_title,approved,,canonical_name_exact
canonical:ESCO|esco_skills|http://data.europa.eu/esco/skill/47ac9325-b072-4e37-8e40-e6ffed03e851,ESCO,1.2.1,http://data.europa.eu/esco/skill/47ac9325-b072-4e37-8e40-e6ffed03e851,supervision of persons,esco_skills,exact_title,approved,,canonical_name_exact
canonical:ESCO|esco_skills|http://data.europa.eu/esco/skill/47b9bbcf-356c-4782-83a4-7f5a1b2b51a3,ESCO,1.2.1,http://data.europa.eu/esco/skill/47b9bbcf-356c-4782-83a4-7f5a1b2b51a3,Assembly (computer programming),esco_skills,exact_title,approved,,canonical_name_exact
canonical:ESCO|esco_skills|http://data.europa.eu/esco/skill/47ca0da1-cae5-4395-ae6b-fd97b9ff48d3,ESCO,1.2.1,http://data.europa.eu/esco/skill/47ca0da1-cae5-4395-ae6b-fd97b9ff48d3,system backup best practice,esco_skills,exact_title,approved,,canonical_name_exact
canonical:ESCO|esco_skills|http://data.europa.eu/esco/skill/47d491a9-f7c0-4b13-a10f-983d3aa0113e,ESCO,1.2.1,http://data.europa.eu/esco/skill/47d491a9-f7c0-4b13-a10f-983d3aa0113e,safety engineering,esco_skills,exact_title,approved,,canonical_name_exact
canonical:ESCO|esco_skills|http://data.europa.eu/esco/skill/4840338b-ac6c-486a-be1d-9ddfe00b8bdf,ESCO,1.2.1,http://data.europa.eu/esco/skill/4840338b-ac6c-486a-be1d-9ddfe00b8bdf,Spiral development,esco_skills,exact_title,approved,,canonical_name_exact
canonical:ESCO|esco_skills|http://data.europa.eu/esco/skill/484d048c-a5d1-46a5-b57f-45b69c0ac552,ESCO,1.2.1,http://data.europa.eu/esco/skill/484d048c-a5d1-46a5-b57f-45b69c0ac552,analyse pipeline database information,esco_skills,exact_title,approved,,canonical_name_exact
canonical:ESCO|esco_skills|http://data.europa.eu/esco/skill/48b68726-0fd6-4e03-a5eb-82236516ee7a,ESCO,1.2.1,http://data.europa.eu/esco/skill/48b68726-0fd6-4e03-a5eb-82236516ee7a,provide cost benefit analysis reports,esco_skills,exact_title,approved,,canonical_name_exact
canonical:ESCO|esco_skills|http://data.europa.eu/esco/skill/48db96bf-3314-45c6-bad8-fdb6e20e5639,ESCO,1.2.1,http://data.europa.eu/esco/skill/48db96bf-3314-45c6-bad8-fdb6e20e5639,data engineering,esco_skills,exact_title,approved,,canonical_name_exact
canonical:ESCO|esco_skills|http://data.europa.eu/esco/skill/4913d0c0-133a-4c46-aac3-f5d4989a982e,ESCO,1.2.1,http://data.europa.eu/esco/skill/4913d0c0-133a-4c46-aac3-f5d4989a982e,product usage risks analysis,esco_skills,exact_title,approved,,canonical_name_exact
canonical:ESCO|esco_skills|http://data.europa.eu/esco/skill/4918ec9a-0204-4935-8b09-b0112370daa8,ESCO,1.2.1,http://data.europa.eu/esco/skill/4918ec9a-0204-4935-8b09-b0112370daa8,establish an Information Security Management System,esco_skills,exact_title,approved,,canonical_name_exact
canonical:ESCO|esco_skills|http://data.europa.eu/esco/skill/493b20c2-c435-449a-896e-0af057c41fef,ESCO,1.2.1,http://data.europa.eu/esco/skill/493b20c2-c435-449a-896e-0af057c41fef,film production process,esco_skills,exact_title,approved,,canonical_name_exact
canonical:ESCO|esco_skills|http://data.europa.eu/esco/skill/4959697d-3a24-4f46-af0c-b752318e6c54,ESCO,1.2.1,http://data.europa.eu/esco/skill/4959697d-3a24-4f46-af0c-b752318e6c54,ObjectStore,esco_skills,exact_title,approved,,canonical_name_exact
canonical:ESCO|esco_skills|http://data.europa.eu/esco/skill/496932f1-0b6b-4f73-9432-d95c7ddcd43b,ESCO,1.2.1,http://data.europa.eu/esco/skill/496932f1-0b6b-4f73-9432-d95c7ddcd43b,recruit employees,esco_skills,exact_title,approved,,canonical_name_exact
canonical:ESCO|esco_skills|http://data.europa.eu/esco/skill/49830020-70f3-41ee-801d-dd19533f9ae9,ESCO,1.2.1,http://data.europa.eu/esco/skill/49830020-70f3-41ee-801d-dd19533f9ae9,inspect engine rooms,esco_skills,exact_title,approved,,canonical_name_exact
canonical:ESCO|esco_skills|http://data.europa.eu/esco/skill/49d81d86-e748-4181-84e9-106173058081,ESCO,1.2.1,http://data.europa.eu/esco/skill/49d81d86-e748-4181-84e9-106173058081,services marketing,esco_skills,exact_title,approved,,canonical_name_exact
canonical:ESCO|esco_skills|http://data.europa.eu/esco/skill/4a193795-fa63-414e-9f2e-bfdb3924571e,ESCO,1.2.1,http://data.europa.eu/esco/skill/4a193795-fa63-414e-9f2e-bfdb3924571e,handle data samples,esco_skills,exact_title,approved,,canonical_name_exact
canonical:ESCO|esco_skills|http://data.europa.eu/esco/skill/4a460161-eaea-4fe2-bd0e-164ccc635be1,ESCO,1.2.1,http://data.europa.eu/esco/skill/4a460161-eaea-4fe2-bd0e-164ccc635be1,financial statements,esco_skills,exact_title,approved,,canonical_name_exact
canonical:ESCO|esco_skills|http://data.europa.eu/esco/skill/4a466c62-db7d-4905-9a41-f23214810acb,ESCO,1.2.1,http://data.europa.eu/esco/skill/4a466c62-db7d-4905-9a41-f23214810acb,GIMP (graphics editor software),esco_skills,exact_title,approved,,canonical_name_exact
canonical:ESCO|esco_skills|http://data.europa.eu/esco/skill/4a855abe-ac5b-4e95-ac10-3c1adceeee28,ESCO,1.2.1,http://data.europa.eu/esco/skill/4a855abe-ac5b-4e95-ac10-3c1adceeee28,international financial reporting standards,esco_skills,exact_title,approved,,canonical_name_exact
canonical:ESCO|esco_skills|http://data.europa.eu/esco/skill/4b164a27-849f-4be2-ae79-d26a4969b677,ESCO,1.2.1,http://data.europa.eu/esco/skill/4b164a27-849f-4be2-ae79-d26a4969b677,microelectronics,esco_skills,exact_title,approved,,canonical_name_exact
canonical:ESCO|esco_skills|http://data.europa.eu/esco/skill/4b244020-5f28-4e20-b74f-1c2dcb6f15cb,ESCO,1.2.1,http://data.europa.eu/esco/skill/4b244020-5f28-4e20-b74f-1c2dcb6f15cb,apply desktop publishing techniques,esco_skills,exact_title,approved,,canonical_name_exact
canonical:ESCO|esco_skills|http://data.europa.eu/esco/skill/4b2db903-cd8e-48ce-97fb-a92db4def54e,ESCO,1.2.1,http://data.europa.eu/esco/skill/4b2db903-cd8e-48ce-97fb-a92db4def54e,financial forecasting,esco_skills,exact_title,approved,,canonical_name_exact
canonical:ESCO|esco_skills|http://data.europa.eu/esco/skill/4b51e76e-9e8a-455f-a289-5b48246345c4,ESCO,1.2.1,http://data.europa.eu/esco/skill/4b51e76e-9e8a-455f-a289-5b48246345c4,hardware components,esco_skills,exact_title,approved,,canonical_name_exact
canonical:ESCO|esco_skills|http://data.europa.eu/esco/skill/4babe92a-68a1-4718-b1ab-640735c2cd53,ESCO,1.2.1,http://data.europa.eu/esco/skill/4babe92a-68a1-4718-b1ab-640735c2cd53,test electromechanical systems,esco_skills,exact_title,approved,,canonical_name_exact
canonical:ESCO|esco_skills|http://data.europa.eu/esco/skill/4be3c34e-47ba-4881-ac74-8bd244e0b04c,ESCO,1.2.1,http://data.europa.eu/esco/skill/4be3c34e-47ba-4881-ac74-8bd244e0b04c,participate in health personnel training,esco_skills,exact_title,approved,,canonical_name_exact
canonical:ESCO|esco_skills|http://data.europa.eu/esco/skill/4c58528e-bdaa-43ad-8f5a-8ad0b8cd4bbb,ESCO,1.2.1,http://data.europa.eu/esco/skill/4c58528e-bdaa-43ad-8f5a-8ad0b8cd4bbb,design principles,esco_skills,exact_title,approved,,canonical_name_exact
canonical:ESCO|esco_skills|http://data.europa.eu/esco/skill/4cd85845-f31c-4306-994d-e12d45114d83,ESCO,1.2.1,http://data.europa.eu/esco/skill/4cd85845-f31c-4306-994d-e12d45114d83,teach in academic or vocational contexts,esco_skills,exact_title,approved,,canonical_name_exact
canonical:ESCO|esco_skills|http://data.europa.eu/esco/skill/4d2fa936-9983-45c3-986b-fdf82fb65d0d,ESCO,1.2.1,http://data.europa.eu/esco/skill/4d2fa936-9983-45c3-986b-fdf82fb65d0d,advise patients on infectious diseases when travelling,esco_skills,exact_title,approved,,canonical_name_exact
canonical:ESCO|esco_skills|http://data.europa.eu/esco/skill/4d38b095-6730-4157-9807-8049dd7b43b8,ESCO,1.2.1,http://data.europa.eu/esco/skill/4d38b095-6730-4157-9807-8049dd7b43b8,document project progress,esco_skills,exact_title,approved,,canonical_name_exact
canonical:ESCO|esco_skills|http://data.europa.eu/esco/skill/4d39b27a-b34f-4c89-8d46-df844d42f728,ESCO,1.2.1,http://data.europa.eu/esco/skill/4d39b27a-b34f-4c89-8d46-df844d42f728,increase the impact of science on policy and society,esco_skills,exact_title,approved,,canonical_name_exact
canonical:ESCO|esco_skills|http://data.europa.eu/esco/skill/4d614c92-0c48-4a11-a5ed-416b34fd50d2,ESCO,1.2.1,http://data.europa.eu/esco/skill/4d614c92-0c48-4a11-a5ed-416b34fd50d2,manage healthcare users' data,esco_skills,exact_title,approved,,canonical_name_exact
canonical:ESCO|esco_skills|http://data.europa.eu/esco/skill/4d6a1837-93df-4a81-b424-74e1a8ed2f03,ESCO,1.2.1,http://data.europa.eu/esco/skill/4d6a1837-93df-4a81-b424-74e1a8ed2f03,multimodal transport logistics,esco_skills,exact_title,approved,,canonical_name_exact
canonical:ESCO|esco_skills|http://data.europa.eu/esco/skill/4d85b881-e490-4b4c-897a-2faa4ef53956,ESCO,1.2.1,http://data.europa.eu/esco/skill/4d85b881-e490-4b4c-897a-2faa4ef53956,manage ICT data architecture,esco_skills,exact_title,approved,,canonical_name_exact
canonical:ESCO|esco_skills|http://data.europa.eu/esco/skill/4da4587a-fd0b-4ca2-886c-c42a1562d432,ESCO,1.2.1,http://data.europa.eu/esco/skill/4da4587a-fd0b-4ca2-886c-c42a1562d432,design cloud networks,esco_skills,exact_title,approved,,canonical_name_exact
canonical:ESCO|esco_skills|http://data.europa.eu/esco/skill/4e09e2d2-e317-47d2-bf5e-1d6c66be3efc,ESCO,1.2.1,http://data.europa.eu/esco/skill/4e09e2d2-e317-47d2-bf5e-1d6c66be3efc,energy performance of buildings,esco_skills,exact_title,approved,,canonical_name_exact
canonical:ESCO|esco_skills|http://data.europa.eu/esco/skill/4e0a7f6e-b546-4cc6-9f8b-53e4fa31a426,ESCO,1.2.1,http://data.europa.eu/esco/skill/4e0a7f6e-b546-4cc6-9f8b-53e4fa31a426,design smart grids,esco_skills,exact_title,approved,,canonical_name_exact
canonical:ESCO|esco_skills|http://data.europa.eu/esco/skill/4e6d2538-a48e-48a7-8dad-14b067cfcb8b,ESCO,1.2.1,http://data.europa.eu/esco/skill/4e6d2538-a48e-48a7-8dad-14b067cfcb8b,TripleStore,esco_skills,exact_title,approved,,canonical_name_exact
canonical:ESCO|esco_skills|http://data.europa.eu/esco/skill/4eba4667-402e-4aea-a15d-c9fb82da60dd,ESCO,1.2.1,http://data.europa.eu/esco/skill/4eba4667-402e-4aea-a15d-c9fb82da60dd,combined heat and power generation,esco_skills,exact_title,approved,,canonical_name_exact
canonical:ESCO|esco_skills|http://data.europa.eu/esco/skill/4f0e579d-ca7b-427c-ace6-9e2de3eb19c7,ESCO,1.2.1,http://data.europa.eu/esco/skill/4f0e579d-ca7b-427c-ace6-9e2de3eb19c7,apply advanced manufacturing,esco_skills,exact_title,approved,,canonical_name_exact
canonical:ESCO|esco_skills|http://data.europa.eu/esco/skill/4f5c1208-62fd-4e5a-a51e-306c06947e11,ESCO,1.2.1,http://data.europa.eu/esco/skill/4f5c1208-62fd-4e5a-a51e-306c06947e11,manage findable accessible interoperable and reusable data,esco_skills,exact_title,approved,,canonical_name_exact
canonical:ESCO|esco_skills|http://data.europa.eu/esco/skill/4f7b14d8-f09c-49f7-abae-231e8c210e07,ESCO,1.2.1,http://data.europa.eu/esco/skill/4f7b14d8-f09c-49f7-abae-231e8c210e07,general medicine,esco_skills,exact_title,approved,,canonical_name_exact
canonical:ESCO|esco_skills|http://data.europa.eu/esco/skill/4fabca9a-7435-4f33-b1da-3cdb00340fdc,ESCO,1.2.1,http://data.europa.eu/esco/skill/4fabca9a-7435-4f33-b1da-3cdb00340fdc,perform scientific research,esco_skills,exact_title,approved,,canonical_name_exact
canonical:ESCO|esco_skills|http://data.europa.eu/esco/skill/501537a7-9d63-491d-ae02-09f04767ff1e,ESCO,1.2.1,http://data.europa.eu/esco/skill/501537a7-9d63-491d-ae02-09f04767ff1e,attack vectors,esco_skills,exact_title,approved,,canonical_name_exact
canonical:ESCO|esco_skills|http://data.europa.eu/esco/skill/50181a4b-1cfd-4fbd-ac9a-c1a494b9c5d0,ESCO,1.2.1,http://data.europa.eu/esco/skill/50181a4b-1cfd-4fbd-ac9a-c1a494b9c5d0,implement customer follow-up,esco_skills,exact_title,approved,,canonical_name_exact
canonical:ESCO|esco_skills|http://data.europa.eu/esco/skill/505e4ef3-7ce4-437d-b7b4-5c608f71c258,ESCO,1.2.1,http://data.europa.eu/esco/skill/505e4ef3-7ce4-437d-b7b4-5c608f71c258,build recommender systems,esco_skills,exact_title,approved,,canonical_name_exact
canonical:ESCO|esco_skills|http://data.europa.eu/esco/skill/5063a99f-975b-4a7c-85e3-69ecb375b4d3,ESCO,1.2.1,http://data.europa.eu/esco/skill/5063a99f-975b-4a7c-85e3-69ecb375b4d3,internet governance,esco_skills,exact_title,approved,,canonical_name_exact
canonical:ESCO|esco_skills|http://data.europa.eu/esco/skill/508f3b4c-799a-4742-b3ae-75f2ff11153d,ESCO,1.2.1,http://data.europa.eu/esco/skill/508f3b4c-799a-4742-b3ae-75f2ff11153d,surgery,esco_skills,exact_title,approved,,canonical_name_exact
canonical:ESCO|esco_skills|http://data.europa.eu/esco/skill/509909a2-4a8f-4ead-8ad0-968df63b77cc,ESCO,1.2.1,http://data.europa.eu/esco/skill/509909a2-4a8f-4ead-8ad0-968df63b77cc,social media marketing techniques,esco_skills,exact_title,approved,,canonical_name_exact
canonical:ESCO|esco_skills|http://data.europa.eu/esco/skill/50a382c6-e848-467d-b156-7a1a3610b522,ESCO,1.2.1,http://data.europa.eu/esco/skill/50a382c6-e848-467d-b156-7a1a3610b522,evolution of economic forecasts,esco_skills,exact_title,approved,,canonical_name_exact
canonical:ESCO|esco_skills|http://data.europa.eu/esco/skill/50b100ea-74fd-4706-99db-3e4ca55e51b8,ESCO,1.2.1,http://data.europa.eu/esco/skill/50b100ea-74fd-4706-99db-3e4ca55e51b8,perform data cleansing,esco_skills,exact_title,approved,,canonical_name_exact
canonical:ESCO|esco_skills|http://data.europa.eu/esco/skill/50ed4d18-60a8-4f14-a94c-73fd0d561c23,ESCO,1.2.1,http://data.europa.eu/esco/skill/50ed4d18-60a8-4f14-a94c-73fd0d561c23,occupational therapy theories,esco_skills,exact_title,approved,,canonical_name_exact
canonical:ESCO|esco_skills|http://data.europa.eu/esco/skill/50f2d23c-b3fb-48a5-967b-14fd0a6dd205,ESCO,1.2.1,http://data.europa.eu/esco/skill/50f2d23c-b3fb-48a5-967b-14fd0a6dd205,inspect construction supplies,esco_skills,exact_title,approved,,canonical_name_exact
canonical:ESCO|esco_skills|http://data.europa.eu/esco/skill/516e324b-03fc-4d3b-9986-e46e9834cd43,ESCO,1.2.1,http://data.europa.eu/esco/skill/516e324b-03fc-4d3b-9986-e46e9834cd43,implement fundamentals of nursing,esco_skills,exact_title,approved,,canonical_name_exact
canonical:ESCO|esco_skills|http://data.europa.eu/esco/skill/518dc04d-092d-4fa1-bd82-88b7a9278ef7,ESCO,1.2.1,http://data.europa.eu/esco/skill/518dc04d-092d-4fa1-bd82-88b7a9278ef7,manage intellectual property rights,esco_skills,exact_title,approved,,canonical_name_exact
canonical:ESCO|esco_skills|http://data.europa.eu/esco/skill/51e53aff-6f8a-42ca-9cb9-47335130f4d7,ESCO,1.2.1,http://data.europa.eu/esco/skill/51e53aff-6f8a-42ca-9cb9-47335130f4d7,human physiology,esco_skills,exact_title,approved,,canonical_name_exact
canonical:ESCO|esco_skills|http://data.europa.eu/esco/skill/51e79cb4-fab3-404c-88f3-cd4a1bd5879e,ESCO,1.2.1,http://data.europa.eu/esco/skill/51e79cb4-fab3-404c-88f3-cd4a1bd5879e,deal with emergency care situations,esco_skills,exact_title,approved,,canonical_name_exact
canonical:ESCO|esco_skills|http://data.europa.eu/esco/skill/51ece34f-c24e-4183-9bf4-9b6f28748aec,ESCO,1.2.1,http://data.europa.eu/esco/skill/51ece34f-c24e-4183-9bf4-9b6f28748aec,maintain healthcare user data confidentiality,esco_skills,exact_title,approved,,canonical_name_exact
canonical:ESCO|esco_skills|http://data.europa.eu/esco/skill/52047630-b880-4939-bb19-6700187af031,ESCO,1.2.1,http://data.europa.eu/esco/skill/52047630-b880-4939-bb19-6700187af031,adolescence medicine,esco_skills,exact_title,approved,,canonical_name_exact
canonical:ESCO|esco_skills|http://data.europa.eu/esco/skill/52739347-5eaa-4c9e-8cde-af7d2ba83320,ESCO,1.2.1,http://data.europa.eu/esco/skill/52739347-5eaa-4c9e-8cde-af7d2ba83320,model electromagnetic products,esco_skills,exact_title,approved,,canonical_name_exact
canonical:ESCO|esco_skills|http://data.europa.eu/esco/skill/52c19dc8-651f-4095-98fe-dcb2799d702e,ESCO,1.2.1,http://data.europa.eu/esco/skill/52c19dc8-651f-4095-98fe-dcb2799d702e,geriatrics,esco_skills,exact_title,approved,,canonical_name_exact
canonical:ESCO|esco_skills|http://data.europa.eu/esco/skill/52cf3037-ab53-4806-85ed-7fd21ea7f6a1,ESCO,1.2.1,http://data.europa.eu/esco/skill/52cf3037-ab53-4806-85ed-7fd21ea7f6a1,Groovy,esco_skills,exact_title,approved,,canonical_name_exact
canonical:ESCO|esco_skills|http://data.europa.eu/esco/skill/52f6fca4-1ab6-4588-983d-15a278148961,ESCO,1.2.1,http://data.europa.eu/esco/skill/52f6fca4-1ab6-4588-983d-15a278148961,administer multi-modal logistics,esco_skills,exact_title,approved,,canonical_name_exact
canonical:ESCO|esco_skills|http://data.europa.eu/esco/skill/5303169c-75d6-4751-9136-a4b88343388c,ESCO,1.2.1,http://data.europa.eu/esco/skill/5303169c-75d6-4751-9136-a4b88343388c,social media management,esco_skills,exact_title,approved,,canonical_name_exact
canonical:ESCO|esco_skills|http://data.europa.eu/esco/skill/530cb489-d900-46ab-9350-4d50ccd49eea,ESCO,1.2.1,http://data.europa.eu/esco/skill/530cb489-d900-46ab-9350-4d50ccd49eea,welding techniques,esco_skills,exact_title,approved,,canonical_name_exact
canonical:ESCO|esco_skills|http://data.europa.eu/esco/skill/53141450-2fa9-4890-a64e-7ffd4e1144be,ESCO,1.2.1,http://data.europa.eu/esco/skill/53141450-2fa9-4890-a64e-7ffd4e1144be,use electronic health records management system,esco_skills,exact_title,approved,,canonical_name_exact
canonical:ESCO|esco_skills|http://data.europa.eu/esco/skill/532bcdca-a889-4dea-8f7f-4e03d8cfd0d2,ESCO,1.2.1,http://data.europa.eu/esco/skill/532bcdca-a889-4dea-8f7f-4e03d8cfd0d2,aircraft mechanics,esco_skills,exact_title,approved,,canonical_name_exact
canonical:ESCO|esco_skills|http://data.europa.eu/esco/skill/53403f06-6c51-4a24-9491-d8a6200526ce,ESCO,1.2.1,http://data.europa.eu/esco/skill/53403f06-6c51-4a24-9491-d8a6200526ce,create a product's virtual model,esco_skills,exact_title,approved,,canonical_name_exact
canonical:ESCO|esco_skills|http://data.europa.eu/esco/skill/541561bc-510c-4a99-881c-2d8bf5a85462,ESCO,1.2.1,http://data.europa.eu/esco/skill/541561bc-510c-4a99-881c-2d8bf5a85462,use technical drawing software,esco_skills,exact_title,approved,,canonical_name_exact
canonical:ESCO|esco_skills|http://data.europa.eu/esco/skill/541cdc23-1eec-4520-81fc-3392eaf538ed,ESCO,1.2.1,http://data.europa.eu/esco/skill/541cdc23-1eec-4520-81fc-3392eaf538ed,fraud detection,esco_skills,exact_title,approved,,canonical_name_exact
canonical:ESCO|esco_skills|http://data.europa.eu/esco/skill/541f6f61-40ee-43d3-9f24-a1a5b31c2a34,ESCO,1.2.1,http://data.europa.eu/esco/skill/541f6f61-40ee-43d3-9f24-a1a5b31c2a34,develop physiotherapy services,esco_skills,exact_title,approved,,canonical_name_exact
canonical:ESCO|esco_skills|http://data.europa.eu/esco/skill/54411e8e-d62f-46d8-b87b-fce23f8e3bc8,ESCO,1.2.1,http://data.europa.eu/esco/skill/54411e8e-d62f-46d8-b87b-fce23f8e3bc8,disability care,esco_skills,exact_title,approved,,canonical_name_exact
canonical:ESCO|esco_skills|http://data.europa.eu/esco/skill/54804209-6aac-4ca4-bf3c-aef4fbe18f8c,ESCO,1.2.1,http://data.europa.eu/esco/skill/54804209-6aac-4ca4-bf3c-aef4fbe18f8c,principles of mechanical engineering,esco_skills,exact_title,approved,,canonical_name_exact
canonical:ESCO|esco_skills|http://data.europa.eu/esco/skill/54c9c155-9293-4329-8ed2-2e76e8b519d4,ESCO,1.2.1,http://data.europa.eu/esco/skill/54c9c155-9293-4329-8ed2-2e76e8b519d4,define data quality criteria,esco_skills,exact_title,approved,,canonical_name_exact
canonical:ESCO|esco_skills|http://data.europa.eu/esco/skill/553ad092-b799-44c9-a94c-65a84fdc7526,ESCO,1.2.1,http://data.europa.eu/esco/skill/553ad092-b799-44c9-a94c-65a84fdc7526,identify processes for re-engineering,esco_skills,exact_title,approved,,canonical_name_exact
canonical:ESCO|esco_skills|http://data.europa.eu/esco/skill/55cc1f3f-69fc-46ec-b24a-9708f6bd92b4,ESCO,1.2.1,http://data.europa.eu/esco/skill/55cc1f3f-69fc-46ec-b24a-9708f6bd92b4,use software tools for site modelling,esco_skills,exact_title,approved,,canonical_name_exact
canonical:ESCO|esco_skills|http://data.europa.eu/esco/skill/56042303-972b-41be-9310-58467599ff7e,ESCO,1.2.1,http://data.europa.eu/esco/skill/56042303-972b-41be-9310-58467599ff7e,analyse business processes,esco_skills,exact_title,approved,,canonical_name_exact
canonical:ESCO|esco_skills|http://data.europa.eu/esco/skill/56a10e3e-c9e7-4d39-b6f1-6013398fcb3a,ESCO,1.2.1,http://data.europa.eu/esco/skill/56a10e3e-c9e7-4d39-b6f1-6013398fcb3a,use content management system software,esco_skills,exact_title,approved,,canonical_name_exact
canonical:ESCO|esco_skills|http://data.europa.eu/esco/skill/56a46b02-ab98-4603-8816-c9daff1a119a,ESCO,1.2.1,http://data.europa.eu/esco/skill/56a46b02-ab98-4603-8816-c9daff1a119a,kinetics,esco_skills,exact_title,approved,,canonical_name_exact
canonical:ESCO|esco_skills|http://data.europa.eu/esco/skill/56a7f561-1d55-43c9-9cd7-36a0a9bc6c50,ESCO,1.2.1,http://data.europa.eu/esco/skill/56a7f561-1d55-43c9-9cd7-36a0a9bc6c50,ASP.NET,esco_skills,exact_title,approved,,canonical_name_exact
canonical:ESCO|esco_skills|http://data.europa.eu/esco/skill/57231a22-4da7-49c8-97b8-75672feadf1e,ESCO,1.2.1,http://data.europa.eu/esco/skill/57231a22-4da7-49c8-97b8-75672feadf1e,manage quantitative data,esco_skills,exact_title,approved,,canonical_name_exact
canonical:ESCO|esco_skills|http://data.europa.eu/esco/skill/572c3e87-61ed-4271-9c95-148837deae5e,ESCO,1.2.1,http://data.europa.eu/esco/skill/572c3e87-61ed-4271-9c95-148837deae5e,citizen involvement in healthcare,esco_skills,exact_title,approved,,canonical_name_exact
canonical:ESCO|esco_skills|http://data.europa.eu/esco/skill/576b305e-8c25-4546-8a69-87f975783114,ESCO,1.2.1,http://data.europa.eu/esco/skill/576b305e-8c25-4546-8a69-87f975783114,meet contract specifications,esco_skills,exact_title,approved,,canonical_name_exact
canonical:ESCO|esco_skills|http://data.europa.eu/esco/skill/57869946-cec2-4121-981c-84c9846c58d0,ESCO,1.2.1,http://data.europa.eu/esco/skill/57869946-cec2-4121-981c-84c9846c58d0,electric current,esco_skills,exact_title,approved,,canonical_name_exact
canonical:ESCO|esco_skills|http://data.europa.eu/esco/skill/578ea133-eaf3-4542-a727-fe4fc8a6b5a9,ESCO,1.2.1,http://data.europa.eu/esco/skill/578ea133-eaf3-4542-a727-fe4fc8a6b5a9,analyse personal fitness information,esco_skills,exact_title,approved,,canonical_name_exact
canonical:ESCO|esco_skills|http://data.europa.eu/esco/skill/585ed991-fdab-4f3c-9187-a32bfb7ab822,ESCO,1.2.1,http://data.europa.eu/esco/skill/585ed991-fdab-4f3c-9187-a32bfb7ab822,perform balance sheet operations,esco_skills,exact_title,approved,,canonical_name_exact
canonical:ESCO|esco_skills|http://data.europa.eu/esco/skill/5898d99a-62a4-4e10-a2e3-0d815ce44248,ESCO,1.2.1,http://data.europa.eu/esco/skill/5898d99a-62a4-4e10-a2e3-0d815ce44248,cyber attack counter-measures,esco_skills,exact_title,approved,,canonical_name_exact
canonical:ESCO|esco_skills|http://data.europa.eu/esco/skill/58d7a289-dafd-4363-833f-d1dc4140885e,ESCO,1.2.1,http://data.europa.eu/esco/skill/58d7a289-dafd-4363-833f-d1dc4140885e,APL,esco_skills,exact_title,approved,,canonical_name_exact
canonical:ESCO|esco_skills|http://data.europa.eu/esco/skill/598de5b0-5b58-4ea7-8058-a4bc4d18c742,ESCO,1.2.1,http://data.europa.eu/esco/skill/598de5b0-5b58-4ea7-8058-a4bc4d18c742,SQL,esco_skills,exact_title,approved,,canonical_name_exact
canonical:ESCO|esco_skills|http://data.europa.eu/esco/skill/59a8086b-59b3-4e88-9341-21d7fb693b89,ESCO,1.2.1,http://data.europa.eu/esco/skill/59a8086b-59b3-4e88-9341-21d7fb693b89,moderate in negotiations,esco_skills,exact_title,approved,,canonical_name_exact
canonical:ESCO|esco_skills|http://data.europa.eu/esco/skill/59ea80e1-463a-4dba-82c6-d0b6d577d532,ESCO,1.2.1,http://data.europa.eu/esco/skill/59ea80e1-463a-4dba-82c6-d0b6d577d532,technical drawings,esco_skills,exact_title,approved,,canonical_name_exact
canonical:ESCO|esco_skills|http://data.europa.eu/esco/skill/5a19182a-7f24-4b34-91ed-9c342787f821,ESCO,1.2.1,http://data.europa.eu/esco/skill/5a19182a-7f24-4b34-91ed-9c342787f821,liaise with architects,esco_skills,exact_title,approved,,canonical_name_exact
canonical:ESCO|esco_skills|http://data.europa.eu/esco/skill/5a23ed81-6c48-4631-a2a5-740f8079f50b,ESCO,1.2.1,http://data.europa.eu/esco/skill/5a23ed81-6c48-4631-a2a5-740f8079f50b,plan supply chain logistics for footwear and leather goods,esco_skills,exact_title,approved,,canonical_name_exact
canonical:ESCO|esco_skills|http://data.europa.eu/esco/skill/5aa57bdc-5765-435e-8fc9-99b3febdb213,ESCO,1.2.1,http://data.europa.eu/esco/skill/5aa57bdc-5765-435e-8fc9-99b3febdb213,hire human resources,esco_skills,exact_title,approved,,canonical_name_exact
canonical:ESCO|esco_skills|http://data.europa.eu/esco/skill/5aa90e70-f661-4c2d-aaa2-70ac38c1ace9,ESCO,1.2.1,http://data.europa.eu/esco/skill/5aa90e70-f661-4c2d-aaa2-70ac38c1ace9,inspect government policy compliance,esco_skills,exact_title,approved,,canonical_name_exact
canonical:ESCO|esco_skills|http://data.europa.eu/esco/skill/5ac07f1a-6436-4103-b891-c59a7ac505f0,ESCO,1.2.1,http://data.europa.eu/esco/skill/5ac07f1a-6436-4103-b891-c59a7ac505f0,construction products,esco_skills,exact_title,approved,,canonical_name_exact
canonical:ESCO|esco_skills|http://data.europa.eu/esco/skill/5acf6408-e084-4202-9442-ffcf0119811c,ESCO,1.2.1,http://data.europa.eu/esco/skill/5acf6408-e084-4202-9442-ffcf0119811c,security threats,esco_skills,exact_title,approved,,canonical_name_exact
canonical:ESCO|esco_skills|http://data.europa.eu/esco/skill/5b26f08b-88bc-45f0-b901-530d7786466b,ESCO,1.2.1,http://data.europa.eu/esco/skill/5b26f08b-88bc-45f0-b901-530d7786466b,scientific computing,esco_skills,exact_title,approved,,canonical_name_exact
canonical:ESCO|esco_skills|http://data.europa.eu/esco/skill/5b9cde20-f1b9-4adc-bfb3-dbf70b14138d,ESCO,1.2.1,http://data.europa.eu/esco/skill/5b9cde20-f1b9-4adc-bfb3-dbf70b14138d,use object-oriented programming,esco_skills,exact_title,approved,,canonical_name_exact
canonical:ESCO|esco_skills|http://data.europa.eu/esco/skill/5bac4bcc-1846-4688-ba02-ad2b51544282,ESCO,1.2.1,http://data.europa.eu/esco/skill/5bac4bcc-1846-4688-ba02-ad2b51544282,develop inclusive communication material,esco_skills,exact_title,approved,,canonical_name_exact
canonical:ESCO|esco_skills|http://data.europa.eu/esco/skill/5be3d306-6cf1-4b49-aa1d-01651dd4ba4c,ESCO,1.2.1,http://data.europa.eu/esco/skill/5be3d306-6cf1-4b49-aa1d-01651dd4ba4c,object-oriented modelling,esco_skills,exact_title,approved,,canonical_name_exact
canonical:ESCO|esco_skills|http://data.europa.eu/esco/skill/5c5dae25-f511-4bdd-bbd4-572ab3e6e962,ESCO,1.2.1,http://data.europa.eu/esco/skill/5c5dae25-f511-4bdd-bbd4-572ab3e6e962,advise on medical records,esco_skills,exact_title,approved,,canonical_name_exact
canonical:ESCO|esco_skills|http://data.europa.eu/esco/skill/5c66ce3a-658d-43b1-9d8d-0f39be6c0f2e,ESCO,1.2.1,http://data.europa.eu/esco/skill/5c66ce3a-658d-43b1-9d8d-0f39be6c0f2e,WebCMS,esco_skills,exact_title,approved,,canonical_name_exact
canonical:ESCO|esco_skills|http://data.europa.eu/esco/skill/5c98825f-146d-4d35-97cf-207b2afd9ae2,ESCO,1.2.1,http://data.europa.eu/esco/skill/5c98825f-146d-4d35-97cf-207b2afd9ae2,create technical plans,esco_skills,exact_title,approved,,canonical_name_exact
canonical:ESCO|esco_skills|http://data.europa.eu/esco/skill/5cc97a45-69fc-4f37-a973-402d5ac561ac,ESCO,1.2.1,http://data.europa.eu/esco/skill/5cc97a45-69fc-4f37-a973-402d5ac561ac,initiate life preserving measures,esco_skills,exact_title,approved,,canonical_name_exact
canonical:ESCO|esco_skills|http://data.europa.eu/esco/skill/5ce80f97-b385-4a41-9339-a6593d0709c1,ESCO,1.2.1,http://data.europa.eu/esco/skill/5ce80f97-b385-4a41-9339-a6593d0709c1,perform video editing,esco_skills,exact_title,approved,,canonical_name_exact
canonical:ESCO|esco_skills|http://data.europa.eu/esco/skill/5d00929a-7124-488a-91c1-324bd75bf8ba,ESCO,1.2.1,http://data.europa.eu/esco/skill/5d00929a-7124-488a-91c1-324bd75bf8ba,negotiate logistics services,esco_skills,exact_title,approved,,canonical_name_exact
canonical:ESCO|esco_skills|http://data.europa.eu/esco/skill/5d26851b-270a-4fbe-abeb-2bfd6eba3e2d,ESCO,1.2.1,http://data.europa.eu/esco/skill/5d26851b-270a-4fbe-abeb-2bfd6eba3e2d,analyse logistic changes,esco_skills,exact_title,approved,,canonical_name_exact
canonical:ESCO|esco_skills|http://data.europa.eu/esco/skill/5d2e82cc-5943-4218-a459-a1956fad2b63,ESCO,1.2.1,http://data.europa.eu/esco/skill/5d2e82cc-5943-4218-a459-a1956fad2b63,manage warehouse inventory,esco_skills,exact_title,approved,,canonical_name_exact
canonical:ESCO|esco_skills|http://data.europa.eu/esco/skill/5d34adde-0b78-42b4-9d3d-69e9388d8398,ESCO,1.2.1,http://data.europa.eu/esco/skill/5d34adde-0b78-42b4-9d3d-69e9388d8398,oversee quality control,esco_skills,exact_title,approved,,canonical_name_exact
canonical:ESCO|esco_skills|http://data.europa.eu/esco/skill/5d7890d5-d229-4b79-a5da-6819e38a52b6,ESCO,1.2.1,http://data.europa.eu/esco/skill/5d7890d5-d229-4b79-a5da-6819e38a52b6,health records management,esco_skills,exact_title,approved,,canonical_name_exact
canonical:ESCO|esco_skills|http://data.europa.eu/esco/skill/5da3c765-10a3-49eb-934c-ec401ceb1a34,ESCO,1.2.1,http://data.europa.eu/esco/skill/5da3c765-10a3-49eb-934c-ec401ceb1a34,analyse business plans,esco_skills,exact_title,approved,,canonical_name_exact
canonical:ESCO|esco_skills|http://data.europa.eu/esco/skill/5da73370-f6b9-417d-a94c-09bf01f84aa2,ESCO,1.2.1,http://data.europa.eu/esco/skill/5da73370-f6b9-417d-a94c-09bf01f84aa2,use access control software,esco_skills,exact_title,approved,,canonical_name_exact
canonical:ESCO|esco_skills|http://data.europa.eu/esco/skill/5da8018b-ae85-4cde-ad93-0394369018f3,ESCO,1.2.1,http://data.europa.eu/esco/skill/5da8018b-ae85-4cde-ad93-0394369018f3,SPARQL,esco_skills,exact_title,approved,,canonical_name_exact
canonical:ESCO|esco_skills|http://data.europa.eu/esco/skill/5dbbeadb-45a7-404b-ba3c-eeaa045c4e64,ESCO,1.2.1,http://data.europa.eu/esco/skill/5dbbeadb-45a7-404b-ba3c-eeaa045c4e64,apply acupuncture,esco_skills,exact_title,approved,,canonical_name_exact
canonical:ESCO|esco_skills|http://data.europa.eu/esco/skill/5dd96c59-5955-474b-8cf5-e986a5b50f1a,ESCO,1.2.1,http://data.europa.eu/esco/skill/5dd96c59-5955-474b-8cf5-e986a5b50f1a,aerospace engineering,esco_skills,exact_title,approved,,canonical_name_exact
canonical:ESCO|esco_skills|http://data.europa.eu/esco/skill/5dfcc46a-4fb1-453c-961b-5d41bf077433,ESCO,1.2.1,http://data.europa.eu/esco/skill/5dfcc46a-4fb1-453c-961b-5d41bf077433,neurology,esco_skills,exact_title,approved,,canonical_name_exact
canonical:ESCO|esco_skills|http://data.europa.eu/esco/skill/5e13af88-67d3-46ed-af58-8a7b8ebe7b1f,ESCO,1.2.1,http://data.europa.eu/esco/skill/5e13af88-67d3-46ed-af58-8a7b8ebe7b1f,perform venous cannulation,esco_skills,exact_title,approved,,canonical_name_exact
canonical:ESCO|esco_skills|http://data.europa.eu/esco/skill/5e80353d-53ed-4e64-a5ff-0e3ec52156fa,ESCO,1.2.1,http://data.europa.eu/esco/skill/5e80353d-53ed-4e64-a5ff-0e3ec52156fa,direct logistical functions,esco_skills,exact_title,approved,,canonical_name_exact
canonical:ESCO|esco_skills|http://data.europa.eu/esco/skill/5e9de344-2bea-40dc-8410-f940121330e4,ESCO,1.2.1,http://data.europa.eu/esco/skill/5e9de344-2bea-40dc-8410-f940121330e4,maintain relationships with government agencies,esco_skills,exact_title,approved,,canonical_name_exact
canonical:ESCO|esco_skills|http://data.europa.eu/esco/skill/5f0082ab-2131-49b5-94d6-a1821daf57d6,ESCO,1.2.1,http://data.europa.eu/esco/skill/5f0082ab-2131-49b5-94d6-a1821daf57d6,apply for research funding,esco_skills,exact_title,approved,,canonical_name_exact
canonical:ESCO|esco_skills|http://data.europa.eu/esco/skill/5f00bf83-f776-4488-b312-6725f8b6783a,ESCO,1.2.1,http://data.europa.eu/esco/skill/5f00bf83-f776-4488-b312-6725f8b6783a,conduct public surveys,esco_skills,exact_title,approved,,canonical_name_exact
canonical:ESCO|esco_skills|http://data.europa.eu/esco/skill/5f1d1319-7954-4a9b-90c7-57668e3a0d4b,ESCO,1.2.1,http://data.europa.eu/esco/skill/5f1d1319-7954-4a9b-90c7-57668e3a0d4b,interpret financial statements,esco_skills,exact_title,approved,,canonical_name_exact
canonical:ESCO|esco_skills|http://data.europa.eu/esco/skill/5f1ebff6-98ec-411f-a1d4-0bf04bd03bdf,ESCO,1.2.1,http://data.europa.eu/esco/skill/5f1ebff6-98ec-411f-a1d4-0bf04bd03bdf,check accounting records,esco_skills,exact_title,approved,,canonical_name_exact
canonical:ESCO|esco_skills|http://data.europa.eu/esco/skill/5f302d63-048e-451c-b150-97c124a5a26b,ESCO,1.2.1,http://data.europa.eu/esco/skill/5f302d63-048e-451c-b150-97c124a5a26b,analyse economic trends,esco_skills,exact_title,approved,,canonical_name_exact
canonical:ESCO|esco_skills|http://data.europa.eu/esco/skill/5fd5c985-eaaa-47aa-8314-62359c54505a,ESCO,1.2.1,http://data.europa.eu/esco/skill/5fd5c985-eaaa-47aa-8314-62359c54505a,develop digital content,esco_skills,exact_title,approved,,canonical_name_exact
canonical:ESCO|esco_skills|http://data.europa.eu/esco/skill/5fe2e5e7-b8a2-4072-b527-f82f3169d989,ESCO,1.2.1,http://data.europa.eu/esco/skill/5fe2e5e7-b8a2-4072-b527-f82f3169d989,facilitate official agreement,esco_skills,exact_title,approved,,canonical_name_exact
canonical:ESCO|esco_skills|http://data.europa.eu/esco/skill/5ff6f551-f2a4-4cef-a72d-e81116155a43,ESCO,1.2.1,http://data.europa.eu/esco/skill/5ff6f551-f2a4-4cef-a72d-e81116155a43,newborn care,esco_skills,exact_title,approved,,canonical_name_exact
canonical:ESCO|esco_skills|http://data.europa.eu/esco/skill/6014921e-1d25-4039-adc2-04852d61880e,ESCO,1.2.1,http://data.europa.eu/esco/skill/6014921e-1d25-4039-adc2-04852d61880e,ICT debugging tools,esco_skills,exact_title,approved,,canonical_name_exact
canonical:ESCO|esco_skills|http://data.europa.eu/esco/skill/6053cf28-2f42-44bb-8d27-a43920128b30,ESCO,1.2.1,http://data.europa.eu/esco/skill/6053cf28-2f42-44bb-8d27-a43920128b30,gather feedback from employees,esco_skills,exact_title,approved,,canonical_name_exact
canonical:ESCO|esco_skills|http://data.europa.eu/esco/skill/6063652e-22c4-472e-bb96-6e5ec1e7c5de,ESCO,1.2.1,http://data.europa.eu/esco/skill/6063652e-22c4-472e-bb96-6e5ec1e7c5de,provide nursing advice on healthcare,esco_skills,exact_title,approved,,canonical_name_exact
canonical:ESCO|esco_skills|http://data.europa.eu/esco/skill/6078e099-7696-44a5-b3c1-452b9abe886a,ESCO,1.2.1,http://data.europa.eu/esco/skill/6078e099-7696-44a5-b3c1-452b9abe886a,production engineering,esco_skills,exact_title,approved,,canonical_name_exact
canonical:ESCO|esco_skills|http://data.europa.eu/esco/skill/60b2dd49-c677-4f47-816e-aff3b577e113,ESCO,1.2.1,http://data.europa.eu/esco/skill/60b2dd49-c677-4f47-816e-aff3b577e113,provide health education,esco_skills,exact_title,approved,,canonical_name_exact
canonical:ESCO|esco_skills|http://data.europa.eu/esco/skill/60c544c9-0815-479c-bcec-93c7891815ea,ESCO,1.2.1,http://data.europa.eu/esco/skill/60c544c9-0815-479c-bcec-93c7891815ea,pharmacology,esco_skills,exact_title,approved,,canonical_name_exact
canonical:ESCO|esco_skills|http://data.europa.eu/esco/skill/60efd7d3-eee4-4f7d-9373-66a54d13b3e0,ESCO,1.2.1,http://data.europa.eu/esco/skill/60efd7d3-eee4-4f7d-9373-66a54d13b3e0,neuromarketing techniques,esco_skills,exact_title,approved,,canonical_name_exact
canonical:ESCO|esco_skills|http://data.europa.eu/esco/skill/60f51172-37c0-4933-a27a-cbf55dcd7580,ESCO,1.2.1,http://data.europa.eu/esco/skill/60f51172-37c0-4933-a27a-cbf55dcd7580,prepare financial statements,esco_skills,exact_title,approved,,canonical_name_exact
canonical:ESCO|esco_skills|http://data.europa.eu/esco/skill/6101480a-811d-46da-b4f6-fc0360826f22,ESCO,1.2.1,http://data.europa.eu/esco/skill/6101480a-811d-46da-b4f6-fc0360826f22,manage bridge construction projects,esco_skills,exact_title,approved,,canonical_name_exact
canonical:ESCO|esco_skills|http://data.europa.eu/esco/skill/611ed16b-99bf-4840-9cab-f55d1d286e0a,ESCO,1.2.1,http://data.europa.eu/esco/skill/611ed16b-99bf-4840-9cab-f55d1d286e0a,store digital data and systems,esco_skills,exact_title,approved,,canonical_name_exact
canonical:ESCO|esco_skills|http://data.europa.eu/esco/skill/614c627b-2ec9-4a0d-811e-de14be4362f2,ESCO,1.2.1,http://data.europa.eu/esco/skill/614c627b-2ec9-4a0d-811e-de14be4362f2,brainstorm ideas,esco_skills,exact_title,approved,,canonical_name_exact
canonical:ESCO|esco_skills|http://data.europa.eu/esco/skill/6195c5f7-a4fb-425d-a3dd-c4467c4471a3,ESCO,1.2.1,http://data.europa.eu/esco/skill/6195c5f7-a4fb-425d-a3dd-c4467c4471a3,deploy cloud resource,esco_skills,exact_title,approved,,canonical_name_exact
canonical:ESCO|esco_skills|http://data.europa.eu/esco/skill/61bef658-d7f9-4759-b1b0-0f9cb3bc581a,ESCO,1.2.1,http://data.europa.eu/esco/skill/61bef658-d7f9-4759-b1b0-0f9cb3bc581a,biotechnology,esco_skills,exact_title,approved,,canonical_name_exact
canonical:ESCO|esco_skills|http://data.europa.eu/esco/skill/61d6ef20-6cc7-40f8-919e-3360db6cf2b3,ESCO,1.2.1,http://data.europa.eu/esco/skill/61d6ef20-6cc7-40f8-919e-3360db6cf2b3,hardware materials,esco_skills,exact_title,approved,,canonical_name_exact
canonical:ESCO|esco_skills|http://data.europa.eu/esco/skill/61ddacb8-c89f-48c2-afe8-9e1b14c0c8fb,ESCO,1.2.1,http://data.europa.eu/esco/skill/61ddacb8-c89f-48c2-afe8-9e1b14c0c8fb,business incubation,esco_skills,exact_title,approved,,canonical_name_exact
canonical:ESCO|esco_skills|http://data.europa.eu/esco/skill/624d9fff-370d-4001-9481-9c86129fd84f,ESCO,1.2.1,http://data.europa.eu/esco/skill/624d9fff-370d-4001-9481-9c86129fd84f,provide self management support,esco_skills,exact_title,approved,,canonical_name_exact
canonical:ESCO|esco_skills|http://data.europa.eu/esco/skill/62bf2e21-2613-47f1-a624-fe0fc925e671,ESCO,1.2.1,http://data.europa.eu/esco/skill/62bf2e21-2613-47f1-a624-fe0fc925e671,market entry strategies,esco_skills,exact_title,approved,,canonical_name_exact
canonical:ESCO|esco_skills|http://data.europa.eu/esco/skill/633a3637-2c6b-40ae-ac38-289eb2a62aa6,ESCO,1.2.1,http://data.europa.eu/esco/skill/633a3637-2c6b-40ae-ac38-289eb2a62aa6,business analysis,esco_skills,exact_title,approved,,canonical_name_exact
canonical:ESCO|esco_skills|http://data.europa.eu/esco/skill/6360a934-cc87-4954-9656-b32db20592e3,ESCO,1.2.1,http://data.europa.eu/esco/skill/6360a934-cc87-4954-9656-b32db20592e3,quantitative analysis,esco_skills,exact_title,approved,,canonical_name_exact
canonical:ESCO|esco_skills|http://data.europa.eu/esco/skill/63f0aa84-5e4c-4eb6-8e8c-876d9feedf1f,ESCO,1.2.1,http://data.europa.eu/esco/skill/63f0aa84-5e4c-4eb6-8e8c-876d9feedf1f,Outsourcing model,esco_skills,exact_title,approved,,canonical_name_exact
canonical:ESCO|esco_skills|http://data.europa.eu/esco/skill/6417a4cc-6f61-4459-a114-761a7fa0279d,ESCO,1.2.1,http://data.europa.eu/esco/skill/6417a4cc-6f61-4459-a114-761a7fa0279d,Puppet (tools for software configuration management),esco_skills,exact_title,approved,,canonical_name_exact
canonical:ESCO|esco_skills|http://data.europa.eu/esco/skill/6430eb0d-c6de-46b7-a7fc-3dd2e8e62a69,ESCO,1.2.1,http://data.europa.eu/esco/skill/6430eb0d-c6de-46b7-a7fc-3dd2e8e62a69,use ICT ticketing system,esco_skills,exact_title,approved,,canonical_name_exact
canonical:ESCO|esco_skills|http://data.europa.eu/esco/skill/646d871b-4503-4dc8-a076-06d7085e4cde,ESCO,1.2.1,http://data.europa.eu/esco/skill/646d871b-4503-4dc8-a076-06d7085e4cde,promote human rights,esco_skills,exact_title,approved,,canonical_name_exact
canonical:ESCO|esco_skills|http://data.europa.eu/esco/skill/64852ade-6ae1-4760-ba4a-976bf07ca255,ESCO,1.2.1,http://data.europa.eu/esco/skill/64852ade-6ae1-4760-ba4a-976bf07ca255,manage disaster recovery plans,esco_skills,exact_title,approved,,canonical_name_exact
canonical:ESCO|esco_skills|http://data.europa.eu/esco/skill/64ab52f5-9200-45a3-a127-679b487c6415,ESCO,1.2.1,http://data.europa.eu/esco/skill/64ab52f5-9200-45a3-a127-679b487c6415,use computer programs to improve patients' skills,esco_skills,exact_title,approved,,canonical_name_exact
canonical:ESCO|esco_skills|http://data.europa.eu/esco/skill/64be6a06-52e8-4f5c-b64d-caa516cfa291,ESCO,1.2.1,http://data.europa.eu/esco/skill/64be6a06-52e8-4f5c-b64d-caa516cfa291,depreciation,esco_skills,exact_title,approved,,canonical_name_exact
canonical:ESCO|esco_skills|http://data.europa.eu/esco/skill/64db87c7-2360-4e20-88d3-d222402e477c,ESCO,1.2.1,http://data.europa.eu/esco/skill/64db87c7-2360-4e20-88d3-d222402e477c,write database documentation,esco_skills,exact_title,approved,,canonical_name_exact
canonical:ESCO|esco_skills|http://data.europa.eu/esco/skill/64e09849-a7db-4d6b-a932-66264420eb97,ESCO,1.2.1,http://data.europa.eu/esco/skill/64e09849-a7db-4d6b-a932-66264420eb97,apply social media marketing,esco_skills,exact_title,approved,,canonical_name_exact
canonical:ESCO|esco_skills|http://data.europa.eu/esco/skill/6556cbf1-d5c0-4f53-89a9-8707066069a6,ESCO,1.2.1,http://data.europa.eu/esco/skill/6556cbf1-d5c0-4f53-89a9-8707066069a6,evaluate budgets,esco_skills,exact_title,approved,,canonical_name_exact
canonical:ESCO|esco_skills|http://data.europa.eu/esco/skill/6561f116-70de-47d8-80b8-f0e2a1d2cf11,ESCO,1.2.1,http://data.europa.eu/esco/skill/6561f116-70de-47d8-80b8-f0e2a1d2cf11,perform feasibility study on solar heating,esco_skills,exact_title,approved,,canonical_name_exact
canonical:ESCO|esco_skills|http://data.europa.eu/esco/skill/658a38bd-6954-4a2a-945c-42330c5d13b9,ESCO,1.2.1,http://data.europa.eu/esco/skill/658a38bd-6954-4a2a-945c-42330c5d13b9,manage corporate bank accounts,esco_skills,exact_title,approved,,canonical_name_exact
canonical:ESCO|esco_skills|http://data.europa.eu/esco/skill/65e58886-bd1e-4c5b-8ca5-8d9b353c8aa1,ESCO,1.2.1,http://data.europa.eu/esco/skill/65e58886-bd1e-4c5b-8ca5-8d9b353c8aa1,data visualisation software,esco_skills,exact_title,approved,,canonical_name_exact
canonical:ESCO|esco_skills|http://data.europa.eu/esco/skill/66d47084-9437-48b2-819b-c4c8214ed650,ESCO,1.2.1,http://data.europa.eu/esco/skill/66d47084-9437-48b2-819b-c4c8214ed650,interview people,esco_skills,exact_title,approved,,canonical_name_exact
canonical:ESCO|esco_skills|http://data.europa.eu/esco/skill/6709e92c-7546-46a4-aa57-5e951bd4cb0f,ESCO,1.2.1,http://data.europa.eu/esco/skill/6709e92c-7546-46a4-aa57-5e951bd4cb0f,building automation,esco_skills,exact_title,approved,,canonical_name_exact
canonical:ESCO|esco_skills|http://data.europa.eu/esco/skill/670f8eea-f25b-4c3f-97ef-a4729d4c63d6,ESCO,1.2.1,http://data.europa.eu/esco/skill/670f8eea-f25b-4c3f-97ef-a4729d4c63d6,smart contract,esco_skills,exact_title,approved,,canonical_name_exact
canonical:ESCO|esco_skills|http://data.europa.eu/esco/skill/671fa6d0-5052-493b-8476-c4ef43bb96bc,ESCO,1.2.1,http://data.europa.eu/esco/skill/671fa6d0-5052-493b-8476-c4ef43bb96bc,determine production capacity,esco_skills,exact_title,approved,,canonical_name_exact
canonical:ESCO|esco_skills|http://data.europa.eu/esco/skill/674e8dd7-bb77-407c-8f77-c2dda956aa54,ESCO,1.2.1,http://data.europa.eu/esco/skill/674e8dd7-bb77-407c-8f77-c2dda956aa54,prescribe healthcare products,esco_skills,exact_title,approved,,canonical_name_exact
canonical:ESCO|esco_skills|http://data.europa.eu/esco/skill/67785eab-0818-41f9-9756-a8e0a215b95b,ESCO,1.2.1,http://data.europa.eu/esco/skill/67785eab-0818-41f9-9756-a8e0a215b95b,surveying methods,esco_skills,exact_title,approved,,canonical_name_exact
canonical:ESCO|esco_skills|http://data.europa.eu/esco/skill/6789defa-dc57-42a8-b2ed-2b8c349aa3e2,ESCO,1.2.1,http://data.europa.eu/esco/skill/6789defa-dc57-42a8-b2ed-2b8c349aa3e2,determine salaries,esco_skills,exact_title,approved,,canonical_name_exact
canonical:ESCO|esco_skills|http://data.europa.eu/esco/skill/67a118f4-8a5f-48f7-8e5f-de34b9ca2c37,ESCO,1.2.1,http://data.europa.eu/esco/skill/67a118f4-8a5f-48f7-8e5f-de34b9ca2c37,hybrid model,esco_skills,exact_title,approved,,canonical_name_exact
canonical:ESCO|esco_skills|http://data.europa.eu/esco/skill/683bc3e3-6ec1-4ad2-8d62-d0ac1fabbe76,ESCO,1.2.1,http://data.europa.eu/esco/skill/683bc3e3-6ec1-4ad2-8d62-d0ac1fabbe76,use analytics for commercial purposes,esco_skills,exact_title,approved,,canonical_name_exact
canonical:ESCO|esco_skills|http://data.europa.eu/esco/skill/684a597e-0d82-4f98-92f1-1e5888043764,ESCO,1.2.1,http://data.europa.eu/esco/skill/684a597e-0d82-4f98-92f1-1e5888043764,contribute to the rehabilitation process,esco_skills,exact_title,approved,,canonical_name_exact
canonical:ESCO|esco_skills|http://data.europa.eu/esco/skill/68698869-c13c-4563-adc7-118b7644f45d,ESCO,1.2.1,http://data.europa.eu/esco/skill/68698869-c13c-4563-adc7-118b7644f45d,identify customer's needs,esco_skills,exact_title,approved,,canonical_name_exact
canonical:ESCO|esco_skills|http://data.europa.eu/esco/skill/68aefa78-9a8c-4d5f-879a-abcfe1cd464f,ESCO,1.2.1,http://data.europa.eu/esco/skill/68aefa78-9a8c-4d5f-879a-abcfe1cd464f,adhere to health well-being and safety,esco_skills,exact_title,approved,,canonical_name_exact
canonical:ESCO|esco_skills|http://data.europa.eu/esco/skill/68b6ef08-d823-489d-a95c-752ae6f6e6a7,ESCO,1.2.1,http://data.europa.eu/esco/skill/68b6ef08-d823-489d-a95c-752ae6f6e6a7,read standard blueprints,esco_skills,exact_title,approved,,canonical_name_exact
canonical:ESCO|esco_skills|http://data.europa.eu/esco/skill/68e66ed6-a171-4350-8ec1-2cfc4cae50e4,ESCO,1.2.1,http://data.europa.eu/esco/skill/68e66ed6-a171-4350-8ec1-2cfc4cae50e4,hydraulics,esco_skills,exact_title,approved,,canonical_name_exact
canonical:ESCO|esco_skills|http://data.europa.eu/esco/skill/68ef0e4d-5542-4e64-84f4-752cce5a3c22,ESCO,1.2.1,http://data.europa.eu/esco/skill/68ef0e4d-5542-4e64-84f4-752cce5a3c22,statistical modeling techniques,esco_skills,exact_title,approved,,canonical_name_exact
canonical:ESCO|esco_skills|http://data.europa.eu/esco/skill/696e3b5b-8b61-45af-ae4c-3ab700f197ec,ESCO,1.2.1,http://data.europa.eu/esco/skill/696e3b5b-8b61-45af-ae4c-3ab700f197ec,information extraction,esco_skills,exact_title,approved,,canonical_name_exact
canonical:ESCO|esco_skills|http://data.europa.eu/esco/skill/69bbd53f-fbb0-4476-b4b2-ef7844464e28,ESCO,1.2.1,http://data.europa.eu/esco/skill/69bbd53f-fbb0-4476-b4b2-ef7844464e28,web programming,esco_skills,exact_title,approved,,canonical_name_exact
canonical:ESCO|esco_skills|http://data.europa.eu/esco/skill/69cfc5ed-6569-4aca-a4cc-fd782ba51d9c,ESCO,1.2.1,http://data.europa.eu/esco/skill/69cfc5ed-6569-4aca-a4cc-fd782ba51d9c,implement ICT risk management,esco_skills,exact_title,approved,,canonical_name_exact
canonical:ESCO|esco_skills|http://data.europa.eu/esco/skill/69f0167e-75d9-46cf-847f-72a592880ebb,ESCO,1.2.1,http://data.europa.eu/esco/skill/69f0167e-75d9-46cf-847f-72a592880ebb,STAF,esco_skills,exact_title,approved,,canonical_name_exact
canonical:ESCO|esco_skills|http://data.europa.eu/esco/skill/69f23426-9279-4fe6-a283-24c2aa4c855d,ESCO,1.2.1,http://data.europa.eu/esco/skill/69f23426-9279-4fe6-a283-24c2aa4c855d,ensure equipment availability,esco_skills,exact_title,approved,,canonical_name_exact
canonical:ESCO|esco_skills|http://data.europa.eu/esco/skill/69f36674-440a-4fa0-89f9-1b70172ebb9d,ESCO,1.2.1,http://data.europa.eu/esco/skill/69f36674-440a-4fa0-89f9-1b70172ebb9d,advise on communication strategies,esco_skills,exact_title,approved,,canonical_name_exact
canonical:ESCO|esco_skills|http://data.europa.eu/esco/skill/6a536b36-c5c7-4d10-bf67-a4fb0f8549b2,ESCO,1.2.1,http://data.europa.eu/esco/skill/6a536b36-c5c7-4d10-bf67-a4fb0f8549b2,audit techniques,esco_skills,exact_title,approved,,canonical_name_exact
canonical:ESCO|esco_skills|http://data.europa.eu/esco/skill/6a72c057-499f-4fe4-b425-0fbe2a50ce07,ESCO,1.2.1,http://data.europa.eu/esco/skill/6a72c057-499f-4fe4-b425-0fbe2a50ce07,calibrate mechatronic instruments,esco_skills,exact_title,approved,,canonical_name_exact
canonical:ESCO|esco_skills|http://data.europa.eu/esco/skill/6a7792a9-888a-46ad-afc9-2c0d94c8fde6,ESCO,1.2.1,http://data.europa.eu/esco/skill/6a7792a9-888a-46ad-afc9-2c0d94c8fde6,create business process models,esco_skills,exact_title,approved,,canonical_name_exact
canonical:ESCO|esco_skills|http://data.europa.eu/esco/skill/6a876489-7ad8-4a13-b09c-c9b8e97a302e,ESCO,1.2.1,http://data.europa.eu/esco/skill/6a876489-7ad8-4a13-b09c-c9b8e97a302e,Waterfall development,esco_skills,exact_title,approved,,canonical_name_exact
canonical:ESCO|esco_skills|http://data.europa.eu/esco/skill/6a899482-8bcf-40ca-ae67-579a1cc467ab,ESCO,1.2.1,http://data.europa.eu/esco/skill/6a899482-8bcf-40ca-ae67-579a1cc467ab,manage engineering project,esco_skills,exact_title,approved,,canonical_name_exact
canonical:ESCO|esco_skills|http://data.europa.eu/esco/skill/6acf652c-33b2-4e28-8f79-1e553f255229,ESCO,1.2.1,http://data.europa.eu/esco/skill/6acf652c-33b2-4e28-8f79-1e553f255229,plan nursing care,esco_skills,exact_title,approved,,canonical_name_exact
canonical:ESCO|esco_skills|http://data.europa.eu/esco/skill/6b21150f-e704-4758-b102-63fd3412543c,ESCO,1.2.1,http://data.europa.eu/esco/skill/6b21150f-e704-4758-b102-63fd3412543c,create 3D characters,esco_skills,exact_title,approved,,canonical_name_exact
canonical:ESCO|esco_skills|http://data.europa.eu/esco/skill/6b643893-0a1f-4f6c-83a1-e7eef75849b9,ESCO,1.2.1,http://data.europa.eu/esco/skill/6b643893-0a1f-4f6c-83a1-e7eef75849b9,develop with cloud services,esco_skills,exact_title,approved,,canonical_name_exact
canonical:ESCO|esco_skills|http://data.europa.eu/esco/skill/6b6a9252-2ed7-4862-a02f-1578f4a532ea,ESCO,1.2.1,http://data.europa.eu/esco/skill/6b6a9252-2ed7-4862-a02f-1578f4a532ea,Eclipse (integrated development environment software),esco_skills,exact_title,approved,,canonical_name_exact
canonical:ESCO|esco_skills|http://data.europa.eu/esco/skill/6b9194f0-f8bb-4b9a-96a5-2203c9c2671b,ESCO,1.2.1,http://data.europa.eu/esco/skill/6b9194f0-f8bb-4b9a-96a5-2203c9c2671b,oversee assembly operations,esco_skills,exact_title,approved,,canonical_name_exact
canonical:ESCO|esco_skills|http://data.europa.eu/esco/skill/6c08403c-a5bb-4868-b8c2-b7d039c0e511,ESCO,1.2.1,http://data.europa.eu/esco/skill/6c08403c-a5bb-4868-b8c2-b7d039c0e511,design database scheme,esco_skills,exact_title,approved,,canonical_name_exact
canonical:ESCO|esco_skills|http://data.europa.eu/esco/skill/6c3e28d6-e3cc-4b25-a5da-a0dce043cf17,ESCO,1.2.1,http://data.europa.eu/esco/skill/6c3e28d6-e3cc-4b25-a5da-a0dce043cf17,manage information in health care,esco_skills,exact_title,approved,,canonical_name_exact
canonical:ESCO|esco_skills|http://data.europa.eu/esco/skill/6c65bbce-15ce-447e-9666-0fe928f5588c,ESCO,1.2.1,http://data.europa.eu/esco/skill/6c65bbce-15ce-447e-9666-0fe928f5588c,test mechatronic units,esco_skills,exact_title,approved,,canonical_name_exact
canonical:ESCO|esco_skills|http://data.europa.eu/esco/skill/6c80c47c-3d08-4356-aa82-46f6ec82c898,ESCO,1.2.1,http://data.europa.eu/esco/skill/6c80c47c-3d08-4356-aa82-46f6ec82c898,advise on manufacturing problems,esco_skills,exact_title,approved,,canonical_name_exact
canonical:ESCO|esco_skills|http://data.europa.eu/esco/skill/6c870993-9341-438b-91c0-c7fe4f96d8f5,ESCO,1.2.1,http://data.europa.eu/esco/skill/6c870993-9341-438b-91c0-c7fe4f96d8f5,apply strategic thinking,esco_skills,exact_title,approved,,canonical_name_exact
canonical:ESCO|esco_skills|http://data.europa.eu/esco/skill/6d13053b-ee35-492c-8976-8178420df398,ESCO,1.2.1,http://data.europa.eu/esco/skill/6d13053b-ee35-492c-8976-8178420df398,infection control,esco_skills,exact_title,approved,,canonical_name_exact
canonical:ESCO|esco_skills|http://data.europa.eu/esco/skill/6d6fb354-ae77-4fb0-80d3-e4e52270774a,ESCO,1.2.1,http://data.europa.eu/esco/skill/6d6fb354-ae77-4fb0-80d3-e4e52270774a,provide information on the effects of physiotherapy,esco_skills,exact_title,approved,,canonical_name_exact
canonical:ESCO|esco_skills|http://data.europa.eu/esco/skill/6db3ac8e-8636-4ced-965b-75e35c3193c3,ESCO,1.2.1,http://data.europa.eu/esco/skill/6db3ac8e-8636-4ced-965b-75e35c3193c3,aesthetics,esco_skills,exact_title,approved,,canonical_name_exact
canonical:ESCO|esco_skills|http://data.europa.eu/esco/skill/6e34b68e-0d61-49f2-bc4d-571c0326d857,ESCO,1.2.1,http://data.europa.eu/esco/skill/6e34b68e-0d61-49f2-bc4d-571c0326d857,test sensors,esco_skills,exact_title,approved,,canonical_name_exact
canonical:ESCO|esco_skills|http://data.europa.eu/esco/skill/6e4f75b4-c60f-4623-a9ba-760c8245753b,ESCO,1.2.1,http://data.europa.eu/esco/skill/6e4f75b4-c60f-4623-a9ba-760c8245753b,ICT communications protocols,esco_skills,exact_title,approved,,canonical_name_exact
canonical:ESCO|esco_skills|http://data.europa.eu/esco/skill/6e53fd99-b646-4327-9580-ac062ab21188,ESCO,1.2.1,http://data.europa.eu/esco/skill/6e53fd99-b646-4327-9580-ac062ab21188,3D lighting,esco_skills,exact_title,approved,,canonical_name_exact
canonical:ESCO|esco_skills|http://data.europa.eu/esco/skill/6ec33857-420a-411b-a313-e8946de36357,ESCO,1.2.1,http://data.europa.eu/esco/skill/6ec33857-420a-411b-a313-e8946de36357,healthcare administration,esco_skills,exact_title,approved,,canonical_name_exact
canonical:ESCO|esco_skills|http://data.europa.eu/esco/skill/6eff134b-e34f-4d6e-a6e8-5e47cf2228d0,ESCO,1.2.1,http://data.europa.eu/esco/skill/6eff134b-e34f-4d6e-a6e8-5e47cf2228d0,risk management,esco_skills,exact_title,approved,,canonical_name_exact
canonical:ESCO|esco_skills|http://data.europa.eu/esco/skill/6f1edc19-191f-4ba5-a048-ee69aff05bab,ESCO,1.2.1,http://data.europa.eu/esco/skill/6f1edc19-191f-4ba5-a048-ee69aff05bab,security engineering,esco_skills,exact_title,approved,,canonical_name_exact
canonical:ESCO|esco_skills|http://data.europa.eu/esco/skill/6f2ac3e9-859e-442e-91fd-2db1a2bc8467,ESCO,1.2.1,http://data.europa.eu/esco/skill/6f2ac3e9-859e-442e-91fd-2db1a2bc8467,assist healthcare users achieve autonomy,esco_skills,exact_title,approved,,canonical_name_exact
canonical:ESCO|esco_skills|http://data.europa.eu/esco/skill/6f5850ea-5785-4e2c-b062-743066fd5bdb,ESCO,1.2.1,http://data.europa.eu/esco/skill/6f5850ea-5785-4e2c-b062-743066fd5bdb,environmental legislation,esco_skills,exact_title,approved,,canonical_name_exact
canonical:ESCO|esco_skills|http://data.europa.eu/esco/skill/6f8a40d6-f9ce-43ec-a72f-d4213a53f3ed,ESCO,1.2.1,http://data.europa.eu/esco/skill/6f8a40d6-f9ce-43ec-a72f-d4213a53f3ed,Ansible,esco_skills,exact_title,approved,,canonical_name_exact
canonical:ESCO|esco_skills|http://data.europa.eu/esco/skill/6f8f86f8-0ef9-4dd6-8e29-7d790e65706b,ESCO,1.2.1,http://data.europa.eu/esco/skill/6f8f86f8-0ef9-4dd6-8e29-7d790e65706b,calculate production costs,esco_skills,exact_title,approved,,canonical_name_exact
canonical:ESCO|esco_skills|http://data.europa.eu/esco/skill/6f993130-082b-4732-b62f-52cdf2096ad9,ESCO,1.2.1,http://data.europa.eu/esco/skill/6f993130-082b-4732-b62f-52cdf2096ad9,use methods of logistical data analysis,esco_skills,exact_title,approved,,canonical_name_exact
canonical:ESCO|esco_skills|http://data.europa.eu/esco/skill/6fa0f0de-5630-4a08-a042-a2e07de9208e,ESCO,1.2.1,http://data.europa.eu/esco/skill/6fa0f0de-5630-4a08-a042-a2e07de9208e,obstetrics and gynaecology,esco_skills,exact_title,approved,,canonical_name_exact
canonical:ESCO|esco_skills|http://data.europa.eu/esco/skill/6fa1c2c0-a012-4ca0-9642-e01569ba322c,ESCO,1.2.1,http://data.europa.eu/esco/skill/6fa1c2c0-a012-4ca0-9642-e01569ba322c,ICT system integration,esco_skills,exact_title,approved,,canonical_name_exact
canonical:ESCO|esco_skills|http://data.europa.eu/esco/skill/6fce8d3f-a15f-4f26-943a-d200b32f6949,ESCO,1.2.1,http://data.europa.eu/esco/skill/6fce8d3f-a15f-4f26-943a-d200b32f6949,monitor company policy,esco_skills,exact_title,approved,,canonical_name_exact
canonical:ESCO|esco_skills|http://data.europa.eu/esco/skill/6fe76a8b-4d5f-4cea-b76b-5908463fb014,ESCO,1.2.1,http://data.europa.eu/esco/skill/6fe76a8b-4d5f-4cea-b76b-5908463fb014,study website behaviour patterns,esco_skills,exact_title,approved,,canonical_name_exact
canonical:ESCO|esco_skills|http://data.europa.eu/esco/skill/7049ac98-0368-4bb2-84d4-5366d1c0f2ac,ESCO,1.2.1,http://data.europa.eu/esco/skill/7049ac98-0368-4bb2-84d4-5366d1c0f2ac,conduct online competitive analysis,esco_skills,exact_title,approved,,canonical_name_exact
canonical:ESCO|esco_skills|http://data.europa.eu/esco/skill/70de94f5-9575-4edd-bca7-c797b023b9d6,ESCO,1.2.1,http://data.europa.eu/esco/skill/70de94f5-9575-4edd-bca7-c797b023b9d6,Oracle WebLogic,esco_skills,exact_title,approved,,canonical_name_exact
canonical:ESCO|esco_skills|http://data.europa.eu/esco/skill/71057622-0cc1-4cce-b36c-b32a7071b017,ESCO,1.2.1,http://data.europa.eu/esco/skill/71057622-0cc1-4cce-b36c-b32a7071b017,facilitate job market access,esco_skills,exact_title,approved,,canonical_name_exact
canonical:ESCO|esco_skills|http://data.europa.eu/esco/skill/7110bf9f-b245-4adc-9159-5081013fd64d,ESCO,1.2.1,http://data.europa.eu/esco/skill/7110bf9f-b245-4adc-9159-5081013fd64d,communicate in healthcare,esco_skills,exact_title,approved,,canonical_name_exact
canonical:ESCO|esco_skills|http://data.europa.eu/esco/skill/7111b95d-0ce3-441a-9d92-4c75d05c4388,ESCO,1.2.1,http://data.europa.eu/esco/skill/7111b95d-0ce3-441a-9d92-4c75d05c4388,project management,esco_skills,exact_title,approved,,canonical_name_exact
canonical:ESCO|esco_skills|http://data.europa.eu/esco/skill/713fb616-118e-40bc-9366-4a69879a49d5,ESCO,1.2.1,http://data.europa.eu/esco/skill/713fb616-118e-40bc-9366-4a69879a49d5,implement data quality processes,esco_skills,exact_title,approved,,canonical_name_exact
canonical:ESCO|esco_skills|http://data.europa.eu/esco/skill/71480db1-a706-47f9-952f-bdc5036e3df3,ESCO,1.2.1,http://data.europa.eu/esco/skill/71480db1-a706-47f9-952f-bdc5036e3df3,coordinate care,esco_skills,exact_title,approved,,canonical_name_exact
canonical:ESCO|esco_skills|http://data.europa.eu/esco/skill/7159e587-c7cb-4ec0-a662-03e1dee2cccb,ESCO,1.2.1,http://data.europa.eu/esco/skill/7159e587-c7cb-4ec0-a662-03e1dee2cccb,research design,esco_skills,exact_title,approved,,canonical_name_exact
canonical:ESCO|esco_skills|http://data.europa.eu/esco/skill/71746a0b-e58d-4dc4-ad03-bd84082eae21,ESCO,1.2.1,http://data.europa.eu/esco/skill/71746a0b-e58d-4dc4-ad03-bd84082eae21,collect customer feedback on applications,esco_skills,exact_title,approved,,canonical_name_exact
canonical:ESCO|esco_skills|http://data.europa.eu/esco/skill/719d8699-a221-4b5a-8fc3-68a8645cbe03,ESCO,1.2.1,http://data.europa.eu/esco/skill/719d8699-a221-4b5a-8fc3-68a8645cbe03,adobe creative suite,esco_skills,exact_title,approved,,canonical_name_exact
canonical:ESCO|esco_skills|http://data.europa.eu/esco/skill/721419a7-f1b6-454c-80f4-2a84ad90dd33,ESCO,1.2.1,http://data.europa.eu/esco/skill/721419a7-f1b6-454c-80f4-2a84ad90dd33,undertake healthcare examination,esco_skills,exact_title,approved,,canonical_name_exact
canonical:ESCO|esco_skills|http://data.europa.eu/esco/skill/722be5b6-9492-46da-aeef-ddd880fdceb1,ESCO,1.2.1,http://data.europa.eu/esco/skill/722be5b6-9492-46da-aeef-ddd880fdceb1,electrical instrumentation engineering,esco_skills,exact_title,approved,,canonical_name_exact
canonical:ESCO|esco_skills|http://data.europa.eu/esco/skill/726abd5a-d23c-44b9-abb0-f22bbe95f1d3,ESCO,1.2.1,http://data.europa.eu/esco/skill/726abd5a-d23c-44b9-abb0-f22bbe95f1d3,operational research,esco_skills,exact_title,approved,,canonical_name_exact
canonical:ESCO|esco_skills|http://data.europa.eu/esco/skill/72836f47-cf5c-48e1-a82b-1cf6e4e0f623,ESCO,1.2.1,http://data.europa.eu/esco/skill/72836f47-cf5c-48e1-a82b-1cf6e4e0f623,protect employee rights,esco_skills,exact_title,approved,,canonical_name_exact
canonical:ESCO|esco_skills|http://data.europa.eu/esco/skill/728ad40d-4a79-4b4d-b77b-a48d094d73fa,ESCO,1.2.1,http://data.europa.eu/esco/skill/728ad40d-4a79-4b4d-b77b-a48d094d73fa,evaluate training,esco_skills,exact_title,approved,,canonical_name_exact
canonical:ESCO|esco_skills|http://data.europa.eu/esco/skill/72a74f69-5cf1-43c5-99b9-62a444578919,ESCO,1.2.1,http://data.europa.eu/esco/skill/72a74f69-5cf1-43c5-99b9-62a444578919,engineering processes,esco_skills,exact_title,approved,,canonical_name_exact
canonical:ESCO|esco_skills|http://data.europa.eu/esco/skill/72c02483-714c-47de-a3ff-870c5eb634d0,ESCO,1.2.1,http://data.europa.eu/esco/skill/72c02483-714c-47de-a3ff-870c5eb634d0,resolve difficult account allocation cases,esco_skills,exact_title,approved,,canonical_name_exact
canonical:ESCO|esco_skills|http://data.europa.eu/esco/skill/7341904f-5913-470c-8c53-bc832df248ec,ESCO,1.2.1,http://data.europa.eu/esco/skill/7341904f-5913-470c-8c53-bc832df248ec,maintain robotic equipment,esco_skills,exact_title,approved,,canonical_name_exact
canonical:ESCO|esco_skills|http://data.europa.eu/esco/skill/7364cc39-b9c0-449f-9416-57723e2fd9c4,ESCO,1.2.1,http://data.europa.eu/esco/skill/7364cc39-b9c0-449f-9416-57723e2fd9c4,use methodologies for user-centered design,esco_skills,exact_title,approved,,canonical_name_exact
canonical:ESCO|esco_skills|http://data.europa.eu/esco/skill/7369f779-4b71-4aab-8836-48b69c676eec,ESCO,1.2.1,http://data.europa.eu/esco/skill/7369f779-4b71-4aab-8836-48b69c676eec,operate relational database management system,esco_skills,exact_title,approved,,canonical_name_exact
canonical:ESCO|esco_skills|http://data.europa.eu/esco/skill/736ef286-fbd3-4e5c-a4b4-d1e2008c9898,ESCO,1.2.1,http://data.europa.eu/esco/skill/736ef286-fbd3-4e5c-a4b4-d1e2008c9898,plan digital marketing,esco_skills,exact_title,approved,,canonical_name_exact
canonical:ESCO|esco_skills|http://data.europa.eu/esco/skill/73777be0-65f2-48b6-a9a7-50066ee521bd,ESCO,1.2.1,http://data.europa.eu/esco/skill/73777be0-65f2-48b6-a9a7-50066ee521bd,geochemistry,esco_skills,exact_title,approved,,canonical_name_exact
canonical:ESCO|esco_skills|http://data.europa.eu/esco/skill/7378b8c3-3b62-46de-9d67-1c9528954615,ESCO,1.2.1,http://data.europa.eu/esco/skill/7378b8c3-3b62-46de-9d67-1c9528954615,adapt to type of media,esco_skills,exact_title,approved,,canonical_name_exact
canonical:ESCO|esco_skills|http://data.europa.eu/esco/skill/73a023d0-888c-4d89-87e4-a03e84395da8,ESCO,1.2.1,http://data.europa.eu/esco/skill/73a023d0-888c-4d89-87e4-a03e84395da8,develop therapeutic relationships,esco_skills,exact_title,approved,,canonical_name_exact
canonical:ESCO|esco_skills|http://data.europa.eu/esco/skill/73cc1ce2-4ada-4ae1-9f8e-d7efadcd52f6,ESCO,1.2.1,http://data.europa.eu/esco/skill/73cc1ce2-4ada-4ae1-9f8e-d7efadcd52f6,design an electric heating system,esco_skills,exact_title,approved,,canonical_name_exact
canonical:ESCO|esco_skills|http://data.europa.eu/esco/skill/73e7e2f4-7e5f-4e6c-86c2-3b5fbd191172,ESCO,1.2.1,http://data.europa.eu/esco/skill/73e7e2f4-7e5f-4e6c-86c2-3b5fbd191172,maintain privacy of service users,esco_skills,exact_title,approved,,canonical_name_exact
canonical:ESCO|esco_skills|http://data.europa.eu/esco/skill/74399ae8-d058-44ee-8f79-aa316de010d4,ESCO,1.2.1,http://data.europa.eu/esco/skill/74399ae8-d058-44ee-8f79-aa316de010d4,represent union members,esco_skills,exact_title,approved,,canonical_name_exact
canonical:ESCO|esco_skills|http://data.europa.eu/esco/skill/744442ac-c157-4350-8be0-ce454df4f5c5,ESCO,1.2.1,http://data.europa.eu/esco/skill/744442ac-c157-4350-8be0-ce454df4f5c5,perform ICT troubleshooting,esco_skills,exact_title,approved,,canonical_name_exact
canonical:ESCO|esco_skills|http://data.europa.eu/esco/skill/7482a123-e801-48de-9733-262125671410,ESCO,1.2.1,http://data.europa.eu/esco/skill/7482a123-e801-48de-9733-262125671410,task algorithmisation,esco_skills,exact_title,approved,,canonical_name_exact
canonical:ESCO|esco_skills|http://data.europa.eu/esco/skill/74cb80c4-df6b-4d79-a153-cb7b3b3b6eb0,ESCO,1.2.1,http://data.europa.eu/esco/skill/74cb80c4-df6b-4d79-a153-cb7b3b3b6eb0,plan social media marketing campaigns,esco_skills,exact_title,approved,,canonical_name_exact
canonical:ESCO|esco_skills|http://data.europa.eu/esco/skill/74d17112-4675-4e97-8525-8d27ffe20fc7,ESCO,1.2.1,http://data.europa.eu/esco/skill/74d17112-4675-4e97-8525-8d27ffe20fc7,psychotherapy principles,esco_skills,exact_title,approved,,canonical_name_exact
canonical:ESCO|esco_skills|http://data.europa.eu/esco/skill/74e49482-75e8-4637-bdb1-fff868d02f7a,ESCO,1.2.1,http://data.europa.eu/esco/skill/74e49482-75e8-4637-bdb1-fff868d02f7a,scientific literature,esco_skills,exact_title,approved,,canonical_name_exact
canonical:ESCO|esco_skills|http://data.europa.eu/esco/skill/750caee5-12a0-46ba-b8aa-1e56370deaf9,ESCO,1.2.1,http://data.europa.eu/esco/skill/750caee5-12a0-46ba-b8aa-1e56370deaf9,analyse consumer buying trends,esco_skills,exact_title,approved,,canonical_name_exact
canonical:ESCO|esco_skills|http://data.europa.eu/esco/skill/750f86d2-18be-4015-84b1-d4a26d9b2d88,ESCO,1.2.1,http://data.europa.eu/esco/skill/750f86d2-18be-4015-84b1-d4a26d9b2d88,online ads campaign techniques,esco_skills,exact_title,approved,,canonical_name_exact
canonical:ESCO|esco_skills|http://data.europa.eu/esco/skill/7557f0f4-b8bc-4ac0-b91e-222ab1ba744f,ESCO,1.2.1,http://data.europa.eu/esco/skill/7557f0f4-b8bc-4ac0-b91e-222ab1ba744f,tools for ICT test automation,esco_skills,exact_title,approved,,canonical_name_exact
canonical:ESCO|esco_skills|http://data.europa.eu/esco/skill/7566f0b4-7f6e-455c-abb5-ec58e57f7e17,ESCO,1.2.1,http://data.europa.eu/esco/skill/7566f0b4-7f6e-455c-abb5-ec58e57f7e17,mechanics of motor vehicles,esco_skills,exact_title,approved,,canonical_name_exact
canonical:ESCO|esco_skills|http://data.europa.eu/esco/skill/758e8e0c-2406-460f-b33c-36b422e018bb,ESCO,1.2.1,http://data.europa.eu/esco/skill/758e8e0c-2406-460f-b33c-36b422e018bb,provide learning support in healthcare,esco_skills,exact_title,approved,,canonical_name_exact
canonical:ESCO|esco_skills|http://data.europa.eu/esco/skill/75f839c2-fd9a-4ad3-8921-6e734608568d,ESCO,1.2.1,http://data.europa.eu/esco/skill/75f839c2-fd9a-4ad3-8921-6e734608568d,use query languages,esco_skills,exact_title,approved,,canonical_name_exact
canonical:ESCO|esco_skills|http://data.europa.eu/esco/skill/76395873-7fe2-4f9a-b4b6-9932f8cbd0b4,ESCO,1.2.1,http://data.europa.eu/esco/skill/76395873-7fe2-4f9a-b4b6-9932f8cbd0b4,follow clinical guidelines,esco_skills,exact_title,approved,,canonical_name_exact
canonical:ESCO|esco_skills|http://data.europa.eu/esco/skill/76415d7f-0fde-4364-b45f-5c044580d2aa,ESCO,1.2.1,http://data.europa.eu/esco/skill/76415d7f-0fde-4364-b45f-5c044580d2aa,create CAD drawings,esco_skills,exact_title,approved,,canonical_name_exact
canonical:ESCO|esco_skills|http://data.europa.eu/esco/skill/7785cf38-b45e-4e5a-a88c-d693842bfd35,ESCO,1.2.1,http://data.europa.eu/esco/skill/7785cf38-b45e-4e5a-a88c-d693842bfd35,encourage healthcare user's self-monitoring,esco_skills,exact_title,approved,,canonical_name_exact
canonical:ESCO|esco_skills|http://data.europa.eu/esco/skill/77931759-69af-4637-8b26-c8376f9240e2,ESCO,1.2.1,http://data.europa.eu/esco/skill/77931759-69af-4637-8b26-c8376f9240e2,international business,esco_skills,exact_title,approved,,canonical_name_exact
canonical:ESCO|esco_skills|http://data.europa.eu/esco/skill/77bf865e-6360-424f-9d77-ce03918c7dcf,ESCO,1.2.1,http://data.europa.eu/esco/skill/77bf865e-6360-424f-9d77-ce03918c7dcf,design circuit boards,esco_skills,exact_title,approved,,canonical_name_exact
canonical:ESCO|esco_skills|http://data.europa.eu/esco/skill/7814e88f-c133-4c3b-b27f-857afa145d42,ESCO,1.2.1,http://data.europa.eu/esco/skill/7814e88f-c133-4c3b-b27f-857afa145d42,ICT security legislation,esco_skills,exact_title,approved,,canonical_name_exact
canonical:ESCO|esco_skills|http://data.europa.eu/esco/skill/781797f4-c2c3-49a4-a80d-eb81eb4f818c,ESCO,1.2.1,http://data.europa.eu/esco/skill/781797f4-c2c3-49a4-a80d-eb81eb4f818c,liquidity management,esco_skills,exact_title,approved,,canonical_name_exact
canonical:ESCO|esco_skills|http://data.europa.eu/esco/skill/78482aac-638e-42da-a7a9-5eefe1bffdea,ESCO,1.2.1,http://data.europa.eu/esco/skill/78482aac-638e-42da-a7a9-5eefe1bffdea,use theoretical marketing models,esco_skills,exact_title,approved,,canonical_name_exact
canonical:ESCO|esco_skills|http://data.europa.eu/esco/skill/786a74d6-7ecd-44d5-ae4f-87ff02fe3dbf,ESCO,1.2.1,http://data.europa.eu/esco/skill/786a74d6-7ecd-44d5-ae4f-87ff02fe3dbf,assess character,esco_skills,exact_title,approved,,canonical_name_exact
canonical:ESCO|esco_skills|http://data.europa.eu/esco/skill/7893605c-18cc-4c68-8c22-4f969df1a673,ESCO,1.2.1,http://data.europa.eu/esco/skill/7893605c-18cc-4c68-8c22-4f969df1a673,liaise with advertising agencies,esco_skills,exact_title,approved,,canonical_name_exact
canonical:ESCO|esco_skills|http://data.europa.eu/esco/skill/78aeeab7-f22f-4fcd-8543-d11340e3ee3c,ESCO,1.2.1,http://data.europa.eu/esco/skill/78aeeab7-f22f-4fcd-8543-d11340e3ee3c,assemble electromechanical systems,esco_skills,exact_title,approved,,canonical_name_exact
canonical:ESCO|esco_skills|http://data.europa.eu/esco/skill/78de3e5f-e3ea-4da2-aa09-3704d03ba622,ESCO,1.2.1,http://data.europa.eu/esco/skill/78de3e5f-e3ea-4da2-aa09-3704d03ba622,advise on healthy lifestyles,esco_skills,exact_title,approved,,canonical_name_exact
canonical:ESCO|esco_skills|http://data.europa.eu/esco/skill/78fef945-17e8-4d56-aab2-8625060ab3d3,ESCO,1.2.1,http://data.europa.eu/esco/skill/78fef945-17e8-4d56-aab2-8625060ab3d3,model electromechanical systems,esco_skills,exact_title,approved,,canonical_name_exact
canonical:ESCO|esco_skills|http://data.europa.eu/esco/skill/790a335b-2005-4b8a-b6fe-47ff7701ebb7,ESCO,1.2.1,http://data.europa.eu/esco/skill/790a335b-2005-4b8a-b6fe-47ff7701ebb7,topography,esco_skills,exact_title,approved,,canonical_name_exact
canonical:ESCO|esco_skills|http://data.europa.eu/esco/skill/7957b5f9-1f33-4ff8-84e9-e258b17882c2,ESCO,1.2.1,http://data.europa.eu/esco/skill/7957b5f9-1f33-4ff8-84e9-e258b17882c2,test microelectronics,esco_skills,exact_title,approved,,canonical_name_exact
canonical:ESCO|esco_skills|http://data.europa.eu/esco/skill/797a4416-0b8d-44f3-8fcd-eb10bd0be6b4,ESCO,1.2.1,http://data.europa.eu/esco/skill/797a4416-0b8d-44f3-8fcd-eb10bd0be6b4,develop software prototype,esco_skills,exact_title,approved,,canonical_name_exact
canonical:ESCO|esco_skills|http://data.europa.eu/esco/skill/798d427e-51b3-4cd4-8b24-1357015e9ae7,ESCO,1.2.1,http://data.europa.eu/esco/skill/798d427e-51b3-4cd4-8b24-1357015e9ae7,optimise production,esco_skills,exact_title,approved,,canonical_name_exact
canonical:ESCO|esco_skills|http://data.europa.eu/esco/skill/79a5bc25-5b59-47bc-a4c2-fb8e8cb1ddf6,ESCO,1.2.1,http://data.europa.eu/esco/skill/79a5bc25-5b59-47bc-a4c2-fb8e8cb1ddf6,smart grids systems,esco_skills,exact_title,approved,,canonical_name_exact
canonical:ESCO|esco_skills|http://data.europa.eu/esco/skill/79c012c7-4b09-497e-8152-e73e5d1d3384,ESCO,1.2.1,http://data.europa.eu/esco/skill/79c012c7-4b09-497e-8152-e73e5d1d3384,adapt leadership styles in healthcare,esco_skills,exact_title,approved,,canonical_name_exact
canonical:ESCO|esco_skills|http://data.europa.eu/esco/skill/79c36c91-28a5-44b7-ab9b-7093b2d4b21e,ESCO,1.2.1,http://data.europa.eu/esco/skill/79c36c91-28a5-44b7-ab9b-7093b2d4b21e,advise on financial matters,esco_skills,exact_title,approved,,canonical_name_exact
canonical:ESCO|esco_skills|http://data.europa.eu/esco/skill/79e29b8b-47d1-470d-b7b1-32506bfe7d9a,ESCO,1.2.1,http://data.europa.eu/esco/skill/79e29b8b-47d1-470d-b7b1-32506bfe7d9a,collect ICT data,esco_skills,exact_title,approved,,canonical_name_exact
canonical:ESCO|esco_skills|http://data.europa.eu/esco/skill/79f24a62-7718-46e1-9b41-37be0560a5ca,ESCO,1.2.1,http://data.europa.eu/esco/skill/79f24a62-7718-46e1-9b41-37be0560a5ca,organisational resilience,esco_skills,exact_title,approved,,canonical_name_exact
canonical:ESCO|esco_skills|http://data.europa.eu/esco/skill/79fc83a3-9c76-4e21-b766-2e9c0f8d31eb,ESCO,1.2.1,http://data.europa.eu/esco/skill/79fc83a3-9c76-4e21-b766-2e9c0f8d31eb,patient safety theories,esco_skills,exact_title,approved,,canonical_name_exact
canonical:ESCO|esco_skills|http://data.europa.eu/esco/skill/7a63f944-6948-4ae4-9c1f-d08e492535c9,ESCO,1.2.1,http://data.europa.eu/esco/skill/7a63f944-6948-4ae4-9c1f-d08e492535c9,apply person-centred care,esco_skills,exact_title,approved,,canonical_name_exact
canonical:ESCO|esco_skills|http://data.europa.eu/esco/skill/7a66b8a3-502f-408e-ac69-46e72dec6ede,ESCO,1.2.1,http://data.europa.eu/esco/skill/7a66b8a3-502f-408e-ac69-46e72dec6ede,deal with pressure from unexpected circumstances,esco_skills,exact_title,approved,,canonical_name_exact
canonical:ESCO|esco_skills|http://data.europa.eu/esco/skill/7a950986-27fe-4b6c-adf3-88f211e77019,ESCO,1.2.1,http://data.europa.eu/esco/skill/7a950986-27fe-4b6c-adf3-88f211e77019,robotic components,esco_skills,exact_title,approved,,canonical_name_exact
canonical:ESCO|esco_skills|http://data.europa.eu/esco/skill/7abf5b24-8f18-49c5-a64b-5a5870a03a56,ESCO,1.2.1,http://data.europa.eu/esco/skill/7abf5b24-8f18-49c5-a64b-5a5870a03a56,convert scribbles into virtual sketches,esco_skills,exact_title,approved,,canonical_name_exact
canonical:ESCO|esco_skills|http://data.europa.eu/esco/skill/7add3681-17b6-4027-8a9d-ee92d2b96a42,ESCO,1.2.1,http://data.europa.eu/esco/skill/7add3681-17b6-4027-8a9d-ee92d2b96a42,manage workflow processes,esco_skills,exact_title,approved,,canonical_name_exact
canonical:ESCO|esco_skills|http://data.europa.eu/esco/skill/7af6e9e8-1e11-4c0b-b7c6-ac96bbbbc674,ESCO,1.2.1,http://data.europa.eu/esco/skill/7af6e9e8-1e11-4c0b-b7c6-ac96bbbbc674,coordinate engineering teams,esco_skills,exact_title,approved,,canonical_name_exact
canonical:ESCO|esco_skills|http://data.europa.eu/esco/skill/7b3abd38-61ae-42a4-88bb-0884784f9ee1,ESCO,1.2.1,http://data.europa.eu/esco/skill/7b3abd38-61ae-42a4-88bb-0884784f9ee1,advise client on technical possibilities,esco_skills,exact_title,approved,,canonical_name_exact
canonical:ESCO|esco_skills|http://data.europa.eu/esco/skill/7b5cce4d-c7fe-4119-b48f-70aa05391787,ESCO,1.2.1,http://data.europa.eu/esco/skill/7b5cce4d-c7fe-4119-b48f-70aa05391787,computer science,esco_skills,exact_title,approved,,canonical_name_exact
canonical:ESCO|esco_skills|http://data.europa.eu/esco/skill/7c32a84c-2733-4bc7-8909-3b3413c9cc88,ESCO,1.2.1,http://data.europa.eu/esco/skill/7c32a84c-2733-4bc7-8909-3b3413c9cc88,make logistical arrangements,esco_skills,exact_title,approved,,canonical_name_exact
canonical:ESCO|esco_skills|http://data.europa.eu/esco/skill/7d08e3cd-3a68-4568-8273-5b53ac0cbc71,ESCO,1.2.1,http://data.europa.eu/esco/skill/7d08e3cd-3a68-4568-8273-5b53ac0cbc71,collect healthcare user's general data,esco_skills,exact_title,approved,,canonical_name_exact
canonical:ESCO|esco_skills|http://data.europa.eu/esco/skill/7d092d81-d1e2-4c34-b3cb-c1c9f2e68b7d,ESCO,1.2.1,http://data.europa.eu/esco/skill/7d092d81-d1e2-4c34-b3cb-c1c9f2e68b7d,finish project within budget,esco_skills,exact_title,approved,,canonical_name_exact
canonical:ESCO|esco_skills|http://data.europa.eu/esco/skill/7d0da710-7fb9-4291-abbe-5e359c8339d0,ESCO,1.2.1,http://data.europa.eu/esco/skill/7d0da710-7fb9-4291-abbe-5e359c8339d0,record healthcare users' billing information,esco_skills,exact_title,approved,,canonical_name_exact
canonical:ESCO|esco_skills|http://data.europa.eu/esco/skill/7d0f33ea-e724-4d77-8b75-ee4fe66bb9ba,ESCO,1.2.1,http://data.europa.eu/esco/skill/7d0f33ea-e724-4d77-8b75-ee4fe66bb9ba,plan manufacturing processes,esco_skills,exact_title,approved,,canonical_name_exact
canonical:ESCO|esco_skills|http://data.europa.eu/esco/skill/7d10fcb2-b368-48ab-996b-7c9fafcf68ed,ESCO,1.2.1,http://data.europa.eu/esco/skill/7d10fcb2-b368-48ab-996b-7c9fafcf68ed,use automatic programming,esco_skills,exact_title,approved,,canonical_name_exact
canonical:ESCO|esco_skills|http://data.europa.eu/esco/skill/7d35602d-bc94-4975-aa7c-f4e8e05ce8e0,ESCO,1.2.1,http://data.europa.eu/esco/skill/7d35602d-bc94-4975-aa7c-f4e8e05ce8e0,cost management,esco_skills,exact_title,approved,,canonical_name_exact
canonical:ESCO|esco_skills|http://data.europa.eu/esco/skill/7d4e4636-f136-46f6-ae23-2a7639d6b861,ESCO,1.2.1,http://data.europa.eu/esco/skill/7d4e4636-f136-46f6-ae23-2a7639d6b861,geodesy,esco_skills,exact_title,approved,,canonical_name_exact
canonical:ESCO|esco_skills|http://data.europa.eu/esco/skill/7e1f9657-ab4e-407c-842f-b846197060e3,ESCO,1.2.1,http://data.europa.eu/esco/skill/7e1f9657-ab4e-407c-842f-b846197060e3,execute ICT audits,esco_skills,exact_title,approved,,canonical_name_exact
canonical:ESCO|esco_skills|http://data.europa.eu/esco/skill/7e305865-5b6d-4225-a4f7-ee5c10aaa134,ESCO,1.2.1,http://data.europa.eu/esco/skill/7e305865-5b6d-4225-a4f7-ee5c10aaa134,perform dunning activities,esco_skills,exact_title,approved,,canonical_name_exact
canonical:ESCO|esco_skills|http://data.europa.eu/esco/skill/7e796b51-49d7-4e73-95af-2e7323763f15,ESCO,1.2.1,http://data.europa.eu/esco/skill/7e796b51-49d7-4e73-95af-2e7323763f15,design database in the cloud,esco_skills,exact_title,approved,,canonical_name_exact
canonical:ESCO|esco_skills|http://data.europa.eu/esco/skill/7ee4c2ea-b349-4bd2-81a3-ec31475d4833,ESCO,1.2.1,http://data.europa.eu/esco/skill/7ee4c2ea-b349-4bd2-81a3-ec31475d4833,statistics,esco_skills,exact_title,approved,,canonical_name_exact
canonical:ESCO|esco_skills|http://data.europa.eu/esco/skill/7f107a85-d6ac-410f-a995-d635c5aa418b,ESCO,1.2.1,http://data.europa.eu/esco/skill/7f107a85-d6ac-410f-a995-d635c5aa418b,types of metal,esco_skills,exact_title,approved,,canonical_name_exact
canonical:ESCO|esco_skills|http://data.europa.eu/esco/skill/7f18039d-dfae-471b-9daa-507f6b2d2842,ESCO,1.2.1,http://data.europa.eu/esco/skill/7f18039d-dfae-471b-9daa-507f6b2d2842,urban planning,esco_skills,exact_title,approved,,canonical_name_exact
canonical:ESCO|esco_skills|http://data.europa.eu/esco/skill/7f27f1ff-2e17-4b69-990e-c23334478313,ESCO,1.2.1,http://data.europa.eu/esco/skill/7f27f1ff-2e17-4b69-990e-c23334478313,assessment of risks and threats,esco_skills,exact_title,approved,,canonical_name_exact
canonical:ESCO|esco_skills|http://data.europa.eu/esco/skill/7f70572d-f0c1-4039-9954-b57dc69981f6,ESCO,1.2.1,http://data.europa.eu/esco/skill/7f70572d-f0c1-4039-9954-b57dc69981f6,keep updated on innovations in various business fields,esco_skills,exact_title,approved,,canonical_name_exact
canonical:ESCO|esco_skills|http://data.europa.eu/esco/skill/7fb699d9-182a-430e-b7a0-6d8ed05c284b,ESCO,1.2.1,http://data.europa.eu/esco/skill/7fb699d9-182a-430e-b7a0-6d8ed05c284b,graphic design,esco_skills,exact_title,approved,,canonical_name_exact
canonical:ESCO|esco_skills|http://data.europa.eu/esco/skill/7ff2c668-0e86-418a-a962-4958262ee337,ESCO,1.2.1,http://data.europa.eu/esco/skill/7ff2c668-0e86-418a-a962-4958262ee337,use communication techniques,esco_skills,exact_title,approved,,canonical_name_exact
canonical:ESCO|esco_skills|http://data.europa.eu/esco/skill/8029637c-00eb-4764-ae88-387611176c4b,ESCO,1.2.1,http://data.europa.eu/esco/skill/8029637c-00eb-4764-ae88-387611176c4b,analyse logistic needs,esco_skills,exact_title,approved,,canonical_name_exact
canonical:ESCO|esco_skills|http://data.europa.eu/esco/skill/80466be3-825a-456a-94ec-9c83c0007f0c,ESCO,1.2.1,http://data.europa.eu/esco/skill/80466be3-825a-456a-94ec-9c83c0007f0c,aerodynamics,esco_skills,exact_title,approved,,canonical_name_exact
canonical:ESCO|esco_skills|http://data.europa.eu/esco/skill/8088750d-8388-4170-a76f-48354c469c44,ESCO,1.2.1,http://data.europa.eu/esco/skill/8088750d-8388-4170-a76f-48354c469c44,cyber security,esco_skills,exact_title,approved,,canonical_name_exact
canonical:ESCO|esco_skills|http://data.europa.eu/esco/skill/811acf0c-4dd7-4dda-a4fa-7ca498a95204,ESCO,1.2.1,http://data.europa.eu/esco/skill/811acf0c-4dd7-4dda-a4fa-7ca498a95204,negotiate employment agreements,esco_skills,exact_title,approved,,canonical_name_exact
canonical:ESCO|esco_skills|http://data.europa.eu/esco/skill/811bdb9d-5bf7-4b5a-a3f5-4fc2002f6d57,ESCO,1.2.1,http://data.europa.eu/esco/skill/811bdb9d-5bf7-4b5a-a3f5-4fc2002f6d57,financial capability,esco_skills,exact_title,approved,,canonical_name_exact
canonical:ESCO|esco_skills|http://data.europa.eu/esco/skill/81633a44-f1db-4a01-a940-804c6905e330,ESCO,1.2.1,http://data.europa.eu/esco/skill/81633a44-f1db-4a01-a940-804c6905e330,use word processing software,esco_skills,exact_title,approved,,canonical_name_exact
canonical:ESCO|esco_skills|http://data.europa.eu/esco/skill/8168333b-8257-48f6-82c5-6b5128c21ecc,ESCO,1.2.1,http://data.europa.eu/esco/skill/8168333b-8257-48f6-82c5-6b5128c21ecc,person centred care,esco_skills,exact_title,approved,,canonical_name_exact
canonical:ESCO|esco_skills|http://data.europa.eu/esco/skill/818c2b89-1335-4443-ada7-e1046862e273,ESCO,1.2.1,http://data.europa.eu/esco/skill/818c2b89-1335-4443-ada7-e1046862e273,install automation components,esco_skills,exact_title,approved,,canonical_name_exact
canonical:ESCO|esco_skills|http://data.europa.eu/esco/skill/81a2db2c-7e55-44d0-9cd9-74c25147d7cd,ESCO,1.2.1,http://data.europa.eu/esco/skill/81a2db2c-7e55-44d0-9cd9-74c25147d7cd,analyse test data,esco_skills,exact_title,approved,,canonical_name_exact
canonical:ESCO|esco_skills|http://data.europa.eu/esco/skill/81b6d428-028b-4bf5-89a2-5e5cb4a8c444,ESCO,1.2.1,http://data.europa.eu/esco/skill/81b6d428-028b-4bf5-89a2-5e5cb4a8c444,provide stroke rehabilitation services,esco_skills,exact_title,approved,,canonical_name_exact
canonical:ESCO|esco_skills|http://data.europa.eu/esco/skill/82313e12-9d39-47d1-b7c9-78bbd6bb50e2,ESCO,1.2.1,http://data.europa.eu/esco/skill/82313e12-9d39-47d1-b7c9-78bbd6bb50e2,CAE software,esco_skills,exact_title,approved,,canonical_name_exact
canonical:ESCO|esco_skills|http://data.europa.eu/esco/skill/8232979d-6aa4-40c9-a12b-5152a52a76b8,ESCO,1.2.1,http://data.europa.eu/esco/skill/8232979d-6aa4-40c9-a12b-5152a52a76b8,advise on healthcare users' informed consent,esco_skills,exact_title,approved,,canonical_name_exact
canonical:ESCO|esco_skills|http://data.europa.eu/esco/skill/82887396-e5bf-4306-af51-3fe8d82790b2,ESCO,1.2.1,http://data.europa.eu/esco/skill/82887396-e5bf-4306-af51-3fe8d82790b2,civil engineering,esco_skills,exact_title,approved,,canonical_name_exact
canonical:ESCO|esco_skills|http://data.europa.eu/esco/skill/829d1376-41bf-4c41-9bc3-62dce647677c,ESCO,1.2.1,http://data.europa.eu/esco/skill/829d1376-41bf-4c41-9bc3-62dce647677c,artificial lighting systems,esco_skills,exact_title,approved,,canonical_name_exact
canonical:ESCO|esco_skills|http://data.europa.eu/esco/skill/82de2df7-0d6c-42b1-94ac-b3e9a029e917,ESCO,1.2.1,http://data.europa.eu/esco/skill/82de2df7-0d6c-42b1-94ac-b3e9a029e917,use back-up and recovery tools,esco_skills,exact_title,approved,,canonical_name_exact
canonical:ESCO|esco_skills|http://data.europa.eu/esco/skill/82fc3feb-752b-4d49-803d-c08a717917aa,ESCO,1.2.1,http://data.europa.eu/esco/skill/82fc3feb-752b-4d49-803d-c08a717917aa,geophysics,esco_skills,exact_title,approved,,canonical_name_exact
canonical:ESCO|esco_skills|http://data.europa.eu/esco/skill/82fea746-853f-4f1b-8ab7-55de8619cccd,ESCO,1.2.1,http://data.europa.eu/esco/skill/82fea746-853f-4f1b-8ab7-55de8619cccd,lean manufacturing,esco_skills,exact_title,approved,,canonical_name_exact
canonical:ESCO|esco_skills|http://data.europa.eu/esco/skill/8316979b-df5a-4dc7-98ef-61ec6a10df84,ESCO,1.2.1,http://data.europa.eu/esco/skill/8316979b-df5a-4dc7-98ef-61ec6a10df84,conduct quantitative research,esco_skills,exact_title,approved,,canonical_name_exact
canonical:ESCO|esco_skills|http://data.europa.eu/esco/skill/83218cac-3599-417e-93d2-26013cdccd98,ESCO,1.2.1,http://data.europa.eu/esco/skill/83218cac-3599-417e-93d2-26013cdccd98,service-oriented modelling,esco_skills,exact_title,approved,,canonical_name_exact
canonical:ESCO|esco_skills|http://data.europa.eu/esco/skill/833289fa-3646-4010-9d9e-93ba8c9ef2d8,ESCO,1.2.1,http://data.europa.eu/esco/skill/833289fa-3646-4010-9d9e-93ba8c9ef2d8,apply research ethics and scientific integrity principles in research activities,esco_skills,exact_title,approved,,canonical_name_exact
canonical:ESCO|esco_skills|http://data.europa.eu/esco/skill/8359bd04-d2cb-4757-af1f-39a921df9efe,ESCO,1.2.1,http://data.europa.eu/esco/skill/8359bd04-d2cb-4757-af1f-39a921df9efe,remove computer virus or malware from a computer,esco_skills,exact_title,approved,,canonical_name_exact
canonical:ESCO|esco_skills|http://data.europa.eu/esco/skill/8369c2d6-c100-4cf6-bd83-9668d8678433,ESCO,1.2.1,http://data.europa.eu/esco/skill/8369c2d6-c100-4cf6-bd83-9668d8678433,utilise machine learning,esco_skills,exact_title,approved,,canonical_name_exact
canonical:ESCO|esco_skills|http://data.europa.eu/esco/skill/8369ede5-4200-4a44-be2e-bc60ef959259,ESCO,1.2.1,http://data.europa.eu/esco/skill/8369ede5-4200-4a44-be2e-bc60ef959259,Microsoft Visual C++,esco_skills,exact_title,approved,,canonical_name_exact
canonical:ESCO|esco_skills|http://data.europa.eu/esco/skill/83e97138-899a-4af8-9187-47823e875841,ESCO,1.2.1,http://data.europa.eu/esco/skill/83e97138-899a-4af8-9187-47823e875841,follow the statutory obligations,esco_skills,exact_title,approved,,canonical_name_exact
canonical:ESCO|esco_skills|http://data.europa.eu/esco/skill/83fc0b2b-6cd2-46af-b1ff-d3fc83604c26,ESCO,1.2.1,http://data.europa.eu/esco/skill/83fc0b2b-6cd2-46af-b1ff-d3fc83604c26,energy efficiency,esco_skills,exact_title,approved,,canonical_name_exact
canonical:ESCO|esco_skills|http://data.europa.eu/esco/skill/8460496d-aa54-495f-af9a-a4b571a5f994,ESCO,1.2.1,http://data.europa.eu/esco/skill/8460496d-aa54-495f-af9a-a4b571a5f994,apply techniques of occupational therapy,esco_skills,exact_title,approved,,canonical_name_exact
canonical:ESCO|esco_skills|http://data.europa.eu/esco/skill/84605f91-5ab4-4965-a1ad-cdc1901a820d,ESCO,1.2.1,http://data.europa.eu/esco/skill/84605f91-5ab4-4965-a1ad-cdc1901a820d,marketing department processes,esco_skills,exact_title,approved,,canonical_name_exact
canonical:ESCO|esco_skills|http://data.europa.eu/esco/skill/848c6821-5578-4104-9060-f1bf75bb3a80,ESCO,1.2.1,http://data.europa.eu/esco/skill/848c6821-5578-4104-9060-f1bf75bb3a80,provide comprehensive care for patients with surgical conditions,esco_skills,exact_title,approved,,canonical_name_exact
canonical:ESCO|esco_skills|http://data.europa.eu/esco/skill/84a67aa9-1d83-4122-a381-cef8c770c8db,ESCO,1.2.1,http://data.europa.eu/esco/skill/84a67aa9-1d83-4122-a381-cef8c770c8db,vocational rehabilitation,esco_skills,exact_title,approved,,canonical_name_exact
canonical:ESCO|esco_skills|http://data.europa.eu/esco/skill/84f58e3d-8669-4d83-8c1d-5dd1e73a654f,ESCO,1.2.1,http://data.europa.eu/esco/skill/84f58e3d-8669-4d83-8c1d-5dd1e73a654f,create database diagrams,esco_skills,exact_title,approved,,canonical_name_exact
canonical:ESCO|esco_skills|http://data.europa.eu/esco/skill/85038d57-1fdd-40de-b908-2c005545a8c3,ESCO,1.2.1,http://data.europa.eu/esco/skill/85038d57-1fdd-40de-b908-2c005545a8c3,SketchBook Pro,esco_skills,exact_title,approved,,canonical_name_exact
canonical:ESCO|esco_skills|http://data.europa.eu/esco/skill/85c11255-469f-41bd-a6d1-382bc4a87783,ESCO,1.2.1,http://data.europa.eu/esco/skill/85c11255-469f-41bd-a6d1-382bc4a87783,interpret technical texts,esco_skills,exact_title,approved,,canonical_name_exact
canonical:ESCO|esco_skills|http://data.europa.eu/esco/skill/85f46538-ae70-498a-bfbc-b8ddafe96c7d,ESCO,1.2.1,http://data.europa.eu/esco/skill/85f46538-ae70-498a-bfbc-b8ddafe96c7d,levels of software testing,esco_skills,exact_title,approved,,canonical_name_exact
canonical:ESCO|esco_skills|http://data.europa.eu/esco/skill/8671290a-ab17-42c2-9114-adcb741e7257,ESCO,1.2.1,http://data.europa.eu/esco/skill/8671290a-ab17-42c2-9114-adcb741e7257,paediatrics,esco_skills,exact_title,approved,,canonical_name_exact
canonical:ESCO|esco_skills|http://data.europa.eu/esco/skill/86945516-619a-456e-b0d0-2fb31d927992,ESCO,1.2.1,http://data.europa.eu/esco/skill/86945516-619a-456e-b0d0-2fb31d927992,perform surveying calculations,esco_skills,exact_title,approved,,canonical_name_exact
canonical:ESCO|esco_skills|http://data.europa.eu/esco/skill/8696aff0-18c0-4ba6-a4d0-9a21861b3e5e,ESCO,1.2.1,http://data.europa.eu/esco/skill/8696aff0-18c0-4ba6-a4d0-9a21861b3e5e,World Wide Web Consortium standards,esco_skills,exact_title,approved,,canonical_name_exact
canonical:ESCO|esco_skills|http://data.europa.eu/esco/skill/86d2e2ea-1ba2-4aa6-b465-8a1f9abc81b8,ESCO,1.2.1,http://data.europa.eu/esco/skill/86d2e2ea-1ba2-4aa6-b465-8a1f9abc81b8,apply information security policies,esco_skills,exact_title,approved,,canonical_name_exact
canonical:ESCO|esco_skills|http://data.europa.eu/esco/skill/872a1632-f1db-4feb-bb27-0a6a359b7591,ESCO,1.2.1,http://data.europa.eu/esco/skill/872a1632-f1db-4feb-bb27-0a6a359b7591,promote open innovation in research,esco_skills,exact_title,approved,,canonical_name_exact
canonical:ESCO|esco_skills|http://data.europa.eu/esco/skill/87434439-c07d-48be-af34-b0cdd03121c4,ESCO,1.2.1,http://data.europa.eu/esco/skill/87434439-c07d-48be-af34-b0cdd03121c4,design engineering components,esco_skills,exact_title,approved,,canonical_name_exact
canonical:ESCO|esco_skills|http://data.europa.eu/esco/skill/8764d4b1-e069-44f2-8baa-fb1eee1850ec,ESCO,1.2.1,http://data.europa.eu/esco/skill/8764d4b1-e069-44f2-8baa-fb1eee1850ec,Oracle Application Development Framework,esco_skills,exact_title,approved,,canonical_name_exact
canonical:ESCO|esco_skills|http://data.europa.eu/esco/skill/87669743-a291-4ea0-9a50-cac60d45649c,ESCO,1.2.1,http://data.europa.eu/esco/skill/87669743-a291-4ea0-9a50-cac60d45649c,rehabilitation,esco_skills,exact_title,approved,,canonical_name_exact
canonical:ESCO|esco_skills|http://data.europa.eu/esco/skill/8770350e-746f-4adb-9556-18ca68104be6,ESCO,1.2.1,http://data.europa.eu/esco/skill/8770350e-746f-4adb-9556-18ca68104be6,market research,esco_skills,exact_title,approved,,canonical_name_exact
canonical:ESCO|esco_skills|http://data.europa.eu/esco/skill/8785ccda-6f9f-4cf3-9033-fda10653d0be,ESCO,1.2.1,http://data.europa.eu/esco/skill/8785ccda-6f9f-4cf3-9033-fda10653d0be,JSSS,esco_skills,exact_title,approved,,canonical_name_exact
canonical:ESCO|esco_skills|http://data.europa.eu/esco/skill/87a708d8-a14d-42ce-8f03-c8a199f999d5,ESCO,1.2.1,http://data.europa.eu/esco/skill/87a708d8-a14d-42ce-8f03-c8a199f999d5,use clinical reasoning,esco_skills,exact_title,approved,,canonical_name_exact
canonical:ESCO|esco_skills|http://data.europa.eu/esco/skill/87b1c959-236d-4761-b3be-b1c729497f75,ESCO,1.2.1,http://data.europa.eu/esco/skill/87b1c959-236d-4761-b3be-b1c729497f75,fluid mechanics,esco_skills,exact_title,approved,,canonical_name_exact
canonical:ESCO|esco_skills|http://data.europa.eu/esco/skill/87cadd76-4e3a-47e5-b66d-559fbc1e8993,ESCO,1.2.1,http://data.europa.eu/esco/skill/87cadd76-4e3a-47e5-b66d-559fbc1e8993,respond to enquiries,esco_skills,exact_title,approved,,canonical_name_exact
canonical:ESCO|esco_skills|http://data.europa.eu/esco/skill/880c54f9-866e-4f37-b5fa-25ef8a7d49b6,ESCO,1.2.1,http://data.europa.eu/esco/skill/880c54f9-866e-4f37-b5fa-25ef8a7d49b6,accounting techniques,esco_skills,exact_title,approved,,canonical_name_exact
canonical:ESCO|esco_skills|http://data.europa.eu/esco/skill/8881a9c2-bd07-4954-bf27-c1f8acca9af0,ESCO,1.2.1,http://data.europa.eu/esco/skill/8881a9c2-bd07-4954-bf27-c1f8acca9af0,sociology,esco_skills,exact_title,approved,,canonical_name_exact
canonical:ESCO|esco_skills|http://data.europa.eu/esco/skill/88b406d0-72e2-4087-be19-d5992d259473,ESCO,1.2.1,http://data.europa.eu/esco/skill/88b406d0-72e2-4087-be19-d5992d259473,personnel management,esco_skills,exact_title,approved,,canonical_name_exact
canonical:ESCO|esco_skills|http://data.europa.eu/esco/skill/896563fc-6255-4419-89c2-ffed30159ad6,ESCO,1.2.1,http://data.europa.eu/esco/skill/896563fc-6255-4419-89c2-ffed30159ad6,conduct research interview,esco_skills,exact_title,approved,,canonical_name_exact
canonical:ESCO|esco_skills|http://data.europa.eu/esco/skill/89ba58e8-a67e-4d2b-ad42-6acab25c241b,ESCO,1.2.1,http://data.europa.eu/esco/skill/89ba58e8-a67e-4d2b-ad42-6acab25c241b,measure customer feedback,esco_skills,exact_title,approved,,canonical_name_exact
canonical:ESCO|esco_skills|http://data.europa.eu/esco/skill/89f6560b-2194-45c9-9ece-d33049a73eef,ESCO,1.2.1,http://data.europa.eu/esco/skill/89f6560b-2194-45c9-9ece-d33049a73eef,computer engineering,esco_skills,exact_title,approved,,canonical_name_exact
canonical:ESCO|esco_skills|http://data.europa.eu/esco/skill/89ff28d6-342c-435d-83aa-83e71dbbbc96,ESCO,1.2.1,http://data.europa.eu/esco/skill/89ff28d6-342c-435d-83aa-83e71dbbbc96,conduct financial audits,esco_skills,exact_title,approved,,canonical_name_exact
canonical:ESCO|esco_skills|http://data.europa.eu/esco/skill/8a06c621-adfe-41df-8fe9-6b33f1ea3f0a,ESCO,1.2.1,http://data.europa.eu/esco/skill/8a06c621-adfe-41df-8fe9-6b33f1ea3f0a,biomechanics,esco_skills,exact_title,approved,,canonical_name_exact
canonical:ESCO|esco_skills|http://data.europa.eu/esco/skill/8a326ee1-169c-4c44-b38b-8f1bb20ec79b,ESCO,1.2.1,http://data.europa.eu/esco/skill/8a326ee1-169c-4c44-b38b-8f1bb20ec79b,identify accounting errors,esco_skills,exact_title,approved,,canonical_name_exact
canonical:ESCO|esco_skills|http://data.europa.eu/esco/skill/8a43795b-bb38-4f29-91df-a6c92ad4643c,ESCO,1.2.1,http://data.europa.eu/esco/skill/8a43795b-bb38-4f29-91df-a6c92ad4643c,analyse financial performance of a company,esco_skills,exact_title,approved,,canonical_name_exact
canonical:ESCO|esco_skills|http://data.europa.eu/esco/skill/8a753714-9a19-4418-9b37-77e79d72c705,ESCO,1.2.1,http://data.europa.eu/esco/skill/8a753714-9a19-4418-9b37-77e79d72c705,integrate new products in manufacturing,esco_skills,exact_title,approved,,canonical_name_exact
canonical:ESCO|esco_skills|http://data.europa.eu/esco/skill/8add048c-4d51-41c5-8aa2-f57412c4a637,ESCO,1.2.1,http://data.europa.eu/esco/skill/8add048c-4d51-41c5-8aa2-f57412c4a637,enhance production workflow,esco_skills,exact_title,approved,,canonical_name_exact
canonical:ESCO|esco_skills|http://data.europa.eu/esco/skill/8afe68ff-b261-4fa8-ab25-bb30b0e5c292,ESCO,1.2.1,http://data.europa.eu/esco/skill/8afe68ff-b261-4fa8-ab25-bb30b0e5c292,motion graphics,esco_skills,exact_title,approved,,canonical_name_exact
canonical:ESCO|esco_skills|http://data.europa.eu/esco/skill/8b0f73ff-d36b-4196-bb83-464c3a6ef07d,ESCO,1.2.1,http://data.europa.eu/esco/skill/8b0f73ff-d36b-4196-bb83-464c3a6ef07d,game theory,esco_skills,exact_title,approved,,canonical_name_exact
canonical:ESCO|esco_skills|http://data.europa.eu/esco/skill/8b3aefd2-5021-418f-b069-828fb7abc598,ESCO,1.2.1,http://data.europa.eu/esco/skill/8b3aefd2-5021-418f-b069-828fb7abc598,nursing principles,esco_skills,exact_title,approved,,canonical_name_exact
canonical:ESCO|esco_skills|http://data.europa.eu/esco/skill/8b9332c7-2551-4527-9a64-a615713d8b02,ESCO,1.2.1,http://data.europa.eu/esco/skill/8b9332c7-2551-4527-9a64-a615713d8b02,evaluate employees,esco_skills,exact_title,approved,,canonical_name_exact
canonical:ESCO|esco_skills|http://data.europa.eu/esco/skill/8b94aa1e-89c9-459d-b3b4-1dfab8dec2df,ESCO,1.2.1,http://data.europa.eu/esco/skill/8b94aa1e-89c9-459d-b3b4-1dfab8dec2df,use software libraries,esco_skills,exact_title,approved,,canonical_name_exact
canonical:ESCO|esco_skills|http://data.europa.eu/esco/skill/8bc11ec8-90a3-4d4d-aba3-1c48c71e8fe2,ESCO,1.2.1,http://data.europa.eu/esco/skill/8bc11ec8-90a3-4d4d-aba3-1c48c71e8fe2,manage third-party logistics providers,esco_skills,exact_title,approved,,canonical_name_exact
canonical:ESCO|esco_skills|http://data.europa.eu/esco/skill/8bc1c7da-c832-4896-a441-30d087c46aad,ESCO,1.2.1,http://data.europa.eu/esco/skill/8bc1c7da-c832-4896-a441-30d087c46aad,examine engineering principles,esco_skills,exact_title,approved,,canonical_name_exact
canonical:ESCO|esco_skills|http://data.europa.eu/esco/skill/8bc75dce-beba-40f9-93fc-66c9708ed74b,ESCO,1.2.1,http://data.europa.eu/esco/skill/8bc75dce-beba-40f9-93fc-66c9708ed74b,advise on efficiency improvements,esco_skills,exact_title,approved,,canonical_name_exact
canonical:ESCO|esco_skills|http://data.europa.eu/esco/skill/8bd49d04-ab2f-4333-b5d9-12d716e4e2f6,ESCO,1.2.1,http://data.europa.eu/esco/skill/8bd49d04-ab2f-4333-b5d9-12d716e4e2f6,resuscitation,esco_skills,exact_title,approved,,canonical_name_exact
canonical:ESCO|esco_skills|http://data.europa.eu/esco/skill/8bdd25f8-4b6e-40fe-a2cf-c1badc594114,ESCO,1.2.1,http://data.europa.eu/esco/skill/8bdd25f8-4b6e-40fe-a2cf-c1badc594114,geology,esco_skills,exact_title,approved,,canonical_name_exact
canonical:ESCO|esco_skills|http://data.europa.eu/esco/skill/8c30f212-806e-49f6-ba1d-77ec0f0df524,ESCO,1.2.1,http://data.europa.eu/esco/skill/8c30f212-806e-49f6-ba1d-77ec0f0df524,design electromagnets,esco_skills,exact_title,approved,,canonical_name_exact
canonical:ESCO|esco_skills|http://data.europa.eu/esco/skill/8c474534-707f-46f3-b356-810bbfe8b693,ESCO,1.2.1,http://data.europa.eu/esco/skill/8c474534-707f-46f3-b356-810bbfe8b693,advise on machinery malfunctions,esco_skills,exact_title,approved,,canonical_name_exact
canonical:ESCO|esco_skills|http://data.europa.eu/esco/skill/8c4c49d4-9708-433f-8ca7-bf2c5211ee49,ESCO,1.2.1,http://data.europa.eu/esco/skill/8c4c49d4-9708-433f-8ca7-bf2c5211ee49,develop creative ideas,esco_skills,exact_title,approved,,canonical_name_exact
canonical:ESCO|esco_skills|http://data.europa.eu/esco/skill/8c88d336-c249-4537-b26e-d679a85c4b9b,ESCO,1.2.1,http://data.europa.eu/esco/skill/8c88d336-c249-4537-b26e-d679a85c4b9b,Ajax Framework,esco_skills,exact_title,approved,,canonical_name_exact
canonical:ESCO|esco_skills|http://data.europa.eu/esco/skill/8ceaad7f-1d37-41e6-a1fe-4ab9707a959b,ESCO,1.2.1,http://data.europa.eu/esco/skill/8ceaad7f-1d37-41e6-a1fe-4ab9707a959b,hydrotherapy,esco_skills,exact_title,approved,,canonical_name_exact
canonical:ESCO|esco_skills|http://data.europa.eu/esco/skill/8d1e742f-28f4-4248-9a5d-6ef88a047f18,ESCO,1.2.1,http://data.europa.eu/esco/skill/8d1e742f-28f4-4248-9a5d-6ef88a047f18,create individual treatment programmes,esco_skills,exact_title,approved,,canonical_name_exact
canonical:ESCO|esco_skills|http://data.europa.eu/esco/skill/8d202e22-85e9-47b1-a1e0-3296d17244cd,ESCO,1.2.1,http://data.europa.eu/esco/skill/8d202e22-85e9-47b1-a1e0-3296d17244cd,observe confidentiality,esco_skills,exact_title,approved,,canonical_name_exact
canonical:ESCO|esco_skills|http://data.europa.eu/esco/skill/8d4271ca-c9fd-40b3-875f-15f78332a49e,ESCO,1.2.1,http://data.europa.eu/esco/skill/8d4271ca-c9fd-40b3-875f-15f78332a49e,quality standards,esco_skills,exact_title,approved,,canonical_name_exact
canonical:ESCO|esco_skills|http://data.europa.eu/esco/skill/8df59017-f8e3-4a48-b321-79a38c597748,ESCO,1.2.1,http://data.europa.eu/esco/skill/8df59017-f8e3-4a48-b321-79a38c597748,manage tests,esco_skills,exact_title,approved,,canonical_name_exact
canonical:ESCO|esco_skills|http://data.europa.eu/esco/skill/8e0bfbba-6e9d-48e0-b152-2cc949e5022a,ESCO,1.2.1,http://data.europa.eu/esco/skill/8e0bfbba-6e9d-48e0-b152-2cc949e5022a,implement scientific decision making in healthcare,esco_skills,exact_title,approved,,canonical_name_exact
canonical:ESCO|esco_skills|http://data.europa.eu/esco/skill/8e5a3be5-8bbe-470e-8863-1be9539e0647,ESCO,1.2.1,http://data.europa.eu/esco/skill/8e5a3be5-8bbe-470e-8863-1be9539e0647,select artwork developed by staff members,esco_skills,exact_title,approved,,canonical_name_exact
canonical:ESCO|esco_skills|http://data.europa.eu/esco/skill/8eab4e4f-03f8-4a66-a830-ec4e5db43253,ESCO,1.2.1,http://data.europa.eu/esco/skill/8eab4e4f-03f8-4a66-a830-ec4e5db43253,prescribe medication,esco_skills,exact_title,approved,,canonical_name_exact
canonical:ESCO|esco_skills|http://data.europa.eu/esco/skill/8ebb2c0a-0baa-43bf-95cf-094047c57427,ESCO,1.2.1,http://data.europa.eu/esco/skill/8ebb2c0a-0baa-43bf-95cf-094047c57427,maintain professional administration,esco_skills,exact_title,approved,,canonical_name_exact
canonical:ESCO|esco_skills|http://data.europa.eu/esco/skill/8efa6a7a-6556-4cb8-908d-59d3b5c58d2f,ESCO,1.2.1,http://data.europa.eu/esco/skill/8efa6a7a-6556-4cb8-908d-59d3b5c58d2f,cloud monitoring and reporting,esco_skills,exact_title,approved,,canonical_name_exact
canonical:ESCO|esco_skills|http://data.europa.eu/esco/skill/8f6ed69b-29d0-4c01-81ba-f05920a185f3,ESCO,1.2.1,http://data.europa.eu/esco/skill/8f6ed69b-29d0-4c01-81ba-f05920a185f3,digital curation,esco_skills,exact_title,approved,,canonical_name_exact
canonical:ESCO|esco_skills|http://data.europa.eu/esco/skill/8ff015a0-98ea-4d80-a23e-1f68110a919e,ESCO,1.2.1,http://data.europa.eu/esco/skill/8ff015a0-98ea-4d80-a23e-1f68110a919e,software design methodologies,esco_skills,exact_title,approved,,canonical_name_exact
canonical:ESCO|esco_skills|http://data.europa.eu/esco/skill/8ff314a8-57d7-4b8c-bf41-79f9572fedd0,ESCO,1.2.1,http://data.europa.eu/esco/skill/8ff314a8-57d7-4b8c-bf41-79f9572fedd0,use digital illustration techniques,esco_skills,exact_title,approved,,canonical_name_exact
canonical:ESCO|esco_skills|http://data.europa.eu/esco/skill/901105f8-3a08-453e-b1dc-23619e317fd3,ESCO,1.2.1,http://data.europa.eu/esco/skill/901105f8-3a08-453e-b1dc-23619e317fd3,create flowchart diagram,esco_skills,exact_title,approved,,canonical_name_exact
canonical:ESCO|esco_skills|http://data.europa.eu/esco/skill/9013b46e-5a9b-4929-8918-fcadfdfd37ce,ESCO,1.2.1,http://data.europa.eu/esco/skill/9013b46e-5a9b-4929-8918-fcadfdfd37ce,supervise daily information operations,esco_skills,exact_title,approved,,canonical_name_exact
canonical:ESCO|esco_skills|http://data.europa.eu/esco/skill/902fb91c-3113-4004-9b4f-79aa86b638b7,ESCO,1.2.1,http://data.europa.eu/esco/skill/902fb91c-3113-4004-9b4f-79aa86b638b7,web application security threats,esco_skills,exact_title,approved,,canonical_name_exact
canonical:ESCO|esco_skills|http://data.europa.eu/esco/skill/9035afc4-5317-455d-ab60-f32e2ecc6bfc,ESCO,1.2.1,http://data.europa.eu/esco/skill/9035afc4-5317-455d-ab60-f32e2ecc6bfc,blockchain platforms,esco_skills,exact_title,approved,,canonical_name_exact
canonical:ESCO|esco_skills|http://data.europa.eu/esco/skill/90398aca-82b7-4f56-8e0f-814d949162b4,ESCO,1.2.1,http://data.europa.eu/esco/skill/90398aca-82b7-4f56-8e0f-814d949162b4,coordinate marketing plan actions,esco_skills,exact_title,approved,,canonical_name_exact
canonical:ESCO|esco_skills|http://data.europa.eu/esco/skill/906323f4-00c4-4c3b-ab5a-8af77be3456e,ESCO,1.2.1,http://data.europa.eu/esco/skill/906323f4-00c4-4c3b-ab5a-8af77be3456e,create data sets,esco_skills,exact_title,approved,,canonical_name_exact
canonical:ESCO|esco_skills|http://data.europa.eu/esco/skill/906c9e66-bdee-4f8e-93d7-88d9fcf39a0a,ESCO,1.2.1,http://data.europa.eu/esco/skill/906c9e66-bdee-4f8e-93d7-88d9fcf39a0a,fix meetings,esco_skills,exact_title,approved,,canonical_name_exact
canonical:ESCO|esco_skills|http://data.europa.eu/esco/skill/9091c8e5-9357-4c29-bceb-ddb1792c22e8,ESCO,1.2.1,http://data.europa.eu/esco/skill/9091c8e5-9357-4c29-bceb-ddb1792c22e8,advise on conflict management,esco_skills,exact_title,approved,,canonical_name_exact
canonical:ESCO|esco_skills|http://data.europa.eu/esco/skill/91003b4a-f2aa-4472-a9c1-4597abb518f2,ESCO,1.2.1,http://data.europa.eu/esco/skill/91003b4a-f2aa-4472-a9c1-4597abb518f2,insolvency law,esco_skills,exact_title,approved,,canonical_name_exact
canonical:ESCO|esco_skills|http://data.europa.eu/esco/skill/9136cbf1-7916-4f1c-bc9a-0318ee1d6016,ESCO,1.2.1,http://data.europa.eu/esco/skill/9136cbf1-7916-4f1c-bc9a-0318ee1d6016,human-computer interaction,esco_skills,exact_title,approved,,canonical_name_exact
canonical:ESCO|esco_skills|http://data.europa.eu/esco/skill/91816e1a-d026-4d21-9b1c-59ca5cf488de,ESCO,1.2.1,http://data.europa.eu/esco/skill/91816e1a-d026-4d21-9b1c-59ca5cf488de,analyse internal factors of companies,esco_skills,exact_title,approved,,canonical_name_exact
canonical:ESCO|esco_skills|http://data.europa.eu/esco/skill/918f5211-b99f-4b29-9a34-6e475583ef55,ESCO,1.2.1,http://data.europa.eu/esco/skill/918f5211-b99f-4b29-9a34-6e475583ef55,write work-related reports,esco_skills,exact_title,approved,,canonical_name_exact
canonical:ESCO|esco_skills|http://data.europa.eu/esco/skill/91ba97f5-7518-4638-b2d2-308996db3cf8,ESCO,1.2.1,http://data.europa.eu/esco/skill/91ba97f5-7518-4638-b2d2-308996db3cf8,perform image editing,esco_skills,exact_title,approved,,canonical_name_exact
canonical:ESCO|esco_skills|http://data.europa.eu/esco/skill/9242ad54-dc3d-41b3-9cfe-142fa8582511,ESCO,1.2.1,http://data.europa.eu/esco/skill/9242ad54-dc3d-41b3-9cfe-142fa8582511,brand marketing techniques,esco_skills,exact_title,approved,,canonical_name_exact
canonical:ESCO|esco_skills|http://data.europa.eu/esco/skill/925463a7-d51f-4d5b-9f79-4d28cf30acde,ESCO,1.2.1,http://data.europa.eu/esco/skill/925463a7-d51f-4d5b-9f79-4d28cf30acde,integrated development environment software,esco_skills,exact_title,approved,,canonical_name_exact
canonical:ESCO|esco_skills|http://data.europa.eu/esco/skill/92721092-fe7c-4689-96bd-4f02385bc0e7,ESCO,1.2.1,http://data.europa.eu/esco/skill/92721092-fe7c-4689-96bd-4f02385bc0e7,manage contracts,esco_skills,exact_title,approved,,canonical_name_exact
canonical:ESCO|esco_skills|http://data.europa.eu/esco/skill/929e89f9-ac69-4bcb-9eea-37257aa5aff9,ESCO,1.2.1,http://data.europa.eu/esco/skill/929e89f9-ac69-4bcb-9eea-37257aa5aff9,prepare for job interview,esco_skills,exact_title,approved,,canonical_name_exact
canonical:ESCO|esco_skills|http://data.europa.eu/esco/skill/92e4064a-a93c-4e22-a63b-8da91757b90c,ESCO,1.2.1,http://data.europa.eu/esco/skill/92e4064a-a93c-4e22-a63b-8da91757b90c,detect bottlenecks,esco_skills,exact_title,approved,,canonical_name_exact
canonical:ESCO|esco_skills|http://data.europa.eu/esco/skill/92f54ff7-f6d8-4702-8e0f-2d7d3254a7fd,ESCO,1.2.1,http://data.europa.eu/esco/skill/92f54ff7-f6d8-4702-8e0f-2d7d3254a7fd,re-assemble engines,esco_skills,exact_title,approved,,canonical_name_exact
canonical:ESCO|esco_skills|http://data.europa.eu/esco/skill/933e7ccf-5d56-46ba-aca4-857f826a6b3a,ESCO,1.2.1,http://data.europa.eu/esco/skill/933e7ccf-5d56-46ba-aca4-857f826a6b3a,administer appointments,esco_skills,exact_title,approved,,canonical_name_exact
canonical:ESCO|esco_skills|http://data.europa.eu/esco/skill/93aaf65c-5aad-4e6f-a7ba-ce9bf7c0e6e6,ESCO,1.2.1,http://data.europa.eu/esco/skill/93aaf65c-5aad-4e6f-a7ba-ce9bf7c0e6e6,information categorisation,esco_skills,exact_title,approved,,canonical_name_exact
canonical:ESCO|esco_skills|http://data.europa.eu/esco/skill/93e65de1-923c-437e-aa5b-e6002967ce71,ESCO,1.2.1,http://data.europa.eu/esco/skill/93e65de1-923c-437e-aa5b-e6002967ce71,web based collaborative platforms,esco_skills,exact_title,approved,,canonical_name_exact
canonical:ESCO|esco_skills|http://data.europa.eu/esco/skill/94747ff4-603d-47d4-9780-bf53be41e190,ESCO,1.2.1,http://data.europa.eu/esco/skill/94747ff4-603d-47d4-9780-bf53be41e190,inspect industrial equipment,esco_skills,exact_title,approved,,canonical_name_exact
canonical:ESCO|esco_skills|http://data.europa.eu/esco/skill/94758266-bb0f-4e41-bedb-349ecacfaf5c,ESCO,1.2.1,http://data.europa.eu/esco/skill/94758266-bb0f-4e41-bedb-349ecacfaf5c,create freight rate databases,esco_skills,exact_title,approved,,canonical_name_exact
canonical:ESCO|esco_skills|http://data.europa.eu/esco/skill/949ced5f-7536-4614-ac60-563ffc91a2f2,ESCO,1.2.1,http://data.europa.eu/esco/skill/949ced5f-7536-4614-ac60-563ffc91a2f2,strategic planning,esco_skills,exact_title,approved,,canonical_name_exact
canonical:ESCO|esco_skills|http://data.europa.eu/esco/skill/94dd823c-148e-4614-a6e8-99249b16357d,ESCO,1.2.1,http://data.europa.eu/esco/skill/94dd823c-148e-4614-a6e8-99249b16357d,ICT project management,esco_skills,exact_title,approved,,canonical_name_exact
canonical:ESCO|esco_skills|http://data.europa.eu/esco/skill/953c0b65-537a-42fe-a90b-26cd36c64361,ESCO,1.2.1,http://data.europa.eu/esco/skill/953c0b65-537a-42fe-a90b-26cd36c64361,manage logistics,esco_skills,exact_title,approved,,canonical_name_exact
canonical:ESCO|esco_skills|http://data.europa.eu/esco/skill/9570e84e-6699-4c9f-9a12-7bc82d53a231,ESCO,1.2.1,http://data.europa.eu/esco/skill/9570e84e-6699-4c9f-9a12-7bc82d53a231,public health,esco_skills,exact_title,approved,,canonical_name_exact
canonical:ESCO|esco_skills|http://data.europa.eu/esco/skill/958b8802-ec3e-4813-97f7-6c8f48610dbd,ESCO,1.2.1,http://data.europa.eu/esco/skill/958b8802-ec3e-4813-97f7-6c8f48610dbd,identify process improvements,esco_skills,exact_title,approved,,canonical_name_exact
canonical:ESCO|esco_skills|http://data.europa.eu/esco/skill/95992467-644f-4178-97ad-b0e50a8ab084,ESCO,1.2.1,http://data.europa.eu/esco/skill/95992467-644f-4178-97ad-b0e50a8ab084,therapeutic massage,esco_skills,exact_title,approved,,canonical_name_exact
canonical:ESCO|esco_skills|http://data.europa.eu/esco/skill/95c35c3a-035f-47c2-90cf-7e934d20fc08,ESCO,1.2.1,http://data.europa.eu/esco/skill/95c35c3a-035f-47c2-90cf-7e934d20fc08,electronics,esco_skills,exact_title,approved,,canonical_name_exact
canonical:ESCO|esco_skills|http://data.europa.eu/esco/skill/9601b2a8-68e4-4906-9306-a23679b8f0b0,ESCO,1.2.1,http://data.europa.eu/esco/skill/9601b2a8-68e4-4906-9306-a23679b8f0b0,supervise staff,esco_skills,exact_title,approved,,canonical_name_exact
canonical:ESCO|esco_skills|http://data.europa.eu/esco/skill/9646b1e4-7440-4f78-b025-8f3df225ea1d,ESCO,1.2.1,http://data.europa.eu/esco/skill/9646b1e4-7440-4f78-b025-8f3df225ea1d,perform occupation analyses,esco_skills,exact_title,approved,,canonical_name_exact
canonical:ESCO|esco_skills|http://data.europa.eu/esco/skill/96550830-539b-4746-96aa-92aa4959945d,ESCO,1.2.1,http://data.europa.eu/esco/skill/96550830-539b-4746-96aa-92aa4959945d,apply risk management processes,esco_skills,exact_title,approved,,canonical_name_exact
canonical:ESCO|esco_skills|http://data.europa.eu/esco/skill/96d549bb-3e62-4c45-92a7-f114df089581,ESCO,1.2.1,http://data.europa.eu/esco/skill/96d549bb-3e62-4c45-92a7-f114df089581,analyse supply chain strategies,esco_skills,exact_title,approved,,canonical_name_exact
canonical:ESCO|esco_skills|http://data.europa.eu/esco/skill/96d901a6-c931-4e8d-b685-a47e1deaaa1b,ESCO,1.2.1,http://data.europa.eu/esco/skill/96d901a6-c931-4e8d-b685-a47e1deaaa1b,identify energy needs,esco_skills,exact_title,approved,,canonical_name_exact
canonical:ESCO|esco_skills|http://data.europa.eu/esco/skill/96eb286a-58b7-45ff-a916-5578d0b79b8c,ESCO,1.2.1,http://data.europa.eu/esco/skill/96eb286a-58b7-45ff-a916-5578d0b79b8c,Rapid application development,esco_skills,exact_title,approved,,canonical_name_exact
canonical:ESCO|esco_skills|http://data.europa.eu/esco/skill/9714735d-6f60-440b-bdbc-aaf45ebcbe78,ESCO,1.2.1,http://data.europa.eu/esco/skill/9714735d-6f60-440b-bdbc-aaf45ebcbe78,analyse the context of an organisation,esco_skills,exact_title,approved,,canonical_name_exact
canonical:ESCO|esco_skills|http://data.europa.eu/esco/skill/97902800-f9e0-4a73-8826-6cc42f874a18,ESCO,1.2.1,http://data.europa.eu/esco/skill/97902800-f9e0-4a73-8826-6cc42f874a18,green logistics,esco_skills,exact_title,approved,,canonical_name_exact
canonical:ESCO|esco_skills|http://data.europa.eu/esco/skill/97965983-0da4-4902-9daf-d5cd2693ef73,ESCO,1.2.1,http://data.europa.eu/esco/skill/97965983-0da4-4902-9daf-d5cd2693ef73,3D modelling,esco_skills,exact_title,approved,,canonical_name_exact
canonical:ESCO|esco_skills|http://data.europa.eu/esco/skill/979cf728-896f-4f2c-8fa8-2698ca0d4930,ESCO,1.2.1,http://data.europa.eu/esco/skill/979cf728-896f-4f2c-8fa8-2698ca0d4930,publish academic research,esco_skills,exact_title,approved,,canonical_name_exact
canonical:ESCO|esco_skills|http://data.europa.eu/esco/skill/97b713f0-b9e8-4903-8dee-7e0b4019a1c0,ESCO,1.2.1,http://data.europa.eu/esco/skill/97b713f0-b9e8-4903-8dee-7e0b4019a1c0,employment law,esco_skills,exact_title,approved,,canonical_name_exact
canonical:ESCO|esco_skills|http://data.europa.eu/esco/skill/97bd1c21-66b2-4b7e-ad0f-e3cda590e378,ESCO,1.2.1,http://data.europa.eu/esco/skill/97bd1c21-66b2-4b7e-ad0f-e3cda590e378,data analytics,esco_skills,exact_title,approved,,canonical_name_exact
canonical:ESCO|esco_skills|http://data.europa.eu/esco/skill/98301d4a-2cc3-439d-8d7f-0b6ac76302bb,ESCO,1.2.1,http://data.europa.eu/esco/skill/98301d4a-2cc3-439d-8d7f-0b6ac76302bb,business process modelling,esco_skills,exact_title,approved,,canonical_name_exact
canonical:ESCO|esco_skills|http://data.europa.eu/esco/skill/9889b795-d755-41b2-8afd-2e3c87a65a38,ESCO,1.2.1,http://data.europa.eu/esco/skill/9889b795-d755-41b2-8afd-2e3c87a65a38,use customer relationship management software,esco_skills,exact_title,approved,,canonical_name_exact
canonical:ESCO|esco_skills|http://data.europa.eu/esco/skill/988f4ac3-a37c-4b0a-a40f-4e0e56b5919e,ESCO,1.2.1,http://data.europa.eu/esco/skill/988f4ac3-a37c-4b0a-a40f-4e0e56b5919e,promote the transfer of knowledge,esco_skills,exact_title,approved,,canonical_name_exact
canonical:ESCO|esco_skills|http://data.europa.eu/esco/skill/98a1dec3-8138-4f46-a596-5e2a83b884b9,ESCO,1.2.1,http://data.europa.eu/esco/skill/98a1dec3-8138-4f46-a596-5e2a83b884b9,business analytics,esco_skills,exact_title,approved,,canonical_name_exact
canonical:ESCO|esco_skills|http://data.europa.eu/esco/skill/98eb1f3b-3480-416b-bd4b-811946f7e347,ESCO,1.2.1,http://data.europa.eu/esco/skill/98eb1f3b-3480-416b-bd4b-811946f7e347,comply with quality standards related to healthcare practice,esco_skills,exact_title,approved,,canonical_name_exact
canonical:ESCO|esco_skills|http://data.europa.eu/esco/skill/99207709-d076-4cce-ba38-e90d3bb28806,ESCO,1.2.1,http://data.europa.eu/esco/skill/99207709-d076-4cce-ba38-e90d3bb28806,resource description framework query language,esco_skills,exact_title,approved,,canonical_name_exact
canonical:ESCO|esco_skills|http://data.europa.eu/esco/skill/993b1e23-f2de-4bd8-b33f-f86dde1c8e9d,ESCO,1.2.1,http://data.europa.eu/esco/skill/993b1e23-f2de-4bd8-b33f-f86dde1c8e9d,CoffeeScript,esco_skills,exact_title,approved,,canonical_name_exact
canonical:ESCO|esco_skills|http://data.europa.eu/esco/skill/999f0cf8-0d78-492c-be17-06ee15bce47a,ESCO,1.2.1,http://data.europa.eu/esco/skill/999f0cf8-0d78-492c-be17-06ee15bce47a,simulate mechatronic design concepts,esco_skills,exact_title,approved,,canonical_name_exact
canonical:ESCO|esco_skills|http://data.europa.eu/esco/skill/99b163e8-7815-43e2-83f3-a47f3076354c,ESCO,1.2.1,http://data.europa.eu/esco/skill/99b163e8-7815-43e2-83f3-a47f3076354c,accounting entries,esco_skills,exact_title,approved,,canonical_name_exact
canonical:ESCO|esco_skills|http://data.europa.eu/esco/skill/99c4c69a-025c-464f-adda-874c7f107a31,ESCO,1.2.1,http://data.europa.eu/esco/skill/99c4c69a-025c-464f-adda-874c7f107a31,engage with stakeholders,esco_skills,exact_title,approved,,canonical_name_exact
canonical:ESCO|esco_skills|http://data.europa.eu/esco/skill/9a58cd26-58eb-4a1c-b1b6-64037fe9cfa1,ESCO,1.2.1,http://data.europa.eu/esco/skill/9a58cd26-58eb-4a1c-b1b6-64037fe9cfa1,think abstractly,esco_skills,exact_title,approved,,canonical_name_exact
canonical:ESCO|esco_skills|http://data.europa.eu/esco/skill/9a7cc3c2-b529-44a4-ab8e-f04fc91362e2,ESCO,1.2.1,http://data.europa.eu/esco/skill/9a7cc3c2-b529-44a4-ab8e-f04fc91362e2,professional documentation in health care,esco_skills,exact_title,approved,,canonical_name_exact
canonical:ESCO|esco_skills|http://data.europa.eu/esco/skill/9a8043af-5b1c-4f16-9e00-39416b46f512,ESCO,1.2.1,http://data.europa.eu/esco/skill/9a8043af-5b1c-4f16-9e00-39416b46f512,monitor nuclear power plant systems,esco_skills,exact_title,approved,,canonical_name_exact
canonical:ESCO|esco_skills|http://data.europa.eu/esco/skill/9ab0a456-e4f6-4070-a360-46e1009b6c0d,ESCO,1.2.1,http://data.europa.eu/esco/skill/9ab0a456-e4f6-4070-a360-46e1009b6c0d,use CAE software,esco_skills,exact_title,approved,,canonical_name_exact
canonical:ESCO|esco_skills|http://data.europa.eu/esco/skill/9af252ce-bf4d-411b-8daa-beb91df4257d,ESCO,1.2.1,http://data.europa.eu/esco/skill/9af252ce-bf4d-411b-8daa-beb91df4257d,channel marketing,esco_skills,exact_title,approved,,canonical_name_exact
canonical:ESCO|esco_skills|http://data.europa.eu/esco/skill/9b63d92b-5a3a-46b0-b2ba-c98b39ea5aaf,ESCO,1.2.1,http://data.europa.eu/esco/skill/9b63d92b-5a3a-46b0-b2ba-c98b39ea5aaf,health care system,esco_skills,exact_title,approved,,canonical_name_exact
canonical:ESCO|esco_skills|http://data.europa.eu/esco/skill/9b9244b4-6f62-4834-839b-19e9eba0a407,ESCO,1.2.1,http://data.europa.eu/esco/skill/9b9244b4-6f62-4834-839b-19e9eba0a407,acute care,esco_skills,exact_title,approved,,canonical_name_exact
canonical:ESCO|esco_skills|http://data.europa.eu/esco/skill/9b9c1749-786a-42d5-a904-a1bcd9865d86,ESCO,1.2.1,http://data.europa.eu/esco/skill/9b9c1749-786a-42d5-a904-a1bcd9865d86,meet the requirements of social security reimbursement bodies,esco_skills,exact_title,approved,,canonical_name_exact
canonical:ESCO|esco_skills|http://data.europa.eu/esco/skill/9b9dc550-351e-4dde-ac2b-7bd411e80e23,ESCO,1.2.1,http://data.europa.eu/esco/skill/9b9dc550-351e-4dde-ac2b-7bd411e80e23,review distribution management procedures,esco_skills,exact_title,approved,,canonical_name_exact
canonical:ESCO|esco_skills|http://data.europa.eu/esco/skill/9b9de2a4-d8af-4a7b-933a-a8334ae60067,ESCO,1.2.1,http://data.europa.eu/esco/skill/9b9de2a4-d8af-4a7b-933a-a8334ae60067,JavaScript Framework,esco_skills,exact_title,approved,,canonical_name_exact
canonical:ESCO|esco_skills|http://data.europa.eu/esco/skill/9bcff7ef-1f9e-4054-b8fa-3c640e491a11,ESCO,1.2.1,http://data.europa.eu/esco/skill/9bcff7ef-1f9e-4054-b8fa-3c640e491a11,design electric power systems,esco_skills,exact_title,approved,,canonical_name_exact
canonical:ESCO|esco_skills|http://data.europa.eu/esco/skill/9be02d2d-9d45-400b-aa05-1e9aee7bd815,ESCO,1.2.1,http://data.europa.eu/esco/skill/9be02d2d-9d45-400b-aa05-1e9aee7bd815,mini wind power generation,esco_skills,exact_title,approved,,canonical_name_exact
canonical:ESCO|esco_skills|http://data.europa.eu/esco/skill/9be758b6-a45d-403c-8943-68390ee2c961,ESCO,1.2.1,http://data.europa.eu/esco/skill/9be758b6-a45d-403c-8943-68390ee2c961,quantity surveying,esco_skills,exact_title,approved,,canonical_name_exact
canonical:ESCO|esco_skills|http://data.europa.eu/esco/skill/9c071f1d-eac3-449d-b004-c14775b5a3b9,ESCO,1.2.1,http://data.europa.eu/esco/skill/9c071f1d-eac3-449d-b004-c14775b5a3b9,mechanical engineering,esco_skills,exact_title,approved,,canonical_name_exact
canonical:ESCO|esco_skills|http://data.europa.eu/esco/skill/9c1e94ad-6c81-4fce-bc16-f7cf2e730cf0,ESCO,1.2.1,http://data.europa.eu/esco/skill/9c1e94ad-6c81-4fce-bc16-f7cf2e730cf0,primary care,esco_skills,exact_title,approved,,canonical_name_exact
canonical:ESCO|esco_skills|http://data.europa.eu/esco/skill/9c6e951f-aa88-4890-983d-e7a6ee49f5bb,ESCO,1.2.1,http://data.europa.eu/esco/skill/9c6e951f-aa88-4890-983d-e7a6ee49f5bb,plan marketing campaigns,esco_skills,exact_title,approved,,canonical_name_exact
canonical:ESCO|esco_skills|http://data.europa.eu/esco/skill/9ccb56ee-3d5f-4d48-8692-8f96fe1e4adb,ESCO,1.2.1,http://data.europa.eu/esco/skill/9ccb56ee-3d5f-4d48-8692-8f96fe1e4adb,solar absorption cooling system,esco_skills,exact_title,approved,,canonical_name_exact
canonical:ESCO|esco_skills|http://data.europa.eu/esco/skill/9ce52938-fe28-4548-b38d-0c783933e19a,ESCO,1.2.1,http://data.europa.eu/esco/skill/9ce52938-fe28-4548-b38d-0c783933e19a,edit digital moving images,esco_skills,exact_title,approved,,canonical_name_exact
canonical:ESCO|esco_skills|http://data.europa.eu/esco/skill/9ce670ec-318c-4a91-9179-03437db728dc,ESCO,1.2.1,http://data.europa.eu/esco/skill/9ce670ec-318c-4a91-9179-03437db728dc,ICT software specifications,esco_skills,exact_title,approved,,canonical_name_exact
canonical:ESCO|esco_skills|http://data.europa.eu/esco/skill/9cf681c7-89ec-470c-b651-7fe03786f586,ESCO,1.2.1,http://data.europa.eu/esco/skill/9cf681c7-89ec-470c-b651-7fe03786f586,query languages,esco_skills,exact_title,approved,,canonical_name_exact
canonical:ESCO|esco_skills|http://data.europa.eu/esco/skill/9d2e926f-53d9-41f5-98f3-19dfaa687f3f,ESCO,1.2.1,http://data.europa.eu/esco/skill/9d2e926f-53d9-41f5-98f3-19dfaa687f3f,tools for software configuration management,esco_skills,exact_title,approved,,canonical_name_exact
canonical:ESCO|esco_skills|http://data.europa.eu/esco/skill/9d5521f9-44d7-4db4-b7ac-0ba7d389f44d,ESCO,1.2.1,http://data.europa.eu/esco/skill/9d5521f9-44d7-4db4-b7ac-0ba7d389f44d,liaise with colleagues,esco_skills,exact_title,approved,,canonical_name_exact
canonical:ESCO|esco_skills|http://data.europa.eu/esco/skill/9d916d7c-89b3-4084-a6d9-e2b0b3091404,ESCO,1.2.1,http://data.europa.eu/esco/skill/9d916d7c-89b3-4084-a6d9-e2b0b3091404,manage payroll,esco_skills,exact_title,approved,,canonical_name_exact
canonical:ESCO|esco_skills|http://data.europa.eu/esco/skill/9e06bac6-6b91-48ca-8b7d-c1f48cdecd7c,ESCO,1.2.1,http://data.europa.eu/esco/skill/9e06bac6-6b91-48ca-8b7d-c1f48cdecd7c,solve ICT system problems,esco_skills,exact_title,approved,,canonical_name_exact
canonical:ESCO|esco_skills|http://data.europa.eu/esco/skill/9e84a506-df06-4be3-874a-fa01293e3dd5,ESCO,1.2.1,http://data.europa.eu/esco/skill/9e84a506-df06-4be3-874a-fa01293e3dd5,business processes,esco_skills,exact_title,approved,,canonical_name_exact
canonical:ESCO|esco_skills|http://data.europa.eu/esco/skill/9ec07ba9-f876-4dce-92b1-9e0cd68aa969,ESCO,1.2.1,http://data.europa.eu/esco/skill/9ec07ba9-f876-4dce-92b1-9e0cd68aa969,identify patients' medical records,esco_skills,exact_title,approved,,canonical_name_exact
canonical:ESCO|esco_skills|http://data.europa.eu/esco/skill/9ec4252d-cbe8-4134-88fa-549dee1883f3,ESCO,1.2.1,http://data.europa.eu/esco/skill/9ec4252d-cbe8-4134-88fa-549dee1883f3,human anatomy,esco_skills,exact_title,approved,,canonical_name_exact
canonical:ESCO|esco_skills|http://data.europa.eu/esco/skill/9ef0f3a0-9ce2-4ef1-a987-0366b5cb2dbe,ESCO,1.2.1,http://data.europa.eu/esco/skill/9ef0f3a0-9ce2-4ef1-a987-0366b5cb2dbe,database development tools,esco_skills,exact_title,approved,,canonical_name_exact
canonical:ESCO|esco_skills|http://data.europa.eu/esco/skill/9fc400ac-8ed2-4aff-915f-aa4f2609ec7b,ESCO,1.2.1,http://data.europa.eu/esco/skill/9fc400ac-8ed2-4aff-915f-aa4f2609ec7b,multidisciplinary research,esco_skills,exact_title,approved,,canonical_name_exact
canonical:ESCO|esco_skills|http://data.europa.eu/esco/skill/9fcf9918-fdef-49c3-aedc-518eb1e7e1f5,ESCO,1.2.1,http://data.europa.eu/esco/skill/9fcf9918-fdef-49c3-aedc-518eb1e7e1f5,comply with legislation related to health care,esco_skills,exact_title,approved,,canonical_name_exact
canonical:ESCO|esco_skills|http://data.europa.eu/esco/skill/9ff9db9d-d14b-426e-83f3-e7449af6c79f,ESCO,1.2.1,http://data.europa.eu/esco/skill/9ff9db9d-d14b-426e-83f3-e7449af6c79f,manage data,esco_skills,exact_title,approved,,canonical_name_exact
canonical:ESCO|esco_skills|http://data.europa.eu/esco/skill/a0bf9b9d-e53f-418c-a839-5d99eff718fe,ESCO,1.2.1,http://data.europa.eu/esco/skill/a0bf9b9d-e53f-418c-a839-5d99eff718fe,conduct search engine optimisation,esco_skills,exact_title,approved,,canonical_name_exact
canonical:ESCO|esco_skills|http://data.europa.eu/esco/skill/a0e23745-6ba4-45e2-9510-df6e71ed1230,ESCO,1.2.1,http://data.europa.eu/esco/skill/a0e23745-6ba4-45e2-9510-df6e71ed1230,apply knowledge of human behaviour,esco_skills,exact_title,approved,,canonical_name_exact
canonical:ESCO|esco_skills|http://data.europa.eu/esco/skill/a10aabfa-beb1-41b1-b8a3-4442b52536e3,ESCO,1.2.1,http://data.europa.eu/esco/skill/a10aabfa-beb1-41b1-b8a3-4442b52536e3,mechanotherapy,esco_skills,exact_title,approved,,canonical_name_exact
canonical:ESCO|esco_skills|http://data.europa.eu/esco/skill/a117f32c-662b-4dd9-b739-1230dd04cb60,ESCO,1.2.1,http://data.europa.eu/esco/skill/a117f32c-662b-4dd9-b739-1230dd04cb60,pedagogy,esco_skills,exact_title,approved,,canonical_name_exact
canonical:ESCO|esco_skills|http://data.europa.eu/esco/skill/a125a4c2-3b0a-4996-9a63-57043d4d9159,ESCO,1.2.1,http://data.europa.eu/esco/skill/a125a4c2-3b0a-4996-9a63-57043d4d9159,industrial tools,esco_skills,exact_title,approved,,canonical_name_exact
canonical:ESCO|esco_skills|http://data.europa.eu/esco/skill/a1816dfd-dbdc-4499-bef3-ff81dd895b33,ESCO,1.2.1,http://data.europa.eu/esco/skill/a1816dfd-dbdc-4499-bef3-ff81dd895b33,industrial engineering,esco_skills,exact_title,approved,,canonical_name_exact
canonical:ESCO|esco_skills|http://data.europa.eu/esco/skill/a181e89d-44ae-40e7-8d37-177071237c74,ESCO,1.2.1,http://data.europa.eu/esco/skill/a181e89d-44ae-40e7-8d37-177071237c74,metrology,esco_skills,exact_title,approved,,canonical_name_exact
canonical:ESCO|esco_skills|http://data.europa.eu/esco/skill/a1ce519d-6aeb-4f54-955a-beef7f08f5f0,ESCO,1.2.1,http://data.europa.eu/esco/skill/a1ce519d-6aeb-4f54-955a-beef7f08f5f0,supervise physiotherapist assistants,esco_skills,exact_title,approved,,canonical_name_exact
canonical:ESCO|esco_skills|http://data.europa.eu/esco/skill/a1eef0f4-133f-464a-a8f1-68fe3e8cc1b4,ESCO,1.2.1,http://data.europa.eu/esco/skill/a1eef0f4-133f-464a-a8f1-68fe3e8cc1b4,healthcare analytics,esco_skills,exact_title,approved,,canonical_name_exact
canonical:ESCO|esco_skills|http://data.europa.eu/esco/skill/a271a40e-ec1e-4721-8db1-c6d0e62a629d,ESCO,1.2.1,http://data.europa.eu/esco/skill/a271a40e-ec1e-4721-8db1-c6d0e62a629d,instruct on the use of special equipment for daily activities,esco_skills,exact_title,approved,,canonical_name_exact
canonical:ESCO|esco_skills|http://data.europa.eu/esco/skill/a28e8141-89ee-4b24-a3bb-1aebcc56c72d,ESCO,1.2.1,http://data.europa.eu/esco/skill/a28e8141-89ee-4b24-a3bb-1aebcc56c72d,apply nursing care in long-term care,esco_skills,exact_title,approved,,canonical_name_exact
canonical:ESCO|esco_skills|http://data.europa.eu/esco/skill/a2b566b0-1070-47a4-adc8-88839942ce25,ESCO,1.2.1,http://data.europa.eu/esco/skill/a2b566b0-1070-47a4-adc8-88839942ce25,hybrid control systems,esco_skills,exact_title,approved,,canonical_name_exact
canonical:ESCO|esco_skills|http://data.europa.eu/esco/skill/a2b5dcf3-5b6a-453d-876c-cff540c0faf1,ESCO,1.2.1,http://data.europa.eu/esco/skill/a2b5dcf3-5b6a-453d-876c-cff540c0faf1,CAD software,esco_skills,exact_title,approved,,canonical_name_exact
canonical:ESCO|esco_skills|http://data.europa.eu/esco/skill/a32e7fb1-af9e-4c09-8ea7-72b7442e9cda,ESCO,1.2.1,http://data.europa.eu/esco/skill/a32e7fb1-af9e-4c09-8ea7-72b7442e9cda,solve problems in healthcare,esco_skills,exact_title,approved,,canonical_name_exact
canonical:ESCO|esco_skills|http://data.europa.eu/esco/skill/a32ff11a-5f97-4c2e-bbf7-6848814e56e8,ESCO,1.2.1,http://data.europa.eu/esco/skill/a32ff11a-5f97-4c2e-bbf7-6848814e56e8,advise on environmental alterations,esco_skills,exact_title,approved,,canonical_name_exact
canonical:ESCO|esco_skills|http://data.europa.eu/esco/skill/a3629b49-ef78-49ce-8538-033772d6e6ca,ESCO,1.2.1,http://data.europa.eu/esco/skill/a3629b49-ef78-49ce-8538-033772d6e6ca,perform a feasibility study on combined heat and power,esco_skills,exact_title,approved,,canonical_name_exact
canonical:ESCO|esco_skills|http://data.europa.eu/esco/skill/a366bfc5-8d17-4792-a9f0-db0951528dda,ESCO,1.2.1,http://data.europa.eu/esco/skill/a366bfc5-8d17-4792-a9f0-db0951528dda,advise on environmental risk management systems,esco_skills,exact_title,approved,,canonical_name_exact
canonical:ESCO|esco_skills|http://data.europa.eu/esco/skill/a374d988-ef19-47ce-90c3-9be2b6330a73,ESCO,1.2.1,http://data.europa.eu/esco/skill/a374d988-ef19-47ce-90c3-9be2b6330a73,assist in kidney transplant,esco_skills,exact_title,approved,,canonical_name_exact
canonical:ESCO|esco_skills|http://data.europa.eu/esco/skill/a3aff665-ab4a-4a9a-9eba-0cd60cba6517,ESCO,1.2.1,http://data.europa.eu/esco/skill/a3aff665-ab4a-4a9a-9eba-0cd60cba6517,conduct physiotherapy assessment,esco_skills,exact_title,approved,,canonical_name_exact
canonical:ESCO|esco_skills|http://data.europa.eu/esco/skill/a3ce2bf7-5562-4639-9b52-fdb4850a3904,ESCO,1.2.1,http://data.europa.eu/esco/skill/a3ce2bf7-5562-4639-9b52-fdb4850a3904,ICT problem management techniques,esco_skills,exact_title,approved,,canonical_name_exact
canonical:ESCO|esco_skills|http://data.europa.eu/esco/skill/a4557e97-d7f9-4669-88b0-c57591acce80,ESCO,1.2.1,http://data.europa.eu/esco/skill/a4557e97-d7f9-4669-88b0-c57591acce80,solid mechanics,esco_skills,exact_title,approved,,canonical_name_exact
canonical:ESCO|esco_skills|http://data.europa.eu/esco/skill/a46743b7-ff8c-49b6-99f7-7fa5bc241771,ESCO,1.2.1,http://data.europa.eu/esco/skill/a46743b7-ff8c-49b6-99f7-7fa5bc241771,use electronic health records in nursing,esco_skills,exact_title,approved,,canonical_name_exact
canonical:ESCO|esco_skills|http://data.europa.eu/esco/skill/a4881e54-6055-4e61-855a-0a56ced7cfa3,ESCO,1.2.1,http://data.europa.eu/esco/skill/a4881e54-6055-4e61-855a-0a56ced7cfa3,web strategy assessment,esco_skills,exact_title,approved,,canonical_name_exact
canonical:ESCO|esco_skills|http://data.europa.eu/esco/skill/a4d336a6-9ffd-402a-91cc-f359716ba4e0,ESCO,1.2.1,http://data.europa.eu/esco/skill/a4d336a6-9ffd-402a-91cc-f359716ba4e0,ML (computer programming),esco_skills,exact_title,approved,,canonical_name_exact
canonical:ESCO|esco_skills|http://data.europa.eu/esco/skill/a507f45d-0894-4803-b1cd-9ca7f15c9299,ESCO,1.2.1,http://data.europa.eu/esco/skill/a507f45d-0894-4803-b1cd-9ca7f15c9299,printed goods processes,esco_skills,exact_title,approved,,canonical_name_exact
canonical:ESCO|esco_skills|http://data.europa.eu/esco/skill/a56dec32-05ef-45de-a256-ee6741f356db,ESCO,1.2.1,http://data.europa.eu/esco/skill/a56dec32-05ef-45de-a256-ee6741f356db,information confidentiality,esco_skills,exact_title,approved,,canonical_name_exact
canonical:ESCO|esco_skills|http://data.europa.eu/esco/skill/a571ae14-3e16-4fd3-a615-5646e0b0b696,ESCO,1.2.1,http://data.europa.eu/esco/skill/a571ae14-3e16-4fd3-a615-5646e0b0b696,inspect data,esco_skills,exact_title,approved,,canonical_name_exact
canonical:ESCO|esco_skills|http://data.europa.eu/esco/skill/a57a54b6-2f2e-43e4-9621-b52f4a63cb08,ESCO,1.2.1,http://data.europa.eu/esco/skill/a57a54b6-2f2e-43e4-9621-b52f4a63cb08,LDAP,esco_skills,exact_title,approved,,canonical_name_exact
canonical:ESCO|esco_skills|http://data.europa.eu/esco/skill/a584a638-a2c0-4b3c-bdf3-a64f87225be9,ESCO,1.2.1,http://data.europa.eu/esco/skill/a584a638-a2c0-4b3c-bdf3-a64f87225be9,mentor individuals,esco_skills,exact_title,approved,,canonical_name_exact
canonical:ESCO|esco_skills|http://data.europa.eu/esco/skill/a59708e3-e654-4e37-8b8a-741c3b756eee,ESCO,1.2.1,http://data.europa.eu/esco/skill/a59708e3-e654-4e37-8b8a-741c3b756eee,multimedia systems,esco_skills,exact_title,approved,,canonical_name_exact
canonical:ESCO|esco_skills|http://data.europa.eu/esco/skill/a71577b2-7550-4222-88ee-dcbd2d881516,ESCO,1.2.1,http://data.europa.eu/esco/skill/a71577b2-7550-4222-88ee-dcbd2d881516,graphics editor software,esco_skills,exact_title,approved,,canonical_name_exact
canonical:ESCO|esco_skills|http://data.europa.eu/esco/skill/a7f0fbe0-c546-4f30-8e41-34a58c64567e,ESCO,1.2.1,http://data.europa.eu/esco/skill/a7f0fbe0-c546-4f30-8e41-34a58c64567e,data storage,esco_skills,exact_title,approved,,canonical_name_exact
canonical:ESCO|esco_skills|http://data.europa.eu/esco/skill/a80fb090-63f4-4b05-83a5-2f090deb7757,ESCO,1.2.1,http://data.europa.eu/esco/skill/a80fb090-63f4-4b05-83a5-2f090deb7757,manage data collection systems,esco_skills,exact_title,approved,,canonical_name_exact
canonical:ESCO|esco_skills|http://data.europa.eu/esco/skill/a846cb9e-c152-41e7-bd34-45e7ff941e3b,ESCO,1.2.1,http://data.europa.eu/esco/skill/a846cb9e-c152-41e7-bd34-45e7ff941e3b,legal requirements of ICT products,esco_skills,exact_title,approved,,canonical_name_exact
canonical:ESCO|esco_skills|http://data.europa.eu/esco/skill/a8797f21-1af0-4c5e-98ca-bf1442929363,ESCO,1.2.1,http://data.europa.eu/esco/skill/a8797f21-1af0-4c5e-98ca-bf1442929363,interact with users to gather requirements,esco_skills,exact_title,approved,,canonical_name_exact
canonical:ESCO|esco_skills|http://data.europa.eu/esco/skill/a88da605-095f-4a4f-be1c-d1444df8228a,ESCO,1.2.1,http://data.europa.eu/esco/skill/a88da605-095f-4a4f-be1c-d1444df8228a,digital media,esco_skills,exact_title,approved,,canonical_name_exact
canonical:ESCO|esco_skills|http://data.europa.eu/esco/skill/a8d24a95-47b3-4f88-92e7-06600bcd3612,ESCO,1.2.1,http://data.europa.eu/esco/skill/a8d24a95-47b3-4f88-92e7-06600bcd3612,manage personal professional development,esco_skills,exact_title,approved,,canonical_name_exact
canonical:ESCO|esco_skills|http://data.europa.eu/esco/skill/a8d41cca-3bc9-4d2a-ae09-436dabe86e21,ESCO,1.2.1,http://data.europa.eu/esco/skill/a8d41cca-3bc9-4d2a-ae09-436dabe86e21,draft design specifications,esco_skills,exact_title,approved,,canonical_name_exact
canonical:ESCO|esco_skills|http://data.europa.eu/esco/skill/a8da58c7-42fc-4fd6-b25a-b06b74c00179,ESCO,1.2.1,http://data.europa.eu/esco/skill/a8da58c7-42fc-4fd6-b25a-b06b74c00179,nanotechnology,esco_skills,exact_title,approved,,canonical_name_exact
canonical:ESCO|esco_skills|http://data.europa.eu/esco/skill/a917fd91-866d-4ecf-a70e-894b755f9baf,ESCO,1.2.1,http://data.europa.eu/esco/skill/a917fd91-866d-4ecf-a70e-894b755f9baf,develop mechatronic test procedures,esco_skills,exact_title,approved,,canonical_name_exact
canonical:ESCO|esco_skills|http://data.europa.eu/esco/skill/a93011ca-e6ab-4182-8a05-4d4b282cff27,ESCO,1.2.1,http://data.europa.eu/esco/skill/a93011ca-e6ab-4182-8a05-4d4b282cff27,check quality of raw materials,esco_skills,exact_title,approved,,canonical_name_exact
canonical:ESCO|esco_skills|http://data.europa.eu/esco/skill/a99c6783-50c0-4f7a-99df-bf93429ef6dc,ESCO,1.2.1,http://data.europa.eu/esco/skill/a99c6783-50c0-4f7a-99df-bf93429ef6dc,use precision tools,esco_skills,exact_title,approved,,canonical_name_exact
canonical:ESCO|esco_skills|http://data.europa.eu/esco/skill/a9bf8565-8a09-4118-9922-932d65a79d69,ESCO,1.2.1,http://data.europa.eu/esco/skill/a9bf8565-8a09-4118-9922-932d65a79d69,manage localisation,esco_skills,exact_title,approved,,canonical_name_exact
canonical:ESCO|esco_skills|http://data.europa.eu/esco/skill/a9dc215e-4e26-4ac0-b1e8-a721a88af813,ESCO,1.2.1,http://data.europa.eu/esco/skill/a9dc215e-4e26-4ac0-b1e8-a721a88af813,execute conversion testing,esco_skills,exact_title,approved,,canonical_name_exact
canonical:ESCO|esco_skills|http://data.europa.eu/esco/skill/aa0d8201-5a8e-417f-81f4-c04601139582,ESCO,1.2.1,http://data.europa.eu/esco/skill/aa0d8201-5a8e-417f-81f4-c04601139582,digitization,esco_skills,exact_title,approved,,canonical_name_exact
canonical:ESCO|esco_skills|http://data.europa.eu/esco/skill/aa238394-8126-4ada-be2f-9dfe065cf314,ESCO,1.2.1,http://data.europa.eu/esco/skill/aa238394-8126-4ada-be2f-9dfe065cf314,adhere to organisational guidelines,esco_skills,exact_title,approved,,canonical_name_exact
canonical:ESCO|esco_skills|http://data.europa.eu/esco/skill/aa7eac5f-dc9d-401a-b197-c9c455d78c95,ESCO,1.2.1,http://data.europa.eu/esco/skill/aa7eac5f-dc9d-401a-b197-c9c455d78c95,integrate marketing strategies with the global strategy,esco_skills,exact_title,approved,,canonical_name_exact
canonical:ESCO|esco_skills|http://data.europa.eu/esco/skill/aa8b0abf-7ff0-4fbb-b85e-5364badbf214,ESCO,1.2.1,http://data.europa.eu/esco/skill/aa8b0abf-7ff0-4fbb-b85e-5364badbf214,create advertisements,esco_skills,exact_title,approved,,canonical_name_exact
canonical:ESCO|esco_skills|http://data.europa.eu/esco/skill/ab1cb4c3-8a39-4e26-aa53-6e0680eb08dc,ESCO,1.2.1,http://data.europa.eu/esco/skill/ab1cb4c3-8a39-4e26-aa53-6e0680eb08dc,domestic cooling systems,esco_skills,exact_title,approved,,canonical_name_exact
canonical:ESCO|esco_skills|http://data.europa.eu/esco/skill/ab5c3fac-238f-4006-a122-1114082a2f46,ESCO,1.2.1,http://data.europa.eu/esco/skill/ab5c3fac-238f-4006-a122-1114082a2f46,supervise brand management,esco_skills,exact_title,approved,,canonical_name_exact
canonical:ESCO|esco_skills|http://data.europa.eu/esco/skill/ab6265f2-a9bf-49e8-a9a5-67cbab4de38b,ESCO,1.2.1,http://data.europa.eu/esco/skill/ab6265f2-a9bf-49e8-a9a5-67cbab4de38b,manage inventory,esco_skills,exact_title,approved,,canonical_name_exact
canonical:ESCO|esco_skills|http://data.europa.eu/esco/skill/ab67fbfb-0ca7-4345-8bf6-af8f59480212,ESCO,1.2.1,http://data.europa.eu/esco/skill/ab67fbfb-0ca7-4345-8bf6-af8f59480212,design database backup specifications,esco_skills,exact_title,approved,,canonical_name_exact
canonical:ESCO|esco_skills|http://data.europa.eu/esco/skill/aba1f05b-f312-47d8-be71-7c574134de8f,ESCO,1.2.1,http://data.europa.eu/esco/skill/aba1f05b-f312-47d8-be71-7c574134de8f,advertising techniques,esco_skills,exact_title,approved,,canonical_name_exact
canonical:ESCO|esco_skills|http://data.europa.eu/esco/skill/abdc7ac8-151f-40c6-bc1a-1e9b4b073290,ESCO,1.2.1,http://data.europa.eu/esco/skill/abdc7ac8-151f-40c6-bc1a-1e9b4b073290,augmented reality,esco_skills,exact_title,approved,,canonical_name_exact
canonical:ESCO|esco_skills|http://data.europa.eu/esco/skill/ac516e9b-8bfa-4b72-8e3e-340b0a3a51d5,ESCO,1.2.1,http://data.europa.eu/esco/skill/ac516e9b-8bfa-4b72-8e3e-340b0a3a51d5,manage content development projects,esco_skills,exact_title,approved,,canonical_name_exact
canonical:ESCO|esco_skills|http://data.europa.eu/esco/skill/ac846964-c171-4d43-8834-cc83ff96f582,ESCO,1.2.1,http://data.europa.eu/esco/skill/ac846964-c171-4d43-8834-cc83ff96f582,correct potentially harmful movements,esco_skills,exact_title,approved,,canonical_name_exact
canonical:ESCO|esco_skills|http://data.europa.eu/esco/skill/acc74047-f59f-4935-afc0-45ec43b9b57a,ESCO,1.2.1,http://data.europa.eu/esco/skill/acc74047-f59f-4935-afc0-45ec43b9b57a,define part requirements,esco_skills,exact_title,approved,,canonical_name_exact
canonical:ESCO|esco_skills|http://data.europa.eu/esco/skill/acf0a78c-f4e3-4bd9-a5cc-9cf4791b3b95,ESCO,1.2.1,http://data.europa.eu/esco/skill/acf0a78c-f4e3-4bd9-a5cc-9cf4791b3b95,implement a virtual private network,esco_skills,exact_title,approved,,canonical_name_exact
canonical:ESCO|esco_skills|http://data.europa.eu/esco/skill/add39442-b8ca-4412-8156-391db53b0c5d,ESCO,1.2.1,http://data.europa.eu/esco/skill/add39442-b8ca-4412-8156-391db53b0c5d,manage healthcare staff,esco_skills,exact_title,approved,,canonical_name_exact
canonical:ESCO|esco_skills|http://data.europa.eu/esco/skill/ae965e49-06f1-442f-87bf-e48fc1e1d8b6,ESCO,1.2.1,http://data.europa.eu/esco/skill/ae965e49-06f1-442f-87bf-e48fc1e1d8b6,analyse quality of nurse care,esco_skills,exact_title,approved,,canonical_name_exact
canonical:ESCO|esco_skills|http://data.europa.eu/esco/skill/af0bbc31-b54d-4e8d-82b1-2e91a1115523,ESCO,1.2.1,http://data.europa.eu/esco/skill/af0bbc31-b54d-4e8d-82b1-2e91a1115523,mechanics of trains,esco_skills,exact_title,approved,,canonical_name_exact
canonical:ESCO|esco_skills|http://data.europa.eu/esco/skill/af5e7f45-325f-4424-8724-5692d62caada,ESCO,1.2.1,http://data.europa.eu/esco/skill/af5e7f45-325f-4424-8724-5692d62caada,physical medicine,esco_skills,exact_title,approved,,canonical_name_exact
canonical:ESCO|esco_skills|http://data.europa.eu/esco/skill/af76c813-5c7f-4a08-a560-b4b70f96f3ff,ESCO,1.2.1,http://data.europa.eu/esco/skill/af76c813-5c7f-4a08-a560-b4b70f96f3ff,evaluate interview reports,esco_skills,exact_title,approved,,canonical_name_exact
canonical:ESCO|esco_skills|http://data.europa.eu/esco/skill/af7ae54f-4649-4c16-87c7-59ba41d4d57f,ESCO,1.2.1,http://data.europa.eu/esco/skill/af7ae54f-4649-4c16-87c7-59ba41d4d57f,SPARK,esco_skills,exact_title,approved,,canonical_name_exact
canonical:ESCO|esco_skills|http://data.europa.eu/esco/skill/afda6ca0-7aa8-41ef-ba5e-8dc607839daf,ESCO,1.2.1,http://data.europa.eu/esco/skill/afda6ca0-7aa8-41ef-ba5e-8dc607839daf,computer graphics,esco_skills,exact_title,approved,,canonical_name_exact
canonical:ESCO|esco_skills|http://data.europa.eu/esco/skill/afdee309-07f9-464e-ad3b-29f4e539da88,ESCO,1.2.1,http://data.europa.eu/esco/skill/afdee309-07f9-464e-ad3b-29f4e539da88,conduct health related research,esco_skills,exact_title,approved,,canonical_name_exact
canonical:ESCO|esco_skills|http://data.europa.eu/esco/skill/b011c8b4-76e1-4bbc-8bb9-1d205e7b618a,ESCO,1.2.1,http://data.europa.eu/esco/skill/b011c8b4-76e1-4bbc-8bb9-1d205e7b618a,market analysis,esco_skills,exact_title,approved,,canonical_name_exact
canonical:ESCO|esco_skills|http://data.europa.eu/esco/skill/b01444aa-6f62-4b7d-ab30-4385a9148580,ESCO,1.2.1,http://data.europa.eu/esco/skill/b01444aa-6f62-4b7d-ab30-4385a9148580,personal reflection techniques based on feedback,esco_skills,exact_title,approved,,canonical_name_exact
canonical:ESCO|esco_skills|http://data.europa.eu/esco/skill/b04f377b-ee80-4b38-aca1-19d266a23b17,ESCO,1.2.1,http://data.europa.eu/esco/skill/b04f377b-ee80-4b38-aca1-19d266a23b17,analyse business requirements,esco_skills,exact_title,approved,,canonical_name_exact
canonical:ESCO|esco_skills|http://data.europa.eu/esco/skill/b0560439-14eb-41d1-aa53-1938efc24123,ESCO,1.2.1,http://data.europa.eu/esco/skill/b0560439-14eb-41d1-aa53-1938efc24123,content marketing strategy,esco_skills,exact_title,approved,,canonical_name_exact
canonical:ESCO|esco_skills|http://data.europa.eu/esco/skill/b07daddc-8625-4360-946e-ad2b0e56ebf6,ESCO,1.2.1,http://data.europa.eu/esco/skill/b07daddc-8625-4360-946e-ad2b0e56ebf6,read engineering drawings,esco_skills,exact_title,approved,,canonical_name_exact
canonical:ESCO|esco_skills|http://data.europa.eu/esco/skill/b08ec8ff-1a3e-4cc3-8016-9520b21666a6,ESCO,1.2.1,http://data.europa.eu/esco/skill/b08ec8ff-1a3e-4cc3-8016-9520b21666a6,exert expenditure control,esco_skills,exact_title,approved,,canonical_name_exact
canonical:ESCO|esco_skills|http://data.europa.eu/esco/skill/b0a3bb25-a02f-43ed-ab1f-994fa66a424a,ESCO,1.2.1,http://data.europa.eu/esco/skill/b0a3bb25-a02f-43ed-ab1f-994fa66a424a,online analytical processing,esco_skills,exact_title,approved,,canonical_name_exact
canonical:ESCO|esco_skills|http://data.europa.eu/esco/skill/b0ac313d-de44-4344-ada6-76d2177b6d92,ESCO,1.2.1,http://data.europa.eu/esco/skill/b0ac313d-de44-4344-ada6-76d2177b6d92,Synfig,esco_skills,exact_title,approved,,canonical_name_exact
canonical:ESCO|esco_skills|http://data.europa.eu/esco/skill/b105ec9b-0857-41d6-8d07-a83e58b73d90,ESCO,1.2.1,http://data.europa.eu/esco/skill/b105ec9b-0857-41d6-8d07-a83e58b73d90,ICT system programming,esco_skills,exact_title,approved,,canonical_name_exact
canonical:ESCO|esco_skills|http://data.europa.eu/esco/skill/b1272de4-1f5f-408b-8b26-061f2550fc72,ESCO,1.2.1,http://data.europa.eu/esco/skill/b1272de4-1f5f-408b-8b26-061f2550fc72,e-commerce systems,esco_skills,exact_title,approved,,canonical_name_exact
canonical:ESCO|esco_skills|http://data.europa.eu/esco/skill/b157439a-3b5f-4024-8b58-5b3b0182fb0e,ESCO,1.2.1,http://data.europa.eu/esco/skill/b157439a-3b5f-4024-8b58-5b3b0182fb0e,occupational science,esco_skills,exact_title,approved,,canonical_name_exact
canonical:ESCO|esco_skills|http://data.europa.eu/esco/skill/b16200f4-4f39-4b8b-aa9d-3568054d6bdb,ESCO,1.2.1,http://data.europa.eu/esco/skill/b16200f4-4f39-4b8b-aa9d-3568054d6bdb,Open source model,esco_skills,exact_title,approved,,canonical_name_exact
canonical:ESCO|esco_skills|http://data.europa.eu/esco/skill/b17f4305-741a-4a1c-8fe8-6f11cb3d5c0a,ESCO,1.2.1,http://data.europa.eu/esco/skill/b17f4305-741a-4a1c-8fe8-6f11cb3d5c0a,business communication,esco_skills,exact_title,approved,,canonical_name_exact
canonical:ESCO|esco_skills|http://data.europa.eu/esco/skill/b1b118c4-3291-484e-b64d-6d51fd5da8b3,ESCO,1.2.1,http://data.europa.eu/esco/skill/b1b118c4-3291-484e-b64d-6d51fd5da8b3,environmental engineering,esco_skills,exact_title,approved,,canonical_name_exact
canonical:ESCO|esco_skills|http://data.europa.eu/esco/skill/b1ef509e-f191-405a-8419-51663b08922e,ESCO,1.2.1,http://data.europa.eu/esco/skill/b1ef509e-f191-405a-8419-51663b08922e,implement a management system,esco_skills,exact_title,approved,,canonical_name_exact
canonical:ESCO|esco_skills|http://data.europa.eu/esco/skill/b216d9a2-7d4e-4312-8d05-e375f4ab44d8,ESCO,1.2.1,http://data.europa.eu/esco/skill/b216d9a2-7d4e-4312-8d05-e375f4ab44d8,ensure cross-department cooperation,esco_skills,exact_title,approved,,canonical_name_exact
canonical:ESCO|esco_skills|http://data.europa.eu/esco/skill/b21e2984-c6b2-4352-bbe8-8f3b03bd50f6,ESCO,1.2.1,http://data.europa.eu/esco/skill/b21e2984-c6b2-4352-bbe8-8f3b03bd50f6,medical informatics,esco_skills,exact_title,approved,,canonical_name_exact
canonical:ESCO|esco_skills|http://data.europa.eu/esco/skill/b2235ce8-d0f0-4954-9b60-e2c1aeeadab5,ESCO,1.2.1,http://data.europa.eu/esco/skill/b2235ce8-d0f0-4954-9b60-e2c1aeeadab5,assess project resource needs,esco_skills,exact_title,approved,,canonical_name_exact
canonical:ESCO|esco_skills|http://data.europa.eu/esco/skill/b22828a8-18e7-4639-8fbd-f2b33594382d,ESCO,1.2.1,http://data.europa.eu/esco/skill/b22828a8-18e7-4639-8fbd-f2b33594382d,collect statistics on medical records,esco_skills,exact_title,approved,,canonical_name_exact
canonical:ESCO|esco_skills|http://data.europa.eu/esco/skill/b22e46d7-1c5f-4837-943f-7f75531acc26,ESCO,1.2.1,http://data.europa.eu/esco/skill/b22e46d7-1c5f-4837-943f-7f75531acc26,identify necessary human resources,esco_skills,exact_title,approved,,canonical_name_exact
canonical:ESCO|esco_skills|http://data.europa.eu/esco/skill/b2f9eb81-eda4-49a9-8453-3ba345da2d98,ESCO,1.2.1,http://data.europa.eu/esco/skill/b2f9eb81-eda4-49a9-8453-3ba345da2d98,convert into animated object,esco_skills,exact_title,approved,,canonical_name_exact
canonical:ESCO|esco_skills|http://data.europa.eu/esco/skill/b34e2ba1-9080-48c9-9b42-ee9192a4d3f1,ESCO,1.2.1,http://data.europa.eu/esco/skill/b34e2ba1-9080-48c9-9b42-ee9192a4d3f1,use CAD software,esco_skills,exact_title,approved,,canonical_name_exact
canonical:ESCO|esco_skills|http://data.europa.eu/esco/skill/b363bb5f-2c79-40af-94da-33e06f9dee9f,ESCO,1.2.1,http://data.europa.eu/esco/skill/b363bb5f-2c79-40af-94da-33e06f9dee9f,apply blended learning,esco_skills,exact_title,approved,,canonical_name_exact
canonical:ESCO|esco_skills|http://data.europa.eu/esco/skill/b394396b-fa83-4e35-b51c-789349f8c3d1,ESCO,1.2.1,http://data.europa.eu/esco/skill/b394396b-fa83-4e35-b51c-789349f8c3d1,patient record storage,esco_skills,exact_title,approved,,canonical_name_exact
canonical:ESCO|esco_skills|http://data.europa.eu/esco/skill/b3a75400-103f-42c7-b742-be11d161d05b,ESCO,1.2.1,http://data.europa.eu/esco/skill/b3a75400-103f-42c7-b742-be11d161d05b,manage production systems,esco_skills,exact_title,approved,,canonical_name_exact
canonical:ESCO|esco_skills|http://data.europa.eu/esco/skill/b469a01e-2d3c-4143-8af8-687630fb4ee5,ESCO,1.2.1,http://data.europa.eu/esco/skill/b469a01e-2d3c-4143-8af8-687630fb4ee5,provide palliative care,esco_skills,exact_title,approved,,canonical_name_exact
canonical:ESCO|esco_skills|http://data.europa.eu/esco/skill/b55f61a4-5f9e-4741-ba95-9ac04b64119b,ESCO,1.2.1,http://data.europa.eu/esco/skill/b55f61a4-5f9e-4741-ba95-9ac04b64119b,work in a multicultural environment in health care,esco_skills,exact_title,approved,,canonical_name_exact
canonical:ESCO|esco_skills|http://data.europa.eu/esco/skill/b562efb4-e497-4495-a775-27b9da7779ab,ESCO,1.2.1,http://data.europa.eu/esco/skill/b562efb4-e497-4495-a775-27b9da7779ab,identify the healthcare user’s personal capacity,esco_skills,exact_title,approved,,canonical_name_exact
canonical:ESCO|esco_skills|http://data.europa.eu/esco/skill/b5cb259e-83e7-48f5-950e-245d5b5fd6d0,ESCO,1.2.1,http://data.europa.eu/esco/skill/b5cb259e-83e7-48f5-950e-245d5b5fd6d0,draft accounting procedures,esco_skills,exact_title,approved,,canonical_name_exact
canonical:ESCO|esco_skills|http://data.europa.eu/esco/skill/b63bfc0b-5b35-4019-b909-68ade8d9be66,ESCO,1.2.1,http://data.europa.eu/esco/skill/b63bfc0b-5b35-4019-b909-68ade8d9be66,develop plans related to the transfer of care,esco_skills,exact_title,approved,,canonical_name_exact
canonical:ESCO|esco_skills|http://data.europa.eu/esco/skill/b679ef35-eebf-4da8-8e45-fee6841c3214,ESCO,1.2.1,http://data.europa.eu/esco/skill/b679ef35-eebf-4da8-8e45-fee6841c3214,collaborate in the development of marketing strategies,esco_skills,exact_title,approved,,canonical_name_exact
canonical:ESCO|esco_skills|http://data.europa.eu/esco/skill/b729d6bc-326b-46cd-aa63-ea280024b116,ESCO,1.2.1,http://data.europa.eu/esco/skill/b729d6bc-326b-46cd-aa63-ea280024b116,evidence-based nursing care,esco_skills,exact_title,approved,,canonical_name_exact
canonical:ESCO|esco_skills|http://data.europa.eu/esco/skill/b7b381f5-7de2-4f91-9a8f-524041cb47d9,ESCO,1.2.1,http://data.europa.eu/esco/skill/b7b381f5-7de2-4f91-9a8f-524041cb47d9,instrumentation engineering,esco_skills,exact_title,approved,,canonical_name_exact
canonical:ESCO|esco_skills|http://data.europa.eu/esco/skill/b7e57889-a84f-440c-9e60-459aa69979e9,ESCO,1.2.1,http://data.europa.eu/esco/skill/b7e57889-a84f-440c-9e60-459aa69979e9,analyse supply chain trends,esco_skills,exact_title,approved,,canonical_name_exact
canonical:ESCO|esco_skills|http://data.europa.eu/esco/skill/b8271c8a-cba6-4baa-80f5-6361af3f07e3,ESCO,1.2.1,http://data.europa.eu/esco/skill/b8271c8a-cba6-4baa-80f5-6361af3f07e3,ensure adherence to organisational ICT standards,esco_skills,exact_title,approved,,canonical_name_exact
canonical:ESCO|esco_skills|http://data.europa.eu/esco/skill/b8316819-feca-403d-902f-a86562fd91e9,ESCO,1.2.1,http://data.europa.eu/esco/skill/b8316819-feca-403d-902f-a86562fd91e9,analyse transport business networks,esco_skills,exact_title,approved,,canonical_name_exact
canonical:ESCO|esco_skills|http://data.europa.eu/esco/skill/b8656b5c-e3f0-4418-82ff-87b5f677f9e8,ESCO,1.2.1,http://data.europa.eu/esco/skill/b8656b5c-e3f0-4418-82ff-87b5f677f9e8,disseminate information on tax legislation,esco_skills,exact_title,approved,,canonical_name_exact
canonical:ESCO|esco_skills|http://data.europa.eu/esco/skill/b8b2a035-38f0-4c0e-94ee-edefc266c643,ESCO,1.2.1,http://data.europa.eu/esco/skill/b8b2a035-38f0-4c0e-94ee-edefc266c643,microelectromechanical systems,esco_skills,exact_title,approved,,canonical_name_exact
canonical:ESCO|esco_skills|http://data.europa.eu/esco/skill/b8eb2517-37d8-43e6-9856-9c29d5c51fde,ESCO,1.2.1,http://data.europa.eu/esco/skill/b8eb2517-37d8-43e6-9856-9c29d5c51fde,Filemaker (database management systems),esco_skills,exact_title,approved,,canonical_name_exact
canonical:ESCO|esco_skills|http://data.europa.eu/esco/skill/b979d9ae-37c2-4d1f-b8b8-7539f913cb19,ESCO,1.2.1,http://data.europa.eu/esco/skill/b979d9ae-37c2-4d1f-b8b8-7539f913cb19,electric drives,esco_skills,exact_title,approved,,canonical_name_exact
canonical:ESCO|esco_skills|http://data.europa.eu/esco/skill/b99aa3b8-0066-46b2-a027-30afae444ad8,ESCO,1.2.1,http://data.europa.eu/esco/skill/b99aa3b8-0066-46b2-a027-30afae444ad8,implement sales strategies,esco_skills,exact_title,approved,,canonical_name_exact
canonical:ESCO|esco_skills|http://data.europa.eu/esco/skill/b9bf9e17-ae47-417b-bbb1-e8b7c263ccac,ESCO,1.2.1,http://data.europa.eu/esco/skill/b9bf9e17-ae47-417b-bbb1-e8b7c263ccac,identify legal requirements,esco_skills,exact_title,approved,,canonical_name_exact
canonical:ESCO|esco_skills|http://data.europa.eu/esco/skill/b9f16465-56a9-426b-a047-0f9f1f95ec92,ESCO,1.2.1,http://data.europa.eu/esco/skill/b9f16465-56a9-426b-a047-0f9f1f95ec92,address problems critically,esco_skills,exact_title,approved,,canonical_name_exact
canonical:ESCO|esco_skills|http://data.europa.eu/esco/skill/ba1b0441-a6b8-4e57-8ccc-871012f63e42,ESCO,1.2.1,http://data.europa.eu/esco/skill/ba1b0441-a6b8-4e57-8ccc-871012f63e42,trading software,esco_skills,exact_title,approved,,canonical_name_exact
canonical:ESCO|esco_skills|http://data.europa.eu/esco/skill/bacbfc27-4b5d-47de-8bfd-af5fa27562a2,ESCO,1.2.1,http://data.europa.eu/esco/skill/bacbfc27-4b5d-47de-8bfd-af5fa27562a2,design prototypes,esco_skills,exact_title,approved,,canonical_name_exact
canonical:ESCO|esco_skills|http://data.europa.eu/esco/skill/bacea2c7-5b2f-499f-99ee-665ffad6d64e,ESCO,1.2.1,http://data.europa.eu/esco/skill/bacea2c7-5b2f-499f-99ee-665ffad6d64e,manage location logistics,esco_skills,exact_title,approved,,canonical_name_exact
canonical:ESCO|esco_skills|http://data.europa.eu/esco/skill/bb2b4485-2bad-402f-8517-44bf7d9afff4,ESCO,1.2.1,http://data.europa.eu/esco/skill/bb2b4485-2bad-402f-8517-44bf7d9afff4,implement anti-virus software,esco_skills,exact_title,approved,,canonical_name_exact
canonical:ESCO|esco_skills|http://data.europa.eu/esco/skill/bb40da1a-232f-4ba1-a9f5-5283a4fb7a7a,ESCO,1.2.1,http://data.europa.eu/esco/skill/bb40da1a-232f-4ba1-a9f5-5283a4fb7a7a,develop production line,esco_skills,exact_title,approved,,canonical_name_exact
canonical:ESCO|esco_skills|http://data.europa.eu/esco/skill/bb99af26-71ff-4dca-bde7-1eb1f6194426,ESCO,1.2.1,http://data.europa.eu/esco/skill/bb99af26-71ff-4dca-bde7-1eb1f6194426,SAP R3,esco_skills,exact_title,approved,,canonical_name_exact
canonical:ESCO|esco_skills|http://data.europa.eu/esco/skill/bbbd263e-affb-4ec8-84fb-3e5d9e62306b,ESCO,1.2.1,http://data.europa.eu/esco/skill/bbbd263e-affb-4ec8-84fb-3e5d9e62306b,model hardware,esco_skills,exact_title,approved,,canonical_name_exact
canonical:ESCO|esco_skills|http://data.europa.eu/esco/skill/bc54eee1-a858-4f80-afdc-0442a617ef50,ESCO,1.2.1,http://data.europa.eu/esco/skill/bc54eee1-a858-4f80-afdc-0442a617ef50,conduct field work,esco_skills,exact_title,approved,,canonical_name_exact
canonical:ESCO|esco_skills|http://data.europa.eu/esco/skill/bc7a6b88-a279-4b6e-ac5e-21666bc51dae,ESCO,1.2.1,http://data.europa.eu/esco/skill/bc7a6b88-a279-4b6e-ac5e-21666bc51dae,innovation in nursing,esco_skills,exact_title,approved,,canonical_name_exact
canonical:ESCO|esco_skills|http://data.europa.eu/esco/skill/bcb02777-45be-4166-9448-74a15b6f8136,ESCO,1.2.1,http://data.europa.eu/esco/skill/bcb02777-45be-4166-9448-74a15b6f8136,assist children with special needs in education settings,esco_skills,exact_title,approved,,canonical_name_exact
canonical:ESCO|esco_skills|http://data.europa.eu/esco/skill/bcd2ce08-ba12-4d66-865f-f4ba36419707,ESCO,1.2.1,http://data.europa.eu/esco/skill/bcd2ce08-ba12-4d66-865f-f4ba36419707,promote inclusion,esco_skills,exact_title,approved,,canonical_name_exact
canonical:ESCO|esco_skills|http://data.europa.eu/esco/skill/bd14968e-e409-45af-b362-3495ed7b10e0,ESCO,1.2.1,http://data.europa.eu/esco/skill/bd14968e-e409-45af-b362-3495ed7b10e0,cloud technologies,esco_skills,exact_title,approved,,canonical_name_exact
canonical:ESCO|esco_skills|http://data.europa.eu/esco/skill/bd698bbe-7003-4508-b422-46c2ff4d5e95,ESCO,1.2.1,http://data.europa.eu/esco/skill/bd698bbe-7003-4508-b422-46c2ff4d5e95,business strategy concepts,esco_skills,exact_title,approved,,canonical_name_exact
canonical:ESCO|esco_skills|http://data.europa.eu/esco/skill/bd7540e1-ae1f-49bd-9f69-a9af3d0affed,ESCO,1.2.1,http://data.europa.eu/esco/skill/bd7540e1-ae1f-49bd-9f69-a9af3d0affed,manage occupational therapy students,esco_skills,exact_title,approved,,canonical_name_exact
canonical:ESCO|esco_skills|http://data.europa.eu/esco/skill/bdf5ca62-9053-4652-b5e4-4eb95c271945,ESCO,1.2.1,http://data.europa.eu/esco/skill/bdf5ca62-9053-4652-b5e4-4eb95c271945,organisational learning,esco_skills,exact_title,approved,,canonical_name_exact
canonical:ESCO|esco_skills|http://data.europa.eu/esco/skill/be20d05c-f6b4-4580-9fcf-f00f4baab562,ESCO,1.2.1,http://data.europa.eu/esco/skill/be20d05c-f6b4-4580-9fcf-f00f4baab562,make data-driven decisions,esco_skills,exact_title,approved,,canonical_name_exact
canonical:ESCO|esco_skills|http://data.europa.eu/esco/skill/be40c4c3-a855-4d67-9ca5-6f4428c34b0d,ESCO,1.2.1,http://data.europa.eu/esco/skill/be40c4c3-a855-4d67-9ca5-6f4428c34b0d,provide written content,esco_skills,exact_title,approved,,canonical_name_exact
canonical:ESCO|esco_skills|http://data.europa.eu/esco/skill/be4588ee-f2c4-425a-9c23-a97ff1a6ca98,ESCO,1.2.1,http://data.europa.eu/esco/skill/be4588ee-f2c4-425a-9c23-a97ff1a6ca98,design greeting cards,esco_skills,exact_title,approved,,canonical_name_exact
canonical:ESCO|esco_skills|http://data.europa.eu/esco/skill/be48353d-25c7-4f86-bea9-7b9e248fbc6e,ESCO,1.2.1,http://data.europa.eu/esco/skill/be48353d-25c7-4f86-bea9-7b9e248fbc6e,interpret technical requirements,esco_skills,exact_title,approved,,canonical_name_exact
canonical:ESCO|esco_skills|http://data.europa.eu/esco/skill/be64bb4c-84ac-4c83-8cc7-fc8593e15136,ESCO,1.2.1,http://data.europa.eu/esco/skill/be64bb4c-84ac-4c83-8cc7-fc8593e15136,test system accessibility for users with special needs,esco_skills,exact_title,approved,,canonical_name_exact
canonical:ESCO|esco_skills|http://data.europa.eu/esco/skill/be80acfc-b6f2-4411-9b8d-b19d9cd2556a,ESCO,1.2.1,http://data.europa.eu/esco/skill/be80acfc-b6f2-4411-9b8d-b19d9cd2556a,Swift (computer programming),esco_skills,exact_title,approved,,canonical_name_exact
canonical:ESCO|esco_skills|http://data.europa.eu/esco/skill/bec4359e-cb92-468f-a997-8fb28e32fba9,ESCO,1.2.1,http://data.europa.eu/esco/skill/bec4359e-cb92-468f-a997-8fb28e32fba9,ICT project management methodologies,esco_skills,exact_title,approved,,canonical_name_exact
canonical:ESCO|esco_skills|http://data.europa.eu/esco/skill/bf12b461-1c53-4d81-a395-8ba77f7483c4,ESCO,1.2.1,http://data.europa.eu/esco/skill/bf12b461-1c53-4d81-a395-8ba77f7483c4,investment analysis,esco_skills,exact_title,approved,,canonical_name_exact
canonical:ESCO|esco_skills|http://data.europa.eu/esco/skill/bf40aa7c-1e99-40bb-a718-1e1492aaf00f,ESCO,1.2.1,http://data.europa.eu/esco/skill/bf40aa7c-1e99-40bb-a718-1e1492aaf00f,identify market niches,esco_skills,exact_title,approved,,canonical_name_exact
canonical:ESCO|esco_skills|http://data.europa.eu/esco/skill/bf419e00-8548-491a-a06f-d72ab439df2f,ESCO,1.2.1,http://data.europa.eu/esco/skill/bf419e00-8548-491a-a06f-d72ab439df2f,pneumatics,esco_skills,exact_title,approved,,canonical_name_exact
canonical:ESCO|esco_skills|http://data.europa.eu/esco/skill/bf59255e-782a-4e83-a93c-6055cfdd8e7f,ESCO,1.2.1,http://data.europa.eu/esco/skill/bf59255e-782a-4e83-a93c-6055cfdd8e7f,draw blueprints,esco_skills,exact_title,approved,,canonical_name_exact
canonical:ESCO|esco_skills|http://data.europa.eu/esco/skill/bf5d77ad-e18c-48d8-83f0-bc79c011c74a,ESCO,1.2.1,http://data.europa.eu/esco/skill/bf5d77ad-e18c-48d8-83f0-bc79c011c74a,develop professional network,esco_skills,exact_title,approved,,canonical_name_exact
canonical:ESCO|esco_skills|http://data.europa.eu/esco/skill/c062bab3-3ea0-4291-9220-a2d8fef4bead,ESCO,1.2.1,http://data.europa.eu/esco/skill/c062bab3-3ea0-4291-9220-a2d8fef4bead,SQL Server,esco_skills,exact_title,approved,,canonical_name_exact
canonical:ESCO|esco_skills|http://data.europa.eu/esco/skill/c0b74374-39ff-43cf-a0a9-6220c7ec5097,ESCO,1.2.1,http://data.europa.eu/esco/skill/c0b74374-39ff-43cf-a0a9-6220c7ec5097,implement efficiency plans for logistics operations,esco_skills,exact_title,approved,,canonical_name_exact
canonical:ESCO|esco_skills|http://data.europa.eu/esco/skill/c0ccbd15-36f3-4515-ae0b-b4062d225ee2,ESCO,1.2.1,http://data.europa.eu/esco/skill/c0ccbd15-36f3-4515-ae0b-b4062d225ee2,abide by regulations on banned materials,esco_skills,exact_title,approved,,canonical_name_exact
canonical:ESCO|esco_skills|http://data.europa.eu/esco/skill/c0e2f74c-51f0-4020-9756-d190848cf181,ESCO,1.2.1,http://data.europa.eu/esco/skill/c0e2f74c-51f0-4020-9756-d190848cf181,integrate content into output media,esco_skills,exact_title,approved,,canonical_name_exact
canonical:ESCO|esco_skills|http://data.europa.eu/esco/skill/c13fb093-5ffb-491a-b8b7-fa2d42a57e2e,ESCO,1.2.1,http://data.europa.eu/esco/skill/c13fb093-5ffb-491a-b8b7-fa2d42a57e2e,implement cloud security and compliance,esco_skills,exact_title,approved,,canonical_name_exact
canonical:ESCO|esco_skills|http://data.europa.eu/esco/skill/c1f29568-f2bb-49d2-b6c2-28748bd1629b,ESCO,1.2.1,http://data.europa.eu/esco/skill/c1f29568-f2bb-49d2-b6c2-28748bd1629b,manage online content,esco_skills,exact_title,approved,,canonical_name_exact
canonical:ESCO|esco_skills|http://data.europa.eu/esco/skill/c214d86e-fbb8-45c0-87d4-f2cefc954057,ESCO,1.2.1,http://data.europa.eu/esco/skill/c214d86e-fbb8-45c0-87d4-f2cefc954057,select sustainable technologies in design,esco_skills,exact_title,approved,,canonical_name_exact
canonical:ESCO|esco_skills|http://data.europa.eu/esco/skill/c2218533-3e2a-4f50-b4fd-afde71dcf442,ESCO,1.2.1,http://data.europa.eu/esco/skill/c2218533-3e2a-4f50-b4fd-afde71dcf442,edit recorded sound,esco_skills,exact_title,approved,,canonical_name_exact
canonical:ESCO|esco_skills|http://data.europa.eu/esco/skill/c2617b44-886a-485e-8393-bc0fc6339539,ESCO,1.2.1,http://data.europa.eu/esco/skill/c2617b44-886a-485e-8393-bc0fc6339539,management consulting,esco_skills,exact_title,approved,,canonical_name_exact
canonical:ESCO|esco_skills|http://data.europa.eu/esco/skill/c2999f0c-eb37-4cdf-b9b0-82107b628794,ESCO,1.2.1,http://data.europa.eu/esco/skill/c2999f0c-eb37-4cdf-b9b0-82107b628794,style sheet languages,esco_skills,exact_title,approved,,canonical_name_exact
canonical:ESCO|esco_skills|http://data.europa.eu/esco/skill/c2aa438c-4f6d-41d4-8146-f899dfb4d1f1,ESCO,1.2.1,http://data.europa.eu/esco/skill/c2aa438c-4f6d-41d4-8146-f899dfb4d1f1,treat medical conditions of elderly people,esco_skills,exact_title,approved,,canonical_name_exact
canonical:ESCO|esco_skills|http://data.europa.eu/esco/skill/c2cbbccf-4ffd-4626-86e7-505b39c872a0,ESCO,1.2.1,http://data.europa.eu/esco/skill/c2cbbccf-4ffd-4626-86e7-505b39c872a0,implement spam protection,esco_skills,exact_title,approved,,canonical_name_exact
canonical:ESCO|esco_skills|http://data.europa.eu/esco/skill/c32ad607-0c4d-4e34-b73f-668298f7bf13,ESCO,1.2.1,http://data.europa.eu/esco/skill/c32ad607-0c4d-4e34-b73f-668298f7bf13,apply technical communication skills,esco_skills,exact_title,approved,,canonical_name_exact
canonical:ESCO|esco_skills|http://data.europa.eu/esco/skill/c330db31-7fa9-4a8c-8ad6-baa957bcfed1,ESCO,1.2.1,http://data.europa.eu/esco/skill/c330db31-7fa9-4a8c-8ad6-baa957bcfed1,install operating system,esco_skills,exact_title,approved,,canonical_name_exact
canonical:ESCO|esco_skills|http://data.europa.eu/esco/skill/c362f415-9cdf-4328-9cf0-651443857a48,ESCO,1.2.1,http://data.europa.eu/esco/skill/c362f415-9cdf-4328-9cf0-651443857a48,advise on government policy compliance,esco_skills,exact_title,approved,,canonical_name_exact
canonical:ESCO|esco_skills|http://data.europa.eu/esco/skill/c3a03c5a-c260-4c26-9b9a-873abb396f4d,ESCO,1.2.1,http://data.europa.eu/esco/skill/c3a03c5a-c260-4c26-9b9a-873abb396f4d,MATLAB,esco_skills,exact_title,approved,,canonical_name_exact
canonical:ESCO|esco_skills|http://data.europa.eu/esco/skill/c3c2420c-ce9a-4371-8eed-1db479c3a562,ESCO,1.2.1,http://data.europa.eu/esco/skill/c3c2420c-ce9a-4371-8eed-1db479c3a562,write scientific publications,esco_skills,exact_title,approved,,canonical_name_exact
canonical:ESCO|esco_skills|http://data.europa.eu/esco/skill/c3cad273-2cd4-4e4c-9d0a-4d7ed638fc36,ESCO,1.2.1,http://data.europa.eu/esco/skill/c3cad273-2cd4-4e4c-9d0a-4d7ed638fc36,electromagnets,esco_skills,exact_title,approved,,canonical_name_exact
canonical:ESCO|esco_skills|http://data.europa.eu/esco/skill/c3e36d05-8ae8-447f-bb2b-6f9409f85389,ESCO,1.2.1,http://data.europa.eu/esco/skill/c3e36d05-8ae8-447f-bb2b-6f9409f85389,deliver visual presentation of data,esco_skills,exact_title,approved,,canonical_name_exact
canonical:ESCO|esco_skills|http://data.europa.eu/esco/skill/c46cf6f9-8b1e-44b9-a529-f5774c9167dd,ESCO,1.2.1,http://data.europa.eu/esco/skill/c46cf6f9-8b1e-44b9-a529-f5774c9167dd,desktop publishing,esco_skills,exact_title,approved,,canonical_name_exact
canonical:ESCO|esco_skills|http://data.europa.eu/esco/skill/c4b1f326-224a-420a-b8b3-814a8f13b6cb,ESCO,1.2.1,http://data.europa.eu/esco/skill/c4b1f326-224a-420a-b8b3-814a8f13b6cb,implement front-end website design,esco_skills,exact_title,approved,,canonical_name_exact
canonical:ESCO|esco_skills|http://data.europa.eu/esco/skill/c4b626c1-e71c-44ec-9f88-042766f37fcc,ESCO,1.2.1,http://data.europa.eu/esco/skill/c4b626c1-e71c-44ec-9f88-042766f37fcc,application usability,esco_skills,exact_title,approved,,canonical_name_exact
canonical:ESCO|esco_skills|http://data.europa.eu/esco/skill/c500f5d0-42d4-4341-904e-cd4ef2ff3181,ESCO,1.2.1,http://data.europa.eu/esco/skill/c500f5d0-42d4-4341-904e-cd4ef2ff3181,electromagnetic spectrum,esco_skills,exact_title,approved,,canonical_name_exact
canonical:ESCO|esco_skills|http://data.europa.eu/esco/skill/c5422318-3218-4ce9-9bdd-f38b93ff63a3,ESCO,1.2.1,http://data.europa.eu/esco/skill/c5422318-3218-4ce9-9bdd-f38b93ff63a3,design electromechanical systems,esco_skills,exact_title,approved,,canonical_name_exact
canonical:ESCO|esco_skills|http://data.europa.eu/esco/skill/c544a9f3-5945-4b54-afed-de0697852817,ESCO,1.2.1,http://data.europa.eu/esco/skill/c544a9f3-5945-4b54-afed-de0697852817,report analysis results,esco_skills,exact_title,approved,,canonical_name_exact
canonical:ESCO|esco_skills|http://data.europa.eu/esco/skill/c55caed2-de9e-4a25-819e-a0b0e83fba1b,ESCO,1.2.1,http://data.europa.eu/esco/skill/c55caed2-de9e-4a25-819e-a0b0e83fba1b,give live presentation,esco_skills,exact_title,approved,,canonical_name_exact
canonical:ESCO|esco_skills|http://data.europa.eu/esco/skill/c5a80bb0-31e6-4de0-868c-00a0f9b88b47,ESCO,1.2.1,http://data.europa.eu/esco/skill/c5a80bb0-31e6-4de0-868c-00a0f9b88b47,palliative care,esco_skills,exact_title,approved,,canonical_name_exact
canonical:ESCO|esco_skills|http://data.europa.eu/esco/skill/c5b90c0c-3af0-4c8c-a06c-cc3ced02242c,ESCO,1.2.1,http://data.europa.eu/esco/skill/c5b90c0c-3af0-4c8c-a06c-cc3ced02242c,perform cost accounting activities,esco_skills,exact_title,approved,,canonical_name_exact
canonical:ESCO|esco_skills|http://data.europa.eu/esco/skill/c5c51528-ccfc-4c53-b409-c200aaa44222,ESCO,1.2.1,http://data.europa.eu/esco/skill/c5c51528-ccfc-4c53-b409-c200aaa44222,liaise with engineers,esco_skills,exact_title,approved,,canonical_name_exact
canonical:ESCO|esco_skills|http://data.europa.eu/esco/skill/c5e8abde-d2ba-4e8e-a65e-720b71180666,ESCO,1.2.1,http://data.europa.eu/esco/skill/c5e8abde-d2ba-4e8e-a65e-720b71180666,unstructured data,esco_skills,exact_title,approved,,canonical_name_exact
canonical:ESCO|esco_skills|http://data.europa.eu/esco/skill/c5ed451b-ef39-47a3-aee7-8f5be0aa8431,ESCO,1.2.1,http://data.europa.eu/esco/skill/c5ed451b-ef39-47a3-aee7-8f5be0aa8431,CA Datacom/DB,esco_skills,exact_title,approved,,canonical_name_exact
canonical:ESCO|esco_skills|http://data.europa.eu/esco/skill/c65aa043-98da-4136-9877-494e72d9e4cf,ESCO,1.2.1,http://data.europa.eu/esco/skill/c65aa043-98da-4136-9877-494e72d9e4cf,interact with healthcare users,esco_skills,exact_title,approved,,canonical_name_exact
canonical:ESCO|esco_skills|http://data.europa.eu/esco/skill/c6e308b4-8799-4461-a9bd-560bdecb0dbb,ESCO,1.2.1,http://data.europa.eu/esco/skill/c6e308b4-8799-4461-a9bd-560bdecb0dbb,human resources department processes,esco_skills,exact_title,approved,,canonical_name_exact
canonical:ESCO|esco_skills|http://data.europa.eu/esco/skill/c73ea1b8-e121-4f91-b8f0-dee4ee28d6ec,ESCO,1.2.1,http://data.europa.eu/esco/skill/c73ea1b8-e121-4f91-b8f0-dee4ee28d6ec,plan schedule,esco_skills,exact_title,approved,,canonical_name_exact
canonical:ESCO|esco_skills|http://data.europa.eu/esco/skill/c7451027-8249-405a-bb1b-342ff0f3fb3b,ESCO,1.2.1,http://data.europa.eu/esco/skill/c7451027-8249-405a-bb1b-342ff0f3fb3b,Salt (tools for software configuration management),esco_skills,exact_title,approved,,canonical_name_exact
canonical:ESCO|esco_skills|http://data.europa.eu/esco/skill/c7b1e520-8921-46dd-b444-e0637323bb7f,ESCO,1.2.1,http://data.europa.eu/esco/skill/c7b1e520-8921-46dd-b444-e0637323bb7f,use photographic equipment,esco_skills,exact_title,approved,,canonical_name_exact
canonical:ESCO|esco_skills|http://data.europa.eu/esco/skill/c7d24594-0c11-4b27-9039-fe0bb903da8e,ESCO,1.2.1,http://data.europa.eu/esco/skill/c7d24594-0c11-4b27-9039-fe0bb903da8e,LINQ,esco_skills,exact_title,approved,,canonical_name_exact
canonical:ESCO|esco_skills|http://data.europa.eu/esco/skill/c82f9319-cf46-4257-a8ce-542d0a7fed8f,ESCO,1.2.1,http://data.europa.eu/esco/skill/c82f9319-cf46-4257-a8ce-542d0a7fed8f,provide treatment strategies for challenges to human health,esco_skills,exact_title,approved,,canonical_name_exact
canonical:ESCO|esco_skills|http://data.europa.eu/esco/skill/c8ab7e5b-b786-412f-a519-dfd93517b698,ESCO,1.2.1,http://data.europa.eu/esco/skill/c8ab7e5b-b786-412f-a519-dfd93517b698,study media sources,esco_skills,exact_title,approved,,canonical_name_exact
canonical:ESCO|esco_skills|http://data.europa.eu/esco/skill/c8ac1986-38fa-43b2-89dc-50a4beeb420e,ESCO,1.2.1,http://data.europa.eu/esco/skill/c8ac1986-38fa-43b2-89dc-50a4beeb420e,electricity,esco_skills,exact_title,approved,,canonical_name_exact
canonical:ESCO|esco_skills|http://data.europa.eu/esco/skill/c8bd9f9f-0ec6-447a-ab78-ad6eeeed9aa8,ESCO,1.2.1,http://data.europa.eu/esco/skill/c8bd9f9f-0ec6-447a-ab78-ad6eeeed9aa8,electrical testing methods,esco_skills,exact_title,approved,,canonical_name_exact
canonical:ESCO|esco_skills|http://data.europa.eu/esco/skill/c8c18b8d-a813-49f8-a702-689564dcf8b2,ESCO,1.2.1,http://data.europa.eu/esco/skill/c8c18b8d-a813-49f8-a702-689564dcf8b2,electric generators,esco_skills,exact_title,approved,,canonical_name_exact
canonical:ESCO|esco_skills|http://data.europa.eu/esco/skill/c94dd931-f568-48e2-9a1c-922f1ce21f67,ESCO,1.2.1,http://data.europa.eu/esco/skill/c94dd931-f568-48e2-9a1c-922f1ce21f67,demography,esco_skills,exact_title,approved,,canonical_name_exact
canonical:ESCO|esco_skills|http://data.europa.eu/esco/skill/c95c29fe-3971-46b7-80e9-1f7e75ba99b3,ESCO,1.2.1,http://data.europa.eu/esco/skill/c95c29fe-3971-46b7-80e9-1f7e75ba99b3,use specific data analysis software,esco_skills,exact_title,approved,,canonical_name_exact
canonical:ESCO|esco_skills|http://data.europa.eu/esco/skill/c9956564-e281-4c1b-9d62-b412400fb0cb,ESCO,1.2.1,http://data.europa.eu/esco/skill/c9956564-e281-4c1b-9d62-b412400fb0cb,respond to requests for logistics services from all over the world,esco_skills,exact_title,approved,,canonical_name_exact
canonical:ESCO|esco_skills|http://data.europa.eu/esco/skill/c9e96450-421d-48af-9ee6-d9c50e29afc2,ESCO,1.2.1,http://data.europa.eu/esco/skill/c9e96450-421d-48af-9ee6-d9c50e29afc2,ICT recovery techniques,esco_skills,exact_title,approved,,canonical_name_exact
canonical:ESCO|esco_skills|http://data.europa.eu/esco/skill/ca73ac82-867a-4afa-9732-834aebe896ff,ESCO,1.2.1,http://data.europa.eu/esco/skill/ca73ac82-867a-4afa-9732-834aebe896ff,ICT system user requirements,esco_skills,exact_title,approved,,canonical_name_exact
canonical:ESCO|esco_skills|http://data.europa.eu/esco/skill/caadb26a-f5a4-4bd1-a630-d508fb616ae2,ESCO,1.2.1,http://data.europa.eu/esco/skill/caadb26a-f5a4-4bd1-a630-d508fb616ae2,manage logistics pricing systems,esco_skills,exact_title,approved,,canonical_name_exact
canonical:ESCO|esco_skills|http://data.europa.eu/esco/skill/cae4c053-05d1-413d-8499-f37793aad56e,ESCO,1.2.1,http://data.europa.eu/esco/skill/cae4c053-05d1-413d-8499-f37793aad56e,audio editing software,esco_skills,exact_title,approved,,canonical_name_exact
canonical:ESCO|esco_skills|http://data.europa.eu/esco/skill/cb059032-dd34-4761-a786-98cfb9d0efe3,ESCO,1.2.1,http://data.europa.eu/esco/skill/cb059032-dd34-4761-a786-98cfb9d0efe3,explain accounting records,esco_skills,exact_title,approved,,canonical_name_exact
canonical:ESCO|esco_skills|http://data.europa.eu/esco/skill/cb5cccc9-abe4-4b11-abe6-d27e5cd85fb1,ESCO,1.2.1,http://data.europa.eu/esco/skill/cb5cccc9-abe4-4b11-abe6-d27e5cd85fb1,manage standards for data exchange,esco_skills,exact_title,approved,,canonical_name_exact
canonical:ESCO|esco_skills|http://data.europa.eu/esco/skill/cb668e89-6ef5-4ff3-ab4a-506010e7e70b,ESCO,1.2.1,http://data.europa.eu/esco/skill/cb668e89-6ef5-4ff3-ab4a-506010e7e70b,manage a team,esco_skills,exact_title,approved,,canonical_name_exact
canonical:ESCO|esco_skills|http://data.europa.eu/esco/skill/cbe2c304-1e7d-489a-97d9-a7d3e37a9db6,ESCO,1.2.1,http://data.europa.eu/esco/skill/cbe2c304-1e7d-489a-97d9-a7d3e37a9db6,apply ICT systems theory,esco_skills,exact_title,approved,,canonical_name_exact
canonical:ESCO|esco_skills|http://data.europa.eu/esco/skill/cc0a45a7-4883-4122-af11-7ca6c45a37c2,ESCO,1.2.1,http://data.europa.eu/esco/skill/cc0a45a7-4883-4122-af11-7ca6c45a37c2,design building envelope systems,esco_skills,exact_title,approved,,canonical_name_exact
canonical:ESCO|esco_skills|http://data.europa.eu/esco/skill/cc173f61-3386-44c5-a048-3889e1ec9114,ESCO,1.2.1,http://data.europa.eu/esco/skill/cc173f61-3386-44c5-a048-3889e1ec9114,construction methods,esco_skills,exact_title,approved,,canonical_name_exact
canonical:ESCO|esco_skills|http://data.europa.eu/esco/skill/cc61f9e5-d4fc-470e-8606-1ce865ff8386,ESCO,1.2.1,http://data.europa.eu/esco/skill/cc61f9e5-d4fc-470e-8606-1ce865ff8386,develop professional network with researchers and scientists,esco_skills,exact_title,approved,,canonical_name_exact
canonical:ESCO|esco_skills|http://data.europa.eu/esco/skill/cc69175e-c35d-4494-8844-e71385ccce4a,ESCO,1.2.1,http://data.europa.eu/esco/skill/cc69175e-c35d-4494-8844-e71385ccce4a,use foreign languages for health-related research,esco_skills,exact_title,approved,,canonical_name_exact
canonical:ESCO|esco_skills|http://data.europa.eu/esco/skill/cc7370dd-69fa-4c67-a96f-d4d135d38700,ESCO,1.2.1,http://data.europa.eu/esco/skill/cc7370dd-69fa-4c67-a96f-d4d135d38700,data quality assessment,esco_skills,exact_title,approved,,canonical_name_exact
canonical:ESCO|esco_skills|http://data.europa.eu/esco/skill/ccd0a1d9-afda-43d9-b901-96344886e14d,ESCO,1.2.1,http://data.europa.eu/esco/skill/ccd0a1d9-afda-43d9-b901-96344886e14d,Python (computer programming),esco_skills,exact_title,approved,,canonical_name_exact
canonical:ESCO|esco_skills|http://data.europa.eu/esco/skill/ccdbd9bb-4faf-403c-a968-e8bf487f8a53,ESCO,1.2.1,http://data.europa.eu/esco/skill/ccdbd9bb-4faf-403c-a968-e8bf487f8a53,business ICT systems,esco_skills,exact_title,approved,,canonical_name_exact
canonical:ESCO|esco_skills|http://data.europa.eu/esco/skill/cd2efd98-b3c7-49bf-841f-e7005dbe472e,ESCO,1.2.1,http://data.europa.eu/esco/skill/cd2efd98-b3c7-49bf-841f-e7005dbe472e,advise healthcare users on occupational health,esco_skills,exact_title,approved,,canonical_name_exact
canonical:ESCO|esco_skills|http://data.europa.eu/esco/skill/cd50d616-1f8b-481e-983f-68d2674ff82d,ESCO,1.2.1,http://data.europa.eu/esco/skill/cd50d616-1f8b-481e-983f-68d2674ff82d,integrate gender dimension in research,esco_skills,exact_title,approved,,canonical_name_exact
canonical:ESCO|esco_skills|http://data.europa.eu/esco/skill/cd5efa8c-e44d-4cbc-91c6-796018dbed68,ESCO,1.2.1,http://data.europa.eu/esco/skill/cd5efa8c-e44d-4cbc-91c6-796018dbed68,perform project management,esco_skills,exact_title,approved,,canonical_name_exact
canonical:ESCO|esco_skills|http://data.europa.eu/esco/skill/cd990eab-c6a9-4c11-b17d-b12a98f6573b,ESCO,1.2.1,http://data.europa.eu/esco/skill/cd990eab-c6a9-4c11-b17d-b12a98f6573b,establish customer rapport,esco_skills,exact_title,approved,,canonical_name_exact
canonical:ESCO|esco_skills|http://data.europa.eu/esco/skill/cdd8b6b2-2fd9-453c-8d62-8a1dc6efcd49,ESCO,1.2.1,http://data.europa.eu/esco/skill/cdd8b6b2-2fd9-453c-8d62-8a1dc6efcd49,systems theory,esco_skills,exact_title,approved,,canonical_name_exact
canonical:ESCO|esco_skills|http://data.europa.eu/esco/skill/ce0d6a42-59c1-433e-ab62-adfc969c46bb,ESCO,1.2.1,http://data.europa.eu/esco/skill/ce0d6a42-59c1-433e-ab62-adfc969c46bb,ensure safety of healthcare users,esco_skills,exact_title,approved,,canonical_name_exact
canonical:ESCO|esco_skills|http://data.europa.eu/esco/skill/ce354460-500e-4eaa-8e95-8f243fcea3db,ESCO,1.2.1,http://data.europa.eu/esco/skill/ce354460-500e-4eaa-8e95-8f243fcea3db,manage system testing,esco_skills,exact_title,approved,,canonical_name_exact
canonical:ESCO|esco_skills|http://data.europa.eu/esco/skill/ce4990a4-bf69-4f5f-becb-e4fd96da3a74,ESCO,1.2.1,http://data.europa.eu/esco/skill/ce4990a4-bf69-4f5f-becb-e4fd96da3a74,"mining, construction and civil engineering machinery products",esco_skills,exact_title,approved,,canonical_name_exact
canonical:ESCO|esco_skills|http://data.europa.eu/esco/skill/ce5598ec-5ca4-4f3e-92a2-c55c90ce6038,ESCO,1.2.1,http://data.europa.eu/esco/skill/ce5598ec-5ca4-4f3e-92a2-c55c90ce6038,competition law,esco_skills,exact_title,approved,,canonical_name_exact
canonical:ESCO|esco_skills|http://data.europa.eu/esco/skill/ce592b28-4467-4908-b2e6-64bbe18da631,ESCO,1.2.1,http://data.europa.eu/esco/skill/ce592b28-4467-4908-b2e6-64bbe18da631,perform copywriting,esco_skills,exact_title,approved,,canonical_name_exact
canonical:ESCO|esco_skills|http://data.europa.eu/esco/skill/ce5b1446-b5e3-4f05-a5ac-83f2ee142a44,ESCO,1.2.1,http://data.europa.eu/esco/skill/ce5b1446-b5e3-4f05-a5ac-83f2ee142a44,analyse external factors of companies,esco_skills,exact_title,approved,,canonical_name_exact
canonical:ESCO|esco_skills|http://data.europa.eu/esco/skill/ce8ae6ca-61d8-4174-b457-641de96cbff4,ESCO,1.2.1,http://data.europa.eu/esco/skill/ce8ae6ca-61d8-4174-b457-641de96cbff4,automate cloud tasks,esco_skills,exact_title,approved,,canonical_name_exact
canonical:ESCO|esco_skills|http://data.europa.eu/esco/skill/cef5c0f8-1e40-4c09-b6a7-aa7811849e5d,ESCO,1.2.1,http://data.europa.eu/esco/skill/cef5c0f8-1e40-4c09-b6a7-aa7811849e5d,ethics,esco_skills,exact_title,approved,,canonical_name_exact
canonical:ESCO|esco_skills|http://data.europa.eu/esco/skill/cf0b92de-4bd0-46ee-b383-7765b4cbcac9,ESCO,1.2.1,http://data.europa.eu/esco/skill/cf0b92de-4bd0-46ee-b383-7765b4cbcac9,clinical coding,esco_skills,exact_title,approved,,canonical_name_exact
canonical:ESCO|esco_skills|http://data.europa.eu/esco/skill/cf200547-25b5-47c8-9eda-bca4aedc13fb,ESCO,1.2.1,http://data.europa.eu/esco/skill/cf200547-25b5-47c8-9eda-bca4aedc13fb,program firmware,esco_skills,exact_title,approved,,canonical_name_exact
canonical:ESCO|esco_skills|http://data.europa.eu/esco/skill/cf3e976d-2c3e-495c-a874-f9e8a66d3b48,ESCO,1.2.1,http://data.europa.eu/esco/skill/cf3e976d-2c3e-495c-a874-f9e8a66d3b48,perform backups,esco_skills,exact_title,approved,,canonical_name_exact
canonical:ESCO|esco_skills|http://data.europa.eu/esco/skill/cf532795-a1fd-43bd-8407-6e43f877e6e3,ESCO,1.2.1,http://data.europa.eu/esco/skill/cf532795-a1fd-43bd-8407-6e43f877e6e3,mobile device management,esco_skills,exact_title,approved,,canonical_name_exact
canonical:ESCO|esco_skills|http://data.europa.eu/esco/skill/cf6ca1fc-f2be-4deb-bb35-1fffe4099023,ESCO,1.2.1,http://data.europa.eu/esco/skill/cf6ca1fc-f2be-4deb-bb35-1fffe4099023,leadership in nursing,esco_skills,exact_title,approved,,canonical_name_exact
canonical:ESCO|esco_skills|http://data.europa.eu/esco/skill/d04ee340-5378-4601-8181-19da6d5cbfe0,ESCO,1.2.1,http://data.europa.eu/esco/skill/d04ee340-5378-4601-8181-19da6d5cbfe0,manage website,esco_skills,exact_title,approved,,canonical_name_exact
canonical:ESCO|esco_skills|http://data.europa.eu/esco/skill/d07e7d39-60f9-4ab9-ba03-73f5f8d65cc8,ESCO,1.2.1,http://data.europa.eu/esco/skill/d07e7d39-60f9-4ab9-ba03-73f5f8d65cc8,supervise physiotherapy students,esco_skills,exact_title,approved,,canonical_name_exact
canonical:ESCO|esco_skills|http://data.europa.eu/esco/skill/d0c425c6-e3de-465e-923d-d4d30ec4be9b,ESCO,1.2.1,http://data.europa.eu/esco/skill/d0c425c6-e3de-465e-923d-d4d30ec4be9b,national generally accepted accounting principles,esco_skills,exact_title,approved,,canonical_name_exact
canonical:ESCO|esco_skills|http://data.europa.eu/esco/skill/d0d3c335-5a7b-4856-a940-2057ea2c9e7b,ESCO,1.2.1,http://data.europa.eu/esco/skill/d0d3c335-5a7b-4856-a940-2057ea2c9e7b,maintain treatment records,esco_skills,exact_title,approved,,canonical_name_exact
canonical:ESCO|esco_skills|http://data.europa.eu/esco/skill/d0f2f8a7-d935-4a6d-8e54-dcc3e5e2cbeb,ESCO,1.2.1,http://data.europa.eu/esco/skill/d0f2f8a7-d935-4a6d-8e54-dcc3e5e2cbeb,present reports,esco_skills,exact_title,approved,,canonical_name_exact
canonical:ESCO|esco_skills|http://data.europa.eu/esco/skill/d0f48427-7987-4f86-b24d-709837a37fd2,ESCO,1.2.1,http://data.europa.eu/esco/skill/d0f48427-7987-4f86-b24d-709837a37fd2,assist employee health programmes,esco_skills,exact_title,approved,,canonical_name_exact
canonical:ESCO|esco_skills|http://data.europa.eu/esco/skill/d1072655-88ce-4445-8803-e6273da273e7,ESCO,1.2.1,http://data.europa.eu/esco/skill/d1072655-88ce-4445-8803-e6273da273e7,blueprints,esco_skills,exact_title,approved,,canonical_name_exact
canonical:ESCO|esco_skills|http://data.europa.eu/esco/skill/d15ce60f-ddab-41ce-ba56-398451b77b60,ESCO,1.2.1,http://data.europa.eu/esco/skill/d15ce60f-ddab-41ce-ba56-398451b77b60,have computer literacy,esco_skills,exact_title,approved,,canonical_name_exact
canonical:ESCO|esco_skills|http://data.europa.eu/esco/skill/d15e92c4-c8dc-48cd-a1f6-94fe13347f87,ESCO,1.2.1,http://data.europa.eu/esco/skill/d15e92c4-c8dc-48cd-a1f6-94fe13347f87,electrical wiring plans,esco_skills,exact_title,approved,,canonical_name_exact
canonical:ESCO|esco_skills|http://data.europa.eu/esco/skill/d1ac8870-b1f5-4ea5-9fa6-0a1c606940fd,ESCO,1.2.1,http://data.europa.eu/esco/skill/d1ac8870-b1f5-4ea5-9fa6-0a1c606940fd,assess risks for the elderly,esco_skills,exact_title,approved,,canonical_name_exact
canonical:ESCO|esco_skills|http://data.europa.eu/esco/skill/d2adb565-a865-424d-aeb5-9fbcbf2afe2a,ESCO,1.2.1,http://data.europa.eu/esco/skill/d2adb565-a865-424d-aeb5-9fbcbf2afe2a,Joomla,esco_skills,exact_title,approved,,canonical_name_exact
canonical:ESCO|esco_skills|http://data.europa.eu/esco/skill/d2c81ad1-2439-43cf-9c63-204187b8f771,ESCO,1.2.1,http://data.europa.eu/esco/skill/d2c81ad1-2439-43cf-9c63-204187b8f771,mitigate waste of resources,esco_skills,exact_title,approved,,canonical_name_exact
canonical:ESCO|esco_skills|http://data.europa.eu/esco/skill/d2dc31f1-720c-4757-bc1b-9e563d264dcf,ESCO,1.2.1,http://data.europa.eu/esco/skill/d2dc31f1-720c-4757-bc1b-9e563d264dcf,advise on organisational culture,esco_skills,exact_title,approved,,canonical_name_exact
canonical:ESCO|esco_skills|http://data.europa.eu/esco/skill/d31fab87-2a7d-485c-b699-2901ca294b15,ESCO,1.2.1,http://data.europa.eu/esco/skill/d31fab87-2a7d-485c-b699-2901ca294b15,use functional programming,esco_skills,exact_title,approved,,canonical_name_exact
canonical:ESCO|esco_skills|http://data.europa.eu/esco/skill/d3286405-49f8-4e8a-8046-a4376b4e7963,ESCO,1.2.1,http://data.europa.eu/esco/skill/d3286405-49f8-4e8a-8046-a4376b4e7963,manage cloud data and storage,esco_skills,exact_title,approved,,canonical_name_exact
canonical:ESCO|esco_skills|http://data.europa.eu/esco/skill/d329b1ed-6e7a-400e-bca2-7c1936fbfbcb,ESCO,1.2.1,http://data.europa.eu/esco/skill/d329b1ed-6e7a-400e-bca2-7c1936fbfbcb,advise architects,esco_skills,exact_title,approved,,canonical_name_exact
canonical:ESCO|esco_skills|http://data.europa.eu/esco/skill/d32db06e-bd06-4415-a7ab-1b0ee68caa9a,ESCO,1.2.1,http://data.europa.eu/esco/skill/d32db06e-bd06-4415-a7ab-1b0ee68caa9a,ICT encryption,esco_skills,exact_title,approved,,canonical_name_exact
canonical:ESCO|esco_skills|http://data.europa.eu/esco/skill/d38871eb-b988-495e-8fca-345677b597a8,ESCO,1.2.1,http://data.europa.eu/esco/skill/d38871eb-b988-495e-8fca-345677b597a8,state estimation,esco_skills,exact_title,approved,,canonical_name_exact
canonical:ESCO|esco_skills|http://data.europa.eu/esco/skill/d3e585e9-3a73-4511-b533-90f095e5aa09,ESCO,1.2.1,http://data.europa.eu/esco/skill/d3e585e9-3a73-4511-b533-90f095e5aa09,marketing mix,esco_skills,exact_title,approved,,canonical_name_exact
canonical:ESCO|esco_skills|http://data.europa.eu/esco/skill/d3eccb86-f02d-4950-bfbd-20b9510774a1,ESCO,1.2.1,http://data.europa.eu/esco/skill/d3eccb86-f02d-4950-bfbd-20b9510774a1,apply organisational techniques,esco_skills,exact_title,approved,,canonical_name_exact
canonical:ESCO|esco_skills|http://data.europa.eu/esco/skill/d41262ae-eca1-4ede-89a8-46d2d99a7a31,ESCO,1.2.1,http://data.europa.eu/esco/skill/d41262ae-eca1-4ede-89a8-46d2d99a7a31,consider economic criteria in decision making,esco_skills,exact_title,approved,,canonical_name_exact
canonical:ESCO|esco_skills|http://data.europa.eu/esco/skill/d429b19a-132f-44d3-971b-bb0ccd94f979,ESCO,1.2.1,http://data.europa.eu/esco/skill/d429b19a-132f-44d3-971b-bb0ccd94f979,nursing science,esco_skills,exact_title,approved,,canonical_name_exact
canonical:ESCO|esco_skills|http://data.europa.eu/esco/skill/d4789070-2ff7-4bbb-94ca-8bb1739826a9,ESCO,1.2.1,http://data.europa.eu/esco/skill/d4789070-2ff7-4bbb-94ca-8bb1739826a9,authoring software,esco_skills,exact_title,approved,,canonical_name_exact
canonical:ESCO|esco_skills|http://data.europa.eu/esco/skill/d4ae4774-a81d-4255-8491-cade3580685a,ESCO,1.2.1,http://data.europa.eu/esco/skill/d4ae4774-a81d-4255-8491-cade3580685a,Adobe Photoshop Lightroom,esco_skills,exact_title,approved,,canonical_name_exact
canonical:ESCO|esco_skills|http://data.europa.eu/esco/skill/d4cc5022-7801-4885-bcff-166552788d35,ESCO,1.2.1,http://data.europa.eu/esco/skill/d4cc5022-7801-4885-bcff-166552788d35,provide improvement strategies,esco_skills,exact_title,approved,,canonical_name_exact
canonical:ESCO|esco_skills|http://data.europa.eu/esco/skill/d4f9906e-3b22-4c27-9b32-1c1f457ced44,ESCO,1.2.1,http://data.europa.eu/esco/skill/d4f9906e-3b22-4c27-9b32-1c1f457ced44,oversee record management,esco_skills,exact_title,approved,,canonical_name_exact
canonical:ESCO|esco_skills|http://data.europa.eu/esco/skill/d5111703-c344-484d-bef1-9565a278166a,ESCO,1.2.1,http://data.europa.eu/esco/skill/d5111703-c344-484d-bef1-9565a278166a,market pricing,esco_skills,exact_title,approved,,canonical_name_exact
canonical:ESCO|esco_skills|http://data.europa.eu/esco/skill/d52382fe-f236-421f-95fe-34fe69d48dbd,ESCO,1.2.1,http://data.europa.eu/esco/skill/d52382fe-f236-421f-95fe-34fe69d48dbd,collaborate with designers,esco_skills,exact_title,approved,,canonical_name_exact
canonical:ESCO|esco_skills|http://data.europa.eu/esco/skill/d52487b0-cb03-4f41-a269-40c718018c2c,ESCO,1.2.1,http://data.europa.eu/esco/skill/d52487b0-cb03-4f41-a269-40c718018c2c,monitor after sales records,esco_skills,exact_title,approved,,canonical_name_exact
canonical:ESCO|esco_skills|http://data.europa.eu/esco/skill/d53b04fb-1bbb-4a25-92f8-8ceb308d276f,ESCO,1.2.1,http://data.europa.eu/esco/skill/d53b04fb-1bbb-4a25-92f8-8ceb308d276f,define organisational standards,esco_skills,exact_title,approved,,canonical_name_exact
canonical:ESCO|esco_skills|http://data.europa.eu/esco/skill/d56fc2b5-4b0a-4e7e-9bde-a33736f6ff18,ESCO,1.2.1,http://data.europa.eu/esco/skill/d56fc2b5-4b0a-4e7e-9bde-a33736f6ff18,Scratch (computer programming),esco_skills,exact_title,approved,,canonical_name_exact
canonical:ESCO|esco_skills|http://data.europa.eu/esco/skill/d59d023b-8f28-4e67-9a41-aa36320e6c69,ESCO,1.2.1,http://data.europa.eu/esco/skill/d59d023b-8f28-4e67-9a41-aa36320e6c69,interpret medical results,esco_skills,exact_title,approved,,canonical_name_exact
canonical:ESCO|esco_skills|http://data.europa.eu/esco/skill/d5a59ca8-2e91-472e-8571-d12ce4478679,ESCO,1.2.1,http://data.europa.eu/esco/skill/d5a59ca8-2e91-472e-8571-d12ce4478679,Process-based management,esco_skills,exact_title,approved,,canonical_name_exact
canonical:ESCO|esco_skills|http://data.europa.eu/esco/skill/d5e39a53-4f54-4d5f-9df3-b49664c9559d,ESCO,1.2.1,http://data.europa.eu/esco/skill/d5e39a53-4f54-4d5f-9df3-b49664c9559d,occupational health,esco_skills,exact_title,approved,,canonical_name_exact
canonical:ESCO|esco_skills|http://data.europa.eu/esco/skill/d5e9b47e-580f-41e7-bc6c-e7345566fcb4,ESCO,1.2.1,http://data.europa.eu/esco/skill/d5e9b47e-580f-41e7-bc6c-e7345566fcb4,review patient's medical data,esco_skills,exact_title,approved,,canonical_name_exact
canonical:ESCO|esco_skills|http://data.europa.eu/esco/skill/d63c2bad-817d-4116-b4d8-b927cb01212d,ESCO,1.2.1,http://data.europa.eu/esco/skill/d63c2bad-817d-4116-b4d8-b927cb01212d,commercial law,esco_skills,exact_title,approved,,canonical_name_exact
canonical:ESCO|esco_skills|http://data.europa.eu/esco/skill/d669af41-756c-48d9-a286-1443253f54b1,ESCO,1.2.1,http://data.europa.eu/esco/skill/d669af41-756c-48d9-a286-1443253f54b1,tax legislation,esco_skills,exact_title,approved,,canonical_name_exact
canonical:ESCO|esco_skills|http://data.europa.eu/esco/skill/d6c29154-9cc1-48a4-a2de-3d1d0d7f0831,ESCO,1.2.1,http://data.europa.eu/esco/skill/d6c29154-9cc1-48a4-a2de-3d1d0d7f0831,publishing strategy,esco_skills,exact_title,approved,,canonical_name_exact
canonical:ESCO|esco_skills|http://data.europa.eu/esco/skill/d6e78d9a-deca-4bcb-b08d-011b2616758d,ESCO,1.2.1,http://data.europa.eu/esco/skill/d6e78d9a-deca-4bcb-b08d-011b2616758d,ensure compliance with accounting conventions,esco_skills,exact_title,approved,,canonical_name_exact
canonical:ESCO|esco_skills|http://data.europa.eu/esco/skill/d70701ca-d3be-44cb-963e-8e7142555144,ESCO,1.2.1,http://data.europa.eu/esco/skill/d70701ca-d3be-44cb-963e-8e7142555144,transfer medical information,esco_skills,exact_title,approved,,canonical_name_exact
canonical:ESCO|esco_skills|http://data.europa.eu/esco/skill/d74df140-eb69-43e2-bac9-1cafc824d702,ESCO,1.2.1,http://data.europa.eu/esco/skill/d74df140-eb69-43e2-bac9-1cafc824d702,execute feasibility study,esco_skills,exact_title,approved,,canonical_name_exact
canonical:ESCO|esco_skills|http://data.europa.eu/esco/skill/d77d7685-04fb-43a4-a1ac-09a10811f646,ESCO,1.2.1,http://data.europa.eu/esco/skill/d77d7685-04fb-43a4-a1ac-09a10811f646,corporate law,esco_skills,exact_title,approved,,canonical_name_exact
canonical:ESCO|esco_skills|http://data.europa.eu/esco/skill/d7b66759-c40c-44de-9f31-9418f84e10c5,ESCO,1.2.1,http://data.europa.eu/esco/skill/d7b66759-c40c-44de-9f31-9418f84e10c5,assess risk factors,esco_skills,exact_title,approved,,canonical_name_exact
canonical:ESCO|esco_skills|http://data.europa.eu/esco/skill/d7e4a9fa-cfc2-45f9-96eb-13dc6e48c86c,ESCO,1.2.1,http://data.europa.eu/esco/skill/d7e4a9fa-cfc2-45f9-96eb-13dc6e48c86c,video conferencing tool,esco_skills,exact_title,approved,,canonical_name_exact
canonical:ESCO|esco_skills|http://data.europa.eu/esco/skill/d8045ecd-22f3-4711-bb51-58969d9f28c7,ESCO,1.2.1,http://data.europa.eu/esco/skill/d8045ecd-22f3-4711-bb51-58969d9f28c7,operate precision machinery,esco_skills,exact_title,approved,,canonical_name_exact
canonical:ESCO|esco_skills|http://data.europa.eu/esco/skill/d80ebb29-7b20-4343-b7c9-0e3ef9f2e1f2,ESCO,1.2.1,http://data.europa.eu/esco/skill/d80ebb29-7b20-4343-b7c9-0e3ef9f2e1f2,design heating and cooling emission systems,esco_skills,exact_title,approved,,canonical_name_exact
canonical:ESCO|esco_skills|http://data.europa.eu/esco/skill/d80f7a28-1e75-4247-9104-de8e5f909f0a,ESCO,1.2.1,http://data.europa.eu/esco/skill/d80f7a28-1e75-4247-9104-de8e5f909f0a,reputation management,esco_skills,exact_title,approved,,canonical_name_exact
canonical:ESCO|esco_skills|http://data.europa.eu/esco/skill/d81a22a2-4f57-4b4d-a3eb-11767238be21,ESCO,1.2.1,http://data.europa.eu/esco/skill/d81a22a2-4f57-4b4d-a3eb-11767238be21,engage in physiotherapy research,esco_skills,exact_title,approved,,canonical_name_exact
canonical:ESCO|esco_skills|http://data.europa.eu/esco/skill/d88cb3f1-8e02-4618-bf32-4b0488066934,ESCO,1.2.1,http://data.europa.eu/esco/skill/d88cb3f1-8e02-4618-bf32-4b0488066934,mechatronics,esco_skills,exact_title,approved,,canonical_name_exact
canonical:ESCO|esco_skills|http://data.europa.eu/esco/skill/d89f5cee-649a-44bd-9aa9-8e74bbdbd50d,ESCO,1.2.1,http://data.europa.eu/esco/skill/d89f5cee-649a-44bd-9aa9-8e74bbdbd50d,monitor contractor performance,esco_skills,exact_title,approved,,canonical_name_exact
canonical:ESCO|esco_skills|http://data.europa.eu/esco/skill/d93f9e29-9740-4231-8486-13d377b99f05,ESCO,1.2.1,http://data.europa.eu/esco/skill/d93f9e29-9740-4231-8486-13d377b99f05,develop a collaborative therapeutic relationship,esco_skills,exact_title,approved,,canonical_name_exact
canonical:ESCO|esco_skills|http://data.europa.eu/esco/skill/d96bfb0f-e771-4fec-abca-c38f48e02318,ESCO,1.2.1,http://data.europa.eu/esco/skill/d96bfb0f-e771-4fec-abca-c38f48e02318,negotiate with employment agencies,esco_skills,exact_title,approved,,canonical_name_exact
canonical:ESCO|esco_skills|http://data.europa.eu/esco/skill/d9818afc-1dec-4944-8c9c-e3ae8fad176d,ESCO,1.2.1,http://data.europa.eu/esco/skill/d9818afc-1dec-4944-8c9c-e3ae8fad176d,set up the controller of a machine,esco_skills,exact_title,approved,,canonical_name_exact
canonical:ESCO|esco_skills|http://data.europa.eu/esco/skill/d9e5349e-8791-49c2-8ba4-839fdd1606c2,ESCO,1.2.1,http://data.europa.eu/esco/skill/d9e5349e-8791-49c2-8ba4-839fdd1606c2,define technical requirements,esco_skills,exact_title,approved,,canonical_name_exact
canonical:ESCO|esco_skills|http://data.europa.eu/esco/skill/da6393d5-a53c-4863-abc7-51f36281d74e,ESCO,1.2.1,http://data.europa.eu/esco/skill/da6393d5-a53c-4863-abc7-51f36281d74e,lean project management,esco_skills,exact_title,approved,,canonical_name_exact
canonical:ESCO|esco_skills|http://data.europa.eu/esco/skill/da930e2f-6047-4616-a598-bba8ecef3039,ESCO,1.2.1,http://data.europa.eu/esco/skill/da930e2f-6047-4616-a598-bba8ecef3039,manage open publications,esco_skills,exact_title,approved,,canonical_name_exact
canonical:ESCO|esco_skills|http://data.europa.eu/esco/skill/daa52226-7795-48ff-aa3e-ad3189d9aa61,ESCO,1.2.1,http://data.europa.eu/esco/skill/daa52226-7795-48ff-aa3e-ad3189d9aa61,tabulate survey results,esco_skills,exact_title,approved,,canonical_name_exact
canonical:ESCO|esco_skills|http://data.europa.eu/esco/skill/dada8e80-2a53-41bf-9eac-f8c1f9971bed,ESCO,1.2.1,http://data.europa.eu/esco/skill/dada8e80-2a53-41bf-9eac-f8c1f9971bed,sustainable building materials,esco_skills,exact_title,approved,,canonical_name_exact
canonical:ESCO|esco_skills|http://data.europa.eu/esco/skill/db3c8181-31b4-4950-bf0b-de01f93c372b,ESCO,1.2.1,http://data.europa.eu/esco/skill/db3c8181-31b4-4950-bf0b-de01f93c372b,disassemble engines,esco_skills,exact_title,approved,,canonical_name_exact
canonical:ESCO|esco_skills|http://data.europa.eu/esco/skill/db8a9ba7-96ad-4c53-b552-d4f1570dfefb,ESCO,1.2.1,http://data.europa.eu/esco/skill/db8a9ba7-96ad-4c53-b552-d4f1570dfefb,pathology,esco_skills,exact_title,approved,,canonical_name_exact
canonical:ESCO|esco_skills|http://data.europa.eu/esco/skill/dba46f87-0831-49cd-a1c7-340a653c0221,ESCO,1.2.1,http://data.europa.eu/esco/skill/dba46f87-0831-49cd-a1c7-340a653c0221,Agile development,esco_skills,exact_title,approved,,canonical_name_exact
canonical:ESCO|esco_skills|http://data.europa.eu/esco/skill/dbef5042-4b99-4e6f-b2ed-1d33b07b3ed6,ESCO,1.2.1,http://data.europa.eu/esco/skill/dbef5042-4b99-4e6f-b2ed-1d33b07b3ed6,advise on sustainability solutions,esco_skills,exact_title,approved,,canonical_name_exact
canonical:ESCO|esco_skills|http://data.europa.eu/esco/skill/dc1ba31e-260e-4eb0-a5cb-6aa1e839e7c0,ESCO,1.2.1,http://data.europa.eu/esco/skill/dc1ba31e-260e-4eb0-a5cb-6aa1e839e7c0,communicate price changes,esco_skills,exact_title,approved,,canonical_name_exact
canonical:ESCO|esco_skills|http://data.europa.eu/esco/skill/dc72ad0a-c5dc-4abd-bc0d-ca43e82162e1,ESCO,1.2.1,http://data.europa.eu/esco/skill/dc72ad0a-c5dc-4abd-bc0d-ca43e82162e1,build business relationships,esco_skills,exact_title,approved,,canonical_name_exact
canonical:ESCO|esco_skills|http://data.europa.eu/esco/skill/dcdd5ddf-82a6-4ac3-8edc-d4b23cae9a88,ESCO,1.2.1,http://data.europa.eu/esco/skill/dcdd5ddf-82a6-4ac3-8edc-d4b23cae9a88,VBScript,esco_skills,exact_title,approved,,canonical_name_exact
canonical:ESCO|esco_skills|http://data.europa.eu/esco/skill/dd6e5939-d19b-4e2f-a025-2014f0a2ec88,ESCO,1.2.1,http://data.europa.eu/esco/skill/dd6e5939-d19b-4e2f-a025-2014f0a2ec88,power engineering,esco_skills,exact_title,approved,,canonical_name_exact
canonical:ESCO|esco_skills|http://data.europa.eu/esco/skill/dda26251-7331-41fd-871f-1106ca468189,ESCO,1.2.1,http://data.europa.eu/esco/skill/dda26251-7331-41fd-871f-1106ca468189,traffic engineering,esco_skills,exact_title,approved,,canonical_name_exact
canonical:ESCO|esco_skills|http://data.europa.eu/esco/skill/ddb65832-91a7-4157-9488-719a0e2ad87b,ESCO,1.2.1,http://data.europa.eu/esco/skill/ddb65832-91a7-4157-9488-719a0e2ad87b,lead disaster recovery exercises,esco_skills,exact_title,approved,,canonical_name_exact
canonical:ESCO|esco_skills|http://data.europa.eu/esco/skill/ddc3119d-1d6e-4324-9125-a3380d299ac5,ESCO,1.2.1,http://data.europa.eu/esco/skill/ddc3119d-1d6e-4324-9125-a3380d299ac5,computer technology,esco_skills,exact_title,approved,,canonical_name_exact
canonical:ESCO|esco_skills|http://data.europa.eu/esco/skill/ddfe79e2-c2e3-4ba7-9bdf-3820b4f75b54,ESCO,1.2.1,http://data.europa.eu/esco/skill/ddfe79e2-c2e3-4ba7-9bdf-3820b4f75b54,identify ICT user needs,esco_skills,exact_title,approved,,canonical_name_exact
canonical:ESCO|esco_skills|http://data.europa.eu/esco/skill/de03f4fd-c147-4477-a048-7109e5ba2d6f,ESCO,1.2.1,http://data.europa.eu/esco/skill/de03f4fd-c147-4477-a048-7109e5ba2d6f,marketing principles,esco_skills,exact_title,approved,,canonical_name_exact
canonical:ESCO|esco_skills|http://data.europa.eu/esco/skill/de0be6e8-644c-4cc9-9c8d-925dd98dda56,ESCO,1.2.1,http://data.europa.eu/esco/skill/de0be6e8-644c-4cc9-9c8d-925dd98dda56,software interaction design,esco_skills,exact_title,approved,,canonical_name_exact
canonical:ESCO|esco_skills|http://data.europa.eu/esco/skill/de2f0ce8-f8d6-48c5-a213-4d065251cecf,ESCO,1.2.1,http://data.europa.eu/esco/skill/de2f0ce8-f8d6-48c5-a213-4d065251cecf,communicate by telephone,esco_skills,exact_title,approved,,canonical_name_exact
canonical:ESCO|esco_skills|http://data.europa.eu/esco/skill/de9f85ba-e77f-48fd-8c66-f5ebaf32d655,ESCO,1.2.1,http://data.europa.eu/esco/skill/de9f85ba-e77f-48fd-8c66-f5ebaf32d655,Oracle Relational Database,esco_skills,exact_title,approved,,canonical_name_exact
canonical:ESCO|esco_skills|http://data.europa.eu/esco/skill/def007fa-5fed-4a5f-91a2-b0d7e3db1be1,ESCO,1.2.1,http://data.europa.eu/esco/skill/def007fa-5fed-4a5f-91a2-b0d7e3db1be1,COBOL,esco_skills,exact_title,approved,,canonical_name_exact
canonical:ESCO|esco_skills|http://data.europa.eu/esco/skill/df11ab22-3c40-4dc8-ab0c-e9f41e62449e,ESCO,1.2.1,http://data.europa.eu/esco/skill/df11ab22-3c40-4dc8-ab0c-e9f41e62449e,edit photographs,esco_skills,exact_title,approved,,canonical_name_exact
canonical:ESCO|esco_skills|http://data.europa.eu/esco/skill/df179770-1c8d-4673-a270-481b7e4e6010,ESCO,1.2.1,http://data.europa.eu/esco/skill/df179770-1c8d-4673-a270-481b7e4e6010,design a mini wind power system,esco_skills,exact_title,approved,,canonical_name_exact
canonical:ESCO|esco_skills|http://data.europa.eu/esco/skill/df996a98-202f-4a9b-b088-38c8db03ef1b,ESCO,1.2.1,http://data.europa.eu/esco/skill/df996a98-202f-4a9b-b088-38c8db03ef1b,create content title,esco_skills,exact_title,approved,,canonical_name_exact
canonical:ESCO|esco_skills|http://data.europa.eu/esco/skill/dfb9cec6-3ae3-408a-9d57-c44361bf7aaf,ESCO,1.2.1,http://data.europa.eu/esco/skill/dfb9cec6-3ae3-408a-9d57-c44361bf7aaf,provide multimedia content,esco_skills,exact_title,approved,,canonical_name_exact
canonical:ESCO|esco_skills|http://data.europa.eu/esco/skill/dfff95c6-9758-4c04-a228-7eaa88dec6cd,ESCO,1.2.1,http://data.europa.eu/esco/skill/dfff95c6-9758-4c04-a228-7eaa88dec6cd,design for organisational complexity,esco_skills,exact_title,approved,,canonical_name_exact
canonical:ESCO|esco_skills|http://data.europa.eu/esco/skill/e0daabb6-0950-440c-a25f-f5e1ccf15435,ESCO,1.2.1,http://data.europa.eu/esco/skill/e0daabb6-0950-440c-a25f-f5e1ccf15435,assist in military logistics,esco_skills,exact_title,approved,,canonical_name_exact
canonical:ESCO|esco_skills|http://data.europa.eu/esco/skill/e18a6a3c-4f26-4141-8c72-4b4f01d77914,ESCO,1.2.1,http://data.europa.eu/esco/skill/e18a6a3c-4f26-4141-8c72-4b4f01d77914,apply context specific clinical competences,esco_skills,exact_title,approved,,canonical_name_exact
canonical:ESCO|esco_skills|http://data.europa.eu/esco/skill/e1f09038-b493-4771-ae29-a2d3e7ea013a,ESCO,1.2.1,http://data.europa.eu/esco/skill/e1f09038-b493-4771-ae29-a2d3e7ea013a,document interviews,esco_skills,exact_title,approved,,canonical_name_exact
canonical:ESCO|esco_skills|http://data.europa.eu/esco/skill/e2103a1d-4a84-47a9-b4f7-774787573449,ESCO,1.2.1,http://data.europa.eu/esco/skill/e2103a1d-4a84-47a9-b4f7-774787573449,copyright legislation,esco_skills,exact_title,approved,,canonical_name_exact
canonical:ESCO|esco_skills|http://data.europa.eu/esco/skill/e2161b42-46f4-4b62-8136-c190edce56fc,ESCO,1.2.1,http://data.europa.eu/esco/skill/e2161b42-46f4-4b62-8136-c190edce56fc,keep track of expenses,esco_skills,exact_title,approved,,canonical_name_exact
canonical:ESCO|esco_skills|http://data.europa.eu/esco/skill/e2ca587e-9018-4f80-a9f6-100bc3d384ab,ESCO,1.2.1,http://data.europa.eu/esco/skill/e2ca587e-9018-4f80-a9f6-100bc3d384ab,develop plans related to client discharge,esco_skills,exact_title,approved,,canonical_name_exact
canonical:ESCO|esco_skills|http://data.europa.eu/esco/skill/e2d0daae-2aa1-40cc-99e2-b340b02f97d3,ESCO,1.2.1,http://data.europa.eu/esco/skill/e2d0daae-2aa1-40cc-99e2-b340b02f97d3,product data management,esco_skills,exact_title,approved,,canonical_name_exact
canonical:ESCO|esco_skills|http://data.europa.eu/esco/skill/e2e15494-65b9-4af5-8b86-53fb51e7e022,ESCO,1.2.1,http://data.europa.eu/esco/skill/e2e15494-65b9-4af5-8b86-53fb51e7e022,manage accounts,esco_skills,exact_title,approved,,canonical_name_exact
canonical:ESCO|esco_skills|http://data.europa.eu/esco/skill/e35bfbda-2b8a-4d8e-9afb-8a1862703642,ESCO,1.2.1,http://data.europa.eu/esco/skill/e35bfbda-2b8a-4d8e-9afb-8a1862703642,respiratory therapy,esco_skills,exact_title,approved,,canonical_name_exact
canonical:ESCO|esco_skills|http://data.europa.eu/esco/skill/e3bcd26a-d16d-4f60-ae65-d41364931551,ESCO,1.2.1,http://data.europa.eu/esco/skill/e3bcd26a-d16d-4f60-ae65-d41364931551,continuum mechanics,esco_skills,exact_title,approved,,canonical_name_exact
canonical:ESCO|esco_skills|http://data.europa.eu/esco/skill/e3e42d54-78bd-4337-aa87-bb31a7670c9a,ESCO,1.2.1,http://data.europa.eu/esco/skill/e3e42d54-78bd-4337-aa87-bb31a7670c9a,issue sales invoices,esco_skills,exact_title,approved,,canonical_name_exact
canonical:ESCO|esco_skills|http://data.europa.eu/esco/skill/e40d5ab6-957c-414f-9a6f-5e4c6208420f,ESCO,1.2.1,http://data.europa.eu/esco/skill/e40d5ab6-957c-414f-9a6f-5e4c6208420f,neuropsychology,esco_skills,exact_title,approved,,canonical_name_exact
canonical:ESCO|esco_skills|http://data.europa.eu/esco/skill/e437eba1-3e22-41f2-8703-741e94785cba,ESCO,1.2.1,http://data.europa.eu/esco/skill/e437eba1-3e22-41f2-8703-741e94785cba,human resource management,esco_skills,exact_title,approved,,canonical_name_exact
canonical:ESCO|esco_skills|http://data.europa.eu/esco/skill/e46291c7-52b9-4174-bd59-178884861038,ESCO,1.2.1,http://data.europa.eu/esco/skill/e46291c7-52b9-4174-bd59-178884861038,Hadoop,esco_skills,exact_title,approved,,canonical_name_exact
canonical:ESCO|esco_skills|http://data.europa.eu/esco/skill/e464363b-8346-421d-9035-52118b76d8c8,ESCO,1.2.1,http://data.europa.eu/esco/skill/e464363b-8346-421d-9035-52118b76d8c8,computational biology,esco_skills,exact_title,approved,,canonical_name_exact
canonical:ESCO|esco_skills|http://data.europa.eu/esco/skill/e49c4d19-dea6-42a1-bde2-30d69dc0ca24,ESCO,1.2.1,http://data.europa.eu/esco/skill/e49c4d19-dea6-42a1-bde2-30d69dc0ca24,profile people,esco_skills,exact_title,approved,,canonical_name_exact
canonical:ESCO|esco_skills|http://data.europa.eu/esco/skill/e4a7d2be-9cdd-43c6-ab43-8060fe5ad5c8,ESCO,1.2.1,http://data.europa.eu/esco/skill/e4a7d2be-9cdd-43c6-ab43-8060fe5ad5c8,monitor organisation climate,esco_skills,exact_title,approved,,canonical_name_exact
canonical:ESCO|esco_skills|http://data.europa.eu/esco/skill/e541c69c-ea80-4b17-87cb-4001d0b9d303,ESCO,1.2.1,http://data.europa.eu/esco/skill/e541c69c-ea80-4b17-87cb-4001d0b9d303,assess environmental impact,esco_skills,exact_title,approved,,canonical_name_exact
canonical:ESCO|esco_skills|http://data.europa.eu/esco/skill/e54dc9c5-0f7f-4503-9776-efff47902602,ESCO,1.2.1,http://data.europa.eu/esco/skill/e54dc9c5-0f7f-4503-9776-efff47902602,use techniques to increase patients' motivation,esco_skills,exact_title,approved,,canonical_name_exact
canonical:ESCO|esco_skills|http://data.europa.eu/esco/skill/e54ff029-1ce9-447d-a5b2-eb7283a23e6e,ESCO,1.2.1,http://data.europa.eu/esco/skill/e54ff029-1ce9-447d-a5b2-eb7283a23e6e,train employees,esco_skills,exact_title,approved,,canonical_name_exact
canonical:ESCO|esco_skills|http://data.europa.eu/esco/skill/e5609f89-0daf-40bb-bd6b-94f5d7498131,ESCO,1.2.1,http://data.europa.eu/esco/skill/e5609f89-0daf-40bb-bd6b-94f5d7498131,ICT market,esco_skills,exact_title,approved,,canonical_name_exact
canonical:ESCO|esco_skills|http://data.europa.eu/esco/skill/e5635e02-2d34-4a8c-b8ca-556d45e9b20e,ESCO,1.2.1,http://data.europa.eu/esco/skill/e5635e02-2d34-4a8c-b8ca-556d45e9b20e,identify potential markets for companies,esco_skills,exact_title,approved,,canonical_name_exact
canonical:ESCO|esco_skills|http://data.europa.eu/esco/skill/e5a6e1e0-1b07-4432-83ba-77d593b2cb47,ESCO,1.2.1,http://data.europa.eu/esco/skill/e5a6e1e0-1b07-4432-83ba-77d593b2cb47,SAS Data Management,esco_skills,exact_title,approved,,canonical_name_exact
canonical:ESCO|esco_skills|http://data.europa.eu/esco/skill/e5ad0cce-e3d5-4c60-8504-5d1c7e3b55b9,ESCO,1.2.1,http://data.europa.eu/esco/skill/e5ad0cce-e3d5-4c60-8504-5d1c7e3b55b9,electrical equipment components,esco_skills,exact_title,approved,,canonical_name_exact
canonical:ESCO|esco_skills|http://data.europa.eu/esco/skill/e5b5053e-0ef6-4c4e-a3f2-42f955f4322c,ESCO,1.2.1,http://data.europa.eu/esco/skill/e5b5053e-0ef6-4c4e-a3f2-42f955f4322c,implement a firewall,esco_skills,exact_title,approved,,canonical_name_exact
canonical:ESCO|esco_skills|http://data.europa.eu/esco/skill/e5beeff8-7c98-490a-ae2c-16fbb6a87305,ESCO,1.2.1,http://data.europa.eu/esco/skill/e5beeff8-7c98-490a-ae2c-16fbb6a87305,manage keys for data protection,esco_skills,exact_title,approved,,canonical_name_exact
canonical:ESCO|esco_skills|http://data.europa.eu/esco/skill/e5d1f825-60ed-4bdd-872a-e748c387f777,ESCO,1.2.1,http://data.europa.eu/esco/skill/e5d1f825-60ed-4bdd-872a-e748c387f777,CSS,esco_skills,exact_title,approved,,canonical_name_exact
canonical:ESCO|esco_skills|http://data.europa.eu/esco/skill/e5e17773-3a63-40c5-99e4-10e036cf7b99,ESCO,1.2.1,http://data.europa.eu/esco/skill/e5e17773-3a63-40c5-99e4-10e036cf7b99,semiconductors,esco_skills,exact_title,approved,,canonical_name_exact
canonical:ESCO|esco_skills|http://data.europa.eu/esco/skill/e66cd71d-371c-4f82-8bce-b220b8c2d6ea,ESCO,1.2.1,http://data.europa.eu/esco/skill/e66cd71d-371c-4f82-8bce-b220b8c2d6ea,optoelectronics,esco_skills,exact_title,approved,,canonical_name_exact
canonical:ESCO|esco_skills|http://data.europa.eu/esco/skill/e6bf6e73-230a-434c-97b2-a0c042a8b7ac,ESCO,1.2.1,http://data.europa.eu/esco/skill/e6bf6e73-230a-434c-97b2-a0c042a8b7ac,apply sustainability principles in health care,esco_skills,exact_title,approved,,canonical_name_exact
canonical:ESCO|esco_skills|http://data.europa.eu/esco/skill/e6ec4da7-8c85-4e80-8660-075f36196a45,ESCO,1.2.1,http://data.europa.eu/esco/skill/e6ec4da7-8c85-4e80-8660-075f36196a45,supervise medical residents,esco_skills,exact_title,approved,,canonical_name_exact
canonical:ESCO|esco_skills|http://data.europa.eu/esco/skill/e71c6cee-7247-49f4-829a-141c880ae938,ESCO,1.2.1,http://data.europa.eu/esco/skill/e71c6cee-7247-49f4-829a-141c880ae938,advice on security risk management,esco_skills,exact_title,approved,,canonical_name_exact
canonical:ESCO|esco_skills|http://data.europa.eu/esco/skill/e7219848-a27a-4bf4-8775-d367707be7c9,ESCO,1.2.1,http://data.europa.eu/esco/skill/e7219848-a27a-4bf4-8775-d367707be7c9,sales strategies,esco_skills,exact_title,approved,,canonical_name_exact
canonical:ESCO|esco_skills|http://data.europa.eu/esco/skill/e724205b-6b9a-45b4-b629-cd32a6c80b4f,ESCO,1.2.1,http://data.europa.eu/esco/skill/e724205b-6b9a-45b4-b629-cd32a6c80b4f,use foreign languages in patient care,esco_skills,exact_title,approved,,canonical_name_exact
canonical:ESCO|esco_skills|http://data.europa.eu/esco/skill/e763b5c3-cfb3-48d2-9b83-fff97553ad95,ESCO,1.2.1,http://data.europa.eu/esco/skill/e763b5c3-cfb3-48d2-9b83-fff97553ad95,microsensors,esco_skills,exact_title,approved,,canonical_name_exact
canonical:ESCO|esco_skills|http://data.europa.eu/esco/skill/e775f5c3-3dc7-4875-8061-6ab0f329db2d,ESCO,1.2.1,http://data.europa.eu/esco/skill/e775f5c3-3dc7-4875-8061-6ab0f329db2d,manage military logistics,esco_skills,exact_title,approved,,canonical_name_exact
canonical:ESCO|esco_skills|http://data.europa.eu/esco/skill/e843973c-23dd-416a-8a9c-9e89512542fb,ESCO,1.2.1,http://data.europa.eu/esco/skill/e843973c-23dd-416a-8a9c-9e89512542fb,logistics,esco_skills,exact_title,approved,,canonical_name_exact
canonical:ESCO|esco_skills|http://data.europa.eu/esco/skill/e862fb43-5acd-4d37-a4a2-63684c164932,ESCO,1.2.1,http://data.europa.eu/esco/skill/e862fb43-5acd-4d37-a4a2-63684c164932,intensive care medicine,esco_skills,exact_title,approved,,canonical_name_exact
canonical:ESCO|esco_skills|http://data.europa.eu/esco/skill/e87ec79a-c9ff-46f5-84fa-7a0f394cdf40,ESCO,1.2.1,http://data.europa.eu/esco/skill/e87ec79a-c9ff-46f5-84fa-7a0f394cdf40,robotics,esco_skills,exact_title,approved,,canonical_name_exact
canonical:ESCO|esco_skills|http://data.europa.eu/esco/skill/e8b89eb6-51e8-4c3a-babb-88b2e110376b,ESCO,1.2.1,http://data.europa.eu/esco/skill/e8b89eb6-51e8-4c3a-babb-88b2e110376b,Pascal (computer programming),esco_skills,exact_title,approved,,canonical_name_exact
canonical:ESCO|esco_skills|http://data.europa.eu/esco/skill/e8d9ce55-7bc3-4f09-8412-0a393d4b5b96,ESCO,1.2.1,http://data.europa.eu/esco/skill/e8d9ce55-7bc3-4f09-8412-0a393d4b5b96,compose description for web elements,esco_skills,exact_title,approved,,canonical_name_exact
canonical:ESCO|esco_skills|http://data.europa.eu/esco/skill/e8dd9cc1-c83d-45ec-a7b0-e3727ab90336,ESCO,1.2.1,http://data.europa.eu/esco/skill/e8dd9cc1-c83d-45ec-a7b0-e3727ab90336,create moving images,esco_skills,exact_title,approved,,canonical_name_exact
canonical:ESCO|esco_skills|http://data.europa.eu/esco/skill/e9030465-13c5-46d2-bdae-c2c1a9dbec86,ESCO,1.2.1,http://data.europa.eu/esco/skill/e9030465-13c5-46d2-bdae-c2c1a9dbec86,attach accounting certificates to accounting transactions,esco_skills,exact_title,approved,,canonical_name_exact
canonical:ESCO|esco_skills|http://data.europa.eu/esco/skill/e921279a-1a7e-4900-9720-bde93ae3e70e,ESCO,1.2.1,http://data.europa.eu/esco/skill/e921279a-1a7e-4900-9720-bde93ae3e70e,prepare production prototypes,esco_skills,exact_title,approved,,canonical_name_exact
canonical:ESCO|esco_skills|http://data.europa.eu/esco/skill/e95058a6-e139-42e7-a470-72038a606649,ESCO,1.2.1,http://data.europa.eu/esco/skill/e95058a6-e139-42e7-a470-72038a606649,assess financial viability,esco_skills,exact_title,approved,,canonical_name_exact
canonical:ESCO|esco_skills|http://data.europa.eu/esco/skill/e9575f7f-053a-439e-8074-f93df3334e92,ESCO,1.2.1,http://data.europa.eu/esco/skill/e9575f7f-053a-439e-8074-f93df3334e92,data ethics,esco_skills,exact_title,approved,,canonical_name_exact
canonical:ESCO|esco_skills|http://data.europa.eu/esco/skill/e975b791-b488-4935-be44-06f2f9a443bb,ESCO,1.2.1,http://data.europa.eu/esco/skill/e975b791-b488-4935-be44-06f2f9a443bb,set up automotive robot,esco_skills,exact_title,approved,,canonical_name_exact
canonical:ESCO|esco_skills|http://data.europa.eu/esco/skill/e98a5096-de98-46d2-88c8-951f4029c038,ESCO,1.2.1,http://data.europa.eu/esco/skill/e98a5096-de98-46d2-88c8-951f4029c038,evaluate nursing care,esco_skills,exact_title,approved,,canonical_name_exact
canonical:ESCO|esco_skills|http://data.europa.eu/esco/skill/ea1bf5e5-e7f0-4d2c-a415-1c39c00512b1,ESCO,1.2.1,http://data.europa.eu/esco/skill/ea1bf5e5-e7f0-4d2c-a415-1c39c00512b1,document management,esco_skills,exact_title,approved,,canonical_name_exact
canonical:ESCO|esco_skills|http://data.europa.eu/esco/skill/eaa9727c-df1e-407a-85d3-48cc71508bc2,ESCO,1.2.1,http://data.europa.eu/esco/skill/eaa9727c-df1e-407a-85d3-48cc71508bc2,prepare trial accounting balances,esco_skills,exact_title,approved,,canonical_name_exact
canonical:ESCO|esco_skills|http://data.europa.eu/esco/skill/eade4171-3d57-4fb2-9518-44d5a1da4ff5,ESCO,1.2.1,http://data.europa.eu/esco/skill/eade4171-3d57-4fb2-9518-44d5a1da4ff5,build trust,esco_skills,exact_title,approved,,canonical_name_exact
canonical:ESCO|esco_skills|http://data.europa.eu/esco/skill/eb0e5615-1575-4a86-a1a2-7d39595033c5,ESCO,1.2.1,http://data.europa.eu/esco/skill/eb0e5615-1575-4a86-a1a2-7d39595033c5,ABAP,esco_skills,exact_title,approved,,canonical_name_exact
canonical:ESCO|esco_skills|http://data.europa.eu/esco/skill/eb9f8a48-4be4-434b-be9d-293ff5c07f97,ESCO,1.2.1,http://data.europa.eu/esco/skill/eb9f8a48-4be4-434b-be9d-293ff5c07f97,refer healthcare users,esco_skills,exact_title,approved,,canonical_name_exact
canonical:ESCO|esco_skills|http://data.europa.eu/esco/skill/eba85523-6ad2-4cd9-9b27-a0b6a39b8cfa,ESCO,1.2.1,http://data.europa.eu/esco/skill/eba85523-6ad2-4cd9-9b27-a0b6a39b8cfa,work in multidisciplinary health teams,esco_skills,exact_title,approved,,canonical_name_exact
canonical:ESCO|esco_skills|http://data.europa.eu/esco/skill/ec410a76-f890-4012-8863-b82f2c75527c,ESCO,1.2.1,http://data.europa.eu/esco/skill/ec410a76-f890-4012-8863-b82f2c75527c,transportation engineering,esco_skills,exact_title,approved,,canonical_name_exact
canonical:ESCO|esco_skills|http://data.europa.eu/esco/skill/ec66a2f9-db12-4eec-936a-47632bfdccfb,ESCO,1.2.1,http://data.europa.eu/esco/skill/ec66a2f9-db12-4eec-936a-47632bfdccfb,perform smart grid feasibility study,esco_skills,exact_title,approved,,canonical_name_exact
canonical:ESCO|esco_skills|http://data.europa.eu/esco/skill/ec66b111-d8d0-4516-88ba-ee0b6fe6f695,ESCO,1.2.1,http://data.europa.eu/esco/skill/ec66b111-d8d0-4516-88ba-ee0b6fe6f695,process customer orders,esco_skills,exact_title,approved,,canonical_name_exact
canonical:ESCO|esco_skills|http://data.europa.eu/esco/skill/ec6df9cb-be92-4027-80fa-83b70aabce58,ESCO,1.2.1,http://data.europa.eu/esco/skill/ec6df9cb-be92-4027-80fa-83b70aabce58,industrial research and development,esco_skills,exact_title,approved,,canonical_name_exact
canonical:ESCO|esco_skills|http://data.europa.eu/esco/skill/ecd368bc-6383-4a03-9b61-46e0a94750f7,ESCO,1.2.1,http://data.europa.eu/esco/skill/ecd368bc-6383-4a03-9b61-46e0a94750f7,instruct on energy saving technologies,esco_skills,exact_title,approved,,canonical_name_exact
canonical:ESCO|esco_skills|http://data.europa.eu/esco/skill/ed1d8bd4-cd2a-4c64-b665-56d70651026c,ESCO,1.2.1,http://data.europa.eu/esco/skill/ed1d8bd4-cd2a-4c64-b665-56d70651026c,Prototyping development,esco_skills,exact_title,approved,,canonical_name_exact
canonical:ESCO|esco_skills|http://data.europa.eu/esco/skill/ed291aa0-8b2f-4179-b2f7-540ea6f63bf3,ESCO,1.2.1,http://data.europa.eu/esco/skill/ed291aa0-8b2f-4179-b2f7-540ea6f63bf3,electrical wiring diagrams,esco_skills,exact_title,approved,,canonical_name_exact
canonical:ESCO|esco_skills|http://data.europa.eu/esco/skill/ed392b45-1087-44a7-89a9-d514224639ff,ESCO,1.2.1,http://data.europa.eu/esco/skill/ed392b45-1087-44a7-89a9-d514224639ff,conduct mobile marketing,esco_skills,exact_title,approved,,canonical_name_exact
canonical:ESCO|esco_skills|http://data.europa.eu/esco/skill/ed39edd3-44d0-4a16-9796-bfb99f92baf3,ESCO,1.2.1,http://data.europa.eu/esco/skill/ed39edd3-44d0-4a16-9796-bfb99f92baf3,ICT performance analysis methods,esco_skills,exact_title,approved,,canonical_name_exact
canonical:ESCO|esco_skills|http://data.europa.eu/esco/skill/ed3f3dba-3a35-4ed5-b113-67f4d10ef4c8,ESCO,1.2.1,http://data.europa.eu/esco/skill/ed3f3dba-3a35-4ed5-b113-67f4d10ef4c8,scientific research methodology,esco_skills,exact_title,approved,,canonical_name_exact
canonical:ESCO|esco_skills|http://data.europa.eu/esco/skill/ed8de897-adbe-4f0e-b4d2-534953e64c72,ESCO,1.2.1,http://data.europa.eu/esco/skill/ed8de897-adbe-4f0e-b4d2-534953e64c72,integrate system components,esco_skills,exact_title,approved,,canonical_name_exact
canonical:ESCO|esco_skills|http://data.europa.eu/esco/skill/ed938748-60ae-4964-a657-ff2685ecc0d0,ESCO,1.2.1,http://data.europa.eu/esco/skill/ed938748-60ae-4964-a657-ff2685ecc0d0,evaluate engine performance,esco_skills,exact_title,approved,,canonical_name_exact
canonical:ESCO|esco_skills|http://data.europa.eu/esco/skill/edebd83d-35f6-4ed5-a940-6c203d178c01,ESCO,1.2.1,http://data.europa.eu/esco/skill/edebd83d-35f6-4ed5-a940-6c203d178c01,data science,esco_skills,exact_title,approved,,canonical_name_exact
canonical:ESCO|esco_skills|http://data.europa.eu/esco/skill/ee6c325b-223e-432f-89c3-a0f135adac9e,ESCO,1.2.1,http://data.europa.eu/esco/skill/ee6c325b-223e-432f-89c3-a0f135adac9e,create cadastral maps,esco_skills,exact_title,approved,,canonical_name_exact
canonical:ESCO|esco_skills|http://data.europa.eu/esco/skill/ee7f90cc-922e-4da7-a7ae-83c2688fed10,ESCO,1.2.1,http://data.europa.eu/esco/skill/ee7f90cc-922e-4da7-a7ae-83c2688fed10,align efforts towards business development,esco_skills,exact_title,approved,,canonical_name_exact
canonical:ESCO|esco_skills|http://data.europa.eu/esco/skill/eee58e6d-4587-42f0-b9a0-fe055cfe2044,ESCO,1.2.1,http://data.europa.eu/esco/skill/eee58e6d-4587-42f0-b9a0-fe055cfe2044,develop animations,esco_skills,exact_title,approved,,canonical_name_exact
canonical:ESCO|esco_skills|http://data.europa.eu/esco/skill/ef069fe6-305b-4452-8f7d-0c572e98effc,ESCO,1.2.1,http://data.europa.eu/esco/skill/ef069fe6-305b-4452-8f7d-0c572e98effc,mobile marketing,esco_skills,exact_title,approved,,canonical_name_exact
canonical:ESCO|esco_skills|http://data.europa.eu/esco/skill/ef1e6c93-2a90-4abf-951b-a8ae283d368d,ESCO,1.2.1,http://data.europa.eu/esco/skill/ef1e6c93-2a90-4abf-951b-a8ae283d368d,carry out nurse-led discharge,esco_skills,exact_title,approved,,canonical_name_exact
canonical:ESCO|esco_skills|http://data.europa.eu/esco/skill/ef64005d-75bc-4597-8ed6-717edec5e55e,ESCO,1.2.1,http://data.europa.eu/esco/skill/ef64005d-75bc-4597-8ed6-717edec5e55e,enhance website visibility,esco_skills,exact_title,approved,,canonical_name_exact
canonical:ESCO|esco_skills|http://data.europa.eu/esco/skill/efa141df-f382-418f-9121-bd88fd735669,ESCO,1.2.1,http://data.europa.eu/esco/skill/efa141df-f382-418f-9121-bd88fd735669,mechanics,esco_skills,exact_title,approved,,canonical_name_exact
canonical:ESCO|esco_skills|http://data.europa.eu/esco/skill/f0006418-17ee-4c38-af75-f5e1e35de64c,ESCO,1.2.1,http://data.europa.eu/esco/skill/f0006418-17ee-4c38-af75-f5e1e35de64c,build machines,esco_skills,exact_title,approved,,canonical_name_exact
canonical:ESCO|esco_skills|http://data.europa.eu/esco/skill/f022b5ff-8496-4722-a7a3-ef3c072f01f6,ESCO,1.2.1,http://data.europa.eu/esco/skill/f022b5ff-8496-4722-a7a3-ef3c072f01f6,perform clinical coding procedures,esco_skills,exact_title,approved,,canonical_name_exact
canonical:ESCO|esco_skills|http://data.europa.eu/esco/skill/f03a3387-c4a7-41e3-a5d4-dd4577147940,ESCO,1.2.1,http://data.europa.eu/esco/skill/f03a3387-c4a7-41e3-a5d4-dd4577147940,integrated design,esco_skills,exact_title,approved,,canonical_name_exact
canonical:ESCO|esco_skills|http://data.europa.eu/esco/skill/f049d050-12da-4e40-813a-2b5eb6df6b51,ESCO,1.2.1,http://data.europa.eu/esco/skill/f049d050-12da-4e40-813a-2b5eb6df6b51,Internet of Things,esco_skills,exact_title,approved,,canonical_name_exact
canonical:ESCO|esco_skills|http://data.europa.eu/esco/skill/f058bf62-70d1-4f5e-be2a-8b26fac24a96,ESCO,1.2.1,http://data.europa.eu/esco/skill/f058bf62-70d1-4f5e-be2a-8b26fac24a96,design graphics,esco_skills,exact_title,approved,,canonical_name_exact
canonical:ESCO|esco_skills|http://data.europa.eu/esco/skill/f08e2bd6-0366-4948-a670-1f03f130126f,ESCO,1.2.1,http://data.europa.eu/esco/skill/f08e2bd6-0366-4948-a670-1f03f130126f,create new concepts,esco_skills,exact_title,approved,,canonical_name_exact
canonical:ESCO|esco_skills|http://data.europa.eu/esco/skill/f0ab5d57-4be7-411b-afce-b4a76a142302,ESCO,1.2.1,http://data.europa.eu/esco/skill/f0ab5d57-4be7-411b-afce-b4a76a142302,electrical machines,esco_skills,exact_title,approved,,canonical_name_exact
canonical:ESCO|esco_skills|http://data.europa.eu/esco/skill/f0b45409-42ca-42bc-a701-041e594d0657,ESCO,1.2.1,http://data.europa.eu/esco/skill/f0b45409-42ca-42bc-a701-041e594d0657,ensure gender equality in the workplace,esco_skills,exact_title,approved,,canonical_name_exact
canonical:ESCO|esco_skills|http://data.europa.eu/esco/skill/f0de4973-0a70-4644-8fd4-3a97080476f4,ESCO,1.2.1,http://data.europa.eu/esco/skill/f0de4973-0a70-4644-8fd4-3a97080476f4,DevOps,esco_skills,exact_title,approved,,canonical_name_exact
canonical:ESCO|esco_skills|http://data.europa.eu/esco/skill/f0f5bb34-71df-4715-9c9e-03567b76ec8f,ESCO,1.2.1,http://data.europa.eu/esco/skill/f0f5bb34-71df-4715-9c9e-03567b76ec8f,create website wireframe,esco_skills,exact_title,approved,,canonical_name_exact
canonical:ESCO|esco_skills|http://data.europa.eu/esco/skill/f14cfbac-07c5-43de-8b63-51518be99826,ESCO,1.2.1,http://data.europa.eu/esco/skill/f14cfbac-07c5-43de-8b63-51518be99826,design wind turbines,esco_skills,exact_title,approved,,canonical_name_exact
canonical:ESCO|esco_skills|http://data.europa.eu/esco/skill/f14ff4b7-be1e-4b55-b39b-520005f8a97e,ESCO,1.2.1,http://data.europa.eu/esco/skill/f14ff4b7-be1e-4b55-b39b-520005f8a97e,liaise with managers,esco_skills,exact_title,approved,,canonical_name_exact
canonical:ESCO|esco_skills|http://data.europa.eu/esco/skill/f150e743-1313-48e5-9948-4179a3c7ad95,ESCO,1.2.1,http://data.europa.eu/esco/skill/f150e743-1313-48e5-9948-4179a3c7ad95,movement techniques,esco_skills,exact_title,approved,,canonical_name_exact
canonical:ESCO|esco_skills|http://data.europa.eu/esco/skill/f190355a-cea5-4cd0-b6cd-a5c3d9a14985,ESCO,1.2.1,http://data.europa.eu/esco/skill/f190355a-cea5-4cd0-b6cd-a5c3d9a14985,dietetics,esco_skills,exact_title,approved,,canonical_name_exact
canonical:ESCO|esco_skills|http://data.europa.eu/esco/skill/f1b5800e-b763-4740-9586-3fef30568e81,ESCO,1.2.1,http://data.europa.eu/esco/skill/f1b5800e-b763-4740-9586-3fef30568e81,analyse production processes for improvement,esco_skills,exact_title,approved,,canonical_name_exact
canonical:ESCO|esco_skills|http://data.europa.eu/esco/skill/f1bc8d78-3310-4a91-aec7-a20df9146dd2,ESCO,1.2.1,http://data.europa.eu/esco/skill/f1bc8d78-3310-4a91-aec7-a20df9146dd2,disorders affecting self-awareness,esco_skills,exact_title,approved,,canonical_name_exact
canonical:ESCO|esco_skills|http://data.europa.eu/esco/skill/f206e732-110c-47ce-a53f-f00c9d97c90d,ESCO,1.2.1,http://data.europa.eu/esco/skill/f206e732-110c-47ce-a53f-f00c9d97c90d,talent management strategies,esco_skills,exact_title,approved,,canonical_name_exact
canonical:ESCO|esco_skills|http://data.europa.eu/esco/skill/f263da7f-0708-42c2-b1a9-39083416f632,ESCO,1.2.1,http://data.europa.eu/esco/skill/f263da7f-0708-42c2-b1a9-39083416f632,communicate analytical insights,esco_skills,exact_title,approved,,canonical_name_exact
canonical:ESCO|esco_skills|http://data.europa.eu/esco/skill/f28617ad-afdd-4041-814c-216153a38998,ESCO,1.2.1,http://data.europa.eu/esco/skill/f28617ad-afdd-4041-814c-216153a38998,analyse software specifications,esco_skills,exact_title,approved,,canonical_name_exact
canonical:ESCO|esco_skills|http://data.europa.eu/esco/skill/f2a34d6b-131a-4b8f-a110-898b9c91d18f,ESCO,1.2.1,http://data.europa.eu/esco/skill/f2a34d6b-131a-4b8f-a110-898b9c91d18f,forecast economic trends,esco_skills,exact_title,approved,,canonical_name_exact
canonical:ESCO|esco_skills|http://data.europa.eu/esco/skill/f2d57f41-43b4-4f5b-8100-3df5c21eda50,ESCO,1.2.1,http://data.europa.eu/esco/skill/f2d57f41-43b4-4f5b-8100-3df5c21eda50,process data,esco_skills,exact_title,approved,,canonical_name_exact
canonical:ESCO|esco_skills|http://data.europa.eu/esco/skill/f37d9f67-2e79-4958-8307-1ce9d6dcc8bd,ESCO,1.2.1,http://data.europa.eu/esco/skill/f37d9f67-2e79-4958-8307-1ce9d6dcc8bd,apply customer engagement strategy,esco_skills,exact_title,approved,,canonical_name_exact
canonical:ESCO|esco_skills|http://data.europa.eu/esco/skill/f39a5dcd-1b8b-4eff-a021-a96196fd71eb,ESCO,1.2.1,http://data.europa.eu/esco/skill/f39a5dcd-1b8b-4eff-a021-a96196fd71eb,follow the news,esco_skills,exact_title,approved,,canonical_name_exact
canonical:ESCO|esco_skills|http://data.europa.eu/esco/skill/f3c5fae0-c0e3-4410-bc09-62bd82d4cecc,ESCO,1.2.1,http://data.europa.eu/esco/skill/f3c5fae0-c0e3-4410-bc09-62bd82d4cecc,support employability of people with disabilities,esco_skills,exact_title,approved,,canonical_name_exact
canonical:ESCO|esco_skills|http://data.europa.eu/esco/skill/f40c7c6f-92c6-4c60-a21b-a837904d14c2,ESCO,1.2.1,http://data.europa.eu/esco/skill/f40c7c6f-92c6-4c60-a21b-a837904d14c2,osteopathy,esco_skills,exact_title,approved,,canonical_name_exact
canonical:ESCO|esco_skills|http://data.europa.eu/esco/skill/f414dc08-35bd-4bc7-846d-88a3844d057c,ESCO,1.2.1,http://data.europa.eu/esco/skill/f414dc08-35bd-4bc7-846d-88a3844d057c,trendwatching,esco_skills,exact_title,approved,,canonical_name_exact
canonical:ESCO|esco_skills|http://data.europa.eu/esco/skill/f47a1998-0beb-43be-9f46-380aa4d183da,ESCO,1.2.1,http://data.europa.eu/esco/skill/f47a1998-0beb-43be-9f46-380aa4d183da,Jenkins (tools for software configuration management),esco_skills,exact_title,approved,,canonical_name_exact
canonical:ESCO|esco_skills|http://data.europa.eu/esco/skill/f4a6e9f7-5cff-46c0-894c-59c20bb78694,ESCO,1.2.1,http://data.europa.eu/esco/skill/f4a6e9f7-5cff-46c0-894c-59c20bb78694,automation technology,esco_skills,exact_title,approved,,canonical_name_exact
canonical:ESCO|esco_skills|http://data.europa.eu/esco/skill/f5308e60-d763-4ead-be95-88c96fb3e02b,ESCO,1.2.1,http://data.europa.eu/esco/skill/f5308e60-d763-4ead-be95-88c96fb3e02b,adapt to changes in technological development plans,esco_skills,exact_title,approved,,canonical_name_exact
canonical:ESCO|esco_skills|http://data.europa.eu/esco/skill/f54c10e4-630d-4e50-95e9-4e9e268e8f12,ESCO,1.2.1,http://data.europa.eu/esco/skill/f54c10e4-630d-4e50-95e9-4e9e268e8f12,approve engineering design,esco_skills,exact_title,approved,,canonical_name_exact
canonical:ESCO|esco_skills|http://data.europa.eu/esco/skill/f597f772-24d3-4cec-813c-cf5a7027c794,ESCO,1.2.1,http://data.europa.eu/esco/skill/f597f772-24d3-4cec-813c-cf5a7027c794,N1QL,esco_skills,exact_title,approved,,canonical_name_exact
canonical:ESCO|esco_skills|http://data.europa.eu/esco/skill/f5b33464-4df9-4cf3-b468-b0a2d6b3ee85,ESCO,1.2.1,http://data.europa.eu/esco/skill/f5b33464-4df9-4cf3-b468-b0a2d6b3ee85,operate 3D computer graphics software,esco_skills,exact_title,approved,,canonical_name_exact
canonical:ESCO|esco_skills|http://data.europa.eu/esco/skill/f5dd06b8-5d17-4932-9d03-957d0c4f5051,ESCO,1.2.1,http://data.europa.eu/esco/skill/f5dd06b8-5d17-4932-9d03-957d0c4f5051,perform resource planning,esco_skills,exact_title,approved,,canonical_name_exact
canonical:ESCO|esco_skills|http://data.europa.eu/esco/skill/f60c9e52-95fc-4ca1-a73c-18a491153b63,ESCO,1.2.1,http://data.europa.eu/esco/skill/f60c9e52-95fc-4ca1-a73c-18a491153b63,make strategic business decisions,esco_skills,exact_title,approved,,canonical_name_exact
canonical:ESCO|esco_skills|http://data.europa.eu/esco/skill/f672b7a0-698e-45f1-a102-51adeaf89200,ESCO,1.2.1,http://data.europa.eu/esco/skill/f672b7a0-698e-45f1-a102-51adeaf89200,develop efficiency plans for logistics operations,esco_skills,exact_title,approved,,canonical_name_exact
canonical:ESCO|esco_skills|http://data.europa.eu/esco/skill/f6ac6241-adb2-4ce2-b35f-09832cbb11ea,ESCO,1.2.1,http://data.europa.eu/esco/skill/f6ac6241-adb2-4ce2-b35f-09832cbb11ea,empirical analysis,esco_skills,exact_title,approved,,canonical_name_exact
canonical:ESCO|esco_skills|http://data.europa.eu/esco/skill/f6ea35a8-4ef0-4e87-8388-491a6b49aaf8,ESCO,1.2.1,http://data.europa.eu/esco/skill/f6ea35a8-4ef0-4e87-8388-491a6b49aaf8,maintain physiotherapy equipment,esco_skills,exact_title,approved,,canonical_name_exact
canonical:ESCO|esco_skills|http://data.europa.eu/esco/skill/f715be1d-5fc4-49d3-82a5-0b8090d12849,ESCO,1.2.1,http://data.europa.eu/esco/skill/f715be1d-5fc4-49d3-82a5-0b8090d12849,synthesise information,esco_skills,exact_title,approved,,canonical_name_exact
canonical:ESCO|esco_skills|http://data.europa.eu/esco/skill/f735e153-1f57-4841-afe9-4712cc740054,ESCO,1.2.1,http://data.europa.eu/esco/skill/f735e153-1f57-4841-afe9-4712cc740054,manage multiple patients simultaneously,esco_skills,exact_title,approved,,canonical_name_exact
canonical:ESCO|esco_skills|http://data.europa.eu/esco/skill/f73ed9e8-65c6-450d-9f19-8f3f8266689c,ESCO,1.2.1,http://data.europa.eu/esco/skill/f73ed9e8-65c6-450d-9f19-8f3f8266689c,design questionnaires,esco_skills,exact_title,approved,,canonical_name_exact
canonical:ESCO|esco_skills|http://data.europa.eu/esco/skill/f7464f30-662b-4177-85a0-3df9693e9e58,ESCO,1.2.1,http://data.europa.eu/esco/skill/f7464f30-662b-4177-85a0-3df9693e9e58,first aid,esco_skills,exact_title,approved,,canonical_name_exact
canonical:ESCO|esco_skills|http://data.europa.eu/esco/skill/f75b740c-b36c-495e-bc67-efe347bbc6b5,ESCO,1.2.1,http://data.europa.eu/esco/skill/f75b740c-b36c-495e-bc67-efe347bbc6b5,company policies,esco_skills,exact_title,approved,,canonical_name_exact
canonical:ESCO|esco_skills|http://data.europa.eu/esco/skill/f774cc69-f0cf-4767-bf13-9b16dc7f7c07,ESCO,1.2.1,http://data.europa.eu/esco/skill/f774cc69-f0cf-4767-bf13-9b16dc7f7c07,operate ship propulsion system,esco_skills,exact_title,approved,,canonical_name_exact
canonical:ESCO|esco_skills|http://data.europa.eu/esco/skill/f77b73f0-8c65-4389-a3ae-3a57a73ad148,ESCO,1.2.1,http://data.europa.eu/esco/skill/f77b73f0-8c65-4389-a3ae-3a57a73ad148,develop employee retention programs,esco_skills,exact_title,approved,,canonical_name_exact
canonical:ESCO|esco_skills|http://data.europa.eu/esco/skill/f78d5c04-a440-4068-90c2-fab03409a911,ESCO,1.2.1,http://data.europa.eu/esco/skill/f78d5c04-a440-4068-90c2-fab03409a911,manage government policy implementation,esco_skills,exact_title,approved,,canonical_name_exact
canonical:ESCO|esco_skills|http://data.europa.eu/esco/skill/f7b071bf-4882-4cfc-ae0a-7e0e0ab94c61,ESCO,1.2.1,http://data.europa.eu/esco/skill/f7b071bf-4882-4cfc-ae0a-7e0e0ab94c61,conduct research across disciplines,esco_skills,exact_title,approved,,canonical_name_exact
canonical:ESCO|esco_skills|http://data.europa.eu/esco/skill/f7b5d916-52f0-4865-b6a6-e1a3b711cb5e,ESCO,1.2.1,http://data.europa.eu/esco/skill/f7b5d916-52f0-4865-b6a6-e1a3b711cb5e,implement strategic planning,esco_skills,exact_title,approved,,canonical_name_exact
canonical:ESCO|esco_skills|http://data.europa.eu/esco/skill/f7e7ccb6-fadc-4c35-935d-e1040be40dfe,ESCO,1.2.1,http://data.europa.eu/esco/skill/f7e7ccb6-fadc-4c35-935d-e1040be40dfe,handle financial transactions,esco_skills,exact_title,approved,,canonical_name_exact
canonical:ESCO|esco_skills|http://data.europa.eu/esco/skill/f8413360-6114-40de-a276-c59b764b9913,ESCO,1.2.1,http://data.europa.eu/esco/skill/f8413360-6114-40de-a276-c59b764b9913,renewable energy,esco_skills,exact_title,approved,,canonical_name_exact
canonical:ESCO|esco_skills|http://data.europa.eu/esco/skill/f84a433f-34f1-4083-b0a3-24802623509c,ESCO,1.2.1,http://data.europa.eu/esco/skill/f84a433f-34f1-4083-b0a3-24802623509c,web services,esco_skills,exact_title,approved,,canonical_name_exact
canonical:ESCO|esco_skills|http://data.europa.eu/esco/skill/f8bc0c97-e56f-4f19-bedc-fededf7bea26,ESCO,1.2.1,http://data.europa.eu/esco/skill/f8bc0c97-e56f-4f19-bedc-fededf7bea26,apply massage therapy,esco_skills,exact_title,approved,,canonical_name_exact
canonical:ESCO|esco_skills|http://data.europa.eu/esco/skill/f8e3425c-fe44-4ffb-bafe-0e20d91dadf4,ESCO,1.2.1,http://data.europa.eu/esco/skill/f8e3425c-fe44-4ffb-bafe-0e20d91dadf4,SAP Data Services,esco_skills,exact_title,approved,,canonical_name_exact
canonical:ESCO|esco_skills|http://data.europa.eu/esco/skill/f90d4810-8bac-4e5e-b870-3e35a4138ff7,ESCO,1.2.1,http://data.europa.eu/esco/skill/f90d4810-8bac-4e5e-b870-3e35a4138ff7,accept own accountability,esco_skills,exact_title,approved,,canonical_name_exact
canonical:ESCO|esco_skills|http://data.europa.eu/esco/skill/f929c89e-c363-4132-a918-e021d57b307c,ESCO,1.2.1,http://data.europa.eu/esco/skill/f929c89e-c363-4132-a918-e021d57b307c,supply chain management,esco_skills,exact_title,approved,,canonical_name_exact
canonical:ESCO|esco_skills|http://data.europa.eu/esco/skill/f9670490-8aa4-4540-b121-d440a8294aab,ESCO,1.2.1,http://data.europa.eu/esco/skill/f9670490-8aa4-4540-b121-d440a8294aab,develop data processing applications,esco_skills,exact_title,approved,,canonical_name_exact
canonical:ESCO|esco_skills|http://data.europa.eu/esco/skill/f96f5aa5-6ed7-40dc-a431-68b0a09d6d4b,ESCO,1.2.1,http://data.europa.eu/esco/skill/f96f5aa5-6ed7-40dc-a431-68b0a09d6d4b,design automation components,esco_skills,exact_title,approved,,canonical_name_exact
canonical:ESCO|esco_skills|http://data.europa.eu/esco/skill/f975091a-e5a5-4472-ac17-11680e53e98f,ESCO,1.2.1,http://data.europa.eu/esco/skill/f975091a-e5a5-4472-ac17-11680e53e98f,seek innovation in current practices,esco_skills,exact_title,approved,,canonical_name_exact
canonical:ESCO|esco_skills|http://data.europa.eu/esco/skill/f98e06f5-a09a-4356-b6a8-d55a7d3c5356,ESCO,1.2.1,http://data.europa.eu/esco/skill/f98e06f5-a09a-4356-b6a8-d55a7d3c5356,implement nursing care,esco_skills,exact_title,approved,,canonical_name_exact
canonical:ESCO|esco_skills|http://data.europa.eu/esco/skill/f9a6f35b-01a7-40c9-8b61-b6ee46f97272,ESCO,1.2.1,http://data.europa.eu/esco/skill/f9a6f35b-01a7-40c9-8b61-b6ee46f97272,operating systems,esco_skills,exact_title,approved,,canonical_name_exact
canonical:ESCO|esco_skills|http://data.europa.eu/esco/skill/f9f258e3-4728-4107-9e08-293d5d2ef65e,ESCO,1.2.1,http://data.europa.eu/esco/skill/f9f258e3-4728-4107-9e08-293d5d2ef65e,psychiatry,esco_skills,exact_title,approved,,canonical_name_exact
canonical:ESCO|esco_skills|http://data.europa.eu/esco/skill/fa3e5cec-703e-4d46-b3bb-e8a89540ab54,ESCO,1.2.1,http://data.europa.eu/esco/skill/fa3e5cec-703e-4d46-b3bb-e8a89540ab54,manage digital archives,esco_skills,exact_title,approved,,canonical_name_exact
canonical:ESCO|esco_skills|http://data.europa.eu/esco/skill/fa465db3-56e8-4b5d-a781-e2a313a4ed2d,ESCO,1.2.1,http://data.europa.eu/esco/skill/fa465db3-56e8-4b5d-a781-e2a313a4ed2d,conduct qualitative research,esco_skills,exact_title,approved,,canonical_name_exact
canonical:ESCO|esco_skills|http://data.europa.eu/esco/skill/fa642fc3-5cc5-41cf-8926-6617a8b976a7,ESCO,1.2.1,http://data.europa.eu/esco/skill/fa642fc3-5cc5-41cf-8926-6617a8b976a7,promote the participation of citizens in scientific and research activities,esco_skills,exact_title,approved,,canonical_name_exact
canonical:ESCO|esco_skills|http://data.europa.eu/esco/skill/fa7be6bf-f906-4b8e-857d-48a9a7da901c,ESCO,1.2.1,http://data.europa.eu/esco/skill/fa7be6bf-f906-4b8e-857d-48a9a7da901c,manage warehouse operations,esco_skills,exact_title,approved,,canonical_name_exact
canonical:ESCO|esco_skills|http://data.europa.eu/esco/skill/fafe0b9d-dbd9-46bd-b770-26299539ce66,ESCO,1.2.1,http://data.europa.eu/esco/skill/fafe0b9d-dbd9-46bd-b770-26299539ce66,ICT process quality models,esco_skills,exact_title,approved,,canonical_name_exact
canonical:ESCO|esco_skills|http://data.europa.eu/esco/skill/fb15ca73-68fb-41db-a235-0b61d7d9021e,ESCO,1.2.1,http://data.europa.eu/esco/skill/fb15ca73-68fb-41db-a235-0b61d7d9021e,participate in medical records' auditing activities,esco_skills,exact_title,approved,,canonical_name_exact
canonical:ESCO|esco_skills|http://data.europa.eu/esco/skill/fb9c12af-ec45-498a-8e52-891371191557,ESCO,1.2.1,http://data.europa.eu/esco/skill/fb9c12af-ec45-498a-8e52-891371191557,mentor individual employees,esco_skills,exact_title,approved,,canonical_name_exact
canonical:ESCO|esco_skills|http://data.europa.eu/esco/skill/fbafa41f-cd05-4109-a649-8b44d306d779,ESCO,1.2.1,http://data.europa.eu/esco/skill/fbafa41f-cd05-4109-a649-8b44d306d779,create data models,esco_skills,exact_title,approved,,canonical_name_exact
canonical:ESCO|esco_skills|http://data.europa.eu/esco/skill/fbdbed1c-442a-47b3-a26f-0e867d82bbea,ESCO,1.2.1,http://data.europa.eu/esco/skill/fbdbed1c-442a-47b3-a26f-0e867d82bbea,ergonomics,esco_skills,exact_title,approved,,canonical_name_exact
canonical:ESCO|esco_skills|http://data.europa.eu/esco/skill/fc153ec6-1320-4f13-9158-ebde86c5303e,ESCO,1.2.1,http://data.europa.eu/esco/skill/fc153ec6-1320-4f13-9158-ebde86c5303e,liaise with logistics management teams,esco_skills,exact_title,approved,,canonical_name_exact
canonical:ESCO|esco_skills|http://data.europa.eu/esco/skill/fc2f1d4f-a46f-471e-a618-cbd4d0496a53,ESCO,1.2.1,http://data.europa.eu/esco/skill/fc2f1d4f-a46f-471e-a618-cbd4d0496a53,implement ICT recovery system,esco_skills,exact_title,approved,,canonical_name_exact
canonical:ESCO|esco_skills|http://data.europa.eu/esco/skill/fc4fcb4b-993f-4f2c-b158-c2171ec18ed8,ESCO,1.2.1,http://data.europa.eu/esco/skill/fc4fcb4b-993f-4f2c-b158-c2171ec18ed8,draw design sketches,esco_skills,exact_title,approved,,canonical_name_exact
canonical:ESCO|esco_skills|http://data.europa.eu/esco/skill/fc54bd7f-0c03-4fdd-af8c-5eb4021e716d,ESCO,1.2.1,http://data.europa.eu/esco/skill/fc54bd7f-0c03-4fdd-af8c-5eb4021e716d,identify with the company's goals,esco_skills,exact_title,approved,,canonical_name_exact
canonical:ESCO|esco_skills|http://data.europa.eu/esco/skill/fd02e17b-05ea-4449-963d-95273199159d,ESCO,1.2.1,http://data.europa.eu/esco/skill/fd02e17b-05ea-4449-963d-95273199159d,formulate a treatment plan,esco_skills,exact_title,approved,,canonical_name_exact
canonical:ESCO|esco_skills|http://data.europa.eu/esco/skill/fd33c66c-70c4-40e6-b87c-5495bd3bf26e,ESCO,1.2.1,http://data.europa.eu/esco/skill/fd33c66c-70c4-40e6-b87c-5495bd3bf26e,design user interface,esco_skills,exact_title,approved,,canonical_name_exact
canonical:ESCO|esco_skills|http://data.europa.eu/esco/skill/fd4386c5-96f0-4c6e-970c-c08729ae0cc6,ESCO,1.2.1,http://data.europa.eu/esco/skill/fd4386c5-96f0-4c6e-970c-c08729ae0cc6,develop product design,esco_skills,exact_title,approved,,canonical_name_exact
canonical:ESCO|esco_skills|http://data.europa.eu/esco/skill/fd6d2981-3d4a-4ce2-9741-cfc98c5b74bd,ESCO,1.2.1,http://data.europa.eu/esco/skill/fd6d2981-3d4a-4ce2-9741-cfc98c5b74bd,implement data warehousing techniques,esco_skills,exact_title,approved,,canonical_name_exact
canonical:ESCO|esco_skills|http://data.europa.eu/esco/skill/fd843a67-4662-4682-9c7e-b4d794eaff12,ESCO,1.2.1,http://data.europa.eu/esco/skill/fd843a67-4662-4682-9c7e-b4d794eaff12,prepare market research reports,esco_skills,exact_title,approved,,canonical_name_exact
canonical:ESCO|esco_skills|http://data.europa.eu/esco/skill/fdf15b35-9028-4acb-bfd2-43f00a015cd9,ESCO,1.2.1,http://data.europa.eu/esco/skill/fdf15b35-9028-4acb-bfd2-43f00a015cd9,use personal organization software,esco_skills,exact_title,approved,,canonical_name_exact
canonical:ESCO|esco_skills|http://data.europa.eu/esco/skill/fe1c2b32-7fe9-4668-affa-07ff658a68cf,ESCO,1.2.1,http://data.europa.eu/esco/skill/fe1c2b32-7fe9-4668-affa-07ff658a68cf,identify ICT security risks,esco_skills,exact_title,approved,,canonical_name_exact
canonical:ESCO|esco_skills|http://data.europa.eu/esco/skill/fe29e658-7cad-4b70-a169-10a240ec0bef,ESCO,1.2.1,http://data.europa.eu/esco/skill/fe29e658-7cad-4b70-a169-10a240ec0bef,work in a logistics team,esco_skills,exact_title,approved,,canonical_name_exact
canonical:ESCO|esco_skills|http://data.europa.eu/esco/skill/fe39d4db-4cb5-4299-bb9f-896c8fd6ab13,ESCO,1.2.1,http://data.europa.eu/esco/skill/fe39d4db-4cb5-4299-bb9f-896c8fd6ab13,perform market research,esco_skills,exact_title,approved,,canonical_name_exact
canonical:ESCO|esco_skills|http://data.europa.eu/esco/skill/fe4a9fb8-2963-4b23-8a18-e033197304f2,ESCO,1.2.1,http://data.europa.eu/esco/skill/fe4a9fb8-2963-4b23-8a18-e033197304f2,design sensors,esco_skills,exact_title,approved,,canonical_name_exact
canonical:ESCO|esco_skills|http://data.europa.eu/esco/skill/feceacee-d425-4e73-821a-02dfb85084db,ESCO,1.2.1,http://data.europa.eu/esco/skill/feceacee-d425-4e73-821a-02dfb85084db,control production,esco_skills,exact_title,approved,,canonical_name_exact
canonical:ESCO|esco_skills|http://data.europa.eu/esco/skill/fecf8a0d-62c4-4e71-9b03-0f4fc2ad7bf5,ESCO,1.2.1,http://data.europa.eu/esco/skill/fecf8a0d-62c4-4e71-9b03-0f4fc2ad7bf5,data models,esco_skills,exact_title,approved,,canonical_name_exact
canonical:ESCO|esco_skills|http://data.europa.eu/esco/skill/ff599c4c-f7bc-44fc-b75f-eea4b7178692,ESCO,1.2.1,http://data.europa.eu/esco/skill/ff599c4c-f7bc-44fc-b75f-eea4b7178692,management systems standards,esco_skills,exact_title,approved,,canonical_name_exact
canonical:ESCO|esco_skills|http://data.europa.eu/esco/skill/ff64e9fc-36dd-4035-872a-83aa41dc1ad9,ESCO,1.2.1,http://data.europa.eu/esco/skill/ff64e9fc-36dd-4035-872a-83aa41dc1ad9,communicate with a non-scientific audience,esco_skills,exact_title,approved,,canonical_name_exact
canonical:ESCO|esco_skills|http://data.europa.eu/esco/skill/ffa1d58b-ba09-49bd-a982-e743b2237006,ESCO,1.2.1,http://data.europa.eu/esco/skill/ffa1d58b-ba09-49bd-a982-e743b2237006,perform energy simulations,esco_skills,exact_title,approved,,canonical_name_exact
canonical:ESCO|esco_skills|http://data.europa.eu/esco/skill/ffc1e455-ced2-4e67-bdb3-1c50f9683859,ESCO,1.2.1,http://data.europa.eu/esco/skill/ffc1e455-ced2-4e67-bdb3-1c50f9683859,Capture One,esco_skills,exact_title,approved,,canonical_name_exact
canonical:ESCO|esco_skills|http://data.europa.eu/esco/skill/ffef5eb3-a15e-47f5-8c2f-490516c16f6f,ESCO,1.2.1,http://data.europa.eu/esco/skill/ffef5eb3-a15e-47f5-8c2f-490516c16f6f,remediate healthcare user's occupational performance,esco_skills,exact_title,approved,,canonical_name_exact
canonical:ESCO|esco_skills|http://data.europa.eu/esco/skill/fff0e2cd-d0bd-4b02-9daf-158b79d9688a,ESCO,1.2.1,http://data.europa.eu/esco/skill/fff0e2cd-d0bd-4b02-9daf-158b79d9688a,natural language processing,esco_skills,exact_title,approved,,canonical_name_exact
canonical:O*NET Database|onet_essential_skills|2.A.1.a,O*NET Database,31.0,2.A.1.a,Reading Comprehension,onet_essential_skills,exact_title,approved,,canonical_name_exact
canonical:O*NET Database|onet_essential_skills|2.A.1.b,ESCO,1.2.1,http://data.europa.eu/esco/skill/a17286c5-238d-4f0b-bc24-29e9121345de,listen actively,esco_skills,normalized_title,approved,,approved_exact_alias
canonical:O*NET Database|onet_essential_skills|2.A.1.b,O*NET Database,31.0,2.A.1.b,Active Listening,onet_essential_skills,exact_title,approved,,canonical_name_exact
canonical:O*NET Database|onet_essential_skills|2.A.1.c,O*NET Database,31.0,2.A.1.c,Writing,onet_essential_skills,exact_title,approved,,canonical_name_exact
canonical:O*NET Database|onet_essential_skills|2.A.1.d,O*NET Database,31.0,2.A.1.d,Speaking,onet_essential_skills,exact_title,approved,,canonical_name_exact
canonical:O*NET Database|onet_essential_skills|2.A.1.e,O*NET Database,31.0,2.A.1.e,Mathematics,onet_essential_skills,exact_title,approved,,canonical_name_exact
canonical:O*NET Database|onet_essential_skills|2.A.1.f,O*NET Database,31.0,2.A.1.f,Science,onet_essential_skills,exact_title,approved,,canonical_name_exact
canonical:O*NET Database|onet_essential_skills|2.A.2.a,O*NET Database,31.0,2.A.2.a,Critical Thinking,onet_essential_skills,exact_title,approved,,canonical_name_exact
canonical:O*NET Database|onet_essential_skills|2.A.2.b,O*NET Database,31.0,2.A.2.b,Active Learning,onet_essential_skills,exact_title,approved,,canonical_name_exact
canonical:O*NET Database|onet_essential_skills|2.A.2.c,O*NET Database,31.0,2.A.2.c,Learning Strategies,onet_essential_skills,exact_title,approved,,canonical_name_exact
canonical:O*NET Database|onet_essential_skills|2.A.2.d,O*NET Database,31.0,2.A.2.d,Monitoring,onet_essential_skills,exact_title,approved,,canonical_name_exact
canonical:O*NET Database|onet_knowledge|2.C.1.a,O*NET Database,31.0,2.C.1.a,Administration and Management,onet_knowledge,exact_title,approved,,canonical_name_exact
canonical:O*NET Database|onet_knowledge|2.C.1.b,O*NET Database,31.0,2.C.1.b,Administrative,onet_knowledge,exact_title,approved,,canonical_name_exact
canonical:O*NET Database|onet_knowledge|2.C.1.c,O*NET Database,31.0,2.C.1.c,Economics and Accounting,onet_knowledge,exact_title,approved,,canonical_name_exact
canonical:O*NET Database|onet_knowledge|2.C.1.d,O*NET Database,31.0,2.C.1.d,Sales and Marketing,onet_knowledge,exact_title,approved,,canonical_name_exact
canonical:O*NET Database|onet_knowledge|2.C.1.e,O*NET Database,31.0,2.C.1.e,Customer and Personal Service,onet_knowledge,exact_title,approved,,canonical_name_exact
canonical:O*NET Database|onet_knowledge|2.C.1.f,O*NET Database,31.0,2.C.1.f,Personnel and Human Resources,onet_knowledge,exact_title,approved,,canonical_name_exact
canonical:O*NET Database|onet_knowledge|2.C.10,O*NET Database,31.0,2.C.10,Transportation,onet_knowledge,exact_title,approved,,canonical_name_exact
canonical:O*NET Database|onet_knowledge|2.C.2.a,ESCO,1.2.1,http://data.europa.eu/esco/skill/12c7b323-d870-4f5b-9d7d-d9f525206d77,production processes,esco_skills,manual,approved,,approved_manual_normalization
canonical:O*NET Database|onet_knowledge|2.C.2.a,O*NET Database,31.0,2.C.2.a,Production and Processing,onet_knowledge,exact_title,approved,,canonical_name_exact
canonical:O*NET Database|onet_knowledge|2.C.2.b,O*NET Database,31.0,2.C.2.b,Food Production,onet_knowledge,exact_title,approved,,canonical_name_exact
canonical:O*NET Database|onet_knowledge|2.C.3.a,O*NET Database,31.0,2.C.3.a,Computers and Electronics,onet_knowledge,exact_title,approved,,canonical_name_exact
canonical:O*NET Database|onet_knowledge|2.C.3.b,O*NET Database,31.0,2.C.3.b,Engineering and Technology,onet_knowledge,exact_title,approved,,canonical_name_exact
canonical:O*NET Database|onet_knowledge|2.C.3.c,O*NET Database,31.0,2.C.3.c,Design,onet_knowledge,exact_title,approved,,canonical_name_exact
canonical:O*NET Database|onet_knowledge|2.C.3.d,O*NET Database,31.0,2.C.3.d,Building and Construction,onet_knowledge,exact_title,approved,,canonical_name_exact
canonical:O*NET Database|onet_knowledge|2.C.3.e,O*NET Database,31.0,2.C.3.e,Mechanical,onet_knowledge,exact_title,approved,,canonical_name_exact
canonical:O*NET Database|onet_knowledge|2.C.4.a,ESCO,1.2.1,http://data.europa.eu/esco/skill/4339176e-3acd-4f7f-a5d9-445bee3d23f2,mathematics,esco_skills,manual,approved,,approved_name_disambiguation
canonical:O*NET Database|onet_knowledge|2.C.4.a,O*NET Database,31.0,2.C.4.a,Mathematics,onet_knowledge,manual,approved,,approved_name_disambiguation
canonical:O*NET Database|onet_knowledge|2.C.4.b,ESCO,1.2.1,http://data.europa.eu/esco/skill/692ace70-7f97-4214-92bd-88f7637d8a44,physics,esco_skills,exact_title,approved,,canonical_name_exact
canonical:O*NET Database|onet_knowledge|2.C.4.b,O*NET Database,31.0,2.C.4.b,Physics,onet_knowledge,exact_title,approved,,canonical_name_exact
canonical:O*NET Database|onet_knowledge|2.C.4.c,ESCO,1.2.1,http://data.europa.eu/esco/skill/cde9911c-f92e-4de1-811f-336e177ac4ce,chemistry,esco_skills,exact_title,approved,,canonical_name_exact
canonical:O*NET Database|onet_knowledge|2.C.4.c,O*NET Database,31.0,2.C.4.c,Chemistry,onet_knowledge,exact_title,approved,,canonical_name_exact
canonical:O*NET Database|onet_knowledge|2.C.4.d,O*NET Database,31.0,2.C.4.d,Biology,onet_knowledge,exact_title,approved,,canonical_name_exact
canonical:O*NET Database|onet_knowledge|2.C.4.e,ESCO,1.2.1,http://data.europa.eu/esco/skill/bfe4f330-d595-48c7-ab3c-f309471d6953,psychology,esco_skills,exact_title,approved,,canonical_name_exact
canonical:O*NET Database|onet_knowledge|2.C.4.e,O*NET Database,31.0,2.C.4.e,Psychology,onet_knowledge,exact_title,approved,,canonical_name_exact
canonical:O*NET Database|onet_knowledge|2.C.4.f,O*NET Database,31.0,2.C.4.f,Sociology and Anthropology,onet_knowledge,exact_title,approved,,canonical_name_exact
canonical:O*NET Database|onet_knowledge|2.C.4.g,O*NET Database,31.0,2.C.4.g,Geography,onet_knowledge,exact_title,approved,,canonical_name_exact
canonical:O*NET Database|onet_knowledge|2.C.5.a,O*NET Database,31.0,2.C.5.a,Medicine and Dentistry,onet_knowledge,exact_title,approved,,canonical_name_exact
canonical:O*NET Database|onet_knowledge|2.C.5.b,O*NET Database,31.0,2.C.5.b,Therapy and Counseling,onet_knowledge,exact_title,approved,,canonical_name_exact
canonical:O*NET Database|onet_knowledge|2.C.6,O*NET Database,31.0,2.C.6,Education and Training,onet_knowledge,exact_title,approved,,canonical_name_exact
canonical:O*NET Database|onet_knowledge|2.C.7.a,O*NET Database,31.0,2.C.7.a,English Language,onet_knowledge,exact_title,approved,,canonical_name_exact
canonical:O*NET Database|onet_knowledge|2.C.7.b,O*NET Database,31.0,2.C.7.b,Foreign Language,onet_knowledge,exact_title,approved,,canonical_name_exact
canonical:O*NET Database|onet_knowledge|2.C.7.c,O*NET Database,31.0,2.C.7.c,Fine Arts,onet_knowledge,exact_title,approved,,canonical_name_exact
canonical:O*NET Database|onet_knowledge|2.C.7.d,O*NET Database,31.0,2.C.7.d,History and Archeology,onet_knowledge,exact_title,approved,,canonical_name_exact
canonical:O*NET Database|onet_knowledge|2.C.7.e,O*NET Database,31.0,2.C.7.e,Philosophy and Theology,onet_knowledge,exact_title,approved,,canonical_name_exact
canonical:O*NET Database|onet_knowledge|2.C.8.a,O*NET Database,31.0,2.C.8.a,Public Safety and Security,onet_knowledge,exact_title,approved,,canonical_name_exact
canonical:O*NET Database|onet_knowledge|2.C.8.b,O*NET Database,31.0,2.C.8.b,Law and Government,onet_knowledge,exact_title,approved,,canonical_name_exact
canonical:O*NET Database|onet_knowledge|2.C.9.a,O*NET Database,31.0,2.C.9.a,Telecommunications,onet_knowledge,exact_title,approved,,canonical_name_exact
canonical:O*NET Database|onet_knowledge|2.C.9.b,O*NET Database,31.0,2.C.9.b,Communications and Media,onet_knowledge,exact_title,approved,,canonical_name_exact
canonical:O*NET Database|onet_software_skills|2.E.1.a|Help desk software,O*NET Database,31.0,2.E.1.a|Help desk software,Help desk software,onet_software_skills,exact_title,approved,,canonical_name_exact
canonical:O*NET Database|onet_software_skills|2.E.1.c|ADP Workforce Now,O*NET Database,31.0,2.E.1.c|ADP Workforce Now,ADP Workforce Now,onet_software_skills,exact_title,approved,,canonical_name_exact
canonical:O*NET Database|onet_software_skills|2.E.1.c|AST Staff Matrix,O*NET Database,31.0,2.E.1.c|AST Staff Matrix,AST Staff Matrix,onet_software_skills,exact_title,approved,,canonical_name_exact
canonical:O*NET Database|onet_software_skills|2.E.1.c|Adobe Human Capital Application Solution Accelerator,O*NET Database,31.0,2.E.1.c|Adobe Human Capital Application Solution Accelerator,Adobe Human Capital Application Solution Accelerator,onet_software_skills,exact_title,approved,,canonical_name_exact
canonical:O*NET Database|onet_software_skills|2.E.1.c|Applicant tracking software,O*NET Database,31.0,2.E.1.c|Applicant tracking software,Applicant tracking software,onet_software_skills,exact_title,approved,,canonical_name_exact
canonical:O*NET Database|onet_software_skills|2.E.1.c|ApplicantPro iApplicants,O*NET Database,31.0,2.E.1.c|ApplicantPro iApplicants,ApplicantPro iApplicants,onet_software_skills,exact_title,approved,,canonical_name_exact
canonical:O*NET Database|onet_software_skills|2.E.1.c|Arbita OnePost,O*NET Database,31.0,2.E.1.c|Arbita OnePost,Arbita OnePost,onet_software_skills,exact_title,approved,,canonical_name_exact
canonical:O*NET Database|onet_software_skills|2.E.1.c|Arbita OneWorld,O*NET Database,31.0,2.E.1.c|Arbita OneWorld,Arbita OneWorld,onet_software_skills,exact_title,approved,,canonical_name_exact
canonical:O*NET Database|onet_software_skills|2.E.1.c|Background checking software,O*NET Database,31.0,2.E.1.c|Background checking software,Background checking software,onet_software_skills,exact_title,approved,,canonical_name_exact
canonical:O*NET Database|onet_software_skills|2.E.1.c|BlackDog Recruiting,O*NET Database,31.0,2.E.1.c|BlackDog Recruiting,BlackDog Recruiting,onet_software_skills,exact_title,approved,,canonical_name_exact
canonical:O*NET Database|onet_software_skills|2.E.1.c|Blackdog,O*NET Database,31.0,2.E.1.c|Blackdog,Blackdog,onet_software_skills,exact_title,approved,,canonical_name_exact
canonical:O*NET Database|onet_software_skills|2.E.1.c|Bond International Adapt Staffing,O*NET Database,31.0,2.E.1.c|Bond International Adapt Staffing,Bond International Adapt Staffing,onet_software_skills,exact_title,approved,,canonical_name_exact
canonical:O*NET Database|onet_software_skills|2.E.1.c|Bond International Software Bond StaffSuite,O*NET Database,31.0,2.E.1.c|Bond International Software Bond StaffSuite,Bond International Software Bond StaffSuite,onet_software_skills,exact_title,approved,,canonical_name_exact
canonical:O*NET Database|onet_software_skills|2.E.1.c|BrightMove Applicant Tracking System,O*NET Database,31.0,2.E.1.c|BrightMove Applicant Tracking System,BrightMove Applicant Tracking System,onet_software_skills,exact_title,approved,,canonical_name_exact
canonical:O*NET Database|onet_software_skills|2.E.1.c|Bullhorn Applicant Tracking System,O*NET Database,31.0,2.E.1.c|Bullhorn Applicant Tracking System,Bullhorn Applicant Tracking System,onet_software_skills,exact_title,approved,,canonical_name_exact
canonical:O*NET Database|onet_software_skills|2.E.1.c|COATSsql,O*NET Database,31.0,2.E.1.c|COATSsql,COATSsql,onet_software_skills,exact_title,approved,,canonical_name_exact
canonical:O*NET Database|onet_software_skills|2.E.1.c|CPSI EHR System,O*NET Database,31.0,2.E.1.c|CPSI EHR System,CPSI EHR System,onet_software_skills,exact_title,approved,,canonical_name_exact
canonical:O*NET Database|onet_software_skills|2.E.1.c|CVTracer,O*NET Database,31.0,2.E.1.c|CVTracer,CVTracer,onet_software_skills,exact_title,approved,,canonical_name_exact
canonical:O*NET Database|onet_software_skills|2.E.1.c|Candidate screening software,O*NET Database,31.0,2.E.1.c|Candidate screening software,Candidate screening software,onet_software_skills,exact_title,approved,,canonical_name_exact
canonical:O*NET Database|onet_software_skills|2.E.1.c|Candidate tracking software,O*NET Database,31.0,2.E.1.c|Candidate tracking software,Candidate tracking software,onet_software_skills,exact_title,approved,,canonical_name_exact
canonical:O*NET Database|onet_software_skills|2.E.1.c|Careerbuilder.com,O*NET Database,31.0,2.E.1.c|Careerbuilder.com,Careerbuilder.com,onet_software_skills,exact_title,approved,,canonical_name_exact
canonical:O*NET Database|onet_software_skills|2.E.1.c|Ceridian Dayforce enterprise HCM,O*NET Database,31.0,2.E.1.c|Ceridian Dayforce enterprise HCM,Ceridian Dayforce enterprise HCM,onet_software_skills,exact_title,approved,,canonical_name_exact
canonical:O*NET Database|onet_software_skills|2.E.1.c|Cluen Encore,O*NET Database,31.0,2.E.1.c|Cluen Encore,Cluen Encore,onet_software_skills,exact_title,approved,,canonical_name_exact
canonical:O*NET Database|onet_software_skills|2.E.1.c|Cluen executive recruitment software,O*NET Database,31.0,2.E.1.c|Cluen executive recruitment software,Cluen executive recruitment software,onet_software_skills,exact_title,approved,,canonical_name_exact
canonical:O*NET Database|onet_software_skills|2.E.1.c|DGCC.com RecruitTrack,O*NET Database,31.0,2.E.1.c|DGCC.com RecruitTrack,DGCC.com RecruitTrack,onet_software_skills,exact_title,approved,,canonical_name_exact
canonical:O*NET Database|onet_software_skills|2.E.1.c|Data Frenzy,O*NET Database,31.0,2.E.1.c|Data Frenzy,Data Frenzy,onet_software_skills,exact_title,approved,,canonical_name_exact
canonical:O*NET Database|onet_software_skills|2.E.1.c|Ellucian Banner Human Resources,O*NET Database,31.0,2.E.1.c|Ellucian Banner Human Resources,Ellucian Banner Human Resources,onet_software_skills,exact_title,approved,,canonical_name_exact
canonical:O*NET Database|onet_software_skills|2.E.1.c|GoBackgrounds,O*NET Database,31.0,2.E.1.c|GoBackgrounds,GoBackgrounds,onet_software_skills,exact_title,approved,,canonical_name_exact
canonical:O*NET Database|onet_software_skills|2.E.1.c|HRM Direct,O*NET Database,31.0,2.E.1.c|HRM Direct,HRM Direct,onet_software_skills,exact_title,approved,,canonical_name_exact
canonical:O*NET Database|onet_software_skills|2.E.1.c|HireAbility ResumeParser,O*NET Database,31.0,2.E.1.c|HireAbility ResumeParser,HireAbility ResumeParser,onet_software_skills,exact_title,approved,,canonical_name_exact
canonical:O*NET Database|onet_software_skills|2.E.1.c|HireLogic PowerPlace,O*NET Database,31.0,2.E.1.c|HireLogic PowerPlace,HireLogic PowerPlace,onet_software_skills,exact_title,approved,,canonical_name_exact
canonical:O*NET Database|onet_software_skills|2.E.1.c|Human resource information system (HRIS),O*NET Database,31.0,2.E.1.c|Human resource information system (HRIS),Human resource information system (HRIS),onet_software_skills,exact_title,approved,,canonical_name_exact
canonical:O*NET Database|onet_software_skills|2.E.1.c|Human resource management software HRMS,O*NET Database,31.0,2.E.1.c|Human resource management software HRMS,Human resource management software HRMS,onet_software_skills,exact_title,approved,,canonical_name_exact
canonical:O*NET Database|onet_software_skills|2.E.1.c|ICIMS,O*NET Database,31.0,2.E.1.c|ICIMS,ICIMS,onet_software_skills,exact_title,approved,,canonical_name_exact
canonical:O*NET Database|onet_software_skills|2.E.1.c|Industrial Code Recruitpoint.net,O*NET Database,31.0,2.E.1.c|Industrial Code Recruitpoint.net,Industrial Code Recruitpoint.net,onet_software_skills,exact_title,approved,,canonical_name_exact
canonical:O*NET Database|onet_software_skills|2.E.1.c|Intelius,O*NET Database,31.0,2.E.1.c|Intelius,Intelius,onet_software_skills,exact_title,approved,,canonical_name_exact
canonical:O*NET Database|onet_software_skills|2.E.1.c|Intelligent Algorithms InfoGIST Platinum Recruiter,O*NET Database,31.0,2.E.1.c|Intelligent Algorithms InfoGIST Platinum Recruiter,Intelligent Algorithms InfoGIST Platinum Recruiter,onet_software_skills,exact_title,approved,,canonical_name_exact
canonical:O*NET Database|onet_software_skills|2.E.1.c|Internet Grievance System IGS,O*NET Database,31.0,2.E.1.c|Internet Grievance System IGS,Internet Grievance System IGS,onet_software_skills,exact_title,approved,,canonical_name_exact
canonical:O*NET Database|onet_software_skills|2.E.1.c|Job posting software,O*NET Database,31.0,2.E.1.c|Job posting software,Job posting software,onet_software_skills,exact_title,approved,,canonical_name_exact
canonical:O*NET Database|onet_software_skills|2.E.1.c|Kronos Workforce HR,O*NET Database,31.0,2.E.1.c|Kronos Workforce HR,Kronos Workforce HR,onet_software_skills,exact_title,approved,,canonical_name_exact
canonical:O*NET Database|onet_software_skills|2.E.1.c|LaborSoft LaborForce Arbitration/Appeals Manager module,O*NET Database,31.0,2.E.1.c|LaborSoft LaborForce Arbitration/Appeals Manager module,LaborSoft LaborForce Arbitration/Appeals Manager module,onet_software_skills,exact_title,approved,,canonical_name_exact
canonical:O*NET Database|onet_software_skills|2.E.1.c|LaborSoft LaborForce Discipline Manager module,O*NET Database,31.0,2.E.1.c|LaborSoft LaborForce Discipline Manager module,LaborSoft LaborForce Discipline Manager module,onet_software_skills,exact_title,approved,,canonical_name_exact
canonical:O*NET Database|onet_software_skills|2.E.1.c|LaborSoft LaborForce EEO Claims Manager module,O*NET Database,31.0,2.E.1.c|LaborSoft LaborForce EEO Claims Manager module,LaborSoft LaborForce EEO Claims Manager module,onet_software_skills,exact_title,approved,,canonical_name_exact
canonical:O*NET Database|onet_software_skills|2.E.1.c|LaborSoft LaborForce Grievance Manager module,O*NET Database,31.0,2.E.1.c|LaborSoft LaborForce Grievance Manager module,LaborSoft LaborForce Grievance Manager module,onet_software_skills,exact_title,approved,,canonical_name_exact
canonical:O*NET Database|onet_software_skills|2.E.1.c|LaborSoft LaborForce Incident Tracking module,O*NET Database,31.0,2.E.1.c|LaborSoft LaborForce Incident Tracking module,LaborSoft LaborForce Incident Tracking module,onet_software_skills,exact_title,approved,,canonical_name_exact
canonical:O*NET Database|onet_software_skills|2.E.1.c|LaborSoft LaborForce Personnel Manager module,O*NET Database,31.0,2.E.1.c|LaborSoft LaborForce Personnel Manager module,LaborSoft LaborForce Personnel Manager module,onet_software_skills,exact_title,approved,,canonical_name_exact
canonical:O*NET Database|onet_software_skills|2.E.1.c|LaborSoft LaborForce Reporting/Dashboard Manager module,O*NET Database,31.0,2.E.1.c|LaborSoft LaborForce Reporting/Dashboard Manager module,LaborSoft LaborForce Reporting/Dashboard Manager module,onet_software_skills,exact_title,approved,,canonical_name_exact
canonical:O*NET Database|onet_software_skills|2.E.1.c|Lawson Human Resource Management,O*NET Database,31.0,2.E.1.c|Lawson Human Resource Management,Lawson Human Resource Management,onet_software_skills,exact_title,approved,,canonical_name_exact
canonical:O*NET Database|onet_software_skills|2.E.1.c|Main Sequence Technologies PCRecruiter,O*NET Database,31.0,2.E.1.c|Main Sequence Technologies PCRecruiter,Main Sequence Technologies PCRecruiter,onet_software_skills,exact_title,approved,,canonical_name_exact
canonical:O*NET Database|onet_software_skills|2.E.1.c|Main Sequence Technologies PCRecruiter Resume Inhaler,O*NET Database,31.0,2.E.1.c|Main Sequence Technologies PCRecruiter Resume Inhaler,Main Sequence Technologies PCRecruiter Resume Inhaler,onet_software_skills,exact_title,approved,,canonical_name_exact
canonical:O*NET Database|onet_software_skills|2.E.1.c|Micro J Systems PcHunter,O*NET Database,31.0,2.E.1.c|Micro J Systems PcHunter,Micro J Systems PcHunter,onet_software_skills,exact_title,approved,,canonical_name_exact
canonical:O*NET Database|onet_software_skills|2.E.1.c|Micropact entellitrak Labor Relations Edition,O*NET Database,31.0,2.E.1.c|Micropact entellitrak Labor Relations Edition,Micropact entellitrak Labor Relations Edition,onet_software_skills,exact_title,approved,,canonical_name_exact
canonical:O*NET Database|onet_software_skills|2.E.1.c|Oracle HRIS,O*NET Database,31.0,2.E.1.c|Oracle HRIS,Oracle HRIS,onet_software_skills,exact_title,approved,,canonical_name_exact
canonical:O*NET Database|onet_software_skills|2.E.1.c|Oracle Taleo,O*NET Database,31.0,2.E.1.c|Oracle Taleo,Oracle Taleo,onet_software_skills,exact_title,approved,,canonical_name_exact
canonical:O*NET Database|onet_software_skills|2.E.1.c|Personnel scheduling software,O*NET Database,31.0,2.E.1.c|Personnel scheduling software,Personnel scheduling software,onet_software_skills,exact_title,approved,,canonical_name_exact
canonical:O*NET Database|onet_software_skills|2.E.1.c|Post Once,O*NET Database,31.0,2.E.1.c|Post Once,Post Once,onet_software_skills,exact_title,approved,,canonical_name_exact
canonical:O*NET Database|onet_software_skills|2.E.1.c|PostingPal,O*NET Database,31.0,2.E.1.c|PostingPal,PostingPal,onet_software_skills,exact_title,approved,,canonical_name_exact
canonical:O*NET Database|onet_software_skills|2.E.1.c|PowerPlace Professional,O*NET Database,31.0,2.E.1.c|PowerPlace Professional,PowerPlace Professional,onet_software_skills,exact_title,approved,,canonical_name_exact
canonical:O*NET Database|onet_software_skills|2.E.1.c|Recruit Wizard,O*NET Database,31.0,2.E.1.c|Recruit Wizard,Recruit Wizard,onet_software_skills,exact_title,approved,,canonical_name_exact
canonical:O*NET Database|onet_software_skills|2.E.1.c|RecruitTrack,O*NET Database,31.0,2.E.1.c|RecruitTrack,RecruitTrack,onet_software_skills,exact_title,approved,,canonical_name_exact
canonical:O*NET Database|onet_software_skills|2.E.1.c|Recruitment management software,O*NET Database,31.0,2.E.1.c|Recruitment management software,Recruitment management software,onet_software_skills,exact_title,approved,,canonical_name_exact
canonical:O*NET Database|onet_software_skills|2.E.1.c|Recruitpoint.net,O*NET Database,31.0,2.E.1.c|Recruitpoint.net,Recruitpoint.net,onet_software_skills,exact_title,approved,,canonical_name_exact
canonical:O*NET Database|onet_software_skills|2.E.1.c|Resource Edge TalentHook Sphere,O*NET Database,31.0,2.E.1.c|Resource Edge TalentHook Sphere,Resource Edge TalentHook Sphere,onet_software_skills,exact_title,approved,,canonical_name_exact
canonical:O*NET Database|onet_software_skills|2.E.1.c|Resume converter software,O*NET Database,31.0,2.E.1.c|Resume converter software,Resume converter software,onet_software_skills,exact_title,approved,,canonical_name_exact
canonical:O*NET Database|onet_software_skills|2.E.1.c|Resume extraction and search software,O*NET Database,31.0,2.E.1.c|Resume extraction and search software,Resume extraction and search software,onet_software_skills,exact_title,approved,,canonical_name_exact
canonical:O*NET Database|onet_software_skills|2.E.1.c|Resume processing software,O*NET Database,31.0,2.E.1.c|Resume processing software,Resume processing software,onet_software_skills,exact_title,approved,,canonical_name_exact
canonical:O*NET Database|onet_software_skills|2.E.1.c|ResumeRobot,O*NET Database,31.0,2.E.1.c|ResumeRobot,ResumeRobot,onet_software_skills,exact_title,approved,,canonical_name_exact
canonical:O*NET Database|onet_software_skills|2.E.1.c|SAP ERP Human Capital Management,O*NET Database,31.0,2.E.1.c|SAP ERP Human Capital Management,SAP ERP Human Capital Management,onet_software_skills,exact_title,approved,,canonical_name_exact
canonical:O*NET Database|onet_software_skills|2.E.1.c|Safari Software Products Safari,O*NET Database,31.0,2.E.1.c|Safari Software Products Safari,Safari Software Products Safari,onet_software_skills,exact_title,approved,,canonical_name_exact
canonical:O*NET Database|onet_software_skills|2.E.1.c|Sage HRMS,O*NET Database,31.0,2.E.1.c|Sage HRMS,Sage HRMS,onet_software_skills,exact_title,approved,,canonical_name_exact
canonical:O*NET Database|onet_software_skills|2.E.1.c|Sendouts Recruiting,O*NET Database,31.0,2.E.1.c|Sendouts Recruiting,Sendouts Recruiting,onet_software_skills,exact_title,approved,,canonical_name_exact
canonical:O*NET Database|onet_software_skills|2.E.1.c|Silk Road technology OpenHire,O*NET Database,31.0,2.E.1.c|Silk Road technology OpenHire,Silk Road technology OpenHire,onet_software_skills,exact_title,approved,,canonical_name_exact
canonical:O*NET Database|onet_software_skills|2.E.1.c|Staffing Solutions Enterprises Staff Matrix,O*NET Database,31.0,2.E.1.c|Staffing Solutions Enterprises Staff Matrix,Staffing Solutions Enterprises Staff Matrix,onet_software_skills,exact_title,approved,,canonical_name_exact
canonical:O*NET Database|onet_software_skills|2.E.1.c|StaffingSoft Staffing Edition,O*NET Database,31.0,2.E.1.c|StaffingSoft Staffing Edition,StaffingSoft Staffing Edition,onet_software_skills,exact_title,approved,,canonical_name_exact
canonical:O*NET Database|onet_software_skills|2.E.1.c|Talent Technology HireDesk,O*NET Database,31.0,2.E.1.c|Talent Technology HireDesk,Talent Technology HireDesk,onet_software_skills,exact_title,approved,,canonical_name_exact
canonical:O*NET Database|onet_software_skills|2.E.1.c|Talent Technology Resume Mirror,O*NET Database,31.0,2.E.1.c|Talent Technology Resume Mirror,Talent Technology Resume Mirror,onet_software_skills,exact_title,approved,,canonical_name_exact
canonical:O*NET Database|onet_software_skills|2.E.1.c|Talent Technology Talemetry,O*NET Database,31.0,2.E.1.c|Talent Technology Talemetry,Talent Technology Talemetry,onet_software_skills,exact_title,approved,,canonical_name_exact
canonical:O*NET Database|onet_software_skills|2.E.1.c|TalentHook,O*NET Database,31.0,2.E.1.c|TalentHook,TalentHook,onet_software_skills,exact_title,approved,,canonical_name_exact
canonical:O*NET Database|onet_software_skills|2.E.1.c|Technomedia Hodes iQ,O*NET Database,31.0,2.E.1.c|Technomedia Hodes iQ,Technomedia Hodes iQ,onet_software_skills,exact_title,approved,,canonical_name_exact
canonical:O*NET Database|onet_software_skills|2.E.1.c|TempWorks recruiting and staffing software,O*NET Database,31.0,2.E.1.c|TempWorks recruiting and staffing software,TempWorks recruiting and staffing software,onet_software_skills,exact_title,approved,,canonical_name_exact
canonical:O*NET Database|onet_software_skills|2.E.1.c|VCG Pointwing,O*NET Database,31.0,2.E.1.c|VCG Pointwing,VCG Pointwing,onet_software_skills,exact_title,approved,,canonical_name_exact
canonical:O*NET Database|onet_software_skills|2.E.1.c|eQuest,O*NET Database,31.0,2.E.1.c|eQuest,eQuest,onet_software_skills,exact_title,approved,,canonical_name_exact
canonical:O*NET Database|onet_software_skills|2.E.1.d|3PL Central,O*NET Database,31.0,2.E.1.d|3PL Central,3PL Central,onet_software_skills,exact_title,approved,,canonical_name_exact
canonical:O*NET Database|onet_software_skills|2.E.1.d|Bill of materials software,O*NET Database,31.0,2.E.1.d|Bill of materials software,Bill of materials software,onet_software_skills,exact_title,approved,,canonical_name_exact
canonical:O*NET Database|onet_software_skills|2.E.1.d|Cadre Technologies Accuplus Integrated Distribution Logistics System,O*NET Database,31.0,2.E.1.d|Cadre Technologies Accuplus Integrated Distribution Logistics System,Cadre Technologies Accuplus Integrated Distribution Logistics System,onet_software_skills,exact_title,approved,,canonical_name_exact
canonical:O*NET Database|onet_software_skills|2.E.1.d|Fleet management software,O*NET Database,31.0,2.E.1.d|Fleet management software,Fleet management software,onet_software_skills,exact_title,approved,,canonical_name_exact
canonical:O*NET Database|onet_software_skills|2.E.1.d|Four Soft 4S VisiLog,O*NET Database,31.0,2.E.1.d|Four Soft 4S VisiLog,Four Soft 4S VisiLog,onet_software_skills,exact_title,approved,,canonical_name_exact
canonical:O*NET Database|onet_software_skills|2.E.1.d|Four Soft 4S eLog,O*NET Database,31.0,2.E.1.d|Four Soft 4S eLog,Four Soft 4S eLog,onet_software_skills,exact_title,approved,,canonical_name_exact
canonical:O*NET Database|onet_software_skills|2.E.1.d|IntelliTrack 3PL,O*NET Database,31.0,2.E.1.d|IntelliTrack 3PL,IntelliTrack 3PL,onet_software_skills,exact_title,approved,,canonical_name_exact
canonical:O*NET Database|onet_software_skills|2.E.1.d|Logisuite Enterprise,O*NET Database,31.0,2.E.1.d|Logisuite Enterprise,Logisuite Enterprise,onet_software_skills,exact_title,approved,,canonical_name_exact
canonical:O*NET Database|onet_software_skills|2.E.1.d|Logisuite Forwarder,O*NET Database,31.0,2.E.1.d|Logisuite Forwarder,Logisuite Forwarder,onet_software_skills,exact_title,approved,,canonical_name_exact
canonical:O*NET Database|onet_software_skills|2.E.1.d|Materials requirement planning MRP software,O*NET Database,31.0,2.E.1.d|Materials requirement planning MRP software,Materials requirement planning MRP software,onet_software_skills,exact_title,approved,,canonical_name_exact
canonical:O*NET Database|onet_software_skills|2.E.1.d|Oracle E-Business Suite Logistics,O*NET Database,31.0,2.E.1.d|Oracle E-Business Suite Logistics,Oracle E-Business Suite Logistics,onet_software_skills,exact_title,approved,,canonical_name_exact
canonical:O*NET Database|onet_software_skills|2.E.1.d|Production scheduling and planning software,O*NET Database,31.0,2.E.1.d|Production scheduling and planning software,Production scheduling and planning software,onet_software_skills,exact_title,approved,,canonical_name_exact
canonical:O*NET Database|onet_software_skills|2.E.1.d|Supply chain capacity planning software,O*NET Database,31.0,2.E.1.d|Supply chain capacity planning software,Supply chain capacity planning software,onet_software_skills,exact_title,approved,,canonical_name_exact
canonical:O*NET Database|onet_software_skills|2.E.1.d|Warehouse management system WMS,O*NET Database,31.0,2.E.1.d|Warehouse management system WMS,Warehouse management system WMS,onet_software_skills,exact_title,approved,,canonical_name_exact
canonical:O*NET Database|onet_software_skills|2.E.1.d|Warehouse management system WMS,O*NET Database,31.0,2.E.1.f|Warehouse management system WMS,Warehouse management system WMS,onet_software_skills,exact_title,approved,,canonical_name_exact
canonical:O*NET Database|onet_software_skills|2.E.1.e|Atlassian Confluence,O*NET Database,31.0,2.E.1.e|Atlassian Confluence,Atlassian Confluence,onet_software_skills,exact_title,approved,,canonical_name_exact
canonical:O*NET Database|onet_software_skills|2.E.1.e|Basecamp,O*NET Database,31.0,2.E.1.e|Basecamp,Basecamp,onet_software_skills,exact_title,approved,,canonical_name_exact
canonical:O*NET Database|onet_software_skills|2.E.1.e|ClassApps SelectSurveyASP,O*NET Database,31.0,2.E.1.e|ClassApps SelectSurveyASP,ClassApps SelectSurveyASP,onet_software_skills,exact_title,approved,,canonical_name_exact
canonical:O*NET Database|onet_software_skills|2.E.1.e|Cost estimating software,O*NET Database,31.0,2.E.1.e|Cost estimating software,Cost estimating software,onet_software_skills,exact_title,approved,,canonical_name_exact
canonical:O*NET Database|onet_software_skills|2.E.1.e|Cost estimating software,O*NET Database,31.0,2.E.2.d|Cost estimating software,Cost estimating software,onet_software_skills,exact_title,approved,,canonical_name_exact
canonical:O*NET Database|onet_software_skills|2.E.1.e|Microsoft Project,O*NET Database,31.0,2.E.1.e|Microsoft Project,Microsoft Project,onet_software_skills,exact_title,approved,,canonical_name_exact
canonical:O*NET Database|onet_software_skills|2.E.1.e|Microsoft Team Foundation Server,O*NET Database,31.0,2.E.1.e|Microsoft Team Foundation Server,Microsoft Team Foundation Server,onet_software_skills,exact_title,approved,,canonical_name_exact
canonical:O*NET Database|onet_software_skills|2.E.1.e|Microsoft Teams,O*NET Database,31.0,2.E.1.e|Microsoft Teams,Microsoft Teams,onet_software_skills,exact_title,approved,,canonical_name_exact
canonical:O*NET Database|onet_software_skills|2.E.1.e|Oracle Primavera Enterprise Project Portfolio Management,O*NET Database,31.0,2.E.1.e|Oracle Primavera Enterprise Project Portfolio Management,Oracle Primavera Enterprise Project Portfolio Management,onet_software_skills,exact_title,approved,,canonical_name_exact
canonical:O*NET Database|onet_software_skills|2.E.1.e|Perseus SurveySolutions,O*NET Database,31.0,2.E.1.e|Perseus SurveySolutions,Perseus SurveySolutions,onet_software_skills,exact_title,approved,,canonical_name_exact
canonical:O*NET Database|onet_software_skills|2.E.1.e|Process reengineering software,O*NET Database,31.0,2.E.1.e|Process reengineering software,Process reengineering software,onet_software_skills,exact_title,approved,,canonical_name_exact
canonical:O*NET Database|onet_software_skills|2.E.1.e|The Gordian Group PROGEN Online,O*NET Database,31.0,2.E.1.e|The Gordian Group PROGEN Online,The Gordian Group PROGEN Online,onet_software_skills,exact_title,approved,,canonical_name_exact
canonical:O*NET Database|onet_software_skills|2.E.1.e|Yield management systems,O*NET Database,31.0,2.E.1.e|Yield management systems,Yield management systems,onet_software_skills,exact_title,approved,,canonical_name_exact
canonical:O*NET Database|onet_software_skills|2.E.1.f|Asset management software,O*NET Database,31.0,2.E.1.f|Asset management software,Asset management software,onet_software_skills,exact_title,approved,,canonical_name_exact
canonical:O*NET Database|onet_software_skills|2.E.1.f|Inventory control software,O*NET Database,31.0,2.E.1.f|Inventory control software,Inventory control software,onet_software_skills,exact_title,approved,,canonical_name_exact
canonical:O*NET Database|onet_software_skills|2.E.1.f|Inventory management systems,O*NET Database,31.0,2.E.1.f|Inventory management systems,Inventory management systems,onet_software_skills,exact_title,approved,,canonical_name_exact
canonical:O*NET Database|onet_software_skills|2.E.1.f|Manhattan Associates PkMS Pickticket,O*NET Database,31.0,2.E.1.f|Manhattan Associates PkMS Pickticket,Manhattan Associates PkMS Pickticket,onet_software_skills,exact_title,approved,,canonical_name_exact
canonical:O*NET Database|onet_software_skills|2.E.1.f|Oracle Retek,O*NET Database,31.0,2.E.1.f|Oracle Retek,Oracle Retek,onet_software_skills,exact_title,approved,,canonical_name_exact
canonical:O*NET Database|onet_software_skills|2.E.1.i|Ansible software,O*NET Database,31.0,2.E.1.i|Ansible software,Ansible software,onet_software_skills,exact_title,approved,,canonical_name_exact
canonical:O*NET Database|onet_software_skills|2.E.1.i|Apache Mahout,O*NET Database,31.0,2.E.1.i|Apache Mahout,Apache Mahout,onet_software_skills,exact_title,approved,,canonical_name_exact
canonical:O*NET Database|onet_software_skills|2.E.1.i|Decision support software,O*NET Database,31.0,2.E.1.i|Decision support software,Decision support software,onet_software_skills,exact_title,approved,,canonical_name_exact
canonical:O*NET Database|onet_software_skills|2.E.1.i|Digivey software (expert system feature),O*NET Database,31.0,2.E.1.i|Digivey software (expert system feature),Digivey software (expert system feature),onet_software_skills,exact_title,approved,,canonical_name_exact
canonical:O*NET Database|onet_software_skills|2.E.1.i|Information Resource Products Clinical Coding Expert,O*NET Database,31.0,2.E.1.i|Information Resource Products Clinical Coding Expert,Information Resource Products Clinical Coding Expert,onet_software_skills,exact_title,approved,,canonical_name_exact
canonical:O*NET Database|onet_software_skills|2.E.1.k|Corel WordPerfect Office Suite,O*NET Database,31.0,2.E.1.k|Corel WordPerfect Office Suite,Corel WordPerfect Office Suite,onet_software_skills,exact_title,approved,,canonical_name_exact
canonical:O*NET Database|onet_software_skills|2.E.1.k|LibreOffice,O*NET Database,31.0,2.E.1.k|LibreOffice,LibreOffice,onet_software_skills,exact_title,approved,,canonical_name_exact
canonical:O*NET Database|onet_software_skills|2.E.1.k|Microsoft Office software,O*NET Database,31.0,2.E.1.k|Microsoft Office software,Microsoft Office software,onet_software_skills,exact_title,approved,,canonical_name_exact
canonical:O*NET Database|onet_software_skills|2.E.1.k|Microsoft Works,O*NET Database,31.0,2.E.1.k|Microsoft Works,Microsoft Works,onet_software_skills,exact_title,approved,,canonical_name_exact
canonical:O*NET Database|onet_software_skills|2.E.1.l|Bing Ads,O*NET Database,31.0,2.E.1.l|Bing Ads,Bing Ads,onet_software_skills,exact_title,approved,,canonical_name_exact
canonical:O*NET Database|onet_software_skills|2.E.1.l|Google Ads,O*NET Database,31.0,2.E.1.l|Google Ads,Google Ads,onet_software_skills,exact_title,approved,,canonical_name_exact
canonical:O*NET Database|onet_software_skills|2.E.1.l|Google Search Ads 360,O*NET Database,31.0,2.E.1.l|Google Search Ads 360,Google Search Ads 360,onet_software_skills,exact_title,approved,,canonical_name_exact
canonical:O*NET Database|onet_software_skills|2.E.1.l|Google Tag Manager,O*NET Database,31.0,2.E.1.l|Google Tag Manager,Google Tag Manager,onet_software_skills,exact_title,approved,,canonical_name_exact
canonical:O*NET Database|onet_software_skills|2.E.1.l|HubSpot software,O*NET Database,31.0,2.E.1.l|HubSpot software,HubSpot software,onet_software_skills,exact_title,approved,,canonical_name_exact
canonical:O*NET Database|onet_software_skills|2.E.1.l|Marketo Marketing Automation,O*NET Database,31.0,2.E.1.l|Marketo Marketing Automation,Marketo Marketing Automation,onet_software_skills,exact_title,approved,,canonical_name_exact
canonical:O*NET Database|onet_software_skills|2.E.1.o|Apache Airflow,O*NET Database,31.0,2.E.1.o|Apache Airflow,Apache Airflow,onet_software_skills,exact_title,approved,,canonical_name_exact
canonical:O*NET Database|onet_software_skills|2.E.1.p|Flow chart software,O*NET Database,31.0,2.E.1.p|Flow chart software,Flow chart software,onet_software_skills,exact_title,approved,,canonical_name_exact
canonical:O*NET Database|onet_software_skills|2.E.1.p|InVision software,O*NET Database,31.0,2.E.1.p|InVision software,InVision software,onet_software_skills,exact_title,approved,,canonical_name_exact
canonical:O*NET Database|onet_software_skills|2.E.1.p|Microsoft Visio,ESCO,1.2.1,http://data.europa.eu/esco/skill/86f7126d-97fd-4da5-be96-d1cf6ecd54e6,Microsoft Visio,esco_skills,manual,approved,,approved_cross_type_technology_resolution
canonical:O*NET Database|onet_software_skills|2.E.1.p|Microsoft Visio,O*NET Database,31.0,2.E.1.p|Microsoft Visio,Microsoft Visio,onet_software_skills,exact_title,approved,,canonical_name_exact
canonical:O*NET Database|onet_software_skills|2.E.1.p|Microsoft Visio,O*NET Database,31.0,2.E.4.b|Microsoft Visio,Microsoft Visio,onet_software_skills,exact_title,approved,,canonical_name_exact
canonical:O*NET Database|onet_software_skills|2.E.1.p|ProModel,O*NET Database,31.0,2.E.1.p|ProModel,ProModel,onet_software_skills,exact_title,approved,,canonical_name_exact
canonical:O*NET Database|onet_software_skills|2.E.1.p|Visual Paradigm DB Visual ARCHITECT,O*NET Database,31.0,2.E.1.p|Visual Paradigm DB Visual ARCHITECT,Visual Paradigm DB Visual ARCHITECT,onet_software_skills,exact_title,approved,,canonical_name_exact
canonical:O*NET Database|onet_software_skills|2.E.10.a|Atlassian Bitbucket,O*NET Database,31.0,2.E.10.a|Atlassian Bitbucket,Atlassian Bitbucket,onet_software_skills,exact_title,approved,,canonical_name_exact
canonical:O*NET Database|onet_software_skills|2.E.10.a|Docker,O*NET Database,31.0,2.E.10.a|Docker,Docker,onet_software_skills,exact_title,approved,,canonical_name_exact
canonical:O*NET Database|onet_software_skills|2.E.10.a|GitHub,O*NET Database,31.0,2.E.10.a|GitHub,GitHub,onet_software_skills,exact_title,approved,,canonical_name_exact
canonical:O*NET Database|onet_software_skills|2.E.10.a|GitLab,O*NET Database,31.0,2.E.10.a|GitLab,GitLab,onet_software_skills,exact_title,approved,,canonical_name_exact
canonical:O*NET Database|onet_software_skills|2.E.10.a|Kubernetes,O*NET Database,31.0,2.E.10.a|Kubernetes,Kubernetes,onet_software_skills,exact_title,approved,,canonical_name_exact
canonical:O*NET Database|onet_software_skills|2.E.10.a|Microservices Architecture,O*NET Database,31.0,2.E.10.a|Microservices Architecture,Microservices Architecture,onet_software_skills,exact_title,approved,,canonical_name_exact
canonical:O*NET Database|onet_software_skills|2.E.10.a|Oracle Application Server,O*NET Database,31.0,2.E.10.a|Oracle Application Server,Oracle Application Server,onet_software_skills,exact_title,approved,,canonical_name_exact
canonical:O*NET Database|onet_software_skills|2.E.10.a|Oracle WebLogic Server,O*NET Database,31.0,2.E.10.a|Oracle WebLogic Server,Oracle WebLogic Server,onet_software_skills,exact_title,approved,,canonical_name_exact
canonical:O*NET Database|onet_software_skills|2.E.10.a|Red Hat OpenShift,O*NET Database,31.0,2.E.10.a|Red Hat OpenShift,Red Hat OpenShift,onet_software_skills,exact_title,approved,,canonical_name_exact
canonical:O*NET Database|onet_software_skills|2.E.10.a|Red Hat WildFly,O*NET Database,31.0,2.E.10.a|Red Hat WildFly,Red Hat WildFly,onet_software_skills,exact_title,approved,,canonical_name_exact
canonical:O*NET Database|onet_software_skills|2.E.10.a|Spring Boot,O*NET Database,31.0,2.E.10.a|Spring Boot,Spring Boot,onet_software_skills,exact_title,approved,,canonical_name_exact
canonical:O*NET Database|onet_software_skills|2.E.10.a|VMWare ESX Server,O*NET Database,31.0,2.E.10.a|VMWare ESX Server,VMWare ESX Server,onet_software_skills,exact_title,approved,,canonical_name_exact
canonical:O*NET Database|onet_software_skills|2.E.10.b|CrossTec NetOp Remote Control,O*NET Database,31.0,2.E.10.b|CrossTec NetOp Remote Control,CrossTec NetOp Remote Control,onet_software_skills,exact_title,approved,,canonical_name_exact
canonical:O*NET Database|onet_software_skills|2.E.10.b|Eko,O*NET Database,31.0,2.E.10.b|Eko,Eko,onet_software_skills,exact_title,approved,,canonical_name_exact
canonical:O*NET Database|onet_software_skills|2.E.10.b|Remote control software,O*NET Database,31.0,2.E.10.b|Remote control software,Remote control software,onet_software_skills,exact_title,approved,,canonical_name_exact
canonical:O*NET Database|onet_software_skills|2.E.10.b|Secure shell SSH software,O*NET Database,31.0,2.E.10.b|Secure shell SSH software,Secure shell SSH software,onet_software_skills,exact_title,approved,,canonical_name_exact
canonical:O*NET Database|onet_software_skills|2.E.10.b|Skype,O*NET Database,31.0,2.E.10.b|Skype,Skype,onet_software_skills,exact_title,approved,,canonical_name_exact
canonical:O*NET Database|onet_software_skills|2.E.10.b|Stac Software ReachOut,O*NET Database,31.0,2.E.10.b|Stac Software ReachOut,Stac Software ReachOut,onet_software_skills,exact_title,approved,,canonical_name_exact
canonical:O*NET Database|onet_software_skills|2.E.10.b|Symantec pcAnywhere,O*NET Database,31.0,2.E.10.b|Symantec pcAnywhere,Symantec pcAnywhere,onet_software_skills,exact_title,approved,,canonical_name_exact
canonical:O*NET Database|onet_software_skills|2.E.10.d|Active directory software,O*NET Database,31.0,2.E.10.d|Active directory software,Active directory software,onet_software_skills,exact_title,approved,,canonical_name_exact
canonical:O*NET Database|onet_software_skills|2.E.10.d|Berkeley Internet Domain Name BIND,O*NET Database,31.0,2.E.10.d|Berkeley Internet Domain Name BIND,Berkeley Internet Domain Name BIND,onet_software_skills,exact_title,approved,,canonical_name_exact
canonical:O*NET Database|onet_software_skills|2.E.10.d|Domain name system DNS,O*NET Database,31.0,2.E.10.d|Domain name system DNS,Domain name system DNS,onet_software_skills,exact_title,approved,,canonical_name_exact
canonical:O*NET Database|onet_software_skills|2.E.10.d|Microsoft Active Directory,O*NET Database,31.0,2.E.10.d|Microsoft Active Directory,Microsoft Active Directory,onet_software_skills,exact_title,approved,,canonical_name_exact
canonical:O*NET Database|onet_software_skills|2.E.10.d|Network directory services software,O*NET Database,31.0,2.E.10.d|Network directory services software,Network directory services software,onet_software_skills,exact_title,approved,,canonical_name_exact
canonical:O*NET Database|onet_software_skills|2.E.10.d|Oracle Unified Directory,O*NET Database,31.0,2.E.10.d|Oracle Unified Directory,Oracle Unified Directory,onet_software_skills,exact_title,approved,,canonical_name_exact
canonical:O*NET Database|onet_software_skills|2.E.10.e|Google Chrome,O*NET Database,31.0,2.E.10.e|Google Chrome,Google Chrome,onet_software_skills,exact_title,approved,,canonical_name_exact
canonical:O*NET Database|onet_software_skills|2.E.10.e|Microsoft Internet Explorer,O*NET Database,31.0,2.E.10.e|Microsoft Internet Explorer,Microsoft Internet Explorer,onet_software_skills,exact_title,approved,,canonical_name_exact
canonical:O*NET Database|onet_software_skills|2.E.10.e|Synapse Adaptive Connect Outloud,O*NET Database,31.0,2.E.10.e|Synapse Adaptive Connect Outloud,Synapse Adaptive Connect Outloud,onet_software_skills,exact_title,approved,,canonical_name_exact
canonical:O*NET Database|onet_software_skills|2.E.10.e|Web browser software,O*NET Database,31.0,2.E.10.e|Web browser software,Web browser software,onet_software_skills,exact_title,approved,,canonical_name_exact
canonical:O*NET Database|onet_software_skills|2.E.11.a|AccessData FTK,O*NET Database,31.0,2.E.11.a|AccessData FTK,AccessData FTK,onet_software_skills,exact_title,approved,,canonical_name_exact
canonical:O*NET Database|onet_software_skills|2.E.11.a|Automated audit trail analysis software,O*NET Database,31.0,2.E.11.a|Automated audit trail analysis software,Automated audit trail analysis software,onet_software_skills,exact_title,approved,,canonical_name_exact
canonical:O*NET Database|onet_software_skills|2.E.11.a|Automated media tracking software,O*NET Database,31.0,2.E.11.a|Automated media tracking software,Automated media tracking software,onet_software_skills,exact_title,approved,,canonical_name_exact
canonical:O*NET Database|onet_software_skills|2.E.11.a|Ethereal,O*NET Database,31.0,2.E.11.a|Ethereal,Ethereal,onet_software_skills,exact_title,approved,,canonical_name_exact
canonical:O*NET Database|onet_software_skills|2.E.11.a|Guidance Software EnCase Forensic,O*NET Database,31.0,2.E.11.a|Guidance Software EnCase Forensic,Guidance Software EnCase Forensic,onet_software_skills,exact_title,approved,,canonical_name_exact
canonical:O*NET Database|onet_software_skills|2.E.11.a|IBM QRadar SIEM,O*NET Database,31.0,2.E.11.a|IBM QRadar SIEM,IBM QRadar SIEM,onet_software_skills,exact_title,approved,,canonical_name_exact
canonical:O*NET Database|onet_software_skills|2.E.11.a|Integrity verification software,O*NET Database,31.0,2.E.11.a|Integrity verification software,Integrity verification software,onet_software_skills,exact_title,approved,,canonical_name_exact
canonical:O*NET Database|onet_software_skills|2.E.11.a|Keystroke monitoring software,O*NET Database,31.0,2.E.11.a|Keystroke monitoring software,Keystroke monitoring software,onet_software_skills,exact_title,approved,,canonical_name_exact
canonical:O*NET Database|onet_software_skills|2.E.11.a|Micro Focus OpenView,O*NET Database,31.0,2.E.11.a|Micro Focus OpenView,Micro Focus OpenView,onet_software_skills,exact_title,approved,,canonical_name_exact
canonical:O*NET Database|onet_software_skills|2.E.11.a|Microsoft Azure Sentinel,O*NET Database,31.0,2.E.11.a|Microsoft Azure Sentinel,Microsoft Azure Sentinel,onet_software_skills,exact_title,approved,,canonical_name_exact
canonical:O*NET Database|onet_software_skills|2.E.11.a|Nagios,O*NET Database,31.0,2.E.11.a|Nagios,Nagios,onet_software_skills,exact_title,approved,,canonical_name_exact
canonical:O*NET Database|onet_software_skills|2.E.11.a|Network intrusion prevention systems NIPS,O*NET Database,31.0,2.E.11.a|Network intrusion prevention systems NIPS,Network intrusion prevention systems NIPS,onet_software_skills,exact_title,approved,,canonical_name_exact
"canonical:O*NET Database|onet_software_skills|2.E.11.a|Network, hardware, and software auditing software",O*NET Database,31.0,"2.E.11.a|Network, hardware, and software auditing software","Network, hardware, and software auditing software",onet_software_skills,exact_title,approved,,canonical_name_exact
canonical:O*NET Database|onet_software_skills|2.E.11.a|Oracle Net Manager,O*NET Database,31.0,2.E.11.a|Oracle Net Manager,Oracle Net Manager,onet_software_skills,exact_title,approved,,canonical_name_exact
canonical:O*NET Database|onet_software_skills|2.E.11.a|Quest BigBrother,O*NET Database,31.0,2.E.11.a|Quest BigBrother,Quest BigBrother,onet_software_skills,exact_title,approved,,canonical_name_exact
canonical:O*NET Database|onet_software_skills|2.E.11.a|Sniffer Investigator,O*NET Database,31.0,2.E.11.a|Sniffer Investigator,Sniffer Investigator,onet_software_skills,exact_title,approved,,canonical_name_exact
canonical:O*NET Database|onet_software_skills|2.E.11.a|Snort,O*NET Database,31.0,2.E.11.a|Snort,Snort,onet_software_skills,exact_title,approved,,canonical_name_exact
canonical:O*NET Database|onet_software_skills|2.E.11.a|Symantec Blue Coat Data Loss Prevention,O*NET Database,31.0,2.E.11.a|Symantec Blue Coat Data Loss Prevention,Symantec Blue Coat Data Loss Prevention,onet_software_skills,exact_title,approved,,canonical_name_exact
canonical:O*NET Database|onet_software_skills|2.E.11.a|Tcpdump,O*NET Database,31.0,2.E.11.a|Tcpdump,Tcpdump,onet_software_skills,exact_title,approved,,canonical_name_exact
canonical:O*NET Database|onet_software_skills|2.E.11.a|Wireshark,O*NET Database,31.0,2.E.11.a|Wireshark,Wireshark,onet_software_skills,exact_title,approved,,canonical_name_exact
canonical:O*NET Database|onet_software_skills|2.E.11.a|Zabbix,O*NET Database,31.0,2.E.11.a|Zabbix,Zabbix,onet_software_skills,exact_title,approved,,canonical_name_exact
canonical:O*NET Database|onet_software_skills|2.E.11.c|Cisco Systems CiscoWorks,O*NET Database,31.0,2.E.11.c|Cisco Systems CiscoWorks,Cisco Systems CiscoWorks,onet_software_skills,exact_title,approved,,canonical_name_exact
canonical:O*NET Database|onet_software_skills|2.E.11.c|Element management software,O*NET Database,31.0,2.E.11.c|Element management software,Element management software,onet_software_skills,exact_title,approved,,canonical_name_exact
canonical:O*NET Database|onet_software_skills|2.E.11.c|Redgate SQL Server,O*NET Database,31.0,2.E.11.c|Redgate SQL Server,Redgate SQL Server,onet_software_skills,exact_title,approved,,canonical_name_exact
canonical:O*NET Database|onet_software_skills|2.E.11.c|Software distribution management software,O*NET Database,31.0,2.E.11.c|Software distribution management software,Software distribution management software,onet_software_skills,exact_title,approved,,canonical_name_exact
canonical:O*NET Database|onet_software_skills|2.E.11.d|Voice over internet protocol VoIP system software,O*NET Database,31.0,2.E.11.d|Voice over internet protocol VoIP system software,Voice over internet protocol VoIP system software,onet_software_skills,exact_title,approved,,canonical_name_exact
canonical:O*NET Database|onet_software_skills|2.E.11.e|Amazon Web Services AWS CloudFormation,O*NET Database,31.0,2.E.11.e|Amazon Web Services AWS CloudFormation,Amazon Web Services AWS CloudFormation,onet_software_skills,exact_title,approved,,canonical_name_exact
canonical:O*NET Database|onet_software_skills|2.E.11.e|Amazon Web Services AWS SageMaker,O*NET Database,31.0,2.E.11.e|Amazon Web Services AWS SageMaker,Amazon Web Services AWS SageMaker,onet_software_skills,exact_title,approved,,canonical_name_exact
canonical:O*NET Database|onet_software_skills|2.E.11.e|Google Cloud software,O*NET Database,31.0,2.E.11.e|Google Cloud software,Google Cloud software,onet_software_skills,exact_title,approved,,canonical_name_exact
canonical:O*NET Database|onet_software_skills|2.E.11.e|IBM WebSphere,ESCO,1.2.1,http://data.europa.eu/esco/skill/a4e31589-3632-4926-91d0-15b889c90b9b,IBM WebSphere,esco_skills,manual,approved,,approved_cross_type_technology_resolution
canonical:O*NET Database|onet_software_skills|2.E.11.e|IBM WebSphere,O*NET Database,31.0,2.E.11.e|IBM WebSphere,IBM WebSphere,onet_software_skills,exact_title,approved,,canonical_name_exact
canonical:O*NET Database|onet_software_skills|2.E.11.e|IBM WebSphere MQ,O*NET Database,31.0,2.E.11.e|IBM WebSphere MQ,IBM WebSphere MQ,onet_software_skills,exact_title,approved,,canonical_name_exact
canonical:O*NET Database|onet_software_skills|2.E.11.e|Jitterbit,O*NET Database,31.0,2.E.11.e|Jitterbit,Jitterbit,onet_software_skills,exact_title,approved,,canonical_name_exact
canonical:O*NET Database|onet_software_skills|2.E.11.e|Oracle Cloud software,O*NET Database,31.0,2.E.11.e|Oracle Cloud software,Oracle Cloud software,onet_software_skills,exact_title,approved,,canonical_name_exact
canonical:O*NET Database|onet_software_skills|2.E.11.e|Splunk Enterprise,O*NET Database,31.0,2.E.11.e|Splunk Enterprise,Splunk Enterprise,onet_software_skills,exact_title,approved,,canonical_name_exact
canonical:O*NET Database|onet_software_skills|2.E.11.e|Splunk Enterprise,O*NET Database,31.0,2.E.17.a|Splunk Enterprise,Splunk Enterprise,onet_software_skills,exact_title,approved,,canonical_name_exact
canonical:O*NET Database|onet_software_skills|2.E.12.a|Access management software,O*NET Database,31.0,2.E.12.a|Access management software,Access management software,onet_software_skills,exact_title,approved,,canonical_name_exact
canonical:O*NET Database|onet_software_skills|2.E.12.a|Citrix cloud computing software,O*NET Database,31.0,2.E.12.a|Citrix cloud computing software,Citrix cloud computing software,onet_software_skills,exact_title,approved,,canonical_name_exact
canonical:O*NET Database|onet_software_skills|2.E.12.a|IBM Tivoli Access Management TAM,O*NET Database,31.0,2.E.12.a|IBM Tivoli Access Management TAM,IBM Tivoli Access Management TAM,onet_software_skills,exact_title,approved,,canonical_name_exact
canonical:O*NET Database|onet_software_skills|2.E.12.a|IBM Tivoli software,O*NET Database,31.0,2.E.12.a|IBM Tivoli software,IBM Tivoli software,onet_software_skills,exact_title,approved,,canonical_name_exact
canonical:O*NET Database|onet_software_skills|2.E.12.a|PuTTY,O*NET Database,31.0,2.E.12.a|PuTTY,PuTTY,onet_software_skills,exact_title,approved,,canonical_name_exact
canonical:O*NET Database|onet_software_skills|2.E.12.a|Symark PowerBroker,O*NET Database,31.0,2.E.12.a|Symark PowerBroker,Symark PowerBroker,onet_software_skills,exact_title,approved,,canonical_name_exact
canonical:O*NET Database|onet_software_skills|2.E.12.b|IBM Domino,O*NET Database,31.0,2.E.12.b|IBM Domino,IBM Domino,onet_software_skills,exact_title,approved,,canonical_name_exact
canonical:O*NET Database|onet_software_skills|2.E.12.e|Local area network LAN software,O*NET Database,31.0,2.E.12.e|Local area network LAN software,Local area network LAN software,onet_software_skills,exact_title,approved,,canonical_name_exact
canonical:O*NET Database|onet_software_skills|2.E.12.f|Amazon Simple Storage Service S3,O*NET Database,31.0,2.E.12.f|Amazon Simple Storage Service S3,Amazon Simple Storage Service S3,onet_software_skills,exact_title,approved,,canonical_name_exact
canonical:O*NET Database|onet_software_skills|2.E.12.f|Storage area network SAN software,O*NET Database,31.0,2.E.12.f|Storage area network SAN software,Storage area network SAN software,onet_software_skills,exact_title,approved,,canonical_name_exact
canonical:O*NET Database|onet_software_skills|2.E.12.g|Border Gateway Protocol BGP,O*NET Database,31.0,2.E.12.g|Border Gateway Protocol BGP,Border Gateway Protocol BGP,onet_software_skills,exact_title,approved,,canonical_name_exact
canonical:O*NET Database|onet_software_skills|2.E.12.h|ATD protocol,O*NET Database,31.0,2.E.12.h|ATD protocol,ATD protocol,onet_software_skills,exact_title,approved,,canonical_name_exact
canonical:O*NET Database|onet_software_skills|2.E.12.h|Wide area network WAN software,O*NET Database,31.0,2.E.12.h|Wide area network WAN software,Wide area network WAN software,onet_software_skills,exact_title,approved,,canonical_name_exact
canonical:O*NET Database|onet_software_skills|2.E.12.h|X.25 Protocol,O*NET Database,31.0,2.E.12.h|X.25 Protocol,X.25 Protocol,onet_software_skills,exact_title,approved,,canonical_name_exact
canonical:O*NET Database|onet_software_skills|2.E.12.m|Migration software,O*NET Database,31.0,2.E.12.m|Migration software,Migration software,onet_software_skills,exact_title,approved,,canonical_name_exact
canonical:O*NET Database|onet_software_skills|2.E.13.a|Computer forensic software,O*NET Database,31.0,2.E.13.a|Computer forensic software,Computer forensic software,onet_software_skills,exact_title,approved,,canonical_name_exact
canonical:O*NET Database|onet_software_skills|2.E.13.a|File server software,O*NET Database,31.0,2.E.13.a|File server software,File server software,onet_software_skills,exact_title,approved,,canonical_name_exact
canonical:O*NET Database|onet_software_skills|2.E.13.b|IBM z/OS operating systems,O*NET Database,31.0,2.E.13.b|IBM z/OS operating systems,IBM z/OS operating systems,onet_software_skills,exact_title,approved,,canonical_name_exact
canonical:O*NET Database|onet_software_skills|2.E.13.c|Apple iOS,O*NET Database,31.0,2.E.13.c|Apple iOS,Apple iOS,onet_software_skills,exact_title,approved,,canonical_name_exact
canonical:O*NET Database|onet_software_skills|2.E.13.c|Apple macOS,O*NET Database,31.0,2.E.13.c|Apple macOS,Apple macOS,onet_software_skills,exact_title,approved,,canonical_name_exact
canonical:O*NET Database|onet_software_skills|2.E.13.c|Bash,O*NET Database,31.0,2.E.13.c|Bash,Bash,onet_software_skills,exact_title,approved,,canonical_name_exact
canonical:O*NET Database|onet_software_skills|2.E.13.c|C shell,O*NET Database,31.0,2.E.13.c|C shell,C shell,onet_software_skills,exact_title,approved,,canonical_name_exact
canonical:O*NET Database|onet_software_skills|2.E.13.c|Cisco IOS,O*NET Database,31.0,2.E.13.c|Cisco IOS,Cisco IOS,onet_software_skills,exact_title,approved,,canonical_name_exact
canonical:O*NET Database|onet_software_skills|2.E.13.c|DOS shell script,O*NET Database,31.0,2.E.13.c|DOS shell script,DOS shell script,onet_software_skills,exact_title,approved,,canonical_name_exact
canonical:O*NET Database|onet_software_skills|2.E.13.c|Disk operating system DOS,O*NET Database,31.0,2.E.13.c|Disk operating system DOS,Disk operating system DOS,onet_software_skills,exact_title,approved,,canonical_name_exact
canonical:O*NET Database|onet_software_skills|2.E.13.c|Google Android,O*NET Database,31.0,2.E.13.c|Google Android,Google Android,onet_software_skills,exact_title,approved,,canonical_name_exact
canonical:O*NET Database|onet_software_skills|2.E.13.c|Hewlett Packard HP-UX,O*NET Database,31.0,2.E.13.c|Hewlett Packard HP-UX,Hewlett Packard HP-UX,onet_software_skills,exact_title,approved,,canonical_name_exact
canonical:O*NET Database|onet_software_skills|2.E.13.c|IBM AIX,O*NET Database,31.0,2.E.13.c|IBM AIX,IBM AIX,onet_software_skills,exact_title,approved,,canonical_name_exact
canonical:O*NET Database|onet_software_skills|2.E.13.c|Job control language JCL,O*NET Database,31.0,2.E.13.c|Job control language JCL,Job control language JCL,onet_software_skills,exact_title,approved,,canonical_name_exact
canonical:O*NET Database|onet_software_skills|2.E.13.c|Keras,O*NET Database,31.0,2.E.13.c|Keras,Keras,onet_software_skills,exact_title,approved,,canonical_name_exact
canonical:O*NET Database|onet_software_skills|2.E.13.c|KornShell,O*NET Database,31.0,2.E.13.c|KornShell,KornShell,onet_software_skills,exact_title,approved,,canonical_name_exact
canonical:O*NET Database|onet_software_skills|2.E.13.c|Linux,O*NET Database,31.0,2.E.13.c|Linux,Linux,onet_software_skills,exact_title,approved,,canonical_name_exact
canonical:O*NET Database|onet_software_skills|2.E.13.c|Magellan Firmware,O*NET Database,31.0,2.E.13.c|Magellan Firmware,Magellan Firmware,onet_software_skills,exact_title,approved,,canonical_name_exact
canonical:O*NET Database|onet_software_skills|2.E.13.c|Microsoft Hyper-V Server,O*NET Database,31.0,2.E.13.c|Microsoft Hyper-V Server,Microsoft Hyper-V Server,onet_software_skills,exact_title,approved,,canonical_name_exact
canonical:O*NET Database|onet_software_skills|2.E.13.c|Microsoft Windows,O*NET Database,31.0,2.E.13.c|Microsoft Windows,Microsoft Windows,onet_software_skills,exact_title,approved,,canonical_name_exact
canonical:O*NET Database|onet_software_skills|2.E.13.c|Microsoft Windows Server,O*NET Database,31.0,2.E.13.c|Microsoft Windows Server,Microsoft Windows Server,onet_software_skills,exact_title,approved,,canonical_name_exact
canonical:O*NET Database|onet_software_skills|2.E.13.c|Operating system shells,O*NET Database,31.0,2.E.13.c|Operating system shells,Operating system shells,onet_software_skills,exact_title,approved,,canonical_name_exact
canonical:O*NET Database|onet_software_skills|2.E.13.c|Oracle Solaris,O*NET Database,31.0,2.E.13.c|Oracle Solaris,Oracle Solaris,onet_software_skills,exact_title,approved,,canonical_name_exact
canonical:O*NET Database|onet_software_skills|2.E.13.c|Perl shell,O*NET Database,31.0,2.E.13.c|Perl shell,Perl shell,onet_software_skills,exact_title,approved,,canonical_name_exact
canonical:O*NET Database|onet_software_skills|2.E.13.c|QNX,O*NET Database,31.0,2.E.13.c|QNX,QNX,onet_software_skills,exact_title,approved,,canonical_name_exact
canonical:O*NET Database|onet_software_skills|2.E.13.c|Real time operating system RTOS software,O*NET Database,31.0,2.E.13.c|Real time operating system RTOS software,Real time operating system RTOS software,onet_software_skills,exact_title,approved,,canonical_name_exact
canonical:O*NET Database|onet_software_skills|2.E.13.c|Red Hat Enterprise Linux,O*NET Database,31.0,2.E.13.c|Red Hat Enterprise Linux,Red Hat Enterprise Linux,onet_software_skills,exact_title,approved,,canonical_name_exact
canonical:O*NET Database|onet_software_skills|2.E.13.c|Shell script,O*NET Database,31.0,2.E.13.c|Shell script,Shell script,onet_software_skills,exact_title,approved,,canonical_name_exact
canonical:O*NET Database|onet_software_skills|2.E.13.c|UNIX,O*NET Database,31.0,2.E.13.c|UNIX,UNIX,onet_software_skills,exact_title,approved,,canonical_name_exact
canonical:O*NET Database|onet_software_skills|2.E.13.c|UNIX Shell,O*NET Database,31.0,2.E.13.c|UNIX Shell,UNIX Shell,onet_software_skills,exact_title,approved,,canonical_name_exact
canonical:O*NET Database|onet_software_skills|2.E.13.c|Ubuntu,O*NET Database,31.0,2.E.13.c|Ubuntu,Ubuntu,onet_software_skills,exact_title,approved,,canonical_name_exact
canonical:O*NET Database|onet_software_skills|2.E.13.c|Win CE,O*NET Database,31.0,2.E.13.c|Win CE,Win CE,onet_software_skills,exact_title,approved,,canonical_name_exact
canonical:O*NET Database|onet_software_skills|2.E.13.c|Wind River VxWorks,O*NET Database,31.0,2.E.13.c|Wind River VxWorks,Wind River VxWorks,onet_software_skills,exact_title,approved,,canonical_name_exact
canonical:O*NET Database|onet_software_skills|2.E.14.a|Diameter,O*NET Database,31.0,2.E.14.a|Diameter,Diameter,onet_software_skills,exact_title,approved,,canonical_name_exact
canonical:O*NET Database|onet_software_skills|2.E.14.a|IBM Tivoli Identity Management TIM,O*NET Database,31.0,2.E.14.a|IBM Tivoli Identity Management TIM,IBM Tivoli Identity Management TIM,onet_software_skills,exact_title,approved,,canonical_name_exact
canonical:O*NET Database|onet_software_skills|2.E.14.a|Password management software,O*NET Database,31.0,2.E.14.a|Password management software,Password management software,onet_software_skills,exact_title,approved,,canonical_name_exact
canonical:O*NET Database|onet_software_skills|2.E.14.a|Remote authentication dial-in user service RADIUS software,O*NET Database,31.0,2.E.14.a|Remote authentication dial-in user service RADIUS software,Remote authentication dial-in user service RADIUS software,onet_software_skills,exact_title,approved,,canonical_name_exact
canonical:O*NET Database|onet_software_skills|2.E.14.a|Single sign-on SSO,O*NET Database,31.0,2.E.14.a|Single sign-on SSO,Single sign-on SSO,onet_software_skills,exact_title,approved,,canonical_name_exact
canonical:O*NET Database|onet_software_skills|2.E.14.b|Database security software,O*NET Database,31.0,2.E.14.b|Database security software,Database security software,onet_software_skills,exact_title,approved,,canonical_name_exact
canonical:O*NET Database|onet_software_skills|2.E.14.b|HP Fortify,O*NET Database,31.0,2.E.14.b|HP Fortify,HP Fortify,onet_software_skills,exact_title,approved,,canonical_name_exact
canonical:O*NET Database|onet_software_skills|2.E.14.b|IBM Resource Access Control Facility RACF,O*NET Database,31.0,2.E.14.b|IBM Resource Access Control Facility RACF,IBM Resource Access Control Facility RACF,onet_software_skills,exact_title,approved,,canonical_name_exact
canonical:O*NET Database|onet_software_skills|2.E.14.b|ISS RealSecure,O*NET Database,31.0,2.E.14.b|ISS RealSecure,ISS RealSecure,onet_software_skills,exact_title,approved,,canonical_name_exact
canonical:O*NET Database|onet_software_skills|2.E.14.b|Intrusion detection system IDS,O*NET Database,31.0,2.E.14.b|Intrusion detection system IDS,Intrusion detection system IDS,onet_software_skills,exact_title,approved,,canonical_name_exact
canonical:O*NET Database|onet_software_skills|2.E.14.b|Intrusion prevention system IPS,O*NET Database,31.0,2.E.14.b|Intrusion prevention system IPS,Intrusion prevention system IPS,onet_software_skills,exact_title,approved,,canonical_name_exact
canonical:O*NET Database|onet_software_skills|2.E.14.b|Network and system vulnerability assessment software,O*NET Database,31.0,2.E.14.b|Network and system vulnerability assessment software,Network and system vulnerability assessment software,onet_software_skills,exact_title,approved,,canonical_name_exact
canonical:O*NET Database|onet_software_skills|2.E.14.b|Network security auditing software,O*NET Database,31.0,2.E.14.b|Network security auditing software,Network security auditing software,onet_software_skills,exact_title,approved,,canonical_name_exact
canonical:O*NET Database|onet_software_skills|2.E.14.b|Security incident management software,O*NET Database,31.0,2.E.14.b|Security incident management software,Security incident management software,onet_software_skills,exact_title,approved,,canonical_name_exact
canonical:O*NET Database|onet_software_skills|2.E.14.b|Virtual private networking VPN software,O*NET Database,31.0,2.E.14.b|Virtual private networking VPN software,Virtual private networking VPN software,onet_software_skills,exact_title,approved,,canonical_name_exact
canonical:O*NET Database|onet_software_skills|2.E.14.b|Virtual private networking VPN software,O*NET Database,31.0,2.E.14.c|Virtual private networking VPN software,Virtual private networking VPN software,onet_software_skills,exact_title,approved,,canonical_name_exact
canonical:O*NET Database|onet_software_skills|2.E.14.b|Websense Data Loss Prevention,O*NET Database,31.0,2.E.14.b|Websense Data Loss Prevention,Websense Data Loss Prevention,onet_software_skills,exact_title,approved,,canonical_name_exact
canonical:O*NET Database|onet_software_skills|2.E.14.c|Cryptographic key management software,O*NET Database,31.0,2.E.14.c|Cryptographic key management software,Cryptographic key management software,onet_software_skills,exact_title,approved,,canonical_name_exact
canonical:O*NET Database|onet_software_skills|2.E.14.c|Firewall software,O*NET Database,31.0,2.E.14.c|Firewall software,Firewall software,onet_software_skills,exact_title,approved,,canonical_name_exact
canonical:O*NET Database|onet_software_skills|2.E.14.c|Imperva SecureSphere,O*NET Database,31.0,2.E.14.c|Imperva SecureSphere,Imperva SecureSphere,onet_software_skills,exact_title,approved,,canonical_name_exact
canonical:O*NET Database|onet_software_skills|2.E.14.c|IpFilter,O*NET Database,31.0,2.E.14.c|IpFilter,IpFilter,onet_software_skills,exact_title,approved,,canonical_name_exact
canonical:O*NET Database|onet_software_skills|2.E.14.c|IpTables,O*NET Database,31.0,2.E.14.c|IpTables,IpTables,onet_software_skills,exact_title,approved,,canonical_name_exact
canonical:O*NET Database|onet_software_skills|2.E.14.c|Juniper Networks NetScreen-Security Manager,O*NET Database,31.0,2.E.14.c|Juniper Networks NetScreen-Security Manager,Juniper Networks NetScreen-Security Manager,onet_software_skills,exact_title,approved,,canonical_name_exact
canonical:O*NET Database|onet_software_skills|2.E.14.c|Palo Alto Networks Next-Generation Security Platform,O*NET Database,31.0,2.E.14.c|Palo Alto Networks Next-Generation Security Platform,Palo Alto Networks Next-Generation Security Platform,onet_software_skills,exact_title,approved,,canonical_name_exact
canonical:O*NET Database|onet_software_skills|2.E.14.c|Trend Micro TippingPoint,O*NET Database,31.0,2.E.14.c|Trend Micro TippingPoint,Trend Micro TippingPoint,onet_software_skills,exact_title,approved,,canonical_name_exact
canonical:O*NET Database|onet_software_skills|2.E.14.d|Anti-Trojan software,O*NET Database,31.0,2.E.14.d|Anti-Trojan software,Anti-Trojan software,onet_software_skills,exact_title,approved,,canonical_name_exact
canonical:O*NET Database|onet_software_skills|2.E.14.d|Anti-phishing software,O*NET Database,31.0,2.E.14.d|Anti-phishing software,Anti-phishing software,onet_software_skills,exact_title,approved,,canonical_name_exact
canonical:O*NET Database|onet_software_skills|2.E.14.d|Anti-spyware software,O*NET Database,31.0,2.E.14.d|Anti-spyware software,Anti-spyware software,onet_software_skills,exact_title,approved,,canonical_name_exact
canonical:O*NET Database|onet_software_skills|2.E.14.d|Check Point Next Generation Secure Web Gateway,O*NET Database,31.0,2.E.14.d|Check Point Next Generation Secure Web Gateway,Check Point Next Generation Secure Web Gateway,onet_software_skills,exact_title,approved,,canonical_name_exact
canonical:O*NET Database|onet_software_skills|2.E.14.d|Encoder software,O*NET Database,31.0,2.E.14.d|Encoder software,Encoder software,onet_software_skills,exact_title,approved,,canonical_name_exact
canonical:O*NET Database|onet_software_skills|2.E.14.d|Encryption software,O*NET Database,31.0,2.E.14.d|Encryption software,Encryption software,onet_software_skills,exact_title,approved,,canonical_name_exact
canonical:O*NET Database|onet_software_skills|2.E.14.d|End-to-end encryption software,O*NET Database,31.0,2.E.14.d|End-to-end encryption software,End-to-end encryption software,onet_software_skills,exact_title,approved,,canonical_name_exact
canonical:O*NET Database|onet_software_skills|2.E.14.d|HP WebInspect,O*NET Database,31.0,2.E.14.d|HP WebInspect,HP WebInspect,onet_software_skills,exact_title,approved,,canonical_name_exact
canonical:O*NET Database|onet_software_skills|2.E.14.d|Honeypot,O*NET Database,31.0,2.E.14.d|Honeypot,Honeypot,onet_software_skills,exact_title,approved,,canonical_name_exact
canonical:O*NET Database|onet_software_skills|2.E.14.d|Link encryption software,O*NET Database,31.0,2.E.14.d|Link encryption software,Link encryption software,onet_software_skills,exact_title,approved,,canonical_name_exact
canonical:O*NET Database|onet_software_skills|2.E.14.d|McAfee,O*NET Database,31.0,2.E.14.d|McAfee,McAfee,onet_software_skills,exact_title,approved,,canonical_name_exact
canonical:O*NET Database|onet_software_skills|2.E.14.d|McAfee VirusScan,O*NET Database,31.0,2.E.14.d|McAfee VirusScan,McAfee VirusScan,onet_software_skills,exact_title,approved,,canonical_name_exact
canonical:O*NET Database|onet_software_skills|2.E.14.d|Metasploit,O*NET Database,31.0,2.E.14.d|Metasploit,Metasploit,onet_software_skills,exact_title,approved,,canonical_name_exact
canonical:O*NET Database|onet_software_skills|2.E.14.d|Microsoft Defender Antivirus,O*NET Database,31.0,2.E.14.d|Microsoft Defender Antivirus,Microsoft Defender Antivirus,onet_software_skills,exact_title,approved,,canonical_name_exact
canonical:O*NET Database|onet_software_skills|2.E.14.d|Microsoft Security Esssentials,O*NET Database,31.0,2.E.14.d|Microsoft Security Esssentials,Microsoft Security Esssentials,onet_software_skills,exact_title,approved,,canonical_name_exact
canonical:O*NET Database|onet_software_skills|2.E.14.d|Norton AntiVirus,O*NET Database,31.0,2.E.14.d|Norton AntiVirus,Norton AntiVirus,onet_software_skills,exact_title,approved,,canonical_name_exact
canonical:O*NET Database|onet_software_skills|2.E.14.d|NortonLifeLock cybersecurity software,O*NET Database,31.0,2.E.14.d|NortonLifeLock cybersecurity software,NortonLifeLock cybersecurity software,onet_software_skills,exact_title,approved,,canonical_name_exact
canonical:O*NET Database|onet_software_skills|2.E.14.d|Password cracker software,O*NET Database,31.0,2.E.14.d|Password cracker software,Password cracker software,onet_software_skills,exact_title,approved,,canonical_name_exact
canonical:O*NET Database|onet_software_skills|2.E.14.d|Penetration testing software,O*NET Database,31.0,2.E.14.d|Penetration testing software,Penetration testing software,onet_software_skills,exact_title,approved,,canonical_name_exact
canonical:O*NET Database|onet_software_skills|2.E.14.d|Ping Identity,O*NET Database,31.0,2.E.14.d|Ping Identity,Ping Identity,onet_software_skills,exact_title,approved,,canonical_name_exact
canonical:O*NET Database|onet_software_skills|2.E.14.d|Portswigger BurP Suite,O*NET Database,31.0,2.E.14.d|Portswigger BurP Suite,Portswigger BurP Suite,onet_software_skills,exact_title,approved,,canonical_name_exact
canonical:O*NET Database|onet_software_skills|2.E.14.d|Program checksumming software,O*NET Database,31.0,2.E.14.d|Program checksumming software,Program checksumming software,onet_software_skills,exact_title,approved,,canonical_name_exact
canonical:O*NET Database|onet_software_skills|2.E.14.d|Rapid7 Nexpose,O*NET Database,31.0,2.E.14.d|Rapid7 Nexpose,Rapid7 Nexpose,onet_software_skills,exact_title,approved,,canonical_name_exact
canonical:O*NET Database|onet_software_skills|2.E.14.d|Root kit detection software,O*NET Database,31.0,2.E.14.d|Root kit detection software,Root kit detection software,onet_software_skills,exact_title,approved,,canonical_name_exact
canonical:O*NET Database|onet_software_skills|2.E.14.d|Secure internet filtering software,O*NET Database,31.0,2.E.14.d|Secure internet filtering software,Secure internet filtering software,onet_software_skills,exact_title,approved,,canonical_name_exact
canonical:O*NET Database|onet_software_skills|2.E.14.d|Security risk assessment software,O*NET Database,31.0,2.E.14.d|Security risk assessment software,Security risk assessment software,onet_software_skills,exact_title,approved,,canonical_name_exact
canonical:O*NET Database|onet_software_skills|2.E.14.d|Stack smashing protection SSP software,O*NET Database,31.0,2.E.14.d|Stack smashing protection SSP software,Stack smashing protection SSP software,onet_software_skills,exact_title,approved,,canonical_name_exact
canonical:O*NET Database|onet_software_skills|2.E.14.d|Symantec Endpoint Protection,O*NET Database,31.0,2.E.14.d|Symantec Endpoint Protection,Symantec Endpoint Protection,onet_software_skills,exact_title,approved,,canonical_name_exact
canonical:O*NET Database|onet_software_skills|2.E.14.d|Tenable Nessus,O*NET Database,31.0,2.E.14.d|Tenable Nessus,Tenable Nessus,onet_software_skills,exact_title,approved,,canonical_name_exact
canonical:O*NET Database|onet_software_skills|2.E.14.d|Virus scanning software,O*NET Database,31.0,2.E.14.d|Virus scanning software,Virus scanning software,onet_software_skills,exact_title,approved,,canonical_name_exact
canonical:O*NET Database|onet_software_skills|2.E.14.e|Qualys Cloud Platform,O*NET Database,31.0,2.E.14.e|Qualys Cloud Platform,Qualys Cloud Platform,onet_software_skills,exact_title,approved,,canonical_name_exact
canonical:O*NET Database|onet_software_skills|2.E.14.e|SolarWinds,O*NET Database,31.0,2.E.14.e|SolarWinds,SolarWinds,onet_software_skills,exact_title,approved,,canonical_name_exact
canonical:O*NET Database|onet_software_skills|2.E.15.c|Microsoft DirectX,O*NET Database,31.0,2.E.15.c|Microsoft DirectX,Microsoft DirectX,onet_software_skills,exact_title,approved,,canonical_name_exact
canonical:O*NET Database|onet_software_skills|2.E.15.c|Screen magnification software,O*NET Database,31.0,2.E.15.c|Screen magnification software,Screen magnification software,onet_software_skills,exact_title,approved,,canonical_name_exact
canonical:O*NET Database|onet_software_skills|2.E.15.c|Screen reader software,O*NET Database,31.0,2.E.15.c|Screen reader software,Screen reader software,onet_software_skills,exact_title,approved,,canonical_name_exact
canonical:O*NET Database|onet_software_skills|2.E.15.d|Cyber Records MediChart Express,O*NET Database,31.0,2.E.15.d|Cyber Records MediChart Express,Cyber Records MediChart Express,onet_software_skills,exact_title,approved,,canonical_name_exact
canonical:O*NET Database|onet_software_skills|2.E.15.d|ScanSoft Naturally Speaking,O*NET Database,31.0,2.E.15.d|ScanSoft Naturally Speaking,ScanSoft Naturally Speaking,onet_software_skills,exact_title,approved,,canonical_name_exact
canonical:O*NET Database|onet_software_skills|2.E.15.d|Speech recognition software,O*NET Database,31.0,2.E.15.d|Speech recognition software,Speech recognition software,onet_software_skills,exact_title,approved,,canonical_name_exact
canonical:O*NET Database|onet_software_skills|2.E.15.d|Voice dictation software,O*NET Database,31.0,2.E.15.d|Voice dictation software,Voice dictation software,onet_software_skills,exact_title,approved,,canonical_name_exact
canonical:O*NET Database|onet_software_skills|2.E.15.e|Intel Data Migration Software,O*NET Database,31.0,2.E.15.e|Intel Data Migration Software,Intel Data Migration Software,onet_software_skills,exact_title,approved,,canonical_name_exact
canonical:O*NET Database|onet_software_skills|2.E.15.f|Acronis Recovery Expert,O*NET Database,31.0,2.E.15.f|Acronis Recovery Expert,Acronis Recovery Expert,onet_software_skills,exact_title,approved,,canonical_name_exact
canonical:O*NET Database|onet_software_skills|2.E.15.f|BMC Software Recovery Manager RMAN,O*NET Database,31.0,2.E.15.f|BMC Software Recovery Manager RMAN,BMC Software Recovery Manager RMAN,onet_software_skills,exact_title,approved,,canonical_name_exact
canonical:O*NET Database|onet_software_skills|2.E.15.f|Backup and archival software,O*NET Database,31.0,2.E.15.f|Backup and archival software,Backup and archival software,onet_software_skills,exact_title,approved,,canonical_name_exact
canonical:O*NET Database|onet_software_skills|2.E.15.f|Data Recovery Software SQL Server Data Recovery,O*NET Database,31.0,2.E.15.f|Data Recovery Software SQL Server Data Recovery,Data Recovery Software SQL Server Data Recovery,onet_software_skills,exact_title,approved,,canonical_name_exact
canonical:O*NET Database|onet_software_skills|2.E.15.f|Database cloning software,O*NET Database,31.0,2.E.15.f|Database cloning software,Database cloning software,onet_software_skills,exact_title,approved,,canonical_name_exact
canonical:O*NET Database|onet_software_skills|2.E.15.f|EMC NetWorker,O*NET Database,31.0,2.E.15.f|EMC NetWorker,EMC NetWorker,onet_software_skills,exact_title,approved,,canonical_name_exact
canonical:O*NET Database|onet_software_skills|2.E.15.f|HP DataProtector,O*NET Database,31.0,2.E.15.f|HP DataProtector,HP DataProtector,onet_software_skills,exact_title,approved,,canonical_name_exact
canonical:O*NET Database|onet_software_skills|2.E.15.f|IBM ADSTAR,O*NET Database,31.0,2.E.15.f|IBM ADSTAR,IBM ADSTAR,onet_software_skills,exact_title,approved,,canonical_name_exact
canonical:O*NET Database|onet_software_skills|2.E.15.f|Oracle Data Guard,O*NET Database,31.0,2.E.15.f|Oracle Data Guard,Oracle Data Guard,onet_software_skills,exact_title,approved,,canonical_name_exact
canonical:O*NET Database|onet_software_skills|2.E.15.f|Oracle Recovery Manager,O*NET Database,31.0,2.E.15.f|Oracle Recovery Manager,Oracle Recovery Manager,onet_software_skills,exact_title,approved,,canonical_name_exact
canonical:O*NET Database|onet_software_skills|2.E.15.f|Storage management software,O*NET Database,31.0,2.E.15.f|Storage management software,Storage management software,onet_software_skills,exact_title,approved,,canonical_name_exact
canonical:O*NET Database|onet_software_skills|2.E.15.f|System and data disaster recovery software,O*NET Database,31.0,2.E.15.f|System and data disaster recovery software,System and data disaster recovery software,onet_software_skills,exact_title,approved,,canonical_name_exact
canonical:O*NET Database|onet_software_skills|2.E.15.f|Systems and data disaster recovery software,O*NET Database,31.0,2.E.15.f|Systems and data disaster recovery software,Systems and data disaster recovery software,onet_software_skills,exact_title,approved,,canonical_name_exact
canonical:O*NET Database|onet_software_skills|2.E.15.f|Veritas NetBackup,O*NET Database,31.0,2.E.15.f|Veritas NetBackup,Veritas NetBackup,onet_software_skills,exact_title,approved,,canonical_name_exact
canonical:O*NET Database|onet_software_skills|2.E.16.a|Email software,O*NET Database,31.0,2.E.16.a|Email software,Email software,onet_software_skills,exact_title,approved,,canonical_name_exact
canonical:O*NET Database|onet_software_skills|2.E.16.a|Google Gmail,O*NET Database,31.0,2.E.16.a|Google Gmail,Google Gmail,onet_software_skills,exact_title,approved,,canonical_name_exact
canonical:O*NET Database|onet_software_skills|2.E.16.a|IBM Lotus Notes,O*NET Database,31.0,2.E.16.a|IBM Lotus Notes,IBM Lotus Notes,onet_software_skills,exact_title,approved,,canonical_name_exact
canonical:O*NET Database|onet_software_skills|2.E.16.a|IBM Notes,O*NET Database,31.0,2.E.16.a|IBM Notes,IBM Notes,onet_software_skills,exact_title,approved,,canonical_name_exact
canonical:O*NET Database|onet_software_skills|2.E.16.a|MicroFocus GroupWise,O*NET Database,31.0,2.E.16.a|MicroFocus GroupWise,MicroFocus GroupWise,onet_software_skills,exact_title,approved,,canonical_name_exact
canonical:O*NET Database|onet_software_skills|2.E.16.a|Microsoft Exchange,O*NET Database,31.0,2.E.16.a|Microsoft Exchange,Microsoft Exchange,onet_software_skills,exact_title,approved,,canonical_name_exact
canonical:O*NET Database|onet_software_skills|2.E.16.a|Microsoft Outlook,O*NET Database,31.0,2.E.16.a|Microsoft Outlook,Microsoft Outlook,onet_software_skills,exact_title,approved,,canonical_name_exact
canonical:O*NET Database|onet_software_skills|2.E.16.a|Yahoo! Email,O*NET Database,31.0,2.E.16.a|Yahoo! Email,Yahoo! Email,onet_software_skills,exact_title,approved,,canonical_name_exact
canonical:O*NET Database|onet_software_skills|2.E.16.b|Cisco Webex,O*NET Database,31.0,2.E.16.b|Cisco Webex,Cisco Webex,onet_software_skills,exact_title,approved,,canonical_name_exact
canonical:O*NET Database|onet_software_skills|2.E.16.b|FaceTime,O*NET Database,31.0,2.E.16.b|FaceTime,FaceTime,onet_software_skills,exact_title,approved,,canonical_name_exact
canonical:O*NET Database|onet_software_skills|2.E.16.b|Google Meet,O*NET Database,31.0,2.E.16.b|Google Meet,Google Meet,onet_software_skills,exact_title,approved,,canonical_name_exact
canonical:O*NET Database|onet_software_skills|2.E.16.b|LogMeIn GoToMeeting,O*NET Database,31.0,2.E.16.b|LogMeIn GoToMeeting,LogMeIn GoToMeeting,onet_software_skills,exact_title,approved,,canonical_name_exact
canonical:O*NET Database|onet_software_skills|2.E.16.b|Zoom,O*NET Database,31.0,2.E.16.b|Zoom,Zoom,onet_software_skills,exact_title,approved,,canonical_name_exact
canonical:O*NET Database|onet_software_skills|2.E.16.c|IBM Lotus SameTime,O*NET Database,31.0,2.E.16.c|IBM Lotus SameTime,IBM Lotus SameTime,onet_software_skills,exact_title,approved,,canonical_name_exact
canonical:O*NET Database|onet_software_skills|2.E.16.c|LogMeIn GoToWebinar,O*NET Database,31.0,2.E.16.c|LogMeIn GoToWebinar,LogMeIn GoToWebinar,onet_software_skills,exact_title,approved,,canonical_name_exact
canonical:O*NET Database|onet_software_skills|2.E.16.c|Slido interaction software,O*NET Database,31.0,2.E.16.c|Slido interaction software,Slido interaction software,onet_software_skills,exact_title,approved,,canonical_name_exact
canonical:O*NET Database|onet_software_skills|2.E.16.d|Blink,O*NET Database,31.0,2.E.16.d|Blink,Blink,onet_software_skills,exact_title,approved,,canonical_name_exact
canonical:O*NET Database|onet_software_skills|2.E.16.d|GroupMe,O*NET Database,31.0,2.E.16.d|GroupMe,GroupMe,onet_software_skills,exact_title,approved,,canonical_name_exact
canonical:O*NET Database|onet_software_skills|2.E.16.d|Twitter,O*NET Database,31.0,2.E.16.d|Twitter,Twitter,onet_software_skills,exact_title,approved,,canonical_name_exact
canonical:O*NET Database|onet_software_skills|2.E.16.d|WhatsApp,O*NET Database,31.0,2.E.16.d|WhatsApp,WhatsApp,onet_software_skills,exact_title,approved,,canonical_name_exact
canonical:O*NET Database|onet_software_skills|2.E.16.e|Cartography software,O*NET Database,31.0,2.E.16.e|Cartography software,Cartography software,onet_software_skills,exact_title,approved,,canonical_name_exact
canonical:O*NET Database|onet_software_skills|2.E.16.e|ESRI ArcGIS software,O*NET Database,31.0,2.E.16.e|ESRI ArcGIS software,ESRI ArcGIS software,onet_software_skills,exact_title,approved,,canonical_name_exact
canonical:O*NET Database|onet_software_skills|2.E.16.e|ESRI ArcGIS software,O*NET Database,31.0,2.E.8.h|ESRI ArcGIS software,ESRI ArcGIS software,onet_software_skills,exact_title,approved,,canonical_name_exact
canonical:O*NET Database|onet_software_skills|2.E.16.e|Intergraph MGE,O*NET Database,31.0,2.E.16.e|Intergraph MGE,Intergraph MGE,onet_software_skills,exact_title,approved,,canonical_name_exact
canonical:O*NET Database|onet_software_skills|2.E.16.i|Asana,O*NET Database,31.0,2.E.16.i|Asana,Asana,onet_software_skills,exact_title,approved,,canonical_name_exact
canonical:O*NET Database|onet_software_skills|2.E.16.i|Dropbox,O*NET Database,31.0,2.E.16.i|Dropbox,Dropbox,onet_software_skills,exact_title,approved,,canonical_name_exact
canonical:O*NET Database|onet_software_skills|2.E.16.i|Google Drive,O*NET Database,31.0,2.E.16.i|Google Drive,Google Drive,onet_software_skills,exact_title,approved,,canonical_name_exact
canonical:O*NET Database|onet_software_skills|2.E.16.i|Platform as a service PaaS,O*NET Database,31.0,2.E.16.i|Platform as a service PaaS,Platform as a service PaaS,onet_software_skills,exact_title,approved,,canonical_name_exact
canonical:O*NET Database|onet_software_skills|2.E.16.i|Slack,O*NET Database,31.0,2.E.16.i|Slack,Slack,onet_software_skills,exact_title,approved,,canonical_name_exact
canonical:O*NET Database|onet_software_skills|2.E.16.i|Software as a service SaaS,O*NET Database,31.0,2.E.16.i|Software as a service SaaS,Software as a service SaaS,onet_software_skills,exact_title,approved,,canonical_name_exact
canonical:O*NET Database|onet_software_skills|2.E.17.a|IBM Power Systems software,O*NET Database,31.0,2.E.17.a|IBM Power Systems software,IBM Power Systems software,onet_software_skills,exact_title,approved,,canonical_name_exact
canonical:O*NET Database|onet_software_skills|2.E.17.a|Tanium software,O*NET Database,31.0,2.E.17.a|Tanium software,Tanium software,onet_software_skills,exact_title,approved,,canonical_name_exact
canonical:O*NET Database|onet_software_skills|2.E.2.a|ATX Total Accounting Office,O*NET Database,31.0,2.E.2.a|ATX Total Accounting Office,ATX Total Accounting Office,onet_software_skills,exact_title,approved,,canonical_name_exact
canonical:O*NET Database|onet_software_skills|2.E.2.a|ATX Total Engagement Office,O*NET Database,31.0,2.E.2.a|ATX Total Engagement Office,ATX Total Engagement Office,onet_software_skills,exact_title,approved,,canonical_name_exact
canonical:O*NET Database|onet_software_skills|2.E.2.a|Accounts payable software,O*NET Database,31.0,2.E.2.a|Accounts payable software,Accounts payable software,onet_software_skills,exact_title,approved,,canonical_name_exact
canonical:O*NET Database|onet_software_skills|2.E.2.a|Accounts receivable software,O*NET Database,31.0,2.E.2.a|Accounts receivable software,Accounts receivable software,onet_software_skills,exact_title,approved,,canonical_name_exact
canonical:O*NET Database|onet_software_skills|2.E.2.a|Accurate NXG,O*NET Database,31.0,2.E.2.a|Accurate NXG,Accurate NXG,onet_software_skills,exact_title,approved,,canonical_name_exact
canonical:O*NET Database|onet_software_skills|2.E.2.a|AcorynSystems Activity Based Costing/Management ABC/M,O*NET Database,31.0,2.E.2.a|AcorynSystems Activity Based Costing/Management ABC/M,AcorynSystems Activity Based Costing/Management ABC/M,onet_software_skills,exact_title,approved,,canonical_name_exact
canonical:O*NET Database|onet_software_skills|2.E.2.a|AdaptaSoft CyberPay,O*NET Database,31.0,2.E.2.a|AdaptaSoft CyberPay,AdaptaSoft CyberPay,onet_software_skills,exact_title,approved,,canonical_name_exact
canonical:O*NET Database|onet_software_skills|2.E.2.a|Automation Counselors municiPAL,O*NET Database,31.0,2.E.2.a|Automation Counselors municiPAL,Automation Counselors municiPAL,onet_software_skills,exact_title,approved,,canonical_name_exact
canonical:O*NET Database|onet_software_skills|2.E.2.a|Best MIP Fund Accounting,O*NET Database,31.0,2.E.2.a|Best MIP Fund Accounting,Best MIP Fund Accounting,onet_software_skills,exact_title,approved,,canonical_name_exact
canonical:O*NET Database|onet_software_skills|2.E.2.a|CCIS AccountAbility,O*NET Database,31.0,2.E.2.a|CCIS AccountAbility,CCIS AccountAbility,onet_software_skills,exact_title,approved,,canonical_name_exact
canonical:O*NET Database|onet_software_skills|2.E.2.a|CYMA IV Accounting for Windows,O*NET Database,31.0,2.E.2.a|CYMA IV Accounting for Windows,CYMA IV Accounting for Windows,onet_software_skills,exact_title,approved,,canonical_name_exact
canonical:O*NET Database|onet_software_skills|2.E.2.a|Cost accounting software,O*NET Database,31.0,2.E.2.a|Cost accounting software,Cost accounting software,onet_software_skills,exact_title,approved,,canonical_name_exact
canonical:O*NET Database|onet_software_skills|2.E.2.a|Evron Computer Systems SAGE PFW (Platinum For Windows),O*NET Database,31.0,2.E.2.a|Evron Computer Systems SAGE PFW (Platinum For Windows),Evron Computer Systems SAGE PFW (Platinum For Windows),onet_software_skills,exact_title,approved,,canonical_name_exact
canonical:O*NET Database|onet_software_skills|2.E.2.a|FRx Software Microsoft FRx,O*NET Database,31.0,2.E.2.a|FRx Software Microsoft FRx,FRx Software Microsoft FRx,onet_software_skills,exact_title,approved,,canonical_name_exact
canonical:O*NET Database|onet_software_skills|2.E.2.a|Financial reporting software,O*NET Database,31.0,2.E.2.a|Financial reporting software,Financial reporting software,onet_software_skills,exact_title,approved,,canonical_name_exact
canonical:O*NET Database|onet_software_skills|2.E.2.a|Financial statement software,O*NET Database,31.0,2.E.2.a|Financial statement software,Financial statement software,onet_software_skills,exact_title,approved,,canonical_name_exact
canonical:O*NET Database|onet_software_skills|2.E.2.a|Fund accounting software,O*NET Database,31.0,2.E.2.a|Fund accounting software,Fund accounting software,onet_software_skills,exact_title,approved,,canonical_name_exact
canonical:O*NET Database|onet_software_skills|2.E.2.a|General ledger software,O*NET Database,31.0,2.E.2.a|General ledger software,General ledger software,onet_software_skills,exact_title,approved,,canonical_name_exact
canonical:O*NET Database|onet_software_skills|2.E.2.a|Heron CrossTie General Ledger,O*NET Database,31.0,2.E.2.a|Heron CrossTie General Ledger,Heron CrossTie General Ledger,onet_software_skills,exact_title,approved,,canonical_name_exact
canonical:O*NET Database|onet_software_skills|2.E.2.a|Intuit QuickBooks,O*NET Database,31.0,2.E.2.a|Intuit QuickBooks,Intuit QuickBooks,onet_software_skills,exact_title,approved,,canonical_name_exact
canonical:O*NET Database|onet_software_skills|2.E.2.a|Lead Activity Analyzer,O*NET Database,31.0,2.E.2.a|Lead Activity Analyzer,Lead Activity Analyzer,onet_software_skills,exact_title,approved,,canonical_name_exact
canonical:O*NET Database|onet_software_skills|2.E.2.a|Lead Business Analyzer,O*NET Database,31.0,2.E.2.a|Lead Business Analyzer,Lead Business Analyzer,onet_software_skills,exact_title,approved,,canonical_name_exact
canonical:O*NET Database|onet_software_skills|2.E.2.a|MediGraph,O*NET Database,31.0,2.E.2.a|MediGraph,MediGraph,onet_software_skills,exact_title,approved,,canonical_name_exact
canonical:O*NET Database|onet_software_skills|2.E.2.a|Micronetics Xpert Write-up,O*NET Database,31.0,2.E.2.a|Micronetics Xpert Write-up,Micronetics Xpert Write-up,onet_software_skills,exact_title,approved,,canonical_name_exact
canonical:O*NET Database|onet_software_skills|2.E.2.a|Multiview Accounts Receivable,O*NET Database,31.0,2.E.2.a|Multiview Accounts Receivable,Multiview Accounts Receivable,onet_software_skills,exact_title,approved,,canonical_name_exact
canonical:O*NET Database|onet_software_skills|2.E.2.a|NDCMedisoft,O*NET Database,31.0,2.E.2.a|NDCMedisoft,NDCMedisoft,onet_software_skills,exact_title,approved,,canonical_name_exact
canonical:O*NET Database|onet_software_skills|2.E.2.a|New Millennium Communications Genesis Accounting,O*NET Database,31.0,2.E.2.a|New Millennium Communications Genesis Accounting,New Millennium Communications Genesis Accounting,onet_software_skills,exact_title,approved,,canonical_name_exact
canonical:O*NET Database|onet_software_skills|2.E.2.a|PROPHIX Enterprise,O*NET Database,31.0,2.E.2.a|PROPHIX Enterprise,PROPHIX Enterprise,onet_software_skills,exact_title,approved,,canonical_name_exact
canonical:O*NET Database|onet_software_skills|2.E.2.a|Pro Systems Client Write-Up System for Windows,O*NET Database,31.0,2.E.2.a|Pro Systems Client Write-Up System for Windows,Pro Systems Client Write-Up System for Windows,onet_software_skills,exact_title,approved,,canonical_name_exact
canonical:O*NET Database|onet_software_skills|2.E.2.a|Profit Developers Electronic File Interchange,O*NET Database,31.0,2.E.2.a|Profit Developers Electronic File Interchange,Profit Developers Electronic File Interchange,onet_software_skills,exact_title,approved,,canonical_name_exact
canonical:O*NET Database|onet_software_skills|2.E.2.a|QMSoftware Receivables Management,O*NET Database,31.0,2.E.2.a|QMSoftware Receivables Management,QMSoftware Receivables Management,onet_software_skills,exact_title,approved,,canonical_name_exact
canonical:O*NET Database|onet_software_skills|2.E.2.a|Roundtable Software Advantage Accounting System,O*NET Database,31.0,2.E.2.a|Roundtable Software Advantage Accounting System,Roundtable Software Advantage Accounting System,onet_software_skills,exact_title,approved,,canonical_name_exact
canonical:O*NET Database|onet_software_skills|2.E.2.a|SAP Concur,O*NET Database,31.0,2.E.2.a|SAP Concur,SAP Concur,onet_software_skills,exact_title,approved,,canonical_name_exact
canonical:O*NET Database|onet_software_skills|2.E.2.a|Sage 50 Accounting,O*NET Database,31.0,2.E.2.a|Sage 50 Accounting,Sage 50 Accounting,onet_software_skills,exact_title,approved,,canonical_name_exact
canonical:O*NET Database|onet_software_skills|2.E.2.a|Sage BusinessWorks,O*NET Database,31.0,2.E.2.a|Sage BusinessWorks,Sage BusinessWorks,onet_software_skills,exact_title,approved,,canonical_name_exact
canonical:O*NET Database|onet_software_skills|2.E.2.a|Sage CPAAccounts Payable,O*NET Database,31.0,2.E.2.a|Sage CPAAccounts Payable,Sage CPAAccounts Payable,onet_software_skills,exact_title,approved,,canonical_name_exact
canonical:O*NET Database|onet_software_skills|2.E.2.a|Sage CPAAccounts Receivable,O*NET Database,31.0,2.E.2.a|Sage CPAAccounts Receivable,Sage CPAAccounts Receivable,onet_software_skills,exact_title,approved,,canonical_name_exact
canonical:O*NET Database|onet_software_skills|2.E.2.a|Sage CPAClient Checkbook,O*NET Database,31.0,2.E.2.a|Sage CPAClient Checkbook,Sage CPAClient Checkbook,onet_software_skills,exact_title,approved,,canonical_name_exact
canonical:O*NET Database|onet_software_skills|2.E.2.a|Sageworks ProfitCents,O*NET Database,31.0,2.E.2.a|Sageworks ProfitCents,Sageworks ProfitCents,onet_software_skills,exact_title,approved,,canonical_name_exact
canonical:O*NET Database|onet_software_skills|2.E.2.a|Siemens Soarian Financials,O*NET Database,31.0,2.E.2.a|Siemens Soarian Financials,Siemens Soarian Financials,onet_software_skills,exact_title,approved,,canonical_name_exact
canonical:O*NET Database|onet_software_skills|2.E.2.a|Softrax Revenue Management,O*NET Database,31.0,2.E.2.a|Softrax Revenue Management,Softrax Revenue Management,onet_software_skills,exact_title,approved,,canonical_name_exact
canonical:O*NET Database|onet_software_skills|2.E.2.a|Summit Software Summit Biofuels Accounting,O*NET Database,31.0,2.E.2.a|Summit Software Summit Biofuels Accounting,Summit Software Summit Biofuels Accounting,onet_software_skills,exact_title,approved,,canonical_name_exact
canonical:O*NET Database|onet_software_skills|2.E.2.a|Tax software,O*NET Database,31.0,2.E.2.a|Tax software,Tax software,onet_software_skills,exact_title,approved,,canonical_name_exact
canonical:O*NET Database|onet_software_skills|2.E.2.a|UA Business Software Professional Edition,O*NET Database,31.0,2.E.2.a|UA Business Software Professional Edition,UA Business Software Professional Edition,onet_software_skills,exact_title,approved,,canonical_name_exact
canonical:O*NET Database|onet_software_skills|2.E.2.b|Ab Initio,O*NET Database,31.0,2.E.2.b|Ab Initio,Ab Initio,onet_software_skills,exact_title,approved,,canonical_name_exact
canonical:O*NET Database|onet_software_skills|2.E.2.b|Accountants Templates JAZZ-It!,O*NET Database,31.0,2.E.2.b|Accountants Templates JAZZ-It!,Accountants Templates JAZZ-It!,onet_software_skills,exact_title,approved,,canonical_name_exact
canonical:O*NET Database|onet_software_skills|2.E.2.b|AcornSystems Corporate Performance Management,O*NET Database,31.0,2.E.2.b|AcornSystems Corporate Performance Management,AcornSystems Corporate Performance Management,onet_software_skills,exact_title,approved,,canonical_name_exact
canonical:O*NET Database|onet_software_skills|2.E.2.b|Aprimo Marketing,O*NET Database,31.0,2.E.2.b|Aprimo Marketing,Aprimo Marketing,onet_software_skills,exact_title,approved,,canonical_name_exact
canonical:O*NET Database|onet_software_skills|2.E.2.b|Cartesis ES Magnitude,O*NET Database,31.0,2.E.2.b|Cartesis ES Magnitude,Cartesis ES Magnitude,onet_software_skills,exact_title,approved,,canonical_name_exact
canonical:O*NET Database|onet_software_skills|2.E.2.b|Clarity Systems IBM Clarity,O*NET Database,31.0,2.E.2.b|Clarity Systems IBM Clarity,Clarity Systems IBM Clarity,onet_software_skills,exact_title,approved,,canonical_name_exact
canonical:O*NET Database|onet_software_skills|2.E.2.b|Ellucian Banner ERP,O*NET Database,31.0,2.E.2.b|Ellucian Banner ERP,Ellucian Banner ERP,onet_software_skills,exact_title,approved,,canonical_name_exact
canonical:O*NET Database|onet_software_skills|2.E.2.b|Exact Software Macola ES,O*NET Database,31.0,2.E.2.b|Exact Software Macola ES,Exact Software Macola ES,onet_software_skills,exact_title,approved,,canonical_name_exact
canonical:O*NET Database|onet_software_skills|2.E.2.b|IBM Clarity Systems Clarity,O*NET Database,31.0,2.E.2.b|IBM Clarity Systems Clarity,IBM Clarity Systems Clarity,onet_software_skills,exact_title,approved,,canonical_name_exact
canonical:O*NET Database|onet_software_skills|2.E.2.b|IBM Cognos ReportNet,O*NET Database,31.0,2.E.2.b|IBM Cognos ReportNet,IBM Cognos ReportNet,onet_software_skills,exact_title,approved,,canonical_name_exact
canonical:O*NET Database|onet_software_skills|2.E.2.b|Informatica Corporation PowerCenter,O*NET Database,31.0,2.E.2.b|Informatica Corporation PowerCenter,Informatica Corporation PowerCenter,onet_software_skills,exact_title,approved,,canonical_name_exact
canonical:O*NET Database|onet_software_skills|2.E.2.b|Informatica Corporation PowerCenter,O*NET Database,31.0,2.E.6.i|Informatica Corporation PowerCenter,Informatica Corporation PowerCenter,onet_software_skills,exact_title,approved,,canonical_name_exact
canonical:O*NET Database|onet_software_skills|2.E.2.b|Lawson ERP,O*NET Database,31.0,2.E.2.b|Lawson ERP,Lawson ERP,onet_software_skills,exact_title,approved,,canonical_name_exact
canonical:O*NET Database|onet_software_skills|2.E.2.b|Management information systems MIS,O*NET Database,31.0,2.E.2.b|Management information systems MIS,Management information systems MIS,onet_software_skills,exact_title,approved,,canonical_name_exact
canonical:O*NET Database|onet_software_skills|2.E.2.b|Microsoft Business Intelligence BI,O*NET Database,31.0,2.E.2.b|Microsoft Business Intelligence BI,Microsoft Business Intelligence BI,onet_software_skills,exact_title,approved,,canonical_name_exact
canonical:O*NET Database|onet_software_skills|2.E.2.b|Microsoft Dynamics,O*NET Database,31.0,2.E.2.b|Microsoft Dynamics,Microsoft Dynamics,onet_software_skills,exact_title,approved,,canonical_name_exact
canonical:O*NET Database|onet_software_skills|2.E.2.b|Microsoft Dynamics,O*NET Database,31.0,2.E.6.c|Microsoft Dynamics,Microsoft Dynamics,onet_software_skills,exact_title,approved,,canonical_name_exact
canonical:O*NET Database|onet_software_skills|2.E.2.b|Microsoft Dynamics GP,O*NET Database,31.0,2.E.2.b|Microsoft Dynamics GP,Microsoft Dynamics GP,onet_software_skills,exact_title,approved,,canonical_name_exact
canonical:O*NET Database|onet_software_skills|2.E.2.b|Microsoft Dynamics NAV,O*NET Database,31.0,2.E.2.b|Microsoft Dynamics NAV,Microsoft Dynamics NAV,onet_software_skills,exact_title,approved,,canonical_name_exact
canonical:O*NET Database|onet_software_skills|2.E.2.b|Microsoft Dynamics SL,O*NET Database,31.0,2.E.2.b|Microsoft Dynamics SL,Microsoft Dynamics SL,onet_software_skills,exact_title,approved,,canonical_name_exact
canonical:O*NET Database|onet_software_skills|2.E.2.b|NetSuite ERP,O*NET Database,31.0,2.E.2.b|NetSuite ERP,NetSuite ERP,onet_software_skills,exact_title,approved,,canonical_name_exact
canonical:O*NET Database|onet_software_skills|2.E.2.b|Oracle Agile Product Lifecycle Management PLM,O*NET Database,31.0,2.E.2.b|Oracle Agile Product Lifecycle Management PLM,Oracle Agile Product Lifecycle Management PLM,onet_software_skills,exact_title,approved,,canonical_name_exact
canonical:O*NET Database|onet_software_skills|2.E.2.b|Oracle Business Intelligence Publisher,O*NET Database,31.0,2.E.2.b|Oracle Business Intelligence Publisher,Oracle Business Intelligence Publisher,onet_software_skills,exact_title,approved,,canonical_name_exact
canonical:O*NET Database|onet_software_skills|2.E.2.b|Oracle Fusion Applications,O*NET Database,31.0,2.E.2.b|Oracle Fusion Applications,Oracle Fusion Applications,onet_software_skills,exact_title,approved,,canonical_name_exact
canonical:O*NET Database|onet_software_skills|2.E.2.b|Oracle Hyperion,O*NET Database,31.0,2.E.2.b|Oracle Hyperion,Oracle Hyperion,onet_software_skills,exact_title,approved,,canonical_name_exact
canonical:O*NET Database|onet_software_skills|2.E.2.b|Oracle JD Edwards EnterpriseOne,O*NET Database,31.0,2.E.2.b|Oracle JD Edwards EnterpriseOne,Oracle JD Edwards EnterpriseOne,onet_software_skills,exact_title,approved,,canonical_name_exact
canonical:O*NET Database|onet_software_skills|2.E.2.b|Oracle PeopleSoft,O*NET Database,31.0,2.E.2.b|Oracle PeopleSoft,Oracle PeopleSoft,onet_software_skills,exact_title,approved,,canonical_name_exact
canonical:O*NET Database|onet_software_skills|2.E.2.b|Oracle PeopleSoft Financials,O*NET Database,31.0,2.E.2.b|Oracle PeopleSoft Financials,Oracle PeopleSoft Financials,onet_software_skills,exact_title,approved,,canonical_name_exact
canonical:O*NET Database|onet_software_skills|2.E.2.b|Oracle PeopleSoft Human Capital Management,O*NET Database,31.0,2.E.2.b|Oracle PeopleSoft Human Capital Management,Oracle PeopleSoft Human Capital Management,onet_software_skills,exact_title,approved,,canonical_name_exact
canonical:O*NET Database|onet_software_skills|2.E.2.b|SAP Business Objects,O*NET Database,31.0,2.E.2.b|SAP Business Objects,SAP Business Objects,onet_software_skills,exact_title,approved,,canonical_name_exact
canonical:O*NET Database|onet_software_skills|2.E.2.b|SAP ERP,O*NET Database,31.0,2.E.2.b|SAP ERP,SAP ERP,onet_software_skills,exact_title,approved,,canonical_name_exact
canonical:O*NET Database|onet_software_skills|2.E.2.b|SAP software,O*NET Database,31.0,2.E.2.b|SAP software,SAP software,onet_software_skills,exact_title,approved,,canonical_name_exact
canonical:O*NET Database|onet_software_skills|2.E.2.b|Sage ERP Accpac,O*NET Database,31.0,2.E.2.b|Sage ERP Accpac,Sage ERP Accpac,onet_software_skills,exact_title,approved,,canonical_name_exact
canonical:O*NET Database|onet_software_skills|2.E.2.b|Sage MAS 200 ERP,O*NET Database,31.0,2.E.2.b|Sage MAS 200 ERP,Sage MAS 200 ERP,onet_software_skills,exact_title,approved,,canonical_name_exact
canonical:O*NET Database|onet_software_skills|2.E.2.b|Sage Platinum for Windows PFW,O*NET Database,31.0,2.E.2.b|Sage Platinum for Windows PFW,Sage Platinum for Windows PFW,onet_software_skills,exact_title,approved,,canonical_name_exact
canonical:O*NET Database|onet_software_skills|2.E.2.b|Workday software,O*NET Database,31.0,2.E.2.b|Workday software,Workday software,onet_software_skills,exact_title,approved,,canonical_name_exact
canonical:O*NET Database|onet_software_skills|2.E.2.c|1099 ProsSoftware,O*NET Database,31.0,2.E.2.c|1099 ProsSoftware,1099 ProsSoftware,onet_software_skills,exact_title,approved,,canonical_name_exact
canonical:O*NET Database|onet_software_skills|2.E.2.c|ATX Total Tax Office,O*NET Database,31.0,2.E.2.c|ATX Total Tax Office,ATX Total Tax Office,onet_software_skills,exact_title,approved,,canonical_name_exact
canonical:O*NET Database|onet_software_skills|2.E.2.c|Abacus Tax,O*NET Database,31.0,2.E.2.c|Abacus Tax,Abacus Tax,onet_software_skills,exact_title,approved,,canonical_name_exact
canonical:O*NET Database|onet_software_skills|2.E.2.c|Advanced Micro Systems 1099-Etc,O*NET Database,31.0,2.E.2.c|Advanced Micro Systems 1099-Etc,Advanced Micro Systems 1099-Etc,onet_software_skills,exact_title,approved,,canonical_name_exact
canonical:O*NET Database|onet_software_skills|2.E.2.c|American Riviera Magtax,O*NET Database,31.0,2.E.2.c|American Riviera Magtax,American Riviera Magtax,onet_software_skills,exact_title,approved,,canonical_name_exact
canonical:O*NET Database|onet_software_skills|2.E.2.c|Avalara AvaTax ST,O*NET Database,31.0,2.E.2.c|Avalara AvaTax ST,Avalara AvaTax ST,onet_software_skills,exact_title,approved,,canonical_name_exact
canonical:O*NET Database|onet_software_skills|2.E.2.c|BNA Estate and Gift Tax Suite,O*NET Database,31.0,2.E.2.c|BNA Estate and Gift Tax Suite,BNA Estate and Gift Tax Suite,onet_software_skills,exact_title,approved,,canonical_name_exact
canonical:O*NET Database|onet_software_skills|2.E.2.c|BNA Income Tax Planning Solutions,O*NET Database,31.0,2.E.2.c|BNA Income Tax Planning Solutions,BNA Income Tax Planning Solutions,onet_software_skills,exact_title,approved,,canonical_name_exact
canonical:O*NET Database|onet_software_skills|2.E.2.c|BNA Sales and Use Tax Rates and Forms,O*NET Database,31.0,2.E.2.c|BNA Sales and Use Tax Rates and Forms,BNA Sales and Use Tax Rates and Forms,onet_software_skills,exact_title,approved,,canonical_name_exact
canonical:O*NET Database|onet_software_skills|2.E.2.c|CCH ProSystem fx TAX,O*NET Database,31.0,2.E.2.c|CCH ProSystem fx TAX,CCH ProSystem fx TAX,onet_software_skills,exact_title,approved,,canonical_name_exact
canonical:O*NET Database|onet_software_skills|2.E.2.c|Creative Solutions UltraTax 1040,O*NET Database,31.0,2.E.2.c|Creative Solutions UltraTax 1040,Creative Solutions UltraTax 1040,onet_software_skills,exact_title,approved,,canonical_name_exact
canonical:O*NET Database|onet_software_skills|2.E.2.c|H&R Block Tax,O*NET Database,31.0,2.E.2.c|H&R Block Tax,H&R Block Tax,onet_software_skills,exact_title,approved,,canonical_name_exact
canonical:O*NET Database|onet_software_skills|2.E.2.c|IDMS Account Ability,O*NET Database,31.0,2.E.2.c|IDMS Account Ability,IDMS Account Ability,onet_software_skills,exact_title,approved,,canonical_name_exact
canonical:O*NET Database|onet_software_skills|2.E.2.c|Income tax return preparation software,O*NET Database,31.0,2.E.2.c|Income tax return preparation software,Income tax return preparation software,onet_software_skills,exact_title,approved,,canonical_name_exact
canonical:O*NET Database|onet_software_skills|2.E.2.c|Intellitax financial solutions software,O*NET Database,31.0,2.E.2.c|Intellitax financial solutions software,Intellitax financial solutions software,onet_software_skills,exact_title,approved,,canonical_name_exact
canonical:O*NET Database|onet_software_skills|2.E.2.c|Intuit Lacerte,O*NET Database,31.0,2.E.2.c|Intuit Lacerte,Intuit Lacerte,onet_software_skills,exact_title,approved,,canonical_name_exact
canonical:O*NET Database|onet_software_skills|2.E.2.c|Intuit ProSeries,O*NET Database,31.0,2.E.2.c|Intuit ProSeries,Intuit ProSeries,onet_software_skills,exact_title,approved,,canonical_name_exact
canonical:O*NET Database|onet_software_skills|2.E.2.c|Intuit TurboTax,O*NET Database,31.0,2.E.2.c|Intuit TurboTax,Intuit TurboTax,onet_software_skills,exact_title,approved,,canonical_name_exact
canonical:O*NET Database|onet_software_skills|2.E.2.c|KPB Associates TaxStream,O*NET Database,31.0,2.E.2.c|KPB Associates TaxStream,KPB Associates TaxStream,onet_software_skills,exact_title,approved,,canonical_name_exact
canonical:O*NET Database|onet_software_skills|2.E.2.c|NewPortWave Year End Solutions,O*NET Database,31.0,2.E.2.c|NewPortWave Year End Solutions,NewPortWave Year End Solutions,onet_software_skills,exact_title,approved,,canonical_name_exact
canonical:O*NET Database|onet_software_skills|2.E.2.c|Thomson GoSystem Tax,O*NET Database,31.0,2.E.2.c|Thomson GoSystem Tax,Thomson GoSystem Tax,onet_software_skills,exact_title,approved,,canonical_name_exact
canonical:O*NET Database|onet_software_skills|2.E.2.c|Universal Tax Systems TaxWise,O*NET Database,31.0,2.E.2.c|Universal Tax Systems TaxWise,Universal Tax Systems TaxWise,onet_software_skills,exact_title,approved,,canonical_name_exact
canonical:O*NET Database|onet_software_skills|2.E.2.d|ACL Business Assurance Analytics,O*NET Database,31.0,2.E.2.d|ACL Business Assurance Analytics,ACL Business Assurance Analytics,onet_software_skills,exact_title,approved,,canonical_name_exact
canonical:O*NET Database|onet_software_skills|2.E.2.d|Accounting fraud detection software,O*NET Database,31.0,2.E.2.d|Accounting fraud detection software,Accounting fraud detection software,onet_software_skills,exact_title,approved,,canonical_name_exact
canonical:O*NET Database|onet_software_skills|2.E.2.d|Audit management software,O*NET Database,31.0,2.E.2.d|Audit management software,Audit management software,onet_software_skills,exact_title,approved,,canonical_name_exact
canonical:O*NET Database|onet_software_skills|2.E.2.d|Audit planning and control environment software,O*NET Database,31.0,2.E.2.d|Audit planning and control environment software,Audit planning and control environment software,onet_software_skills,exact_title,approved,,canonical_name_exact
canonical:O*NET Database|onet_software_skills|2.E.2.d|AuditWare CaseWare Examiner,O*NET Database,31.0,2.E.2.d|AuditWare CaseWare Examiner,AuditWare CaseWare Examiner,onet_software_skills,exact_title,approved,,canonical_name_exact
canonical:O*NET Database|onet_software_skills|2.E.2.d|AuditWare financial reporting and auditing software,O*NET Database,31.0,2.E.2.d|AuditWare financial reporting and auditing software,AuditWare financial reporting and auditing software,onet_software_skills,exact_title,approved,,canonical_name_exact
canonical:O*NET Database|onet_software_skills|2.E.2.d|Automated auditors fraud detector software,O*NET Database,31.0,2.E.2.d|Automated auditors fraud detector software,Automated auditors fraud detector software,onet_software_skills,exact_title,approved,,canonical_name_exact
canonical:O*NET Database|onet_software_skills|2.E.2.d|BNA Corporate Tax Audit Analyzer,O*NET Database,31.0,2.E.2.d|BNA Corporate Tax Audit Analyzer,BNA Corporate Tax Audit Analyzer,onet_software_skills,exact_title,approved,,canonical_name_exact
canonical:O*NET Database|onet_software_skills|2.E.2.d|Bi3 Financial Statement Fraud Analysis,O*NET Database,31.0,2.E.2.d|Bi3 Financial Statement Fraud Analysis,Bi3 Financial Statement Fraud Analysis,onet_software_skills,exact_title,approved,,canonical_name_exact
canonical:O*NET Database|onet_software_skills|2.E.2.d|BizBench,O*NET Database,31.0,2.E.2.d|BizBench,BizBench,onet_software_skills,exact_title,approved,,canonical_name_exact
canonical:O*NET Database|onet_software_skills|2.E.2.d|Brentmark Estate Planning Quickview,O*NET Database,31.0,2.E.2.d|Brentmark Estate Planning Quickview,Brentmark Estate Planning Quickview,onet_software_skills,exact_title,approved,,canonical_name_exact
canonical:O*NET Database|onet_software_skills|2.E.2.d|Cammack Computations Inter-Est,O*NET Database,31.0,2.E.2.d|Cammack Computations Inter-Est,Cammack Computations Inter-Est,onet_software_skills,exact_title,approved,,canonical_name_exact
canonical:O*NET Database|onet_software_skills|2.E.2.d|Cartesis Magnitude iAnalysis,O*NET Database,31.0,2.E.2.d|Cartesis Magnitude iAnalysis,Cartesis Magnitude iAnalysis,onet_software_skills,exact_title,approved,,canonical_name_exact
canonical:O*NET Database|onet_software_skills|2.E.2.d|CaseWare International IDEA,O*NET Database,31.0,2.E.2.d|CaseWare International IDEA,CaseWare International IDEA,onet_software_skills,exact_title,approved,,canonical_name_exact
canonical:O*NET Database|onet_software_skills|2.E.2.d|CaseWare International IDEA SmartAnalyzer,O*NET Database,31.0,2.E.2.d|CaseWare International IDEA SmartAnalyzer,CaseWare International IDEA SmartAnalyzer,onet_software_skills,exact_title,approved,,canonical_name_exact
canonical:O*NET Database|onet_software_skills|2.E.2.d|CaseWare Working Papers,O*NET Database,31.0,2.E.2.d|CaseWare Working Papers,CaseWare Working Papers,onet_software_skills,exact_title,approved,,canonical_name_exact
canonical:O*NET Database|onet_software_skills|2.E.2.d|CashFlow Guardian,O*NET Database,31.0,2.E.2.d|CashFlow Guardian,CashFlow Guardian,onet_software_skills,exact_title,approved,,canonical_name_exact
canonical:O*NET Database|onet_software_skills|2.E.2.d|Cebos MQ1 Audit System,O*NET Database,31.0,2.E.2.d|Cebos MQ1 Audit System,Cebos MQ1 Audit System,onet_software_skills,exact_title,approved,,canonical_name_exact
canonical:O*NET Database|onet_software_skills|2.E.2.d|D'Arcangelo Galileo,O*NET Database,31.0,2.E.2.d|D'Arcangelo Galileo,D'Arcangelo Galileo,onet_software_skills,exact_title,approved,,canonical_name_exact
canonical:O*NET Database|onet_software_skills|2.E.2.d|Datavantage,O*NET Database,31.0,2.E.2.d|Datavantage,Datavantage,onet_software_skills,exact_title,approved,,canonical_name_exact
canonical:O*NET Database|onet_software_skills|2.E.2.d|Delphi Technology,O*NET Database,31.0,2.E.2.d|Delphi Technology,Delphi Technology,onet_software_skills,exact_title,approved,,canonical_name_exact
canonical:O*NET Database|onet_software_skills|2.E.2.d|Digital analysis tests and statistics DATAS for Excel,O*NET Database,31.0,2.E.2.d|Digital analysis tests and statistics DATAS for Excel,Digital analysis tests and statistics DATAS for Excel,onet_software_skills,exact_title,approved,,canonical_name_exact
canonical:O*NET Database|onet_software_skills|2.E.2.d|Digital analysis tests and statistics DATAS for SAS,O*NET Database,31.0,2.E.2.d|Digital analysis tests and statistics DATAS for SAS,Digital analysis tests and statistics DATAS for SAS,onet_software_skills,exact_title,approved,,canonical_name_exact
canonical:O*NET Database|onet_software_skills|2.E.2.d|Estate planning software,O*NET Database,31.0,2.E.2.d|Estate planning software,Estate planning software,onet_software_skills,exact_title,approved,,canonical_name_exact
canonical:O*NET Database|onet_software_skills|2.E.2.d|Financial Competence,O*NET Database,31.0,2.E.2.d|Financial Competence,Financial Competence,onet_software_skills,exact_title,approved,,canonical_name_exact
canonical:O*NET Database|onet_software_skills|2.E.2.d|Financial planning software,O*NET Database,31.0,2.E.2.d|Financial planning software,Financial planning software,onet_software_skills,exact_title,approved,,canonical_name_exact
canonical:O*NET Database|onet_software_skills|2.E.2.d|Fixed-assets depreciation software,O*NET Database,31.0,2.E.2.d|Fixed-assets depreciation software,Fixed-assets depreciation software,onet_software_skills,exact_title,approved,,canonical_name_exact
canonical:O*NET Database|onet_software_skills|2.E.2.d|IAD Audit Leverage,O*NET Database,31.0,2.E.2.d|IAD Audit Leverage,IAD Audit Leverage,onet_software_skills,exact_title,approved,,canonical_name_exact
canonical:O*NET Database|onet_software_skills|2.E.2.d|IBM Unica Enterprise,O*NET Database,31.0,2.E.2.d|IBM Unica Enterprise,IBM Unica Enterprise,onet_software_skills,exact_title,approved,,canonical_name_exact
canonical:O*NET Database|onet_software_skills|2.E.2.d|InformationActive ActiveData for Excel,O*NET Database,31.0,2.E.2.d|InformationActive ActiveData for Excel,InformationActive ActiveData for Excel,onet_software_skills,exact_title,approved,,canonical_name_exact
canonical:O*NET Database|onet_software_skills|2.E.2.d|Internal audit software,O*NET Database,31.0,2.E.2.d|Internal audit software,Internal audit software,onet_software_skills,exact_title,approved,,canonical_name_exact
canonical:O*NET Database|onet_software_skills|2.E.2.d|Kirix ProffiPoint,O*NET Database,31.0,2.E.2.d|Kirix ProffiPoint,Kirix ProffiPoint,onet_software_skills,exact_title,approved,,canonical_name_exact
canonical:O*NET Database|onet_software_skills|2.E.2.d|MRO Audit Tracker,O*NET Database,31.0,2.E.2.d|MRO Audit Tracker,MRO Audit Tracker,onet_software_skills,exact_title,approved,,canonical_name_exact
canonical:O*NET Database|onet_software_skills|2.E.2.d|MethodWare ProAudit Advisor,O*NET Database,31.0,2.E.2.d|MethodWare ProAudit Advisor,MethodWare ProAudit Advisor,onet_software_skills,exact_title,approved,,canonical_name_exact
canonical:O*NET Database|onet_software_skills|2.E.2.d|Microsoft FRx,O*NET Database,31.0,2.E.2.d|Microsoft FRx,Microsoft FRx,onet_software_skills,exact_title,approved,,canonical_name_exact
canonical:O*NET Database|onet_software_skills|2.E.2.d|OSI TrustWise,O*NET Database,31.0,2.E.2.d|OSI TrustWise,OSI TrustWise,onet_software_skills,exact_title,approved,,canonical_name_exact
canonical:O*NET Database|onet_software_skills|2.E.2.d|Oracle E-Business Suite Financials,O*NET Database,31.0,2.E.2.d|Oracle E-Business Suite Financials,Oracle E-Business Suite Financials,onet_software_skills,exact_title,approved,,canonical_name_exact
canonical:O*NET Database|onet_software_skills|2.E.2.d|Paisley AutoAudit,O*NET Database,31.0,2.E.2.d|Paisley AutoAudit,Paisley AutoAudit,onet_software_skills,exact_title,approved,,canonical_name_exact
canonical:O*NET Database|onet_software_skills|2.E.2.d|Paisley IssueTrack,O*NET Database,31.0,2.E.2.d|Paisley IssueTrack,Paisley IssueTrack,onet_software_skills,exact_title,approved,,canonical_name_exact
canonical:O*NET Database|onet_software_skills|2.E.2.d|Palisade @Risk,O*NET Database,31.0,2.E.2.d|Palisade @Risk,Palisade @Risk,onet_software_skills,exact_title,approved,,canonical_name_exact
canonical:O*NET Database|onet_software_skills|2.E.2.d|Pentana audit work system PAWS,O*NET Database,31.0,2.E.2.d|Pentana audit work system PAWS,Pentana audit work system PAWS,onet_software_skills,exact_title,approved,,canonical_name_exact
canonical:O*NET Database|onet_software_skills|2.E.2.d|Pleier Audit Management System,O*NET Database,31.0,2.E.2.d|Pleier Audit Management System,Pleier Audit Management System,onet_software_skills,exact_title,approved,,canonical_name_exact
canonical:O*NET Database|onet_software_skills|2.E.2.d|PricewaterhouseCoopers TeamMate,O*NET Database,31.0,2.E.2.d|PricewaterhouseCoopers TeamMate,PricewaterhouseCoopers TeamMate,onet_software_skills,exact_title,approved,,canonical_name_exact
canonical:O*NET Database|onet_software_skills|2.E.2.d|RSM McGladrey Advanced Practice Solutions Paperless Audit,O*NET Database,31.0,2.E.2.d|RSM McGladrey Advanced Practice Solutions Paperless Audit,RSM McGladrey Advanced Practice Solutions Paperless Audit,onet_software_skills,exact_title,approved,,canonical_name_exact
canonical:O*NET Database|onet_software_skills|2.E.2.d|RSM McGladrey Auditor Assistant,O*NET Database,31.0,2.E.2.d|RSM McGladrey Auditor Assistant,RSM McGladrey Auditor Assistant,onet_software_skills,exact_title,approved,,canonical_name_exact
canonical:O*NET Database|onet_software_skills|2.E.2.d|Recovery audit software,O*NET Database,31.0,2.E.2.d|Recovery audit software,Recovery audit software,onet_software_skills,exact_title,approved,,canonical_name_exact
canonical:O*NET Database|onet_software_skills|2.E.2.d|Sage MAS 500,O*NET Database,31.0,2.E.2.d|Sage MAS 500,Sage MAS 500,onet_software_skills,exact_title,approved,,canonical_name_exact
canonical:O*NET Database|onet_software_skills|2.E.2.d|Sampson Data Pattern Index software,O*NET Database,31.0,2.E.2.d|Sampson Data Pattern Index software,Sampson Data Pattern Index software,onet_software_skills,exact_title,approved,,canonical_name_exact
canonical:O*NET Database|onet_software_skills|2.E.2.d|Solutions Technology & Software HR Premier,O*NET Database,31.0,2.E.2.d|Solutions Technology & Software HR Premier,Solutions Technology & Software HR Premier,onet_software_skills,exact_title,approved,,canonical_name_exact
canonical:O*NET Database|onet_software_skills|2.E.2.d|Star Software Fixed Asset Depreciation,O*NET Database,31.0,2.E.2.d|Star Software Fixed Asset Depreciation,Star Software Fixed Asset Depreciation,onet_software_skills,exact_title,approved,,canonical_name_exact
canonical:O*NET Database|onet_software_skills|2.E.2.d|Star Software Materiality Calculator,O*NET Database,31.0,2.E.2.d|Star Software Materiality Calculator,Star Software Materiality Calculator,onet_software_skills,exact_title,approved,,canonical_name_exact
canonical:O*NET Database|onet_software_skills|2.E.2.d|Sync Essentials Trade Accountant,O*NET Database,31.0,2.E.2.d|Sync Essentials Trade Accountant,Sync Essentials Trade Accountant,onet_software_skills,exact_title,approved,,canonical_name_exact
canonical:O*NET Database|onet_software_skills|2.E.2.d|Thomson Creative Solutions Engagement CS,O*NET Database,31.0,2.E.2.d|Thomson Creative Solutions Engagement CS,Thomson Creative Solutions Engagement CS,onet_software_skills,exact_title,approved,,canonical_name_exact
canonical:O*NET Database|onet_software_skills|2.E.2.d|Thomson Creative Solutions Financial Analysis CS,O*NET Database,31.0,2.E.2.d|Thomson Creative Solutions Financial Analysis CS,Thomson Creative Solutions Financial Analysis CS,onet_software_skills,exact_title,approved,,canonical_name_exact
canonical:O*NET Database|onet_software_skills|2.E.2.d|Thomson PPC e-Tools Suite,O*NET Database,31.0,2.E.2.d|Thomson PPC e-Tools Suite,Thomson PPC e-Tools Suite,onet_software_skills,exact_title,approved,,canonical_name_exact
canonical:O*NET Database|onet_software_skills|2.E.2.d|TimeValue software,O*NET Database,31.0,2.E.2.d|TimeValue software,TimeValue software,onet_software_skills,exact_title,approved,,canonical_name_exact
canonical:O*NET Database|onet_software_skills|2.E.2.d|TopCAATs,O*NET Database,31.0,2.E.2.d|TopCAATs,TopCAATs,onet_software_skills,exact_title,approved,,canonical_name_exact
canonical:O*NET Database|onet_software_skills|2.E.2.d|Tropics workers' compensation software,O*NET Database,31.0,2.E.2.d|Tropics workers' compensation software,Tropics workers' compensation software,onet_software_skills,exact_title,approved,,canonical_name_exact
canonical:O*NET Database|onet_software_skills|2.E.2.e|Kronos Workforce Payroll,O*NET Database,31.0,2.E.2.e|Kronos Workforce Payroll,Kronos Workforce Payroll,onet_software_skills,exact_title,approved,,canonical_name_exact
canonical:O*NET Database|onet_software_skills|2.E.2.e|Kronos Workforce Timekeeper,O*NET Database,31.0,2.E.2.e|Kronos Workforce Timekeeper,Kronos Workforce Timekeeper,onet_software_skills,exact_title,approved,,canonical_name_exact
canonical:O*NET Database|onet_software_skills|2.E.2.e|MPAY Millennium,O*NET Database,31.0,2.E.2.e|MPAY Millennium,MPAY Millennium,onet_software_skills,exact_title,approved,,canonical_name_exact
canonical:O*NET Database|onet_software_skills|2.E.2.e|Payroll software,O*NET Database,31.0,2.E.2.e|Payroll software,Payroll software,onet_software_skills,exact_title,approved,,canonical_name_exact
canonical:O*NET Database|onet_software_skills|2.E.2.e|WorkForce Software EmpCenter Time and Attendance,O*NET Database,31.0,2.E.2.e|WorkForce Software EmpCenter Time and Attendance,WorkForce Software EmpCenter Time and Attendance,onet_software_skills,exact_title,approved,,canonical_name_exact
canonical:O*NET Database|onet_software_skills|2.E.2.f|Billing software,O*NET Database,31.0,2.E.2.f|Billing software,Billing software,onet_software_skills,exact_title,approved,,canonical_name_exact
canonical:O*NET Database|onet_software_skills|2.E.2.f|Choice Technologies PowerBill +,O*NET Database,31.0,2.E.2.f|Choice Technologies PowerBill +,Choice Technologies PowerBill +,onet_software_skills,exact_title,approved,,canonical_name_exact
canonical:O*NET Database|onet_software_skills|2.E.2.f|Client billing software,O*NET Database,31.0,2.E.2.f|Client billing software,Client billing software,onet_software_skills,exact_title,approved,,canonical_name_exact
canonical:O*NET Database|onet_software_skills|2.E.2.f|Fifth Walk BillingTracker,O*NET Database,31.0,2.E.2.f|Fifth Walk BillingTracker,Fifth Walk BillingTracker,onet_software_skills,exact_title,approved,,canonical_name_exact
canonical:O*NET Database|onet_software_skills|2.E.2.f|Invoice software,O*NET Database,31.0,2.E.2.f|Invoice software,Invoice software,onet_software_skills,exact_title,approved,,canonical_name_exact
canonical:O*NET Database|onet_software_skills|2.E.3.a|Biometrics video game software,O*NET Database,31.0,2.E.3.a|Biometrics video game software,Biometrics video game software,onet_software_skills,exact_title,approved,,canonical_name_exact
canonical:O*NET Database|onet_software_skills|2.E.3.b|Avid Pro Tools,O*NET Database,31.0,2.E.3.b|Avid Pro Tools,Avid Pro Tools,onet_software_skills,exact_title,approved,,canonical_name_exact
canonical:O*NET Database|onet_software_skills|2.E.3.b|Music software,O*NET Database,31.0,2.E.3.b|Music software,Music software,onet_software_skills,exact_title,approved,,canonical_name_exact
canonical:O*NET Database|onet_software_skills|2.E.4.a|Diagramming software,O*NET Database,31.0,2.E.4.a|Diagramming software,Diagramming software,onet_software_skills,exact_title,approved,,canonical_name_exact
canonical:O*NET Database|onet_software_skills|2.E.4.a|Omni Group OmniGraffle,O*NET Database,31.0,2.E.4.a|Omni Group OmniGraffle,Omni Group OmniGraffle,onet_software_skills,exact_title,approved,,canonical_name_exact
canonical:O*NET Database|onet_software_skills|2.E.4.a|Tactile graphic production kits software,O*NET Database,31.0,2.E.4.a|Tactile graphic production kits software,Tactile graphic production kits software,onet_software_skills,exact_title,approved,,canonical_name_exact
canonical:O*NET Database|onet_software_skills|2.E.4.b|ACD Systems Canvas,O*NET Database,31.0,2.E.4.b|ACD Systems Canvas,ACD Systems Canvas,onet_software_skills,exact_title,approved,,canonical_name_exact
canonical:O*NET Database|onet_software_skills|2.E.4.b|Ability Photopaint,O*NET Database,31.0,2.E.4.b|Ability Photopaint,Ability Photopaint,onet_software_skills,exact_title,approved,,canonical_name_exact
canonical:O*NET Database|onet_software_skills|2.E.4.b|Adobe Creative Cloud software,O*NET Database,31.0,2.E.4.b|Adobe Creative Cloud software,Adobe Creative Cloud software,onet_software_skills,exact_title,approved,,canonical_name_exact
canonical:O*NET Database|onet_software_skills|2.E.4.b|Adobe FreeHand MX,O*NET Database,31.0,2.E.4.b|Adobe FreeHand MX,Adobe FreeHand MX,onet_software_skills,exact_title,approved,,canonical_name_exact
canonical:O*NET Database|onet_software_skills|2.E.4.b|Adobe Illustrator,ESCO,1.2.1,http://data.europa.eu/esco/skill/27b913f0-3c52-448b-ad27-fc6ef08fb326,Adobe Illustrator,esco_skills,manual,approved,,approved_cross_type_technology_resolution
canonical:O*NET Database|onet_software_skills|2.E.4.b|Adobe Illustrator,O*NET Database,31.0,2.E.4.b|Adobe Illustrator,Adobe Illustrator,onet_software_skills,exact_title,approved,,canonical_name_exact
canonical:O*NET Database|onet_software_skills|2.E.4.b|Adobe ImageReady,O*NET Database,31.0,2.E.4.b|Adobe ImageReady,Adobe ImageReady,onet_software_skills,exact_title,approved,,canonical_name_exact
canonical:O*NET Database|onet_software_skills|2.E.4.b|Adobe Photoshop,ESCO,1.2.1,http://data.europa.eu/esco/skill/14ced458-5f4b-495f-bd3d-9c240614bda0,Adobe Photoshop,esco_skills,manual,approved,,approved_cross_type_technology_resolution
canonical:O*NET Database|onet_software_skills|2.E.4.b|Adobe Photoshop,O*NET Database,31.0,2.E.4.b|Adobe Photoshop,Adobe Photoshop,onet_software_skills,exact_title,approved,,canonical_name_exact
canonical:O*NET Database|onet_software_skills|2.E.4.b|Adobe XD,O*NET Database,31.0,2.E.4.b|Adobe XD,Adobe XD,onet_software_skills,exact_title,approved,,canonical_name_exact
canonical:O*NET Database|onet_software_skills|2.E.4.b|Ambient Design ArtRage,O*NET Database,31.0,2.E.4.b|Ambient Design ArtRage,Ambient Design ArtRage,onet_software_skills,exact_title,approved,,canonical_name_exact
canonical:O*NET Database|onet_software_skills|2.E.4.b|Apple DrawBerry,O*NET Database,31.0,2.E.4.b|Apple DrawBerry,Apple DrawBerry,onet_software_skills,exact_title,approved,,canonical_name_exact
canonical:O*NET Database|onet_software_skills|2.E.4.b|Aqsis Renderer,O*NET Database,31.0,2.E.4.b|Aqsis Renderer,Aqsis Renderer,onet_software_skills,exact_title,approved,,canonical_name_exact
canonical:O*NET Database|onet_software_skills|2.E.4.b|AutoQ3D,O*NET Database,31.0,2.E.4.b|AutoQ3D,AutoQ3D,onet_software_skills,exact_title,approved,,canonical_name_exact
canonical:O*NET Database|onet_software_skills|2.E.4.b|Autodesk Combustion,O*NET Database,31.0,2.E.4.b|Autodesk Combustion,Autodesk Combustion,onet_software_skills,exact_title,approved,,canonical_name_exact
canonical:O*NET Database|onet_software_skills|2.E.4.b|Autodesk Maya,O*NET Database,31.0,2.E.4.b|Autodesk Maya,Autodesk Maya,onet_software_skills,exact_title,approved,,canonical_name_exact
canonical:O*NET Database|onet_software_skills|2.E.4.b|Autodesk Mudbox,O*NET Database,31.0,2.E.4.b|Autodesk Mudbox,Autodesk Mudbox,onet_software_skills,exact_title,approved,,canonical_name_exact
canonical:O*NET Database|onet_software_skills|2.E.4.b|Autodesk SketchBook Pro,O*NET Database,31.0,2.E.4.b|Autodesk SketchBook Pro,Autodesk SketchBook Pro,onet_software_skills,exact_title,approved,,canonical_name_exact
canonical:O*NET Database|onet_software_skills|2.E.4.b|Autodesk SoftImage,O*NET Database,31.0,2.E.4.b|Autodesk SoftImage,Autodesk SoftImage,onet_software_skills,exact_title,approved,,canonical_name_exact
canonical:O*NET Database|onet_software_skills|2.E.4.b|Bentley GeoPak Bridge,O*NET Database,31.0,2.E.4.b|Bentley GeoPak Bridge,Bentley GeoPak Bridge,onet_software_skills,exact_title,approved,,canonical_name_exact
canonical:O*NET Database|onet_software_skills|2.E.4.b|Blender,O*NET Database,31.0,2.E.4.b|Blender,Blender,onet_software_skills,exact_title,approved,,canonical_name_exact
canonical:O*NET Database|onet_software_skills|2.E.4.b|Bohemian Coding DrawIt,O*NET Database,31.0,2.E.4.b|Bohemian Coding DrawIt,Bohemian Coding DrawIt,onet_software_skills,exact_title,approved,,canonical_name_exact
canonical:O*NET Database|onet_software_skills|2.E.4.b|Bunkspeed HyperDrive,O*NET Database,31.0,2.E.4.b|Bunkspeed HyperDrive,Bunkspeed HyperDrive,onet_software_skills,exact_title,approved,,canonical_name_exact
canonical:O*NET Database|onet_software_skills|2.E.4.b|Bunkspeed HyperMove,O*NET Database,31.0,2.E.4.b|Bunkspeed HyperMove,Bunkspeed HyperMove,onet_software_skills,exact_title,approved,,canonical_name_exact
canonical:O*NET Database|onet_software_skills|2.E.4.b|Caligari Corporation trueSpace,O*NET Database,31.0,2.E.4.b|Caligari Corporation trueSpace,Caligari Corporation trueSpace,onet_software_skills,exact_title,approved,,canonical_name_exact
canonical:O*NET Database|onet_software_skills|2.E.4.b|Canva,O*NET Database,31.0,2.E.4.b|Canva,Canva,onet_software_skills,exact_title,approved,,canonical_name_exact
canonical:O*NET Database|onet_software_skills|2.E.4.b|Celsys RETAS,O*NET Database,31.0,2.E.4.b|Celsys RETAS,Celsys RETAS,onet_software_skills,exact_title,approved,,canonical_name_exact
canonical:O*NET Database|onet_software_skills|2.E.4.b|Character Studio,O*NET Database,31.0,2.E.4.b|Character Studio,Character Studio,onet_software_skills,exact_title,approved,,canonical_name_exact
canonical:O*NET Database|onet_software_skills|2.E.4.b|Cheetah3D,O*NET Database,31.0,2.E.4.b|Cheetah3D,Cheetah3D,onet_software_skills,exact_title,approved,,canonical_name_exact
canonical:O*NET Database|onet_software_skills|2.E.4.b|Computer drawing software,O*NET Database,31.0,2.E.4.b|Computer drawing software,Computer drawing software,onet_software_skills,exact_title,approved,,canonical_name_exact
canonical:O*NET Database|onet_software_skills|2.E.4.b|Corel CorelDraw Graphics Suite,O*NET Database,31.0,2.E.4.b|Corel CorelDraw Graphics Suite,Corel CorelDraw Graphics Suite,onet_software_skills,exact_title,approved,,canonical_name_exact
canonical:O*NET Database|onet_software_skills|2.E.4.b|Corel Painter,O*NET Database,31.0,2.E.4.b|Corel Painter,Corel Painter,onet_software_skills,exact_title,approved,,canonical_name_exact
canonical:O*NET Database|onet_software_skills|2.E.4.b|Cybermotion 3D Designer,O*NET Database,31.0,2.E.4.b|Cybermotion 3D Designer,Cybermotion 3D Designer,onet_software_skills,exact_title,approved,,canonical_name_exact
canonical:O*NET Database|onet_software_skills|2.E.4.b|DAZ Productions Bryce,O*NET Database,31.0,2.E.4.b|DAZ Productions Bryce,DAZ Productions Bryce,onet_software_skills,exact_title,approved,,canonical_name_exact
canonical:O*NET Database|onet_software_skills|2.E.4.b|DAZ Productions Carrara,O*NET Database,31.0,2.E.4.b|DAZ Productions Carrara,DAZ Productions Carrara,onet_software_skills,exact_title,approved,,canonical_name_exact
canonical:O*NET Database|onet_software_skills|2.E.4.b|Electric Rain Swift 3D Xpress,O*NET Database,31.0,2.E.4.b|Electric Rain Swift 3D Xpress,Electric Rain Swift 3D Xpress,onet_software_skills,exact_title,approved,,canonical_name_exact
canonical:O*NET Database|onet_software_skills|2.E.4.b|Freeverse Lineform,O*NET Database,31.0,2.E.4.b|Freeverse Lineform,Freeverse Lineform,onet_software_skills,exact_title,approved,,canonical_name_exact
canonical:O*NET Database|onet_software_skills|2.E.4.b|GNU Image Manipulation Program GIMP,O*NET Database,31.0,2.E.4.b|GNU Image Manipulation Program GIMP,GNU Image Manipulation Program GIMP,onet_software_skills,exact_title,approved,,canonical_name_exact
canonical:O*NET Database|onet_software_skills|2.E.4.b|Graphics software,O*NET Database,31.0,2.E.4.b|Graphics software,Graphics software,onet_software_skills,exact_title,approved,,canonical_name_exact
canonical:O*NET Database|onet_software_skills|2.E.4.b|HASH Animation:Master,O*NET Database,31.0,2.E.4.b|HASH Animation:Master,HASH Animation:Master,onet_software_skills,exact_title,approved,,canonical_name_exact
canonical:O*NET Database|onet_software_skills|2.E.4.b|Indigo Renderer,O*NET Database,31.0,2.E.4.b|Indigo Renderer,Indigo Renderer,onet_software_skills,exact_title,approved,,canonical_name_exact
canonical:O*NET Database|onet_software_skills|2.E.4.b|Inivis AC3D,O*NET Database,31.0,2.E.4.b|Inivis AC3D,Inivis AC3D,onet_software_skills,exact_title,approved,,canonical_name_exact
canonical:O*NET Database|onet_software_skills|2.E.4.b|JamBoard,O*NET Database,31.0,2.E.4.b|JamBoard,JamBoard,onet_software_skills,exact_title,approved,,canonical_name_exact
canonical:O*NET Database|onet_software_skills|2.E.4.b|Luxology Modo,O*NET Database,31.0,2.E.4.b|Luxology Modo,Luxology Modo,onet_software_skills,exact_title,approved,,canonical_name_exact
canonical:O*NET Database|onet_software_skills|2.E.4.b|Luxrender,O*NET Database,31.0,2.E.4.b|Luxrender,Luxrender,onet_software_skills,exact_title,approved,,canonical_name_exact
canonical:O*NET Database|onet_software_skills|2.E.4.b|MagicTracer,O*NET Database,31.0,2.E.4.b|MagicTracer,MagicTracer,onet_software_skills,exact_title,approved,,canonical_name_exact
canonical:O*NET Database|onet_software_skills|2.E.4.b|Massive Jet,O*NET Database,31.0,2.E.4.b|Massive Jet,Massive Jet,onet_software_skills,exact_title,approved,,canonical_name_exact
canonical:O*NET Database|onet_software_skills|2.E.4.b|Maxon BodyPaint 3D,O*NET Database,31.0,2.E.4.b|Maxon BodyPaint 3D,Maxon BodyPaint 3D,onet_software_skills,exact_title,approved,,canonical_name_exact
canonical:O*NET Database|onet_software_skills|2.E.4.b|Mayer-Johnson Boardmaker,O*NET Database,31.0,2.E.4.b|Mayer-Johnson Boardmaker,Mayer-Johnson Boardmaker,onet_software_skills,exact_title,approved,,canonical_name_exact
canonical:O*NET Database|onet_software_skills|2.E.4.b|Mental Images Mental Ray,O*NET Database,31.0,2.E.4.b|Mental Images Mental Ray,Mental Images Mental Ray,onet_software_skills,exact_title,approved,,canonical_name_exact
canonical:O*NET Database|onet_software_skills|2.E.4.b|Microsoft Expression Design,O*NET Database,31.0,2.E.4.b|Microsoft Expression Design,Microsoft Expression Design,onet_software_skills,exact_title,approved,,canonical_name_exact
canonical:O*NET Database|onet_software_skills|2.E.4.b|NVDIA Gelato,O*NET Database,31.0,2.E.4.b|NVDIA Gelato,NVDIA Gelato,onet_software_skills,exact_title,approved,,canonical_name_exact
canonical:O*NET Database|onet_software_skills|2.E.4.b|Nevercenter Silo,O*NET Database,31.0,2.E.4.b|Nevercenter Silo,Nevercenter Silo,onet_software_skills,exact_title,approved,,canonical_name_exact
canonical:O*NET Database|onet_software_skills|2.E.4.b|NewTek Lightwave 3D,O*NET Database,31.0,2.E.4.b|NewTek Lightwave 3D,NewTek Lightwave 3D,onet_software_skills,exact_title,approved,,canonical_name_exact
canonical:O*NET Database|onet_software_skills|2.E.4.b|Next Limit Maxwell Render,O*NET Database,31.0,2.E.4.b|Next Limit Maxwell Render,Next Limit Maxwell Render,onet_software_skills,exact_title,approved,,canonical_name_exact
canonical:O*NET Database|onet_software_skills|2.E.4.b|NodeBox,O*NET Database,31.0,2.E.4.b|NodeBox,NodeBox,onet_software_skills,exact_title,approved,,canonical_name_exact
canonical:O*NET Database|onet_software_skills|2.E.4.b|Open Graphics Library OpenGL,O*NET Database,31.0,2.E.4.b|Open Graphics Library OpenGL,Open Graphics Library OpenGL,onet_software_skills,exact_title,approved,,canonical_name_exact
canonical:O*NET Database|onet_software_skills|2.E.4.b|Pixarra TwistedBrush,O*NET Database,31.0,2.E.4.b|Pixarra TwistedBrush,Pixarra TwistedBrush,onet_software_skills,exact_title,approved,,canonical_name_exact
canonical:O*NET Database|onet_software_skills|2.E.4.b|Pixelmator,O*NET Database,31.0,2.E.4.b|Pixelmator,Pixelmator,onet_software_skills,exact_title,approved,,canonical_name_exact
canonical:O*NET Database|onet_software_skills|2.E.4.b|Pixologic Zbrush,O*NET Database,31.0,2.E.4.b|Pixologic Zbrush,Pixologic Zbrush,onet_software_skills,exact_title,approved,,canonical_name_exact
canonical:O*NET Database|onet_software_skills|2.E.4.b|Quad Software Grome,O*NET Database,31.0,2.E.4.b|Quad Software Grome,Quad Software Grome,onet_software_skills,exact_title,approved,,canonical_name_exact
canonical:O*NET Database|onet_software_skills|2.E.4.b|RealFlow,O*NET Database,31.0,2.E.4.b|RealFlow,RealFlow,onet_software_skills,exact_title,approved,,canonical_name_exact
canonical:O*NET Database|onet_software_skills|2.E.4.b|Satori Paint,O*NET Database,31.0,2.E.4.b|Satori Paint,Satori Paint,onet_software_skills,exact_title,approved,,canonical_name_exact
canonical:O*NET Database|onet_software_skills|2.E.4.b|Serif DrawPlus,O*NET Database,31.0,2.E.4.b|Serif DrawPlus,Serif DrawPlus,onet_software_skills,exact_title,approved,,canonical_name_exact
canonical:O*NET Database|onet_software_skills|2.E.4.b|Side Effects Software Houdini,O*NET Database,31.0,2.E.4.b|Side Effects Software Houdini,Side Effects Software Houdini,onet_software_skills,exact_title,approved,,canonical_name_exact
canonical:O*NET Database|onet_software_skills|2.E.4.b|SideFX Houdini,O*NET Database,31.0,2.E.4.b|SideFX Houdini,SideFX Houdini,onet_software_skills,exact_title,approved,,canonical_name_exact
canonical:O*NET Database|onet_software_skills|2.E.4.b|Skencil,O*NET Database,31.0,2.E.4.b|Skencil,Skencil,onet_software_skills,exact_title,approved,,canonical_name_exact
canonical:O*NET Database|onet_software_skills|2.E.4.b|SmithMicro Anime Studio,O*NET Database,31.0,2.E.4.b|SmithMicro Anime Studio,SmithMicro Anime Studio,onet_software_skills,exact_title,approved,,canonical_name_exact
canonical:O*NET Database|onet_software_skills|2.E.4.b|SmithMicro Manga Studio,O*NET Database,31.0,2.E.4.b|SmithMicro Manga Studio,SmithMicro Manga Studio,onet_software_skills,exact_title,approved,,canonical_name_exact
canonical:O*NET Database|onet_software_skills|2.E.4.b|SmithMicro SoftwarePoser,O*NET Database,31.0,2.E.4.b|SmithMicro SoftwarePoser,SmithMicro SoftwarePoser,onet_software_skills,exact_title,approved,,canonical_name_exact
canonical:O*NET Database|onet_software_skills|2.E.4.b|SmugMug Flickr,O*NET Database,31.0,2.E.4.b|SmugMug Flickr,SmugMug Flickr,onet_software_skills,exact_title,approved,,canonical_name_exact
canonical:O*NET Database|onet_software_skills|2.E.4.b|SplutterFish Brazil,O*NET Database,31.0,2.E.4.b|SplutterFish Brazil,SplutterFish Brazil,onet_software_skills,exact_title,approved,,canonical_name_exact
canonical:O*NET Database|onet_software_skills|2.E.4.b|Sunflow Render System,O*NET Database,31.0,2.E.4.b|Sunflow Render System,Sunflow Render System,onet_software_skills,exact_title,approved,,canonical_name_exact
canonical:O*NET Database|onet_software_skills|2.E.4.b|Thomson Dialog,O*NET Database,31.0,2.E.4.b|Thomson Dialog,Thomson Dialog,onet_software_skills,exact_title,approved,,canonical_name_exact
canonical:O*NET Database|onet_software_skills|2.E.4.b|Three-dimensional graphics software,O*NET Database,31.0,2.E.4.b|Three-dimensional graphics software,Three-dimensional graphics software,onet_software_skills,exact_title,approved,,canonical_name_exact
canonical:O*NET Database|onet_software_skills|2.E.4.b|Trapcode Particular,O*NET Database,31.0,2.E.4.b|Trapcode Particular,Trapcode Particular,onet_software_skills,exact_title,approved,,canonical_name_exact
canonical:O*NET Database|onet_software_skills|2.E.4.b|Trimble SketchUp Pro,O*NET Database,31.0,2.E.4.b|Trimble SketchUp Pro,Trimble SketchUp Pro,onet_software_skills,exact_title,approved,,canonical_name_exact
canonical:O*NET Database|onet_software_skills|2.E.4.b|Two-dimensional graphics software,O*NET Database,31.0,2.E.4.b|Two-dimensional graphics software,Two-dimensional graphics software,onet_software_skills,exact_title,approved,,canonical_name_exact
canonical:O*NET Database|onet_software_skills|2.E.4.b|VectorDesigner,O*NET Database,31.0,2.E.4.b|VectorDesigner,VectorDesigner,onet_software_skills,exact_title,approved,,canonical_name_exact
canonical:O*NET Database|onet_software_skills|2.E.4.b|Xara Designer Pro,O*NET Database,31.0,2.E.4.b|Xara Designer Pro,Xara Designer Pro,onet_software_skills,exact_title,approved,,canonical_name_exact
canonical:O*NET Database|onet_software_skills|2.E.4.b|e-on software Vue,O*NET Database,31.0,2.E.4.b|e-on software Vue,e-on software Vue,onet_software_skills,exact_title,approved,,canonical_name_exact
canonical:O*NET Database|onet_software_skills|2.E.4.b|sK1,O*NET Database,31.0,2.E.4.b|sK1,sK1,onet_software_skills,exact_title,approved,,canonical_name_exact
canonical:O*NET Database|onet_software_skills|2.E.4.c|Adobe After Effects,O*NET Database,31.0,2.E.4.c|Adobe After Effects,Adobe After Effects,onet_software_skills,exact_title,approved,,canonical_name_exact
canonical:O*NET Database|onet_software_skills|2.E.4.c|Adobe Director,O*NET Database,31.0,2.E.4.c|Adobe Director,Adobe Director,onet_software_skills,exact_title,approved,,canonical_name_exact
canonical:O*NET Database|onet_software_skills|2.E.4.c|Adobe Premiere Pro,O*NET Database,31.0,2.E.4.c|Adobe Premiere Pro,Adobe Premiere Pro,onet_software_skills,exact_title,approved,,canonical_name_exact
canonical:O*NET Database|onet_software_skills|2.E.4.c|Apple Final Cut Pro,O*NET Database,31.0,2.E.4.c|Apple Final Cut Pro,Apple Final Cut Pro,onet_software_skills,exact_title,approved,,canonical_name_exact
canonical:O*NET Database|onet_software_skills|2.E.4.c|Apple iMovie,O*NET Database,31.0,2.E.4.c|Apple iMovie,Apple iMovie,onet_software_skills,exact_title,approved,,canonical_name_exact
canonical:O*NET Database|onet_software_skills|2.E.4.c|Autodesk 3ds Max,O*NET Database,31.0,2.E.4.c|Autodesk 3ds Max,Autodesk 3ds Max,onet_software_skills,exact_title,approved,,canonical_name_exact
canonical:O*NET Database|onet_software_skills|2.E.4.c|Autodesk MotionBuilder,O*NET Database,31.0,2.E.4.c|Autodesk MotionBuilder,Autodesk MotionBuilder,onet_software_skills,exact_title,approved,,canonical_name_exact
canonical:O*NET Database|onet_software_skills|2.E.4.c|Chaos Group V-Ray,O*NET Database,31.0,2.E.4.c|Chaos Group V-Ray,Chaos Group V-Ray,onet_software_skills,exact_title,approved,,canonical_name_exact
canonical:O*NET Database|onet_software_skills|2.E.4.c|Flipgrid,O*NET Database,31.0,2.E.4.c|Flipgrid,Flipgrid,onet_software_skills,exact_title,approved,,canonical_name_exact
canonical:O*NET Database|onet_software_skills|2.E.4.c|Kapwing,O*NET Database,31.0,2.E.4.c|Kapwing,Kapwing,onet_software_skills,exact_title,approved,,canonical_name_exact
canonical:O*NET Database|onet_software_skills|2.E.4.c|Loom,O*NET Database,31.0,2.E.4.c|Loom,Loom,onet_software_skills,exact_title,approved,,canonical_name_exact
canonical:O*NET Database|onet_software_skills|2.E.4.c|Maxon Cinema 4D,O*NET Database,31.0,2.E.4.c|Maxon Cinema 4D,Maxon Cinema 4D,onet_software_skills,exact_title,approved,,canonical_name_exact
canonical:O*NET Database|onet_software_skills|2.E.4.c|Pixar RenderMan Studio,O*NET Database,31.0,2.E.4.c|Pixar RenderMan Studio,Pixar RenderMan Studio,onet_software_skills,exact_title,approved,,canonical_name_exact
canonical:O*NET Database|onet_software_skills|2.E.4.c|Screencast-O-Matic,O*NET Database,31.0,2.E.4.c|Screencast-O-Matic,Screencast-O-Matic,onet_software_skills,exact_title,approved,,canonical_name_exact
canonical:O*NET Database|onet_software_skills|2.E.4.c|Screencastify,O*NET Database,31.0,2.E.4.c|Screencastify,Screencastify,onet_software_skills,exact_title,approved,,canonical_name_exact
canonical:O*NET Database|onet_software_skills|2.E.4.c|TechSmith Camtasia,O*NET Database,31.0,2.E.4.c|TechSmith Camtasia,TechSmith Camtasia,onet_software_skills,exact_title,approved,,canonical_name_exact
canonical:O*NET Database|onet_software_skills|2.E.4.c|TikTok,O*NET Database,31.0,2.E.4.c|TikTok,TikTok,onet_software_skills,exact_title,approved,,canonical_name_exact
canonical:O*NET Database|onet_software_skills|2.E.4.c|WeVideo,O*NET Database,31.0,2.E.4.c|WeVideo,WeVideo,onet_software_skills,exact_title,approved,,canonical_name_exact
canonical:O*NET Database|onet_software_skills|2.E.4.c|YouTube,O*NET Database,31.0,2.E.4.c|YouTube,YouTube,onet_software_skills,exact_title,approved,,canonical_name_exact
canonical:O*NET Database|onet_software_skills|2.E.4.d|3M Post-it App,O*NET Database,31.0,2.E.4.d|3M Post-it App,3M Post-it App,onet_software_skills,exact_title,approved,,canonical_name_exact
canonical:O*NET Database|onet_software_skills|2.E.4.d|Collaborative editing software,O*NET Database,31.0,2.E.4.d|Collaborative editing software,Collaborative editing software,onet_software_skills,exact_title,approved,,canonical_name_exact
canonical:O*NET Database|onet_software_skills|2.E.4.d|Crick Software Clicker 4,O*NET Database,31.0,2.E.4.d|Crick Software Clicker 4,Crick Software Clicker 4,onet_software_skills,exact_title,approved,,canonical_name_exact
canonical:O*NET Database|onet_software_skills|2.E.4.d|Evernote,O*NET Database,31.0,2.E.4.d|Evernote,Evernote,onet_software_skills,exact_title,approved,,canonical_name_exact
canonical:O*NET Database|onet_software_skills|2.E.4.d|Exercise routine creation software,O*NET Database,31.0,2.E.4.d|Exercise routine creation software,Exercise routine creation software,onet_software_skills,exact_title,approved,,canonical_name_exact
canonical:O*NET Database|onet_software_skills|2.E.4.d|Google Docs,O*NET Database,31.0,2.E.4.d|Google Docs,Google Docs,onet_software_skills,exact_title,approved,,canonical_name_exact
canonical:O*NET Database|onet_software_skills|2.E.4.d|Microsoft OneNote,O*NET Database,31.0,2.E.4.d|Microsoft OneNote,Microsoft OneNote,onet_software_skills,exact_title,approved,,canonical_name_exact
canonical:O*NET Database|onet_software_skills|2.E.4.d|Microsoft Word,O*NET Database,31.0,2.E.4.d|Microsoft Word,Microsoft Word,onet_software_skills,exact_title,approved,,canonical_name_exact
canonical:O*NET Database|onet_software_skills|2.E.4.d|OpenOffice WRITER,O*NET Database,31.0,2.E.4.d|OpenOffice WRITER,OpenOffice WRITER,onet_software_skills,exact_title,approved,,canonical_name_exact
canonical:O*NET Database|onet_software_skills|2.E.4.f|Apple Keynote,O*NET Database,31.0,2.E.4.f|Apple Keynote,Apple Keynote,onet_software_skills,exact_title,approved,,canonical_name_exact
canonical:O*NET Database|onet_software_skills|2.E.4.f|Apple iWork Keynote,O*NET Database,31.0,2.E.4.f|Apple iWork Keynote,Apple iWork Keynote,onet_software_skills,exact_title,approved,,canonical_name_exact
canonical:O*NET Database|onet_software_skills|2.E.4.f|Google Slides,O*NET Database,31.0,2.E.4.f|Google Slides,Google Slides,onet_software_skills,exact_title,approved,,canonical_name_exact
canonical:O*NET Database|onet_software_skills|2.E.4.f|Mentimeter,O*NET Database,31.0,2.E.4.f|Mentimeter,Mentimeter,onet_software_skills,exact_title,approved,,canonical_name_exact
canonical:O*NET Database|onet_software_skills|2.E.4.f|Microsoft PowerPoint,O*NET Database,31.0,2.E.4.f|Microsoft PowerPoint,Microsoft PowerPoint,onet_software_skills,exact_title,approved,,canonical_name_exact
canonical:O*NET Database|onet_software_skills|2.E.4.g|Adobe Dreamweaver,O*NET Database,31.0,2.E.4.g|Adobe Dreamweaver,Adobe Dreamweaver,onet_software_skills,exact_title,approved,,canonical_name_exact
canonical:O*NET Database|onet_software_skills|2.E.4.g|Adobe Macromedia HomeSite,O*NET Database,31.0,2.E.4.g|Adobe Macromedia HomeSite,Adobe Macromedia HomeSite,onet_software_skills,exact_title,approved,,canonical_name_exact
canonical:O*NET Database|onet_software_skills|2.E.4.g|Axure RP,O*NET Database,31.0,2.E.4.g|Axure RP,Axure RP,onet_software_skills,exact_title,approved,,canonical_name_exact
canonical:O*NET Database|onet_software_skills|2.E.4.g|Content management systems CMS,O*NET Database,31.0,2.E.4.g|Content management systems CMS,Content management systems CMS,onet_software_skills,exact_title,approved,,canonical_name_exact
canonical:O*NET Database|onet_software_skills|2.E.4.g|Facebook,O*NET Database,31.0,2.E.4.g|Facebook,Facebook,onet_software_skills,exact_title,approved,,canonical_name_exact
canonical:O*NET Database|onet_software_skills|2.E.4.g|Google Sites,O*NET Database,31.0,2.E.4.g|Google Sites,Google Sites,onet_software_skills,exact_title,approved,,canonical_name_exact
canonical:O*NET Database|onet_software_skills|2.E.4.g|Google Webmaster Tools,O*NET Database,31.0,2.E.4.g|Google Webmaster Tools,Google Webmaster Tools,onet_software_skills,exact_title,approved,,canonical_name_exact
canonical:O*NET Database|onet_software_skills|2.E.4.g|Instagram,O*NET Database,31.0,2.E.4.g|Instagram,Instagram,onet_software_skills,exact_title,approved,,canonical_name_exact
canonical:O*NET Database|onet_software_skills|2.E.4.g|LinkedIn,O*NET Database,31.0,2.E.4.g|LinkedIn,LinkedIn,onet_software_skills,exact_title,approved,,canonical_name_exact
canonical:O*NET Database|onet_software_skills|2.E.4.g|LinkedIn,O*NET Database,31.0,2.E.6.f|LinkedIn,LinkedIn,onet_software_skills,exact_title,approved,,canonical_name_exact
canonical:O*NET Database|onet_software_skills|2.E.4.g|Social media sites,O*NET Database,31.0,2.E.4.g|Social media sites,Social media sites,onet_software_skills,exact_title,approved,,canonical_name_exact
canonical:O*NET Database|onet_software_skills|2.E.4.g|WordPress,ESCO,1.2.1,http://data.europa.eu/esco/skill/6d289e8b-2cc1-4eda-ab1f-ad1090ef98f0,WordPress,esco_skills,manual,approved,,approved_cross_type_technology_resolution
canonical:O*NET Database|onet_software_skills|2.E.4.g|WordPress,O*NET Database,31.0,2.E.4.g|WordPress,WordPress,onet_software_skills,exact_title,approved,,canonical_name_exact
canonical:O*NET Database|onet_software_skills|2.E.4.h|MD Synergy Medical Appointment Scheduling,O*NET Database,31.0,2.E.4.h|MD Synergy Medical Appointment Scheduling,MD Synergy Medical Appointment Scheduling,onet_software_skills,exact_title,approved,,canonical_name_exact
canonical:O*NET Database|onet_software_skills|2.E.4.h|Scheduling software,O*NET Database,31.0,2.E.4.h|Scheduling software,Scheduling software,onet_software_skills,exact_title,approved,,canonical_name_exact
canonical:O*NET Database|onet_software_skills|2.E.4.h|Siemens Soarian Scheduling,O*NET Database,31.0,2.E.4.h|Siemens Soarian Scheduling,Siemens Soarian Scheduling,onet_software_skills,exact_title,approved,,canonical_name_exact
canonical:O*NET Database|onet_software_skills|2.E.4.h|SpectraSoft AppointmentsCS,O*NET Database,31.0,2.E.4.h|SpectraSoft AppointmentsCS,SpectraSoft AppointmentsCS,onet_software_skills,exact_title,approved,,canonical_name_exact
canonical:O*NET Database|onet_software_skills|2.E.4.i|Google Sheets,O*NET Database,31.0,2.E.4.i|Google Sheets,Google Sheets,onet_software_skills,exact_title,approved,,canonical_name_exact
canonical:O*NET Database|onet_software_skills|2.E.4.i|IBM Lotus 1-2-3,O*NET Database,31.0,2.E.4.i|IBM Lotus 1-2-3,IBM Lotus 1-2-3,onet_software_skills,exact_title,approved,,canonical_name_exact
canonical:O*NET Database|onet_software_skills|2.E.4.i|Microsoft Excel,O*NET Database,31.0,2.E.4.i|Microsoft Excel,Microsoft Excel,onet_software_skills,exact_title,approved,,canonical_name_exact
canonical:O*NET Database|onet_software_skills|2.E.4.j|Duxbury Braille Translator,O*NET Database,31.0,2.E.4.j|Duxbury Braille Translator,Duxbury Braille Translator,onet_software_skills,exact_title,approved,,canonical_name_exact
canonical:O*NET Database|onet_software_skills|2.E.4.j|Nuance OmniPage Professional,O*NET Database,31.0,2.E.4.j|Nuance OmniPage Professional,Nuance OmniPage Professional,onet_software_skills,exact_title,approved,,canonical_name_exact
canonical:O*NET Database|onet_software_skills|2.E.4.j|Scantron imaging software,O*NET Database,31.0,2.E.4.j|Scantron imaging software,Scantron imaging software,onet_software_skills,exact_title,approved,,canonical_name_exact
canonical:O*NET Database|onet_software_skills|2.E.4.j|Text scanning software,O*NET Database,31.0,2.E.4.j|Text scanning software,Text scanning software,onet_software_skills,exact_title,approved,,canonical_name_exact
canonical:O*NET Database|onet_software_skills|2.E.4.k|Adobe Distiller,O*NET Database,31.0,2.E.4.k|Adobe Distiller,Adobe Distiller,onet_software_skills,exact_title,approved,,canonical_name_exact
canonical:O*NET Database|onet_software_skills|2.E.4.k|Adobe FrameMaker,O*NET Database,31.0,2.E.4.k|Adobe FrameMaker,Adobe FrameMaker,onet_software_skills,exact_title,approved,,canonical_name_exact
canonical:O*NET Database|onet_software_skills|2.E.4.k|Adobe InDesign,O*NET Database,31.0,2.E.4.k|Adobe InDesign,Adobe InDesign,onet_software_skills,exact_title,approved,,canonical_name_exact
canonical:O*NET Database|onet_software_skills|2.E.4.k|Adobe PageMaker,O*NET Database,31.0,2.E.4.k|Adobe PageMaker,Adobe PageMaker,onet_software_skills,exact_title,approved,,canonical_name_exact
canonical:O*NET Database|onet_software_skills|2.E.4.k|LogiXML Ad-HOC,O*NET Database,31.0,2.E.4.k|LogiXML Ad-HOC,LogiXML Ad-HOC,onet_software_skills,exact_title,approved,,canonical_name_exact
canonical:O*NET Database|onet_software_skills|2.E.4.k|Microsoft Publisher,O*NET Database,31.0,2.E.4.k|Microsoft Publisher,Microsoft Publisher,onet_software_skills,exact_title,approved,,canonical_name_exact
canonical:O*NET Database|onet_software_skills|2.E.4.k|QuarkXPress,O*NET Database,31.0,2.E.4.k|QuarkXPress,QuarkXPress,onet_software_skills,exact_title,approved,,canonical_name_exact
canonical:O*NET Database|onet_software_skills|2.E.4.k|Sawtooth SSI Web,O*NET Database,31.0,2.E.4.k|Sawtooth SSI Web,Sawtooth SSI Web,onet_software_skills,exact_title,approved,,canonical_name_exact
"canonical:O*NET Database|onet_software_skills|2.E.5.a|Adxstudio, for Microsoft",O*NET Database,31.0,"2.E.5.a|Adxstudio, for Microsoft","Adxstudio, for Microsoft",onet_software_skills,exact_title,approved,,canonical_name_exact
canonical:O*NET Database|onet_software_skills|2.E.5.a|Atlassian JIRA,O*NET Database,31.0,2.E.5.a|Atlassian JIRA,Atlassian JIRA,onet_software_skills,exact_title,approved,,canonical_name_exact
canonical:O*NET Database|onet_software_skills|2.E.5.a|Emerald Software Group Emerald Green Office,O*NET Database,31.0,2.E.5.a|Emerald Software Group Emerald Green Office,Emerald Software Group Emerald Green Office,onet_software_skills,exact_title,approved,,canonical_name_exact
canonical:O*NET Database|onet_software_skills|2.E.5.a|Sitecore CMS,O*NET Database,31.0,2.E.5.a|Sitecore CMS,Sitecore CMS,onet_software_skills,exact_title,approved,,canonical_name_exact
canonical:O*NET Database|onet_software_skills|2.E.5.b|Adobe Acrobat,O*NET Database,31.0,2.E.5.b|Adobe Acrobat,Adobe Acrobat,onet_software_skills,exact_title,approved,,canonical_name_exact
canonical:O*NET Database|onet_software_skills|2.E.5.b|Adobe LifeCycle Enterprise Suite,O*NET Database,31.0,2.E.5.b|Adobe LifeCycle Enterprise Suite,Adobe LifeCycle Enterprise Suite,onet_software_skills,exact_title,approved,,canonical_name_exact
canonical:O*NET Database|onet_software_skills|2.E.5.b|Document management system software,O*NET Database,31.0,2.E.5.b|Document management system software,Document management system software,onet_software_skills,exact_title,approved,,canonical_name_exact
canonical:O*NET Database|onet_software_skills|2.E.5.b|Fox Meadows Accent Data Manager,O*NET Database,31.0,2.E.5.b|Fox Meadows Accent Data Manager,Fox Meadows Accent Data Manager,onet_software_skills,exact_title,approved,,canonical_name_exact
canonical:O*NET Database|onet_software_skills|2.E.5.b|Hyland Software OnBase,O*NET Database,31.0,2.E.5.b|Hyland Software OnBase,Hyland Software OnBase,onet_software_skills,exact_title,approved,,canonical_name_exact
canonical:O*NET Database|onet_software_skills|2.E.5.b|IBM Content Manager,O*NET Database,31.0,2.E.5.b|IBM Content Manager,IBM Content Manager,onet_software_skills,exact_title,approved,,canonical_name_exact
canonical:O*NET Database|onet_software_skills|2.E.5.b|IDX Systems Patient Chart Tracking,O*NET Database,31.0,2.E.5.b|IDX Systems Patient Chart Tracking,IDX Systems Patient Chart Tracking,onet_software_skills,exact_title,approved,,canonical_name_exact
canonical:O*NET Database|onet_software_skills|2.E.5.b|Iron Mountain Accutrac records management software,O*NET Database,31.0,2.E.5.b|Iron Mountain Accutrac records management software,Iron Mountain Accutrac records management software,onet_software_skills,exact_title,approved,,canonical_name_exact
canonical:O*NET Database|onet_software_skills|2.E.5.b|Laserfiche software,O*NET Database,31.0,2.E.5.b|Laserfiche software,Laserfiche software,onet_software_skills,exact_title,approved,,canonical_name_exact
canonical:O*NET Database|onet_software_skills|2.E.5.b|Microsoft SharePoint,O*NET Database,31.0,2.E.5.b|Microsoft SharePoint,Microsoft SharePoint,onet_software_skills,exact_title,approved,,canonical_name_exact
canonical:O*NET Database|onet_software_skills|2.E.5.b|OmniRIM Records Management Suite,O*NET Database,31.0,2.E.5.b|OmniRIM Records Management Suite,OmniRIM Records Management Suite,onet_software_skills,exact_title,approved,,canonical_name_exact
canonical:O*NET Database|onet_software_skills|2.E.5.b|Open Source Matters Joomla!,O*NET Database,31.0,2.E.5.b|Open Source Matters Joomla!,Open Source Matters Joomla!,onet_software_skills,exact_title,approved,,canonical_name_exact
canonical:O*NET Database|onet_software_skills|2.E.5.b|PDF readers,O*NET Database,31.0,2.E.5.b|PDF readers,PDF readers,onet_software_skills,exact_title,approved,,canonical_name_exact
canonical:O*NET Database|onet_software_skills|2.E.5.b|Sage CPADocument Manager,O*NET Database,31.0,2.E.5.b|Sage CPADocument Manager,Sage CPADocument Manager,onet_software_skills,exact_title,approved,,canonical_name_exact
canonical:O*NET Database|onet_software_skills|2.E.5.b|SoftMed ChartLocater,O*NET Database,31.0,2.E.5.b|SoftMed ChartLocater,SoftMed ChartLocater,onet_software_skills,exact_title,approved,,canonical_name_exact
canonical:O*NET Database|onet_software_skills|2.E.5.b|SoftMed ChartReserve,O*NET Database,31.0,2.E.5.b|SoftMed ChartReserve,SoftMed ChartReserve,onet_software_skills,exact_title,approved,,canonical_name_exact
canonical:O*NET Database|onet_software_skills|2.E.5.b|Teradata FastExport,O*NET Database,31.0,2.E.5.b|Teradata FastExport,Teradata FastExport,onet_software_skills,exact_title,approved,,canonical_name_exact
canonical:O*NET Database|onet_software_skills|2.E.5.c|Apache Subversion SVN,O*NET Database,31.0,2.E.5.c|Apache Subversion SVN,Apache Subversion SVN,onet_software_skills,exact_title,approved,,canonical_name_exact
canonical:O*NET Database|onet_software_skills|2.E.5.c|Git,O*NET Database,31.0,2.E.5.c|Git,Git,onet_software_skills,exact_title,approved,,canonical_name_exact
canonical:O*NET Database|onet_software_skills|2.E.5.c|Version control software,O*NET Database,31.0,2.E.5.c|Version control software,Version control software,onet_software_skills,exact_title,approved,,canonical_name_exact
canonical:O*NET Database|onet_software_skills|2.E.5.c|WinMerge,O*NET Database,31.0,2.E.5.c|WinMerge,WinMerge,onet_software_skills,exact_title,approved,,canonical_name_exact
canonical:O*NET Database|onet_software_skills|2.E.6.a|3M Encoder,O*NET Database,31.0,2.E.6.a|3M Encoder,3M Encoder,onet_software_skills,exact_title,approved,,canonical_name_exact
canonical:O*NET Database|onet_software_skills|2.E.6.a|American Medical Association CodeManager,O*NET Database,31.0,2.E.6.a|American Medical Association CodeManager,American Medical Association CodeManager,onet_software_skills,exact_title,approved,,canonical_name_exact
canonical:O*NET Database|onet_software_skills|2.E.6.a|Computerized indexing systems,O*NET Database,31.0,2.E.6.a|Computerized indexing systems,Computerized indexing systems,onet_software_skills,exact_title,approved,,canonical_name_exact
canonical:O*NET Database|onet_software_skills|2.E.6.a|DRG grouping software,O*NET Database,31.0,2.E.6.a|DRG grouping software,DRG grouping software,onet_software_skills,exact_title,approved,,canonical_name_exact
canonical:O*NET Database|onet_software_skills|2.E.6.a|Map Maker,O*NET Database,31.0,2.E.6.a|Map Maker,Map Maker,onet_software_skills,exact_title,approved,,canonical_name_exact
canonical:O*NET Database|onet_software_skills|2.E.6.b|Aster Data nCluster,O*NET Database,31.0,2.E.6.b|Aster Data nCluster,Aster Data nCluster,onet_software_skills,exact_title,approved,,canonical_name_exact
canonical:O*NET Database|onet_software_skills|2.E.6.b|Cluster server software,O*NET Database,31.0,2.E.6.b|Cluster server software,Cluster server software,onet_software_skills,exact_title,approved,,canonical_name_exact
canonical:O*NET Database|onet_software_skills|2.E.6.b|Oracle Real Application Cluster RAC,O*NET Database,31.0,2.E.6.b|Oracle Real Application Cluster RAC,Oracle Real Application Cluster RAC,onet_software_skills,exact_title,approved,,canonical_name_exact
canonical:O*NET Database|onet_software_skills|2.E.6.b|VMware,O*NET Database,31.0,2.E.6.b|VMware,VMware,onet_software_skills,exact_title,approved,,canonical_name_exact
canonical:O*NET Database|onet_software_skills|2.E.6.c|Act!,O*NET Database,31.0,2.E.6.c|Act!,Act!,onet_software_skills,exact_title,approved,,canonical_name_exact
canonical:O*NET Database|onet_software_skills|2.E.6.c|Blackbaud The Raiser's Edge,O*NET Database,31.0,2.E.6.c|Blackbaud The Raiser's Edge,Blackbaud The Raiser's Edge,onet_software_skills,exact_title,approved,,canonical_name_exact
canonical:O*NET Database|onet_software_skills|2.E.6.c|Customer information databases,O*NET Database,31.0,2.E.6.c|Customer information databases,Customer information databases,onet_software_skills,exact_title,approved,,canonical_name_exact
canonical:O*NET Database|onet_software_skills|2.E.6.c|Galilee Enterprise TargetPro,O*NET Database,31.0,2.E.6.c|Galilee Enterprise TargetPro,Galilee Enterprise TargetPro,onet_software_skills,exact_title,approved,,canonical_name_exact
canonical:O*NET Database|onet_software_skills|2.E.6.c|Insightful Corporation Confirmit,O*NET Database,31.0,2.E.6.c|Insightful Corporation Confirmit,Insightful Corporation Confirmit,onet_software_skills,exact_title,approved,,canonical_name_exact
canonical:O*NET Database|onet_software_skills|2.E.6.c|Oracle Eloqua,O*NET Database,31.0,2.E.6.c|Oracle Eloqua,Oracle Eloqua,onet_software_skills,exact_title,approved,,canonical_name_exact
canonical:O*NET Database|onet_software_skills|2.E.6.c|Oracle Siebel Marketing Resource Management,O*NET Database,31.0,2.E.6.c|Oracle Siebel Marketing Resource Management,Oracle Siebel Marketing Resource Management,onet_software_skills,exact_title,approved,,canonical_name_exact
canonical:O*NET Database|onet_software_skills|2.E.6.c|Salesforce software,O*NET Database,31.0,2.E.6.c|Salesforce software,Salesforce software,onet_software_skills,exact_title,approved,,canonical_name_exact
canonical:O*NET Database|onet_software_skills|2.E.6.c|TechExcel ServiceWise,O*NET Database,31.0,2.E.6.c|TechExcel ServiceWise,TechExcel ServiceWise,onet_software_skills,exact_title,approved,,canonical_name_exact
canonical:O*NET Database|onet_software_skills|2.E.6.c|Vantage MCIF,O*NET Database,31.0,2.E.6.c|Vantage MCIF,Vantage MCIF,onet_software_skills,exact_title,approved,,canonical_name_exact
canonical:O*NET Database|onet_software_skills|2.E.6.c|Vendor management system software,O*NET Database,31.0,2.E.6.c|Vendor management system software,Vendor management system software,onet_software_skills,exact_title,approved,,canonical_name_exact
canonical:O*NET Database|onet_software_skills|2.E.6.d|ADO.NET,O*NET Database,31.0,2.E.6.d|ADO.NET,ADO.NET,onet_software_skills,exact_title,approved,,canonical_name_exact
canonical:O*NET Database|onet_software_skills|2.E.6.d|ADO.NET,O*NET Database,31.0,2.E.6.f|ADO.NET,ADO.NET,onet_software_skills,exact_title,approved,,canonical_name_exact
canonical:O*NET Database|onet_software_skills|2.E.6.d|Amazon DynamoDB,O*NET Database,31.0,2.E.6.d|Amazon DynamoDB,Amazon DynamoDB,onet_software_skills,exact_title,approved,,canonical_name_exact
canonical:O*NET Database|onet_software_skills|2.E.6.d|Amazon Kinesis,O*NET Database,31.0,2.E.6.d|Amazon Kinesis,Amazon Kinesis,onet_software_skills,exact_title,approved,,canonical_name_exact
canonical:O*NET Database|onet_software_skills|2.E.6.d|Apache Cassandra,O*NET Database,31.0,2.E.6.d|Apache Cassandra,Apache Cassandra,onet_software_skills,exact_title,approved,,canonical_name_exact
canonical:O*NET Database|onet_software_skills|2.E.6.d|Apache Flume,O*NET Database,31.0,2.E.6.d|Apache Flume,Apache Flume,onet_software_skills,exact_title,approved,,canonical_name_exact
canonical:O*NET Database|onet_software_skills|2.E.6.d|Apache HBase,O*NET Database,31.0,2.E.6.d|Apache HBase,Apache HBase,onet_software_skills,exact_title,approved,,canonical_name_exact
canonical:O*NET Database|onet_software_skills|2.E.6.d|Apache Hadoop,O*NET Database,31.0,2.E.6.d|Apache Hadoop,Apache Hadoop,onet_software_skills,exact_title,approved,,canonical_name_exact
canonical:O*NET Database|onet_software_skills|2.E.6.d|Apache Hive,O*NET Database,31.0,2.E.6.d|Apache Hive,Apache Hive,onet_software_skills,exact_title,approved,,canonical_name_exact
canonical:O*NET Database|onet_software_skills|2.E.6.d|Apache Hive,O*NET Database,31.0,2.E.6.f|Apache Hive,Apache Hive,onet_software_skills,exact_title,approved,,canonical_name_exact
canonical:O*NET Database|onet_software_skills|2.E.6.d|Apache Oozie,O*NET Database,31.0,2.E.6.d|Apache Oozie,Apache Oozie,onet_software_skills,exact_title,approved,,canonical_name_exact
canonical:O*NET Database|onet_software_skills|2.E.6.d|Apache Pig,O*NET Database,31.0,2.E.6.d|Apache Pig,Apache Pig,onet_software_skills,exact_title,approved,,canonical_name_exact
canonical:O*NET Database|onet_software_skills|2.E.6.d|Apache Solr,O*NET Database,31.0,2.E.6.d|Apache Solr,Apache Solr,onet_software_skills,exact_title,approved,,canonical_name_exact
canonical:O*NET Database|onet_software_skills|2.E.6.d|Apache Sqoop,O*NET Database,31.0,2.E.6.d|Apache Sqoop,Apache Sqoop,onet_software_skills,exact_title,approved,,canonical_name_exact
canonical:O*NET Database|onet_software_skills|2.E.6.d|BMC Software Change Manager,O*NET Database,31.0,2.E.6.d|BMC Software Change Manager,BMC Software Change Manager,onet_software_skills,exact_title,approved,,canonical_name_exact
canonical:O*NET Database|onet_software_skills|2.E.6.d|CA IDMS,O*NET Database,31.0,2.E.6.d|CA IDMS,CA IDMS,onet_software_skills,exact_title,approved,,canonical_name_exact
canonical:O*NET Database|onet_software_skills|2.E.6.d|Catalog navigation software,O*NET Database,31.0,2.E.6.d|Catalog navigation software,Catalog navigation software,onet_software_skills,exact_title,approved,,canonical_name_exact
canonical:O*NET Database|onet_software_skills|2.E.6.d|CodeFutures dbShards,O*NET Database,31.0,2.E.6.d|CodeFutures dbShards,CodeFutures dbShards,onet_software_skills,exact_title,approved,,canonical_name_exact
canonical:O*NET Database|onet_software_skills|2.E.6.d|Computer Associates integrated data management system CA-IDMS,O*NET Database,31.0,2.E.6.d|Computer Associates integrated data management system CA-IDMS,Computer Associates integrated data management system CA-IDMS,onet_software_skills,exact_title,approved,,canonical_name_exact
canonical:O*NET Database|onet_software_skills|2.E.6.d|Concurrency control software,O*NET Database,31.0,2.E.6.d|Concurrency control software,Concurrency control software,onet_software_skills,exact_title,approved,,canonical_name_exact
canonical:O*NET Database|onet_software_skills|2.E.6.d|Couchbase Server,O*NET Database,31.0,2.E.6.d|Couchbase Server,Couchbase Server,onet_software_skills,exact_title,approved,,canonical_name_exact
canonical:O*NET Database|onet_software_skills|2.E.6.d|DBTools Software DBManager Professional,O*NET Database,31.0,2.E.6.d|DBTools Software DBManager Professional,DBTools Software DBManager Professional,onet_software_skills,exact_title,approved,,canonical_name_exact
canonical:O*NET Database|onet_software_skills|2.E.6.d|Data definition language DDL,O*NET Database,31.0,2.E.6.d|Data definition language DDL,Data definition language DDL,onet_software_skills,exact_title,approved,,canonical_name_exact
canonical:O*NET Database|onet_software_skills|2.E.6.d|Data manipulation language DML,O*NET Database,31.0,2.E.6.d|Data manipulation language DML,Data manipulation language DML,onet_software_skills,exact_title,approved,,canonical_name_exact
canonical:O*NET Database|onet_software_skills|2.E.6.d|Data transformation services DTS software,O*NET Database,31.0,2.E.6.d|Data transformation services DTS software,Data transformation services DTS software,onet_software_skills,exact_title,approved,,canonical_name_exact
canonical:O*NET Database|onet_software_skills|2.E.6.d|Database design software,O*NET Database,31.0,2.E.6.d|Database design software,Database design software,onet_software_skills,exact_title,approved,,canonical_name_exact
canonical:O*NET Database|onet_software_skills|2.E.6.d|Database management systems,ESCO,1.2.1,http://data.europa.eu/esco/skill/ab1e97ed-2319-4293-a8b7-072d2648822f,database management systems,esco_skills,manual,approved,,approved_cross_type_technology_resolution
canonical:O*NET Database|onet_software_skills|2.E.6.d|Database management systems,O*NET Database,31.0,2.E.6.d|Database management systems,Database management systems,onet_software_skills,exact_title,approved,,canonical_name_exact
canonical:O*NET Database|onet_software_skills|2.E.6.d|Distributed database management software,O*NET Database,31.0,2.E.6.d|Distributed database management software,Distributed database management software,onet_software_skills,exact_title,approved,,canonical_name_exact
canonical:O*NET Database|onet_software_skills|2.E.6.d|Elasticsearch,O*NET Database,31.0,2.E.6.d|Elasticsearch,Elasticsearch,onet_software_skills,exact_title,approved,,canonical_name_exact
canonical:O*NET Database|onet_software_skills|2.E.6.d|Embarcadero Technologies DBArtisan,O*NET Database,31.0,2.E.6.d|Embarcadero Technologies DBArtisan,Embarcadero Technologies DBArtisan,onet_software_skills,exact_title,approved,,canonical_name_exact
canonical:O*NET Database|onet_software_skills|2.E.6.d|Greenplum Database,O*NET Database,31.0,2.E.6.d|Greenplum Database,Greenplum Database,onet_software_skills,exact_title,approved,,canonical_name_exact
canonical:O*NET Database|onet_software_skills|2.E.6.d|IBM Infosphere Information Server,O*NET Database,31.0,2.E.6.d|IBM Infosphere Information Server,IBM Infosphere Information Server,onet_software_skills,exact_title,approved,,canonical_name_exact
canonical:O*NET Database|onet_software_skills|2.E.6.d|IBM Interactive System Productivity Facility ISPF,O*NET Database,31.0,2.E.6.d|IBM Interactive System Productivity Facility ISPF,IBM Interactive System Productivity Facility ISPF,onet_software_skills,exact_title,approved,,canonical_name_exact
canonical:O*NET Database|onet_software_skills|2.E.6.d|Index tuning software,O*NET Database,31.0,2.E.6.d|Index tuning software,Index tuning software,onet_software_skills,exact_title,approved,,canonical_name_exact
canonical:O*NET Database|onet_software_skills|2.E.6.d|Informatica Big Data,O*NET Database,31.0,2.E.6.d|Informatica Big Data,Informatica Big Data,onet_software_skills,exact_title,approved,,canonical_name_exact
canonical:O*NET Database|onet_software_skills|2.E.6.d|InterMine,O*NET Database,31.0,2.E.6.d|InterMine,InterMine,onet_software_skills,exact_title,approved,,canonical_name_exact
canonical:O*NET Database|onet_software_skills|2.E.6.d|Kalido Information Engine,O*NET Database,31.0,2.E.6.d|Kalido Information Engine,Kalido Information Engine,onet_software_skills,exact_title,approved,,canonical_name_exact
canonical:O*NET Database|onet_software_skills|2.E.6.d|MapR Converged Data Platform,O*NET Database,31.0,2.E.6.d|MapR Converged Data Platform,MapR Converged Data Platform,onet_software_skills,exact_title,approved,,canonical_name_exact
canonical:O*NET Database|onet_software_skills|2.E.6.d|MariaDB,O*NET Database,31.0,2.E.6.d|MariaDB,MariaDB,onet_software_skills,exact_title,approved,,canonical_name_exact
canonical:O*NET Database|onet_software_skills|2.E.6.d|Microsoft transact-structural query language T-SQL,O*NET Database,31.0,2.E.6.d|Microsoft transact-structural query language T-SQL,Microsoft transact-structural query language T-SQL,onet_software_skills,exact_title,approved,,canonical_name_exact
canonical:O*NET Database|onet_software_skills|2.E.6.d|MongoDB,O*NET Database,31.0,2.E.6.d|MongoDB,MongoDB,onet_software_skills,exact_title,approved,,canonical_name_exact
canonical:O*NET Database|onet_software_skills|2.E.6.d|Multidimensional Expressions MDX,O*NET Database,31.0,2.E.6.d|Multidimensional Expressions MDX,Multidimensional Expressions MDX,onet_software_skills,exact_title,approved,,canonical_name_exact
canonical:O*NET Database|onet_software_skills|2.E.6.d|MySQL,ESCO,1.2.1,http://data.europa.eu/esco/skill/4da171e5-779c-4983-a76f-91c16751e99f,MySQL,esco_skills,manual,approved,,approved_cross_type_technology_resolution
canonical:O*NET Database|onet_software_skills|2.E.6.d|MySQL,O*NET Database,31.0,2.E.6.d|MySQL,MySQL,onet_software_skills,exact_title,approved,,canonical_name_exact
canonical:O*NET Database|onet_software_skills|2.E.6.d|MySQL,O*NET Database,31.0,2.E.6.f|MySQL,MySQL,onet_software_skills,exact_title,approved,,canonical_name_exact
canonical:O*NET Database|onet_software_skills|2.E.6.d|NoSQL,ESCO,1.2.1,http://data.europa.eu/esco/skill/76ef6ed3-1658-4a1a-9593-204d799c6d0c,NoSQL,esco_skills,manual,approved,,approved_cross_type_technology_resolution
canonical:O*NET Database|onet_software_skills|2.E.6.d|NoSQL,O*NET Database,31.0,2.E.6.d|NoSQL,NoSQL,onet_software_skills,exact_title,approved,,canonical_name_exact
canonical:O*NET Database|onet_software_skills|2.E.6.d|Oracle Database,O*NET Database,31.0,2.E.6.d|Oracle Database,Oracle Database,onet_software_skills,exact_title,approved,,canonical_name_exact
canonical:O*NET Database|onet_software_skills|2.E.6.d|Oracle Database,O*NET Database,31.0,2.E.6.f|Oracle Database,Oracle Database,onet_software_skills,exact_title,approved,,canonical_name_exact
canonical:O*NET Database|onet_software_skills|2.E.6.d|Oracle Enterprise Manager,O*NET Database,31.0,2.E.6.d|Oracle Enterprise Manager,Oracle Enterprise Manager,onet_software_skills,exact_title,approved,,canonical_name_exact
canonical:O*NET Database|onet_software_skills|2.E.6.d|Oracle Enterprise Manager Cloud Control,O*NET Database,31.0,2.E.6.d|Oracle Enterprise Manager Cloud Control,Oracle Enterprise Manager Cloud Control,onet_software_skills,exact_title,approved,,canonical_name_exact
canonical:O*NET Database|onet_software_skills|2.E.6.d|Oracle Golden Gate,O*NET Database,31.0,2.E.6.d|Oracle Golden Gate,Oracle Golden Gate,onet_software_skills,exact_title,approved,,canonical_name_exact
canonical:O*NET Database|onet_software_skills|2.E.6.d|Oracle Migration Workbench,O*NET Database,31.0,2.E.6.d|Oracle Migration Workbench,Oracle Migration Workbench,onet_software_skills,exact_title,approved,,canonical_name_exact
canonical:O*NET Database|onet_software_skills|2.E.6.d|Oracle PL/SQL,O*NET Database,31.0,2.E.6.d|Oracle PL/SQL,Oracle PL/SQL,onet_software_skills,exact_title,approved,,canonical_name_exact
canonical:O*NET Database|onet_software_skills|2.E.6.d|ParAccel Analytic Database,O*NET Database,31.0,2.E.6.d|ParAccel Analytic Database,ParAccel Analytic Database,onet_software_skills,exact_title,approved,,canonical_name_exact
canonical:O*NET Database|onet_software_skills|2.E.6.d|Quest Central,O*NET Database,31.0,2.E.6.d|Quest Central,Quest Central,onet_software_skills,exact_title,approved,,canonical_name_exact
canonical:O*NET Database|onet_software_skills|2.E.6.d|Quest SharePlex,O*NET Database,31.0,2.E.6.d|Quest SharePlex,Quest SharePlex,onet_software_skills,exact_title,approved,,canonical_name_exact
canonical:O*NET Database|onet_software_skills|2.E.6.d|Redis,O*NET Database,31.0,2.E.6.d|Redis,Redis,onet_software_skills,exact_title,approved,,canonical_name_exact
canonical:O*NET Database|onet_software_skills|2.E.6.d|Relational database management software,O*NET Database,31.0,2.E.6.d|Relational database management software,Relational database management software,onet_software_skills,exact_title,approved,,canonical_name_exact
canonical:O*NET Database|onet_software_skills|2.E.6.d|Relational database management system software,O*NET Database,31.0,2.E.6.d|Relational database management system software,Relational database management system software,onet_software_skills,exact_title,approved,,canonical_name_exact
canonical:O*NET Database|onet_software_skills|2.E.6.d|SAND,O*NET Database,31.0,2.E.6.d|SAND,SAND,onet_software_skills,exact_title,approved,,canonical_name_exact
canonical:O*NET Database|onet_software_skills|2.E.6.d|SAP Adaptive Server Enterprise,O*NET Database,31.0,2.E.6.d|SAP Adaptive Server Enterprise,SAP Adaptive Server Enterprise,onet_software_skills,exact_title,approved,,canonical_name_exact
canonical:O*NET Database|onet_software_skills|2.E.6.d|SAP IQ,O*NET Database,31.0,2.E.6.d|SAP IQ,SAP IQ,onet_software_skills,exact_title,approved,,canonical_name_exact
canonical:O*NET Database|onet_software_skills|2.E.6.d|SAP Replication Server,O*NET Database,31.0,2.E.6.d|SAP Replication Server,SAP Replication Server,onet_software_skills,exact_title,approved,,canonical_name_exact
canonical:O*NET Database|onet_software_skills|2.E.6.d|SentryOne SQL Sentry,O*NET Database,31.0,2.E.6.d|SentryOne SQL Sentry,SentryOne SQL Sentry,onet_software_skills,exact_title,approved,,canonical_name_exact
canonical:O*NET Database|onet_software_skills|2.E.6.d|Structured Query Report SQR,O*NET Database,31.0,2.E.6.d|Structured Query Report SQR,Structured Query Report SQR,onet_software_skills,exact_title,approved,,canonical_name_exact
canonical:O*NET Database|onet_software_skills|2.E.6.d|Talend Big Data Integration,O*NET Database,31.0,2.E.6.d|Talend Big Data Integration,Talend Big Data Integration,onet_software_skills,exact_title,approved,,canonical_name_exact
canonical:O*NET Database|onet_software_skills|2.E.6.d|TalendForge,O*NET Database,31.0,2.E.6.d|TalendForge,TalendForge,onet_software_skills,exact_title,approved,,canonical_name_exact
canonical:O*NET Database|onet_software_skills|2.E.6.d|Teradata Database,ESCO,1.2.1,http://data.europa.eu/esco/skill/d9eaf831-9348-4330-a83e-b7c099cdc8f6,Teradata Database,esco_skills,manual,approved,,approved_cross_type_technology_resolution
canonical:O*NET Database|onet_software_skills|2.E.6.d|Teradata Database,O*NET Database,31.0,2.E.6.d|Teradata Database,Teradata Database,onet_software_skills,exact_title,approved,,canonical_name_exact
canonical:O*NET Database|onet_software_skills|2.E.6.e|ADP Super Report Writer,O*NET Database,31.0,2.E.6.e|ADP Super Report Writer,ADP Super Report Writer,onet_software_skills,exact_title,approved,,canonical_name_exact
canonical:O*NET Database|onet_software_skills|2.E.6.e|ASG Technologies ASG-Zeke,O*NET Database,31.0,2.E.6.e|ASG Technologies ASG-Zeke,ASG Technologies ASG-Zeke,onet_software_skills,exact_title,approved,,canonical_name_exact
canonical:O*NET Database|onet_software_skills|2.E.6.e|Actuate Eclipse BIRT,O*NET Database,31.0,2.E.6.e|Actuate Eclipse BIRT,Actuate Eclipse BIRT,onet_software_skills,exact_title,approved,,canonical_name_exact
canonical:O*NET Database|onet_software_skills|2.E.6.e|DataVision,O*NET Database,31.0,2.E.6.e|DataVision,DataVision,onet_software_skills,exact_title,approved,,canonical_name_exact
canonical:O*NET Database|onet_software_skills|2.E.6.e|IBM Netezza TwinFin,O*NET Database,31.0,2.E.6.e|IBM Netezza TwinFin,IBM Netezza TwinFin,onet_software_skills,exact_title,approved,,canonical_name_exact
canonical:O*NET Database|onet_software_skills|2.E.6.e|Information Builders WebFOCUS,O*NET Database,31.0,2.E.6.e|Information Builders WebFOCUS,Information Builders WebFOCUS,onet_software_skills,exact_title,approved,,canonical_name_exact
canonical:O*NET Database|onet_software_skills|2.E.6.e|Microsoft Proclarity,O*NET Database,31.0,2.E.6.e|Microsoft Proclarity,Microsoft Proclarity,onet_software_skills,exact_title,approved,,canonical_name_exact
canonical:O*NET Database|onet_software_skills|2.E.6.e|Microsoft SQL Server Reporting Services SSRS,O*NET Database,31.0,2.E.6.e|Microsoft SQL Server Reporting Services SSRS,Microsoft SQL Server Reporting Services SSRS,onet_software_skills,exact_title,approved,,canonical_name_exact
canonical:O*NET Database|onet_software_skills|2.E.6.e|Oracle Business Intelligence Discoverer,O*NET Database,31.0,2.E.6.e|Oracle Business Intelligence Discoverer,Oracle Business Intelligence Discoverer,onet_software_skills,exact_title,approved,,canonical_name_exact
canonical:O*NET Database|onet_software_skills|2.E.6.e|Oracle Business Intelligence Suite,O*NET Database,31.0,2.E.6.e|Oracle Business Intelligence Suite,Oracle Business Intelligence Suite,onet_software_skills,exact_title,approved,,canonical_name_exact
canonical:O*NET Database|onet_software_skills|2.E.6.e|Oracle Reports,O*NET Database,31.0,2.E.6.e|Oracle Reports,Oracle Reports,onet_software_skills,exact_title,approved,,canonical_name_exact
canonical:O*NET Database|onet_software_skills|2.E.6.e|Oracle SQL Loader,O*NET Database,31.0,2.E.6.e|Oracle SQL Loader,Oracle SQL Loader,onet_software_skills,exact_title,approved,,canonical_name_exact
canonical:O*NET Database|onet_software_skills|2.E.6.e|Oracle SQL Plus,O*NET Database,31.0,2.E.6.e|Oracle SQL Plus,Oracle SQL Plus,onet_software_skills,exact_title,approved,,canonical_name_exact
canonical:O*NET Database|onet_software_skills|2.E.6.e|Panorama NovaView,O*NET Database,31.0,2.E.6.e|Panorama NovaView,Panorama NovaView,onet_software_skills,exact_title,approved,,canonical_name_exact
canonical:O*NET Database|onet_software_skills|2.E.6.e|ReCrystallize Crystal Reports,O*NET Database,31.0,2.E.6.e|ReCrystallize Crystal Reports,ReCrystallize Crystal Reports,onet_software_skills,exact_title,approved,,canonical_name_exact
canonical:O*NET Database|onet_software_skills|2.E.6.e|Reporting software,O*NET Database,31.0,2.E.6.e|Reporting software,Reporting software,onet_software_skills,exact_title,approved,,canonical_name_exact
canonical:O*NET Database|onet_software_skills|2.E.6.e|SAP Business Intelligence,O*NET Database,31.0,2.E.6.e|SAP Business Intelligence,SAP Business Intelligence,onet_software_skills,exact_title,approved,,canonical_name_exact
canonical:O*NET Database|onet_software_skills|2.E.6.e|SAP Crystal Reports,O*NET Database,31.0,2.E.6.e|SAP Crystal Reports,SAP Crystal Reports,onet_software_skills,exact_title,approved,,canonical_name_exact
canonical:O*NET Database|onet_software_skills|2.E.6.e|SiSense Prism,O*NET Database,31.0,2.E.6.e|SiSense Prism,SiSense Prism,onet_software_skills,exact_title,approved,,canonical_name_exact
canonical:O*NET Database|onet_software_skills|2.E.6.e|SoftMed ChartRelease,O*NET Database,31.0,2.E.6.e|SoftMed ChartRelease,SoftMed ChartRelease,onet_software_skills,exact_title,approved,,canonical_name_exact
canonical:O*NET Database|onet_software_skills|2.E.6.f|Airtable,O*NET Database,31.0,2.E.6.f|Airtable,Airtable,onet_software_skills,exact_title,approved,,canonical_name_exact
canonical:O*NET Database|onet_software_skills|2.E.6.f|Amazon Elastic Compute Cloud EC2,O*NET Database,31.0,2.E.6.f|Amazon Elastic Compute Cloud EC2,Amazon Elastic Compute Cloud EC2,onet_software_skills,exact_title,approved,,canonical_name_exact
canonical:O*NET Database|onet_software_skills|2.E.6.f|Amazon Redshift,O*NET Database,31.0,2.E.6.f|Amazon Redshift,Amazon Redshift,onet_software_skills,exact_title,approved,,canonical_name_exact
canonical:O*NET Database|onet_software_skills|2.E.6.f|Amazon Web Services AWS software,O*NET Database,31.0,2.E.6.f|Amazon Web Services AWS software,Amazon Web Services AWS software,onet_software_skills,exact_title,approved,,canonical_name_exact
canonical:O*NET Database|onet_software_skills|2.E.6.f|Best Software CPAPayroll,O*NET Database,31.0,2.E.6.f|Best Software CPAPayroll,Best Software CPAPayroll,onet_software_skills,exact_title,approved,,canonical_name_exact
canonical:O*NET Database|onet_software_skills|2.E.6.f|BigQuery,O*NET Database,31.0,2.E.6.f|BigQuery,BigQuery,onet_software_skills,exact_title,approved,,canonical_name_exact
canonical:O*NET Database|onet_software_skills|2.E.6.f|Blackboard software,O*NET Database,31.0,2.E.6.f|Blackboard software,Blackboard software,onet_software_skills,exact_title,approved,,canonical_name_exact
canonical:O*NET Database|onet_software_skills|2.E.6.f|Cloudera Impala,O*NET Database,31.0,2.E.6.f|Cloudera Impala,Cloudera Impala,onet_software_skills,exact_title,approved,,canonical_name_exact
canonical:O*NET Database|onet_software_skills|2.E.6.f|Data entry software,O*NET Database,31.0,2.E.6.f|Data entry software,Data entry software,onet_software_skills,exact_title,approved,,canonical_name_exact
canonical:O*NET Database|onet_software_skills|2.E.6.f|Database software,O*NET Database,31.0,2.E.6.f|Database software,Database software,onet_software_skills,exact_title,approved,,canonical_name_exact
canonical:O*NET Database|onet_software_skills|2.E.6.f|Elekta METRIQ,O*NET Database,31.0,2.E.6.f|Elekta METRIQ,Elekta METRIQ,onet_software_skills,exact_title,approved,,canonical_name_exact
canonical:O*NET Database|onet_software_skills|2.E.6.f|Encoded archival system EAD,O*NET Database,31.0,2.E.6.f|Encoded archival system EAD,Encoded archival system EAD,onet_software_skills,exact_title,approved,,canonical_name_exact
canonical:O*NET Database|onet_software_skills|2.E.6.f|EndoSoft,O*NET Database,31.0,2.E.6.f|EndoSoft,EndoSoft,onet_software_skills,exact_title,approved,,canonical_name_exact
canonical:O*NET Database|onet_software_skills|2.E.6.f|Entity Management Software,O*NET Database,31.0,2.E.6.f|Entity Management Software,Entity Management Software,onet_software_skills,exact_title,approved,,canonical_name_exact
canonical:O*NET Database|onet_software_skills|2.E.6.f|FileMaker Pro,O*NET Database,31.0,2.E.6.f|FileMaker Pro,FileMaker Pro,onet_software_skills,exact_title,approved,,canonical_name_exact
canonical:O*NET Database|onet_software_skills|2.E.6.f|Fox Meadows ChartingPlus,O*NET Database,31.0,2.E.6.f|Fox Meadows ChartingPlus,Fox Meadows ChartingPlus,onet_software_skills,exact_title,approved,,canonical_name_exact
canonical:O*NET Database|onet_software_skills|2.E.6.f|GMI NET-MR,O*NET Database,31.0,2.E.6.f|GMI NET-MR,GMI NET-MR,onet_software_skills,exact_title,approved,,canonical_name_exact
canonical:O*NET Database|onet_software_skills|2.E.6.f|Geographic information system GIS marketing software,O*NET Database,31.0,2.E.6.f|Geographic information system GIS marketing software,Geographic information system GIS marketing software,onet_software_skills,exact_title,approved,,canonical_name_exact
canonical:O*NET Database|onet_software_skills|2.E.6.f|Google,O*NET Database,31.0,2.E.6.f|Google,Google,onet_software_skills,exact_title,approved,,canonical_name_exact
canonical:O*NET Database|onet_software_skills|2.E.6.f|GraphQL,O*NET Database,31.0,2.E.6.f|GraphQL,GraphQL,onet_software_skills,exact_title,approved,,canonical_name_exact
canonical:O*NET Database|onet_software_skills|2.E.6.f|IBM DB2,O*NET Database,31.0,2.E.6.f|IBM DB2,IBM DB2,onet_software_skills,exact_title,approved,,canonical_name_exact
canonical:O*NET Database|onet_software_skills|2.E.6.f|IBM Information Management System (IMS),O*NET Database,31.0,2.E.6.f|IBM Information Management System (IMS),IBM Information Management System (IMS),onet_software_skills,exact_title,approved,,canonical_name_exact
canonical:O*NET Database|onet_software_skills|2.E.6.f|IBM Informix,ESCO,1.2.1,http://data.europa.eu/esco/skill/84251cb1-babf-4d17-a3cd-baa642c24c8d,IBM Informix,esco_skills,manual,approved,,approved_cross_type_technology_resolution
canonical:O*NET Database|onet_software_skills|2.E.6.f|IBM Informix,O*NET Database,31.0,2.E.6.f|IBM Informix,IBM Informix,onet_software_skills,exact_title,approved,,canonical_name_exact
canonical:O*NET Database|onet_software_skills|2.E.6.f|IBM Informix,O*NET Database,31.0,2.E.6.j|IBM Informix,IBM Informix,onet_software_skills,exact_title,approved,,canonical_name_exact
canonical:O*NET Database|onet_software_skills|2.E.6.f|IEA Software Emerald,O*NET Database,31.0,2.E.6.f|IEA Software Emerald,IEA Software Emerald,onet_software_skills,exact_title,approved,,canonical_name_exact
canonical:O*NET Database|onet_software_skills|2.E.6.f|Intellimed,O*NET Database,31.0,2.E.6.f|Intellimed,Intellimed,onet_software_skills,exact_title,approved,,canonical_name_exact
canonical:O*NET Database|onet_software_skills|2.E.6.f|Kanoodle,O*NET Database,31.0,2.E.6.f|Kanoodle,Kanoodle,onet_software_skills,exact_title,approved,,canonical_name_exact
canonical:O*NET Database|onet_software_skills|2.E.6.f|MarkLogic,ESCO,1.2.1,http://data.europa.eu/esco/skill/e819cc1e-09d9-47f2-b418-93972852daef,MarkLogic,esco_skills,manual,approved,,approved_cross_type_technology_resolution
canonical:O*NET Database|onet_software_skills|2.E.6.f|MarkLogic,O*NET Database,31.0,2.E.6.f|MarkLogic,MarkLogic,onet_software_skills,exact_title,approved,,canonical_name_exact
canonical:O*NET Database|onet_software_skills|2.E.6.f|Microsoft Access,ESCO,1.2.1,http://data.europa.eu/esco/skill/3d03c40c-1b83-4793-8902-2523f40af59e,Microsoft Access,esco_skills,manual,approved,,approved_cross_type_technology_resolution
canonical:O*NET Database|onet_software_skills|2.E.6.f|Microsoft Access,O*NET Database,31.0,2.E.6.f|Microsoft Access,Microsoft Access,onet_software_skills,exact_title,approved,,canonical_name_exact
canonical:O*NET Database|onet_software_skills|2.E.6.f|Microsoft Bing,O*NET Database,31.0,2.E.6.f|Microsoft Bing,Microsoft Bing,onet_software_skills,exact_title,approved,,canonical_name_exact
canonical:O*NET Database|onet_software_skills|2.E.6.f|Microsoft SQL Server,O*NET Database,31.0,2.E.6.f|Microsoft SQL Server,Microsoft SQL Server,onet_software_skills,exact_title,approved,,canonical_name_exact
canonical:O*NET Database|onet_software_skills|2.E.6.f|Neo4j,O*NET Database,31.0,2.E.6.f|Neo4j,Neo4j,onet_software_skills,exact_title,approved,,canonical_name_exact
canonical:O*NET Database|onet_software_skills|2.E.6.f|NumPy,O*NET Database,31.0,2.E.6.f|NumPy,NumPy,onet_software_skills,exact_title,approved,,canonical_name_exact
canonical:O*NET Database|onet_software_skills|2.E.6.f|Online databases,O*NET Database,31.0,2.E.6.f|Online databases,Online databases,onet_software_skills,exact_title,approved,,canonical_name_exact
canonical:O*NET Database|onet_software_skills|2.E.6.f|Operational Data Store ODS software,O*NET Database,31.0,2.E.6.f|Operational Data Store ODS software,Operational Data Store ODS software,onet_software_skills,exact_title,approved,,canonical_name_exact
canonical:O*NET Database|onet_software_skills|2.E.6.f|Oracle Essbase,O*NET Database,31.0,2.E.6.f|Oracle Essbase,Oracle Essbase,onet_software_skills,exact_title,approved,,canonical_name_exact
canonical:O*NET Database|onet_software_skills|2.E.6.f|Oracle JDBC,O*NET Database,31.0,2.E.6.f|Oracle JDBC,Oracle JDBC,onet_software_skills,exact_title,approved,,canonical_name_exact
canonical:O*NET Database|onet_software_skills|2.E.6.f|Practice management software PMS,O*NET Database,31.0,2.E.6.f|Practice management software PMS,Practice management software PMS,onet_software_skills,exact_title,approved,,canonical_name_exact
canonical:O*NET Database|onet_software_skills|2.E.6.f|Prometheus,O*NET Database,31.0,2.E.6.f|Prometheus,Prometheus,onet_software_skills,exact_title,approved,,canonical_name_exact
canonical:O*NET Database|onet_software_skills|2.E.6.f|Purkinje Dossier,O*NET Database,31.0,2.E.6.f|Purkinje Dossier,Purkinje Dossier,onet_software_skills,exact_title,approved,,canonical_name_exact
canonical:O*NET Database|onet_software_skills|2.E.6.f|PySpark,O*NET Database,31.0,2.E.6.f|PySpark,PySpark,onet_software_skills,exact_title,approved,,canonical_name_exact
canonical:O*NET Database|onet_software_skills|2.E.6.f|PyTorch,O*NET Database,31.0,2.E.6.f|PyTorch,PyTorch,onet_software_skills,exact_title,approved,,canonical_name_exact
canonical:O*NET Database|onet_software_skills|2.E.6.f|SAP BusinessObjects Desktop Intelligence,O*NET Database,31.0,2.E.6.f|SAP BusinessObjects Desktop Intelligence,SAP BusinessObjects Desktop Intelligence,onet_software_skills,exact_title,approved,,canonical_name_exact
canonical:O*NET Database|onet_software_skills|2.E.6.f|Sage 300 Construction and Real Estate,O*NET Database,31.0,2.E.6.f|Sage 300 Construction and Real Estate,Sage 300 Construction and Real Estate,onet_software_skills,exact_title,approved,,canonical_name_exact
canonical:O*NET Database|onet_software_skills|2.E.6.f|ServiceNow,O*NET Database,31.0,2.E.6.f|ServiceNow,ServiceNow,onet_software_skills,exact_title,approved,,canonical_name_exact
canonical:O*NET Database|onet_software_skills|2.E.6.f|Software asset management SAM software,O*NET Database,31.0,2.E.6.f|Software asset management SAM software,Software asset management SAM software,onet_software_skills,exact_title,approved,,canonical_name_exact
canonical:O*NET Database|onet_software_skills|2.E.6.f|Structured query language SQL,O*NET Database,31.0,2.E.6.f|Structured query language SQL,Structured query language SQL,onet_software_skills,exact_title,approved,,canonical_name_exact
canonical:O*NET Database|onet_software_skills|2.E.6.f|Teradata Active Enterprise Data Warehouse,O*NET Database,31.0,2.E.6.f|Teradata Active Enterprise Data Warehouse,Teradata Active Enterprise Data Warehouse,onet_software_skills,exact_title,approved,,canonical_name_exact
canonical:O*NET Database|onet_software_skills|2.E.6.f|Teradata BTEQ,O*NET Database,31.0,2.E.6.f|Teradata BTEQ,Teradata BTEQ,onet_software_skills,exact_title,approved,,canonical_name_exact
canonical:O*NET Database|onet_software_skills|2.E.6.f|Transact-SQL,O*NET Database,31.0,2.E.6.f|Transact-SQL,Transact-SQL,onet_software_skills,exact_title,approved,,canonical_name_exact
canonical:O*NET Database|onet_software_skills|2.E.6.f|TranspoLink BidLeads,O*NET Database,31.0,2.E.6.f|TranspoLink BidLeads,TranspoLink BidLeads,onet_software_skills,exact_title,approved,,canonical_name_exact
canonical:O*NET Database|onet_software_skills|2.E.6.f|WorldAPP KeySurvey Suite,O*NET Database,31.0,2.E.6.f|WorldAPP KeySurvey Suite,WorldAPP KeySurvey Suite,onet_software_skills,exact_title,approved,,canonical_name_exact
canonical:O*NET Database|onet_software_skills|2.E.6.f|Yardi Systems Yardi Enterprise,O*NET Database,31.0,2.E.6.f|Yardi Systems Yardi Enterprise,Yardi Systems Yardi Enterprise,onet_software_skills,exact_title,approved,,canonical_name_exact
canonical:O*NET Database|onet_software_skills|2.E.6.f|Yardi software,O*NET Database,31.0,2.E.6.f|Yardi software,Yardi software,onet_software_skills,exact_title,approved,,canonical_name_exact
canonical:O*NET Database|onet_software_skills|2.E.6.f|pandas,O*NET Database,31.0,2.E.6.f|pandas,pandas,onet_software_skills,exact_title,approved,,canonical_name_exact
canonical:O*NET Database|onet_software_skills|2.E.6.f|xQuery,ESCO,1.2.1,http://data.europa.eu/esco/skill/3f4dab51-572b-4e2c-85ef-3b4c3f7094e1,XQuery,esco_skills,manual,approved,,approved_cross_type_technology_resolution
canonical:O*NET Database|onet_software_skills|2.E.6.f|xQuery,O*NET Database,31.0,2.E.6.f|xQuery,xQuery,onet_software_skills,exact_title,approved,,canonical_name_exact
canonical:O*NET Database|onet_software_skills|2.E.6.g|Cytel Software XLMiner,O*NET Database,31.0,2.E.6.g|Cytel Software XLMiner,Cytel Software XLMiner,onet_software_skills,exact_title,approved,,canonical_name_exact
canonical:O*NET Database|onet_software_skills|2.E.6.g|Data extraction software,O*NET Database,31.0,2.E.6.g|Data extraction software,Data extraction software,onet_software_skills,exact_title,approved,,canonical_name_exact
canonical:O*NET Database|onet_software_skills|2.E.6.g|Data warehouse software,O*NET Database,31.0,2.E.6.g|Data warehouse software,Data warehouse software,onet_software_skills,exact_title,approved,,canonical_name_exact
canonical:O*NET Database|onet_software_skills|2.E.6.g|Google Analytics,O*NET Database,31.0,2.E.6.g|Google Analytics,Google Analytics,onet_software_skills,exact_title,approved,,canonical_name_exact
canonical:O*NET Database|onet_software_skills|2.E.6.g|IBM InfoSphere Warehouse,O*NET Database,31.0,2.E.6.g|IBM InfoSphere Warehouse,IBM InfoSphere Warehouse,onet_software_skills,exact_title,approved,,canonical_name_exact
canonical:O*NET Database|onet_software_skills|2.E.6.g|IBM Intelligent Miner,O*NET Database,31.0,2.E.6.g|IBM Intelligent Miner,IBM Intelligent Miner,onet_software_skills,exact_title,approved,,canonical_name_exact
canonical:O*NET Database|onet_software_skills|2.E.6.g|Informatica Data Explorer,O*NET Database,31.0,2.E.6.g|Informatica Data Explorer,Informatica Data Explorer,onet_software_skills,exact_title,approved,,canonical_name_exact
canonical:O*NET Database|onet_software_skills|2.E.6.g|NCR Teradata Warehouse Miner,O*NET Database,31.0,2.E.6.g|NCR Teradata Warehouse Miner,NCR Teradata Warehouse Miner,onet_software_skills,exact_title,approved,,canonical_name_exact
canonical:O*NET Database|onet_software_skills|2.E.6.g|Oracle Darwin,O*NET Database,31.0,2.E.6.g|Oracle Darwin,Oracle Darwin,onet_software_skills,exact_title,approved,,canonical_name_exact
canonical:O*NET Database|onet_software_skills|2.E.6.g|Rapid-I RapidMiner,O*NET Database,31.0,2.E.6.g|Rapid-I RapidMiner,Rapid-I RapidMiner,onet_software_skills,exact_title,approved,,canonical_name_exact
canonical:O*NET Database|onet_software_skills|2.E.6.g|SAP NetWeaver BW,O*NET Database,31.0,2.E.6.g|SAP NetWeaver BW,SAP NetWeaver BW,onet_software_skills,exact_title,approved,,canonical_name_exact
canonical:O*NET Database|onet_software_skills|2.E.6.g|SAP NetWeaver BW,O*NET Database,31.0,2.E.7.c|SAP NetWeaver BW,SAP NetWeaver BW,onet_software_skills,exact_title,approved,,canonical_name_exact
canonical:O*NET Database|onet_software_skills|2.E.6.g|Snowflake,O*NET Database,31.0,2.E.6.g|Snowflake,Snowflake,onet_software_skills,exact_title,approved,,canonical_name_exact
canonical:O*NET Database|onet_software_skills|2.E.6.g|Teradata FastLoad,O*NET Database,31.0,2.E.6.g|Teradata FastLoad,Teradata FastLoad,onet_software_skills,exact_title,approved,,canonical_name_exact
canonical:O*NET Database|onet_software_skills|2.E.6.g|Teradata Parallel Transporter,O*NET Database,31.0,2.E.6.g|Teradata Parallel Transporter,Teradata Parallel Transporter,onet_software_skills,exact_title,approved,,canonical_name_exact
canonical:O*NET Database|onet_software_skills|2.E.6.g|Teradata Tpump,O*NET Database,31.0,2.E.6.g|Teradata Tpump,Teradata Tpump,onet_software_skills,exact_title,approved,,canonical_name_exact
canonical:O*NET Database|onet_software_skills|2.E.6.g|WizSoft WizWhy,O*NET Database,31.0,2.E.6.g|WizSoft WizWhy,WizSoft WizWhy,onet_software_skills,exact_title,approved,,canonical_name_exact
canonical:O*NET Database|onet_software_skills|2.E.6.h|Apache Avro,O*NET Database,31.0,2.E.6.h|Apache Avro,Apache Avro,onet_software_skills,exact_title,approved,,canonical_name_exact
canonical:O*NET Database|onet_software_skills|2.E.6.h|Coding database software,O*NET Database,31.0,2.E.6.h|Coding database software,Coding database software,onet_software_skills,exact_title,approved,,canonical_name_exact
canonical:O*NET Database|onet_software_skills|2.E.6.h|Data validation software,O*NET Database,31.0,2.E.6.h|Data validation software,Data validation software,onet_software_skills,exact_title,approved,,canonical_name_exact
canonical:O*NET Database|onet_software_skills|2.E.6.h|Factiva,O*NET Database,31.0,2.E.6.h|Factiva,Factiva,onet_software_skills,exact_title,approved,,canonical_name_exact
canonical:O*NET Database|onet_software_skills|2.E.6.h|FedBizOps,O*NET Database,31.0,2.E.6.h|FedBizOps,FedBizOps,onet_software_skills,exact_title,approved,,canonical_name_exact
canonical:O*NET Database|onet_software_skills|2.E.6.h|LexisNexis,O*NET Database,31.0,2.E.6.h|LexisNexis,LexisNexis,onet_software_skills,exact_title,approved,,canonical_name_exact
canonical:O*NET Database|onet_software_skills|2.E.6.h|Medstat/INFORUM,O*NET Database,31.0,2.E.6.h|Medstat/INFORUM,Medstat/INFORUM,onet_software_skills,exact_title,approved,,canonical_name_exact
canonical:O*NET Database|onet_software_skills|2.E.6.h|Mintel Reports,O*NET Database,31.0,2.E.6.h|Mintel Reports,Mintel Reports,onet_software_skills,exact_title,approved,,canonical_name_exact
canonical:O*NET Database|onet_software_skills|2.E.6.h|Neoforma Healthcare Products Information Services HPIS Market Intelligence,O*NET Database,31.0,2.E.6.h|Neoforma Healthcare Products Information Services HPIS Market Intelligence,Neoforma Healthcare Products Information Services HPIS Market Intelligence,onet_software_skills,exact_title,approved,,canonical_name_exact
canonical:O*NET Database|onet_software_skills|2.E.6.h|Pinterest,O*NET Database,31.0,2.E.6.h|Pinterest,Pinterest,onet_software_skills,exact_title,approved,,canonical_name_exact
canonical:O*NET Database|onet_software_skills|2.E.6.h|Thomson Financial Investext,O*NET Database,31.0,2.E.6.h|Thomson Financial Investext,Thomson Financial Investext,onet_software_skills,exact_title,approved,,canonical_name_exact
canonical:O*NET Database|onet_software_skills|2.E.6.h|Verispan Patient Parameters,O*NET Database,31.0,2.E.6.h|Verispan Patient Parameters,Verispan Patient Parameters,onet_software_skills,exact_title,approved,,canonical_name_exact
canonical:O*NET Database|onet_software_skills|2.E.6.h|Walmart Retail Link,O*NET Database,31.0,2.E.6.h|Walmart Retail Link,Walmart Retail Link,onet_software_skills,exact_title,approved,,canonical_name_exact
canonical:O*NET Database|onet_software_skills|2.E.6.i|Adaptive Metadata Manager,O*NET Database,31.0,2.E.6.i|Adaptive Metadata Manager,Adaptive Metadata Manager,onet_software_skills,exact_title,approved,,canonical_name_exact
canonical:O*NET Database|onet_software_skills|2.E.6.i|Altova MapForce,O*NET Database,31.0,2.E.6.i|Altova MapForce,Altova MapForce,onet_software_skills,exact_title,approved,,canonical_name_exact
canonical:O*NET Database|onet_software_skills|2.E.6.i|Apatar,O*NET Database,31.0,2.E.6.i|Apatar,Apatar,onet_software_skills,exact_title,approved,,canonical_name_exact
canonical:O*NET Database|onet_software_skills|2.E.6.i|CA Technologies ERWin Data Modeler,O*NET Database,31.0,2.E.6.i|CA Technologies ERWin Data Modeler,CA Technologies ERWin Data Modeler,onet_software_skills,exact_title,approved,,canonical_name_exact
canonical:O*NET Database|onet_software_skills|2.E.6.i|Coglin Mill RODIN,O*NET Database,31.0,2.E.6.i|Coglin Mill RODIN,Coglin Mill RODIN,onet_software_skills,exact_title,approved,,canonical_name_exact
canonical:O*NET Database|onet_software_skills|2.E.6.i|Data dictionary software,O*NET Database,31.0,2.E.6.i|Data dictionary software,Data dictionary software,onet_software_skills,exact_title,approved,,canonical_name_exact
canonical:O*NET Database|onet_software_skills|2.E.6.i|Data mapping software,O*NET Database,31.0,2.E.6.i|Data mapping software,Data mapping software,onet_software_skills,exact_title,approved,,canonical_name_exact
canonical:O*NET Database|onet_software_skills|2.E.6.i|Data modeling software,O*NET Database,31.0,2.E.6.i|Data modeling software,Data modeling software,onet_software_skills,exact_title,approved,,canonical_name_exact
canonical:O*NET Database|onet_software_skills|2.E.6.i|Embarcadero ER/Studio XE,O*NET Database,31.0,2.E.6.i|Embarcadero ER/Studio XE,Embarcadero ER/Studio XE,onet_software_skills,exact_title,approved,,canonical_name_exact
canonical:O*NET Database|onet_software_skills|2.E.6.i|Flat File Checker,O*NET Database,31.0,2.E.6.i|Flat File Checker,Flat File Checker,onet_software_skills,exact_title,approved,,canonical_name_exact
canonical:O*NET Database|onet_software_skills|2.E.6.i|HiT Software Allora,O*NET Database,31.0,2.E.6.i|HiT Software Allora,HiT Software Allora,onet_software_skills,exact_title,approved,,canonical_name_exact
canonical:O*NET Database|onet_software_skills|2.E.6.i|IBM Rational Data Architect,O*NET Database,31.0,2.E.6.i|IBM Rational Data Architect,IBM Rational Data Architect,onet_software_skills,exact_title,approved,,canonical_name_exact
canonical:O*NET Database|onet_software_skills|2.E.6.i|IBM Rational System Architect,O*NET Database,31.0,2.E.6.i|IBM Rational System Architect,IBM Rational System Architect,onet_software_skills,exact_title,approved,,canonical_name_exact
canonical:O*NET Database|onet_software_skills|2.E.6.i|Informatica PowerCenter,O*NET Database,31.0,2.E.6.i|Informatica PowerCenter,Informatica PowerCenter,onet_software_skills,exact_title,approved,,canonical_name_exact
canonical:O*NET Database|onet_software_skills|2.E.6.i|Informatica software,O*NET Database,31.0,2.E.6.i|Informatica software,Informatica software,onet_software_skills,exact_title,approved,,canonical_name_exact
canonical:O*NET Database|onet_software_skills|2.E.6.i|Interface Computers Data Loader,O*NET Database,31.0,2.E.6.i|Interface Computers Data Loader,Interface Computers Data Loader,onet_software_skills,exact_title,approved,,canonical_name_exact
canonical:O*NET Database|onet_software_skills|2.E.6.i|Oracle Master Data Management MDM Suite,O*NET Database,31.0,2.E.6.i|Oracle Master Data Management MDM Suite,Oracle Master Data Management MDM Suite,onet_software_skills,exact_title,approved,,canonical_name_exact
canonical:O*NET Database|onet_software_skills|2.E.6.i|Oracle Warehouse Builder,O*NET Database,31.0,2.E.6.i|Oracle Warehouse Builder,Oracle Warehouse Builder,onet_software_skills,exact_title,approved,,canonical_name_exact
canonical:O*NET Database|onet_software_skills|2.E.6.i|Pentaho Kettle,O*NET Database,31.0,2.E.6.i|Pentaho Kettle,Pentaho Kettle,onet_software_skills,exact_title,approved,,canonical_name_exact
canonical:O*NET Database|onet_software_skills|2.E.6.i|Quest Erwin Data Modeler,O*NET Database,31.0,2.E.6.i|Quest Erwin Data Modeler,Quest Erwin Data Modeler,onet_software_skills,exact_title,approved,,canonical_name_exact
canonical:O*NET Database|onet_software_skills|2.E.6.i|SAP Master Data Management MDM,O*NET Database,31.0,2.E.6.i|SAP Master Data Management MDM,SAP Master Data Management MDM,onet_software_skills,exact_title,approved,,canonical_name_exact
canonical:O*NET Database|onet_software_skills|2.E.6.i|SAP PowerDesigner,O*NET Database,31.0,2.E.6.i|SAP PowerDesigner,SAP PowerDesigner,onet_software_skills,exact_title,approved,,canonical_name_exact
canonical:O*NET Database|onet_software_skills|2.E.6.i|SAS Data Integration Server,O*NET Database,31.0,2.E.6.i|SAS Data Integration Server,SAS Data Integration Server,onet_software_skills,exact_title,approved,,canonical_name_exact
canonical:O*NET Database|onet_software_skills|2.E.6.i|Scriptella,O*NET Database,31.0,2.E.6.i|Scriptella,Scriptella,onet_software_skills,exact_title,approved,,canonical_name_exact
canonical:O*NET Database|onet_software_skills|2.E.6.i|Talend Data Fabric,O*NET Database,31.0,2.E.6.i|Talend Data Fabric,Talend Data Fabric,onet_software_skills,exact_title,approved,,canonical_name_exact
canonical:O*NET Database|onet_software_skills|2.E.6.i|WisdomForce DatabaseSync System,O*NET Database,31.0,2.E.6.i|WisdomForce DatabaseSync System,WisdomForce DatabaseSync System,onet_software_skills,exact_title,approved,,canonical_name_exact
canonical:O*NET Database|onet_software_skills|2.E.6.j|Hibernate ORM,O*NET Database,31.0,2.E.6.j|Hibernate ORM,Hibernate ORM,onet_software_skills,exact_title,approved,,canonical_name_exact
canonical:O*NET Database|onet_software_skills|2.E.6.j|Microsoft Visual FoxPro,O*NET Database,31.0,2.E.6.j|Microsoft Visual FoxPro,Microsoft Visual FoxPro,onet_software_skills,exact_title,approved,,canonical_name_exact
canonical:O*NET Database|onet_software_skills|2.E.6.j|Object database management system ODBMS,O*NET Database,31.0,2.E.6.j|Object database management system ODBMS,Object database management system ODBMS,onet_software_skills,exact_title,approved,,canonical_name_exact
canonical:O*NET Database|onet_software_skills|2.E.6.k|Apache HTTP Server,O*NET Database,31.0,2.E.6.k|Apache HTTP Server,Apache HTTP Server,onet_software_skills,exact_title,approved,,canonical_name_exact
canonical:O*NET Database|onet_software_skills|2.E.6.l|BEA Tuxedo,O*NET Database,31.0,2.E.6.l|BEA Tuxedo,BEA Tuxedo,onet_software_skills,exact_title,approved,,canonical_name_exact
canonical:O*NET Database|onet_software_skills|2.E.6.l|Customer information control system CICS,O*NET Database,31.0,2.E.6.l|Customer information control system CICS,Customer information control system CICS,onet_software_skills,exact_title,approved,,canonical_name_exact
canonical:O*NET Database|onet_software_skills|2.E.6.l|IBM Middleware,O*NET Database,31.0,2.E.6.l|IBM Middleware,IBM Middleware,onet_software_skills,exact_title,approved,,canonical_name_exact
canonical:O*NET Database|onet_software_skills|2.E.6.l|Microsoft Internet Information Services (IIS),O*NET Database,31.0,2.E.6.l|Microsoft Internet Information Services (IIS),Microsoft Internet Information Services (IIS),onet_software_skills,exact_title,approved,,canonical_name_exact
canonical:O*NET Database|onet_software_skills|2.E.6.l|Object Management Group Object Request Broker,O*NET Database,31.0,2.E.6.l|Object Management Group Object Request Broker,Object Management Group Object Request Broker,onet_software_skills,exact_title,approved,,canonical_name_exact
canonical:O*NET Database|onet_software_skills|2.E.6.l|Sun Microsystems Sun ONE,O*NET Database,31.0,2.E.6.l|Sun Microsystems Sun ONE,Sun Microsystems Sun ONE,onet_software_skills,exact_title,approved,,canonical_name_exact
canonical:O*NET Database|onet_software_skills|2.E.6.l|Tumbleweed SecureTransport,O*NET Database,31.0,2.E.6.l|Tumbleweed SecureTransport,Tumbleweed SecureTransport,onet_software_skills,exact_title,approved,,canonical_name_exact
canonical:O*NET Database|onet_software_skills|2.E.6.l|Web server software,O*NET Database,31.0,2.E.6.l|Web server software,Web server software,onet_software_skills,exact_title,approved,,canonical_name_exact
canonical:O*NET Database|onet_software_skills|2.E.6.m|Alteryx software,O*NET Database,31.0,2.E.6.m|Alteryx software,Alteryx software,onet_software_skills,exact_title,approved,,canonical_name_exact
canonical:O*NET Database|onet_software_skills|2.E.6.m|Apache Spark,O*NET Database,31.0,2.E.6.m|Apache Spark,Apache Spark,onet_software_skills,exact_title,approved,,canonical_name_exact
canonical:O*NET Database|onet_software_skills|2.E.6.m|Apache Spark,O*NET Database,31.0,2.E.7.e|Apache Spark,Apache Spark,onet_software_skills,exact_title,approved,,canonical_name_exact
canonical:O*NET Database|onet_software_skills|2.E.6.m|Atlas Search,O*NET Database,31.0,2.E.6.m|Atlas Search,Atlas Search,onet_software_skills,exact_title,approved,,canonical_name_exact
canonical:O*NET Database|onet_software_skills|2.E.6.m|BrightEdge,O*NET Database,31.0,2.E.6.m|BrightEdge,BrightEdge,onet_software_skills,exact_title,approved,,canonical_name_exact
canonical:O*NET Database|onet_software_skills|2.E.6.m|Business intelligence software,O*NET Database,31.0,2.E.6.m|Business intelligence software,Business intelligence software,onet_software_skills,exact_title,approved,,canonical_name_exact
canonical:O*NET Database|onet_software_skills|2.E.6.m|Business intelligence system software,O*NET Database,31.0,2.E.6.m|Business intelligence system software,Business intelligence system software,onet_software_skills,exact_title,approved,,canonical_name_exact
canonical:O*NET Database|onet_software_skills|2.E.6.m|Conductor Searchlight,O*NET Database,31.0,2.E.6.m|Conductor Searchlight,Conductor Searchlight,onet_software_skills,exact_title,approved,,canonical_name_exact
canonical:O*NET Database|onet_software_skills|2.E.6.m|Google Looker Analytics,O*NET Database,31.0,2.E.6.m|Google Looker Analytics,Google Looker Analytics,onet_software_skills,exact_title,approved,,canonical_name_exact
canonical:O*NET Database|onet_software_skills|2.E.6.m|IBM Cognos Impromptu,O*NET Database,31.0,2.E.6.m|IBM Cognos Impromptu,IBM Cognos Impromptu,onet_software_skills,exact_title,approved,,canonical_name_exact
canonical:O*NET Database|onet_software_skills|2.E.6.m|IBM Digital Analytics,O*NET Database,31.0,2.E.6.m|IBM Digital Analytics,IBM Digital Analytics,onet_software_skills,exact_title,approved,,canonical_name_exact
canonical:O*NET Database|onet_software_skills|2.E.6.m|MapReduce big data software,O*NET Database,31.0,2.E.6.m|MapReduce big data software,MapReduce big data software,onet_software_skills,exact_title,approved,,canonical_name_exact
canonical:O*NET Database|onet_software_skills|2.E.6.m|Micosoft SQL Server Analysis Services SSAS,O*NET Database,31.0,2.E.6.m|Micosoft SQL Server Analysis Services SSAS,Micosoft SQL Server Analysis Services SSAS,onet_software_skills,exact_title,approved,,canonical_name_exact
canonical:O*NET Database|onet_software_skills|2.E.6.m|MicroStrategy,O*NET Database,31.0,2.E.6.m|MicroStrategy,MicroStrategy,onet_software_skills,exact_title,approved,,canonical_name_exact
canonical:O*NET Database|onet_software_skills|2.E.6.m|Microsoft Power BI,O*NET Database,31.0,2.E.6.m|Microsoft Power BI,Microsoft Power BI,onet_software_skills,exact_title,approved,,canonical_name_exact
canonical:O*NET Database|onet_software_skills|2.E.6.m|Oracle Business Intelligence Enterprise Edition,O*NET Database,31.0,2.E.6.m|Oracle Business Intelligence Enterprise Edition,Oracle Business Intelligence Enterprise Edition,onet_software_skills,exact_title,approved,,canonical_name_exact
canonical:O*NET Database|onet_software_skills|2.E.6.m|Qlik Tech QlikView,O*NET Database,31.0,2.E.6.m|Qlik Tech QlikView,Qlik Tech QlikView,onet_software_skills,exact_title,approved,,canonical_name_exact
canonical:O*NET Database|onet_software_skills|2.E.6.m|Searchmetrics Suite,O*NET Database,31.0,2.E.6.m|Searchmetrics Suite,Searchmetrics Suite,onet_software_skills,exact_title,approved,,canonical_name_exact
canonical:O*NET Database|onet_software_skills|2.E.6.m|TIBCO Spotfire,O*NET Database,31.0,2.E.6.m|TIBCO Spotfire,TIBCO Spotfire,onet_software_skills,exact_title,approved,,canonical_name_exact
canonical:O*NET Database|onet_software_skills|2.E.6.m|Tableau,O*NET Database,31.0,2.E.6.m|Tableau,Tableau,onet_software_skills,exact_title,approved,,canonical_name_exact
canonical:O*NET Database|onet_software_skills|2.E.7.a|Application management software,O*NET Database,31.0,2.E.7.a|Application management software,Application management software,onet_software_skills,exact_title,approved,,canonical_name_exact
canonical:O*NET Database|onet_software_skills|2.E.7.a|Automated installation software,O*NET Database,31.0,2.E.7.a|Automated installation software,Automated installation software,onet_software_skills,exact_title,approved,,canonical_name_exact
canonical:O*NET Database|onet_software_skills|2.E.7.a|Chef,O*NET Database,31.0,2.E.7.a|Chef,Chef,onet_software_skills,exact_title,approved,,canonical_name_exact
canonical:O*NET Database|onet_software_skills|2.E.7.a|Deployment software,O*NET Database,31.0,2.E.7.a|Deployment software,Deployment software,onet_software_skills,exact_title,approved,,canonical_name_exact
canonical:O*NET Database|onet_software_skills|2.E.7.a|HyperSpace,O*NET Database,31.0,2.E.7.a|HyperSpace,HyperSpace,onet_software_skills,exact_title,approved,,canonical_name_exact
canonical:O*NET Database|onet_software_skills|2.E.7.a|IBM Rational Build Forge,O*NET Database,31.0,2.E.7.a|IBM Rational Build Forge,IBM Rational Build Forge,onet_software_skills,exact_title,approved,,canonical_name_exact
canonical:O*NET Database|onet_software_skills|2.E.7.a|IBM Rational ClearCase,O*NET Database,31.0,2.E.7.a|IBM Rational ClearCase,IBM Rational ClearCase,onet_software_skills,exact_title,approved,,canonical_name_exact
canonical:O*NET Database|onet_software_skills|2.E.7.a|IBM Terraform,O*NET Database,31.0,2.E.7.a|IBM Terraform,IBM Terraform,onet_software_skills,exact_title,approved,,canonical_name_exact
canonical:O*NET Database|onet_software_skills|2.E.7.a|InstallShield,O*NET Database,31.0,2.E.7.a|InstallShield,InstallShield,onet_software_skills,exact_title,approved,,canonical_name_exact
canonical:O*NET Database|onet_software_skills|2.E.7.a|Patch and update management software,O*NET Database,31.0,2.E.7.a|Patch and update management software,Patch and update management software,onet_software_skills,exact_title,approved,,canonical_name_exact
canonical:O*NET Database|onet_software_skills|2.E.7.a|Patch management software,O*NET Database,31.0,2.E.7.a|Patch management software,Patch management software,onet_software_skills,exact_title,approved,,canonical_name_exact
canonical:O*NET Database|onet_software_skills|2.E.7.a|Perforce Helix software,O*NET Database,31.0,2.E.7.a|Perforce Helix software,Perforce Helix software,onet_software_skills,exact_title,approved,,canonical_name_exact
canonical:O*NET Database|onet_software_skills|2.E.7.a|Puppet,O*NET Database,31.0,2.E.7.a|Puppet,Puppet,onet_software_skills,exact_title,approved,,canonical_name_exact
canonical:O*NET Database|onet_software_skills|2.E.7.a|Red Hat Ansible Engine,O*NET Database,31.0,2.E.7.a|Red Hat Ansible Engine,Red Hat Ansible Engine,onet_software_skills,exact_title,approved,,canonical_name_exact
canonical:O*NET Database|onet_software_skills|2.E.7.a|Software distribution software,O*NET Database,31.0,2.E.7.a|Software distribution software,Software distribution software,onet_software_skills,exact_title,approved,,canonical_name_exact
canonical:O*NET Database|onet_software_skills|2.E.7.a|Systems and application deployment and migration software,O*NET Database,31.0,2.E.7.a|Systems and application deployment and migration software,Systems and application deployment and migration software,onet_software_skills,exact_title,approved,,canonical_name_exact
canonical:O*NET Database|onet_software_skills|2.E.7.a|Visible Razor,O*NET Database,31.0,2.E.7.a|Visible Razor,Visible Razor,onet_software_skills,exact_title,approved,,canonical_name_exact
canonical:O*NET Database|onet_software_skills|2.E.7.a|Wise Solutions Wise for Windows Installer,O*NET Database,31.0,2.E.7.a|Wise Solutions Wise for Windows Installer,Wise Solutions Wise for Windows Installer,onet_software_skills,exact_title,approved,,canonical_name_exact
canonical:O*NET Database|onet_software_skills|2.E.7.b|A programming language APL,O*NET Database,31.0,2.E.7.b|A programming language APL,A programming language APL,onet_software_skills,exact_title,approved,,canonical_name_exact
canonical:O*NET Database|onet_software_skills|2.E.7.b|ABC Compiler,O*NET Database,31.0,2.E.7.b|ABC Compiler,ABC Compiler,onet_software_skills,exact_title,approved,,canonical_name_exact
canonical:O*NET Database|onet_software_skills|2.E.7.b|AWK,O*NET Database,31.0,2.E.7.b|AWK,AWK,onet_software_skills,exact_title,approved,,canonical_name_exact
canonical:O*NET Database|onet_software_skills|2.E.7.b|Ada,O*NET Database,31.0,2.E.7.b|Ada,Ada,onet_software_skills,exact_title,approved,,canonical_name_exact
canonical:O*NET Database|onet_software_skills|2.E.7.b|Adeptia ETL Suite,O*NET Database,31.0,2.E.7.b|Adeptia ETL Suite,Adeptia ETL Suite,onet_software_skills,exact_title,approved,,canonical_name_exact
canonical:O*NET Database|onet_software_skills|2.E.7.b|Adobe AIR,O*NET Database,31.0,2.E.7.b|Adobe AIR,Adobe AIR,onet_software_skills,exact_title,approved,,canonical_name_exact
canonical:O*NET Database|onet_software_skills|2.E.7.b|Adobe ActionScript,O*NET Database,31.0,2.E.7.b|Adobe ActionScript,Adobe ActionScript,onet_software_skills,exact_title,approved,,canonical_name_exact
canonical:O*NET Database|onet_software_skills|2.E.7.b|Advanced boolean expression language ABEL,O*NET Database,31.0,2.E.7.b|Advanced boolean expression language ABEL,Advanced boolean expression language ABEL,onet_software_skills,exact_title,approved,,canonical_name_exact
canonical:O*NET Database|onet_software_skills|2.E.7.b|Algorithmic language ALGOL,O*NET Database,31.0,2.E.7.b|Algorithmic language ALGOL,Algorithmic language ALGOL,onet_software_skills,exact_title,approved,,canonical_name_exact
canonical:O*NET Database|onet_software_skills|2.E.7.b|Altera hardware description language AHDL,O*NET Database,31.0,2.E.7.b|Altera hardware description language AHDL,Altera hardware description language AHDL,onet_software_skills,exact_title,approved,,canonical_name_exact
canonical:O*NET Database|onet_software_skills|2.E.7.b|American National Standards Institute ANSI C,O*NET Database,31.0,2.E.7.b|American National Standards Institute ANSI C,American National Standards Institute ANSI C,onet_software_skills,exact_title,approved,,canonical_name_exact
canonical:O*NET Database|onet_software_skills|2.E.7.b|Aonix Software Through Pictures,O*NET Database,31.0,2.E.7.b|Aonix Software Through Pictures,Aonix Software Through Pictures,onet_software_skills,exact_title,approved,,canonical_name_exact
canonical:O*NET Database|onet_software_skills|2.E.7.b|Apache Ant,O*NET Database,31.0,2.E.7.b|Apache Ant,Apache Ant,onet_software_skills,exact_title,approved,,canonical_name_exact
canonical:O*NET Database|onet_software_skills|2.E.7.b|Apache Kafka,O*NET Database,31.0,2.E.7.b|Apache Kafka,Apache Kafka,onet_software_skills,exact_title,approved,,canonical_name_exact
canonical:O*NET Database|onet_software_skills|2.E.7.b|Apache Maven,ESCO,1.2.1,http://data.europa.eu/esco/skill/0d168770-4d9c-4096-b048-a6577818d306,Apache Maven,esco_skills,manual,approved,,approved_cross_type_technology_resolution
canonical:O*NET Database|onet_software_skills|2.E.7.b|Apache Maven,O*NET Database,31.0,2.E.7.b|Apache Maven,Apache Maven,onet_software_skills,exact_title,approved,,canonical_name_exact
canonical:O*NET Database|onet_software_skills|2.E.7.b|B-Method,O*NET Database,31.0,2.E.7.b|B-Method,B-Method,onet_software_skills,exact_title,approved,,canonical_name_exact
canonical:O*NET Database|onet_software_skills|2.E.7.b|Beginner's all-purpose symbolic instruction code BASIC,O*NET Database,31.0,2.E.7.b|Beginner's all-purpose symbolic instruction code BASIC,Beginner's all-purpose symbolic instruction code BASIC,onet_software_skills,exact_title,approved,,canonical_name_exact
canonical:O*NET Database|onet_software_skills|2.E.7.b|Bigloo Scheme,O*NET Database,31.0,2.E.7.b|Bigloo Scheme,Bigloo Scheme,onet_software_skills,exact_title,approved,,canonical_name_exact
canonical:O*NET Database|onet_software_skills|2.E.7.b|Borland VisiBroker,O*NET Database,31.0,2.E.7.b|Borland VisiBroker,Borland VisiBroker,onet_software_skills,exact_title,approved,,canonical_name_exact
canonical:O*NET Database|onet_software_skills|2.E.7.b|Business Objects Data Integrator,O*NET Database,31.0,2.E.7.b|Business Objects Data Integrator,Business Objects Data Integrator,onet_software_skills,exact_title,approved,,canonical_name_exact
canonical:O*NET Database|onet_software_skills|2.E.7.b|C,O*NET Database,31.0,2.E.7.b|C,C,onet_software_skills,exact_title,approved,,canonical_name_exact
canonical:O*NET Database|onet_software_skills|2.E.7.b|Call-processing language CPL,O*NET Database,31.0,2.E.7.b|Call-processing language CPL,Call-processing language CPL,onet_software_skills,exact_title,approved,,canonical_name_exact
canonical:O*NET Database|onet_software_skills|2.E.7.b|Canu,O*NET Database,31.0,2.E.7.b|Canu,Canu,onet_software_skills,exact_title,approved,,canonical_name_exact
canonical:O*NET Database|onet_software_skills|2.E.7.b|CloverETL,O*NET Database,31.0,2.E.7.b|CloverETL,CloverETL,onet_software_skills,exact_title,approved,,canonical_name_exact
canonical:O*NET Database|onet_software_skills|2.E.7.b|Code libraries,O*NET Database,31.0,2.E.7.b|Code libraries,Code libraries,onet_software_skills,exact_title,approved,,canonical_name_exact
canonical:O*NET Database|onet_software_skills|2.E.7.b|Common business oriented language COBOL,O*NET Database,31.0,2.E.7.b|Common business oriented language COBOL,Common business oriented language COBOL,onet_software_skills,exact_title,approved,,canonical_name_exact
canonical:O*NET Database|onet_software_skills|2.E.7.b|Component libraries,O*NET Database,31.0,2.E.7.b|Component libraries,Component libraries,onet_software_skills,exact_title,approved,,canonical_name_exact
canonical:O*NET Database|onet_software_skills|2.E.7.b|Computer On-line Real-time Applications Language CORAL 66,O*NET Database,31.0,2.E.7.b|Computer On-line Real-time Applications Language CORAL 66,Computer On-line Real-time Applications Language CORAL 66,onet_software_skills,exact_title,approved,,canonical_name_exact
canonical:O*NET Database|onet_software_skills|2.E.7.b|Crytek CryEngine,O*NET Database,31.0,2.E.7.b|Crytek CryEngine,Crytek CryEngine,onet_software_skills,exact_title,approved,,canonical_name_exact
canonical:O*NET Database|onet_software_skills|2.E.7.b|DX Studio,O*NET Database,31.0,2.E.7.b|DX Studio,DX Studio,onet_software_skills,exact_title,approved,,canonical_name_exact
canonical:O*NET Database|onet_software_skills|2.E.7.b|Eclipse IDE,O*NET Database,31.0,2.E.7.b|Eclipse IDE,Eclipse IDE,onet_software_skills,exact_title,approved,,canonical_name_exact
canonical:O*NET Database|onet_software_skills|2.E.7.b|Embarcadero JBuilder,O*NET Database,31.0,2.E.7.b|Embarcadero JBuilder,Embarcadero JBuilder,onet_software_skills,exact_title,approved,,canonical_name_exact
canonical:O*NET Database|onet_software_skills|2.E.7.b|Embedded systems development software,O*NET Database,31.0,2.E.7.b|Embedded systems development software,Embedded systems development software,onet_software_skills,exact_title,approved,,canonical_name_exact
canonical:O*NET Database|onet_software_skills|2.E.7.b|Event-driven State-machines Programming,O*NET Database,31.0,2.E.7.b|Event-driven State-machines Programming,Event-driven State-machines Programming,onet_software_skills,exact_title,approved,,canonical_name_exact
canonical:O*NET Database|onet_software_skills|2.E.7.b|Flask,O*NET Database,31.0,2.E.7.b|Flask,Flask,onet_software_skills,exact_title,approved,,canonical_name_exact
canonical:O*NET Database|onet_software_skills|2.E.7.b|Formula translation/translator FORTRAN,O*NET Database,31.0,2.E.7.b|Formula translation/translator FORTRAN,Formula translation/translator FORTRAN,onet_software_skills,exact_title,approved,,canonical_name_exact
canonical:O*NET Database|onet_software_skills|2.E.7.b|Forth,O*NET Database,31.0,2.E.7.b|Forth,Forth,onet_software_skills,exact_title,approved,,canonical_name_exact
canonical:O*NET Database|onet_software_skills|2.E.7.b|Gambit Scheme,O*NET Database,31.0,2.E.7.b|Gambit Scheme,Gambit Scheme,onet_software_skills,exact_title,approved,,canonical_name_exact
canonical:O*NET Database|onet_software_skills|2.E.7.b|Go,O*NET Database,31.0,2.E.7.b|Go,Go,onet_software_skills,exact_title,approved,,canonical_name_exact
canonical:O*NET Database|onet_software_skills|2.E.7.b|Hardware description language HDL,O*NET Database,31.0,2.E.7.b|Hardware description language HDL,Hardware description language HDL,onet_software_skills,exact_title,approved,,canonical_name_exact
canonical:O*NET Database|onet_software_skills|2.E.7.b|Haskell,ESCO,1.2.1,http://data.europa.eu/esco/skill/000f1d3d-220f-4789-9c0a-cc742521fb02,Haskell,esco_skills,manual,approved,,approved_cross_type_technology_resolution
canonical:O*NET Database|onet_software_skills|2.E.7.b|Haskell,O*NET Database,31.0,2.E.7.b|Haskell,Haskell,onet_software_skills,exact_title,approved,,canonical_name_exact
canonical:O*NET Database|onet_software_skills|2.E.7.b|Hewlett-Packard HP Graphics Language HPGL,O*NET Database,31.0,2.E.7.b|Hewlett-Packard HP Graphics Language HPGL,Hewlett-Packard HP Graphics Language HPGL,onet_software_skills,exact_title,approved,,canonical_name_exact
canonical:O*NET Database|onet_software_skills|2.E.7.b|IBM Rational Application Developer,O*NET Database,31.0,2.E.7.b|IBM Rational Application Developer,IBM Rational Application Developer,onet_software_skills,exact_title,approved,,canonical_name_exact
canonical:O*NET Database|onet_software_skills|2.E.7.b|IBM Rational ClearQuest,O*NET Database,31.0,2.E.7.b|IBM Rational ClearQuest,IBM Rational ClearQuest,onet_software_skills,exact_title,approved,,canonical_name_exact
canonical:O*NET Database|onet_software_skills|2.E.7.b|IBM Rational Rose XDE,O*NET Database,31.0,2.E.7.b|IBM Rational Rose XDE,IBM Rational Rose XDE,onet_software_skills,exact_title,approved,,canonical_name_exact
canonical:O*NET Database|onet_software_skills|2.E.7.b|ICON programming language,O*NET Database,31.0,2.E.7.b|ICON programming language,ICON programming language,onet_software_skills,exact_title,approved,,canonical_name_exact
canonical:O*NET Database|onet_software_skills|2.E.7.b|IONA Orbix,O*NET Database,31.0,2.E.7.b|IONA Orbix,IONA Orbix,onet_software_skills,exact_title,approved,,canonical_name_exact
canonical:O*NET Database|onet_software_skills|2.E.7.b|Integrated development environment IDE software,O*NET Database,31.0,2.E.7.b|Integrated development environment IDE software,Integrated development environment IDE software,onet_software_skills,exact_title,approved,,canonical_name_exact
canonical:O*NET Database|onet_software_skills|2.E.7.b|Interface definition language IDL,O*NET Database,31.0,2.E.7.b|Interface definition language IDL,Interface definition language IDL,onet_software_skills,exact_title,approved,,canonical_name_exact
canonical:O*NET Database|onet_software_skills|2.E.7.b|Interstate connection ICON,O*NET Database,31.0,2.E.7.b|Interstate connection ICON,Interstate connection ICON,onet_software_skills,exact_title,approved,,canonical_name_exact
canonical:O*NET Database|onet_software_skills|2.E.7.b|J,O*NET Database,31.0,2.E.7.b|J,J,onet_software_skills,exact_title,approved,,canonical_name_exact
canonical:O*NET Database|onet_software_skills|2.E.7.b|JFrog Artifactory,O*NET Database,31.0,2.E.7.b|JFrog Artifactory,JFrog Artifactory,onet_software_skills,exact_title,approved,,canonical_name_exact
canonical:O*NET Database|onet_software_skills|2.E.7.b|Julia,O*NET Database,31.0,2.E.7.b|Julia,Julia,onet_software_skills,exact_title,approved,,canonical_name_exact
canonical:O*NET Database|onet_software_skills|2.E.7.b|Kotlin,O*NET Database,31.0,2.E.7.b|Kotlin,Kotlin,onet_software_skills,exact_title,approved,,canonical_name_exact
canonical:O*NET Database|onet_software_skills|2.E.7.b|Ladder Logic,O*NET Database,31.0,2.E.7.b|Ladder Logic,Ladder Logic,onet_software_skills,exact_title,approved,,canonical_name_exact
canonical:O*NET Database|onet_software_skills|2.E.7.b|List processing language LISP,O*NET Database,31.0,2.E.7.b|List processing language LISP,List processing language LISP,onet_software_skills,exact_title,approved,,canonical_name_exact
canonical:O*NET Database|onet_software_skills|2.E.7.b|MUMPS M,O*NET Database,31.0,2.E.7.b|MUMPS M,MUMPS M,onet_software_skills,exact_title,approved,,canonical_name_exact
canonical:O*NET Database|onet_software_skills|2.E.7.b|MaxScript,O*NET Database,31.0,2.E.7.b|MaxScript,MaxScript,onet_software_skills,exact_title,approved,,canonical_name_exact
canonical:O*NET Database|onet_software_skills|2.E.7.b|Maya Embedded Language MEL,O*NET Database,31.0,2.E.7.b|Maya Embedded Language MEL,Maya Embedded Language MEL,onet_software_skills,exact_title,approved,,canonical_name_exact
canonical:O*NET Database|onet_software_skills|2.E.7.b|Microsoft .NET Framework,O*NET Database,31.0,2.E.7.b|Microsoft .NET Framework,Microsoft .NET Framework,onet_software_skills,exact_title,approved,,canonical_name_exact
canonical:O*NET Database|onet_software_skills|2.E.7.b|Microsoft Azure DevOps Services,O*NET Database,31.0,2.E.7.b|Microsoft Azure DevOps Services,Microsoft Azure DevOps Services,onet_software_skills,exact_title,approved,,canonical_name_exact
canonical:O*NET Database|onet_software_skills|2.E.7.b|Microsoft Azure software,O*NET Database,31.0,2.E.7.b|Microsoft Azure software,Microsoft Azure software,onet_software_skills,exact_title,approved,,canonical_name_exact
canonical:O*NET Database|onet_software_skills|2.E.7.b|Microsoft ESP SDK,O*NET Database,31.0,2.E.7.b|Microsoft ESP SDK,Microsoft ESP SDK,onet_software_skills,exact_title,approved,,canonical_name_exact
canonical:O*NET Database|onet_software_skills|2.E.7.b|Microsoft PowerShell,O*NET Database,31.0,2.E.7.b|Microsoft PowerShell,Microsoft PowerShell,onet_software_skills,exact_title,approved,,canonical_name_exact
canonical:O*NET Database|onet_software_skills|2.E.7.b|Microsoft Visual Basic,O*NET Database,31.0,2.E.7.b|Microsoft Visual Basic,Microsoft Visual Basic,onet_software_skills,exact_title,approved,,canonical_name_exact
canonical:O*NET Database|onet_software_skills|2.E.7.b|Microsoft Visual Basic Scripting Edition VBScript,O*NET Database,31.0,2.E.7.b|Microsoft Visual Basic Scripting Edition VBScript,Microsoft Visual Basic Scripting Edition VBScript,onet_software_skills,exact_title,approved,,canonical_name_exact
canonical:O*NET Database|onet_software_skills|2.E.7.b|Microsoft Visual Basic for Applications VBA,O*NET Database,31.0,2.E.7.b|Microsoft Visual Basic for Applications VBA,Microsoft Visual Basic for Applications VBA,onet_software_skills,exact_title,approved,,canonical_name_exact
canonical:O*NET Database|onet_software_skills|2.E.7.b|Microsoft Visual SourceSafe,O*NET Database,31.0,2.E.7.b|Microsoft Visual SourceSafe,Microsoft Visual SourceSafe,onet_software_skills,exact_title,approved,,canonical_name_exact
canonical:O*NET Database|onet_software_skills|2.E.7.b|Microsoft Visual Studio,O*NET Database,31.0,2.E.7.b|Microsoft Visual Studio,Microsoft Visual Studio,onet_software_skills,exact_title,approved,,canonical_name_exact
canonical:O*NET Database|onet_software_skills|2.E.7.b|National Instruments LabVIEW,O*NET Database,31.0,2.E.7.b|National Instruments LabVIEW,National Instruments LabVIEW,onet_software_skills,exact_title,approved,,canonical_name_exact
canonical:O*NET Database|onet_software_skills|2.E.7.b|OpenAI ChatGPT,O*NET Database,31.0,2.E.7.b|OpenAI ChatGPT,OpenAI ChatGPT,onet_software_skills,exact_title,approved,,canonical_name_exact
canonical:O*NET Database|onet_software_skills|2.E.7.b|Oracle Java 2 Platform Enterprise Edition J2EE,O*NET Database,31.0,2.E.7.b|Oracle Java 2 Platform Enterprise Edition J2EE,Oracle Java 2 Platform Enterprise Edition J2EE,onet_software_skills,exact_title,approved,,canonical_name_exact
canonical:O*NET Database|onet_software_skills|2.E.7.b|Oracle Jdeveloper,O*NET Database,31.0,2.E.7.b|Oracle Jdeveloper,Oracle Jdeveloper,onet_software_skills,exact_title,approved,,canonical_name_exact
canonical:O*NET Database|onet_software_skills|2.E.7.b|Oracle SQL Developer,O*NET Database,31.0,2.E.7.b|Oracle SQL Developer,Oracle SQL Developer,onet_software_skills,exact_title,approved,,canonical_name_exact
canonical:O*NET Database|onet_software_skills|2.E.7.b|Pascal,O*NET Database,31.0,2.E.7.b|Pascal,Pascal,onet_software_skills,exact_title,approved,,canonical_name_exact
canonical:O*NET Database|onet_software_skills|2.E.7.b|Programmable logic controller PLC code generation software,O*NET Database,31.0,2.E.7.b|Programmable logic controller PLC code generation software,Programmable logic controller PLC code generation software,onet_software_skills,exact_title,approved,,canonical_name_exact
canonical:O*NET Database|onet_software_skills|2.E.7.b|Programming language one PL/I,O*NET Database,31.0,2.E.7.b|Programming language one PL/I,Programming language one PL/I,onet_software_skills,exact_title,approved,,canonical_name_exact
canonical:O*NET Database|onet_software_skills|2.E.7.b|Prolog,O*NET Database,31.0,2.E.7.b|Prolog,Prolog,onet_software_skills,exact_title,approved,,canonical_name_exact
canonical:O*NET Database|onet_software_skills|2.E.7.b|Quest SQL Optimizer for Oracle,O*NET Database,31.0,2.E.7.b|Quest SQL Optimizer for Oracle,Quest SQL Optimizer for Oracle,onet_software_skills,exact_title,approved,,canonical_name_exact
canonical:O*NET Database|onet_software_skills|2.E.7.b|Restructured extended executor REXX,O*NET Database,31.0,2.E.7.b|Restructured extended executor REXX,Restructured extended executor REXX,onet_software_skills,exact_title,approved,,canonical_name_exact
canonical:O*NET Database|onet_software_skills|2.E.7.b|Rockwell Automation software,O*NET Database,31.0,2.E.7.b|Rockwell Automation software,Rockwell Automation software,onet_software_skills,exact_title,approved,,canonical_name_exact
canonical:O*NET Database|onet_software_skills|2.E.7.b|Ruby,O*NET Database,31.0,2.E.7.b|Ruby,Ruby,onet_software_skills,exact_title,approved,,canonical_name_exact
canonical:O*NET Database|onet_software_skills|2.E.7.b|Scheme,O*NET Database,31.0,2.E.7.b|Scheme,Scheme,onet_software_skills,exact_title,approved,,canonical_name_exact
canonical:O*NET Database|onet_software_skills|2.E.7.b|Scikit-learn,O*NET Database,31.0,2.E.7.b|Scikit-learn,Scikit-learn,onet_software_skills,exact_title,approved,,canonical_name_exact
canonical:O*NET Database|onet_software_skills|2.E.7.b|Software development tools,O*NET Database,31.0,2.E.7.b|Software development tools,Software development tools,onet_software_skills,exact_title,approved,,canonical_name_exact
canonical:O*NET Database|onet_software_skills|2.E.7.b|Software libraries,O*NET Database,31.0,2.E.7.b|Software libraries,Software libraries,onet_software_skills,exact_title,approved,,canonical_name_exact
canonical:O*NET Database|onet_software_skills|2.E.7.b|String oriented symbolic language SNOBOL,O*NET Database,31.0,2.E.7.b|String oriented symbolic language SNOBOL,String oriented symbolic language SNOBOL,onet_software_skills,exact_title,approved,,canonical_name_exact
canonical:O*NET Database|onet_software_skills|2.E.7.b|Symantec Visual Cafe,O*NET Database,31.0,2.E.7.b|Symantec Visual Cafe,Symantec Visual Cafe,onet_software_skills,exact_title,approved,,canonical_name_exact
canonical:O*NET Database|onet_software_skills|2.E.7.b|ToadSoft Toad,O*NET Database,31.0,2.E.7.b|ToadSoft Toad,ToadSoft Toad,onet_software_skills,exact_title,approved,,canonical_name_exact
canonical:O*NET Database|onet_software_skills|2.E.7.b|Unity Technologies Unity,O*NET Database,31.0,2.E.7.b|Unity Technologies Unity,Unity Technologies Unity,onet_software_skills,exact_title,approved,,canonical_name_exact
canonical:O*NET Database|onet_software_skills|2.E.7.b|Unreal Technology Unreal Engine,O*NET Database,31.0,2.E.7.b|Unreal Technology Unreal Engine,Unreal Technology Unreal Engine,onet_software_skills,exact_title,approved,,canonical_name_exact
canonical:O*NET Database|onet_software_skills|2.E.7.b|Verilog,O*NET Database,31.0,2.E.7.b|Verilog,Verilog,onet_software_skills,exact_title,approved,,canonical_name_exact
canonical:O*NET Database|onet_software_skills|2.E.7.b|Very high-speed integrated circuit VHSIC hardware description language VHDL,O*NET Database,31.0,2.E.7.b|Very high-speed integrated circuit VHSIC hardware description language VHDL,Very high-speed integrated circuit VHSIC hardware description language VHDL,onet_software_skills,exact_title,approved,,canonical_name_exact
canonical:O*NET Database|onet_software_skills|2.E.7.b|Web application software,O*NET Database,31.0,2.E.7.b|Web application software,Web application software,onet_software_skills,exact_title,approved,,canonical_name_exact
canonical:O*NET Database|onet_software_skills|2.E.7.b|Web service definition language WDSL,O*NET Database,31.0,2.E.7.b|Web service definition language WDSL,Web service definition language WDSL,onet_software_skills,exact_title,approved,,canonical_name_exact
canonical:O*NET Database|onet_software_skills|2.E.7.b|XGBoost,O*NET Database,31.0,2.E.7.b|XGBoost,XGBoost,onet_software_skills,exact_title,approved,,canonical_name_exact
canonical:O*NET Database|onet_software_skills|2.E.7.b|XML Path Language XPATH,O*NET Database,31.0,2.E.7.b|XML Path Language XPATH,XML Path Language XPATH,onet_software_skills,exact_title,approved,,canonical_name_exact
canonical:O*NET Database|onet_software_skills|2.E.7.b|XML User Interface XUI,O*NET Database,31.0,2.E.7.b|XML User Interface XUI,XML User Interface XUI,onet_software_skills,exact_title,approved,,canonical_name_exact
canonical:O*NET Database|onet_software_skills|2.E.7.b|Xcode,ESCO,1.2.1,http://data.europa.eu/esco/skill/449d119b-2d66-43a9-9230-7d27f16afbb6,Xcode,esco_skills,manual,approved,,approved_cross_type_technology_resolution
canonical:O*NET Database|onet_software_skills|2.E.7.b|Xcode,O*NET Database,31.0,2.E.7.b|Xcode,Xcode,onet_software_skills,exact_title,approved,,canonical_name_exact
canonical:O*NET Database|onet_software_skills|2.E.7.b|eXtensible Business Reporting Language XBRL,O*NET Database,31.0,2.E.7.b|eXtensible Business Reporting Language XBRL,eXtensible Business Reporting Language XBRL,onet_software_skills,exact_title,approved,,canonical_name_exact
canonical:O*NET Database|onet_software_skills|2.E.7.c|Atlassian Bamboo,O*NET Database,31.0,2.E.7.c|Atlassian Bamboo,Atlassian Bamboo,onet_software_skills,exact_title,approved,,canonical_name_exact
canonical:O*NET Database|onet_software_skills|2.E.7.c|BMC Software Control-M,O*NET Database,31.0,2.E.7.c|BMC Software Control-M,BMC Software Control-M,onet_software_skills,exact_title,approved,,canonical_name_exact
canonical:O*NET Database|onet_software_skills|2.E.7.c|Common gateway interface CGI,O*NET Database,31.0,2.E.7.c|Common gateway interface CGI,Common gateway interface CGI,onet_software_skills,exact_title,approved,,canonical_name_exact
canonical:O*NET Database|onet_software_skills|2.E.7.c|Enterprise application integration EAI software,O*NET Database,31.0,2.E.7.c|Enterprise application integration EAI software,Enterprise application integration EAI software,onet_software_skills,exact_title,approved,,canonical_name_exact
canonical:O*NET Database|onet_software_skills|2.E.7.c|Extensible markup language XML,O*NET Database,31.0,2.E.7.c|Extensible markup language XML,Extensible markup language XML,onet_software_skills,exact_title,approved,,canonical_name_exact
canonical:O*NET Database|onet_software_skills|2.E.7.c|Extensible stylesheet language XSL,O*NET Database,31.0,2.E.7.c|Extensible stylesheet language XSL,Extensible stylesheet language XSL,onet_software_skills,exact_title,approved,,canonical_name_exact
canonical:O*NET Database|onet_software_skills|2.E.7.c|IBM InfoSphere DataStage,O*NET Database,31.0,2.E.7.c|IBM InfoSphere DataStage,IBM InfoSphere DataStage,onet_software_skills,exact_title,approved,,canonical_name_exact
canonical:O*NET Database|onet_software_skills|2.E.7.c|Jenkins CI,O*NET Database,31.0,2.E.7.c|Jenkins CI,Jenkins CI,onet_software_skills,exact_title,approved,,canonical_name_exact
canonical:O*NET Database|onet_software_skills|2.E.7.c|Microsoft Power Automate,O*NET Database,31.0,2.E.7.c|Microsoft Power Automate,Microsoft Power Automate,onet_software_skills,exact_title,approved,,canonical_name_exact
canonical:O*NET Database|onet_software_skills|2.E.7.c|Microsoft Power Platform software,O*NET Database,31.0,2.E.7.c|Microsoft Power Platform software,Microsoft Power Platform software,onet_software_skills,exact_title,approved,,canonical_name_exact
canonical:O*NET Database|onet_software_skills|2.E.7.c|Microsoft SQL Server Integration Services SSIS,O*NET Database,31.0,2.E.7.c|Microsoft SQL Server Integration Services SSIS,Microsoft SQL Server Integration Services SSIS,onet_software_skills,exact_title,approved,,canonical_name_exact
canonical:O*NET Database|onet_software_skills|2.E.7.c|MuleSoft software,O*NET Database,31.0,2.E.7.c|MuleSoft software,MuleSoft software,onet_software_skills,exact_title,approved,,canonical_name_exact
canonical:O*NET Database|onet_software_skills|2.E.7.c|Oracle Data Integrator,O*NET Database,31.0,2.E.7.c|Oracle Data Integrator,Oracle Data Integrator,onet_software_skills,exact_title,approved,,canonical_name_exact
canonical:O*NET Database|onet_software_skills|2.E.7.c|Oracle Fusion Middleware,O*NET Database,31.0,2.E.7.c|Oracle Fusion Middleware,Oracle Fusion Middleware,onet_software_skills,exact_title,approved,,canonical_name_exact
canonical:O*NET Database|onet_software_skills|2.E.7.c|SAP BusinessObjects Data Integrator,O*NET Database,31.0,2.E.7.c|SAP BusinessObjects Data Integrator,SAP BusinessObjects Data Integrator,onet_software_skills,exact_title,approved,,canonical_name_exact
canonical:O*NET Database|onet_software_skills|2.E.7.c|SAP NetWeaver,O*NET Database,31.0,2.E.7.c|SAP NetWeaver,SAP NetWeaver,onet_software_skills,exact_title,approved,,canonical_name_exact
canonical:O*NET Database|onet_software_skills|2.E.7.c|SAS Data Integration Studio,O*NET Database,31.0,2.E.7.c|SAS Data Integration Studio,SAS Data Integration Studio,onet_software_skills,exact_title,approved,,canonical_name_exact
canonical:O*NET Database|onet_software_skills|2.E.7.c|SMSi Twister Data Integrator,O*NET Database,31.0,2.E.7.c|SMSi Twister Data Integrator,SMSi Twister Data Integrator,onet_software_skills,exact_title,approved,,canonical_name_exact
canonical:O*NET Database|onet_software_skills|2.E.7.c|Talend Open Studio,O*NET Database,31.0,2.E.7.c|Talend Open Studio,Talend Open Studio,onet_software_skills,exact_title,approved,,canonical_name_exact
canonical:O*NET Database|onet_software_skills|2.E.7.c|WebFOCUS,O*NET Database,31.0,2.E.7.c|WebFOCUS,WebFOCUS,onet_software_skills,exact_title,approved,,canonical_name_exact
canonical:O*NET Database|onet_software_skills|2.E.7.d|Altia Design,O*NET Database,31.0,2.E.7.d|Altia Design,Altia Design,onet_software_skills,exact_title,approved,,canonical_name_exact
canonical:O*NET Database|onet_software_skills|2.E.7.d|Figma,O*NET Database,31.0,2.E.7.d|Figma,Figma,onet_software_skills,exact_title,approved,,canonical_name_exact
canonical:O*NET Database|onet_software_skills|2.E.7.d|Grafana Labs Grafana Cloud,O*NET Database,31.0,2.E.7.d|Grafana Labs Grafana Cloud,Grafana Labs Grafana Cloud,onet_software_skills,exact_title,approved,,canonical_name_exact
canonical:O*NET Database|onet_software_skills|2.E.7.d|Graphical user interface GUI builder software,O*NET Database,31.0,2.E.7.d|Graphical user interface GUI builder software,Graphical user interface GUI builder software,onet_software_skills,exact_title,approved,,canonical_name_exact
canonical:O*NET Database|onet_software_skills|2.E.7.d|Graphical user interface GUI design software,O*NET Database,31.0,2.E.7.d|Graphical user interface GUI design software,Graphical user interface GUI design software,onet_software_skills,exact_title,approved,,canonical_name_exact
canonical:O*NET Database|onet_software_skills|2.E.7.d|Salesforce Visualforce,O*NET Database,31.0,2.E.7.d|Salesforce Visualforce,Salesforce Visualforce,onet_software_skills,exact_title,approved,,canonical_name_exact
canonical:O*NET Database|onet_software_skills|2.E.7.e|ABC: the AspectBench Compiler for AspectJ,O*NET Database,31.0,2.E.7.e|ABC: the AspectBench Compiler for AspectJ,ABC: the AspectBench Compiler for AspectJ,onet_software_skills,exact_title,approved,,canonical_name_exact
canonical:O*NET Database|onet_software_skills|2.E.7.e|Advanced business application programming ABAP,O*NET Database,31.0,2.E.7.e|Advanced business application programming ABAP,Advanced business application programming ABAP,onet_software_skills,exact_title,approved,,canonical_name_exact
canonical:O*NET Database|onet_software_skills|2.E.7.e|Apache Groovy,O*NET Database,31.0,2.E.7.e|Apache Groovy,Apache Groovy,onet_software_skills,exact_title,approved,,canonical_name_exact
canonical:O*NET Database|onet_software_skills|2.E.7.e|Apache Groovy,O*NET Database,31.0,2.E.7.h|Apache Groovy,Apache Groovy,onet_software_skills,exact_title,approved,,canonical_name_exact
canonical:O*NET Database|onet_software_skills|2.E.7.e|Apple Cocoa,O*NET Database,31.0,2.E.7.e|Apple Cocoa,Apple Cocoa,onet_software_skills,exact_title,approved,,canonical_name_exact
canonical:O*NET Database|onet_software_skills|2.E.7.e|C#,ESCO,1.2.1,http://data.europa.eu/esco/skill/4c016b68-4116-468c-9dc6-42710c239e4a,C#,esco_skills,manual,approved,,approved_cross_type_technology_resolution
canonical:O*NET Database|onet_software_skills|2.E.7.e|C#,O*NET Database,31.0,2.E.7.e|C#,C#,onet_software_skills,exact_title,approved,,canonical_name_exact
canonical:O*NET Database|onet_software_skills|2.E.7.e|C++,ESCO,1.2.1,http://data.europa.eu/esco/skill/b633eb55-8f1f-4ae6-ab4c-2022ffe2cb7f,C++,esco_skills,manual,approved,,approved_cross_type_technology_resolution
canonical:O*NET Database|onet_software_skills|2.E.7.e|C++,O*NET Database,31.0,2.E.7.e|C++,C++,onet_software_skills,exact_title,approved,,canonical_name_exact
canonical:O*NET Database|onet_software_skills|2.E.7.e|Collaborative Application Markup Language CAML,O*NET Database,31.0,2.E.7.e|Collaborative Application Markup Language CAML,Collaborative Application Markup Language CAML,onet_software_skills,exact_title,approved,,canonical_name_exact
canonical:O*NET Database|onet_software_skills|2.E.7.e|Common Lisp Object System CLOS,O*NET Database,31.0,2.E.7.e|Common Lisp Object System CLOS,Common Lisp Object System CLOS,onet_software_skills,exact_title,approved,,canonical_name_exact
canonical:O*NET Database|onet_software_skills|2.E.7.e|Component object model COM software,O*NET Database,31.0,2.E.7.e|Component object model COM software,Component object model COM software,onet_software_skills,exact_title,approved,,canonical_name_exact
canonical:O*NET Database|onet_software_skills|2.E.7.e|Component-based Scalable Logical Architecture CSLA,O*NET Database,31.0,2.E.7.e|Component-based Scalable Logical Architecture CSLA,Component-based Scalable Logical Architecture CSLA,onet_software_skills,exact_title,approved,,canonical_name_exact
canonical:O*NET Database|onet_software_skills|2.E.7.e|Distributed component object model DCOM software,O*NET Database,31.0,2.E.7.e|Distributed component object model DCOM software,Distributed component object model DCOM software,onet_software_skills,exact_title,approved,,canonical_name_exact
canonical:O*NET Database|onet_software_skills|2.E.7.e|Document Object Model DOM Scripting,O*NET Database,31.0,2.E.7.e|Document Object Model DOM Scripting,Document Object Model DOM Scripting,onet_software_skills,exact_title,approved,,canonical_name_exact
canonical:O*NET Database|onet_software_skills|2.E.7.e|E++ pattern language,O*NET Database,31.0,2.E.7.e|E++ pattern language,E++ pattern language,onet_software_skills,exact_title,approved,,canonical_name_exact
canonical:O*NET Database|onet_software_skills|2.E.7.e|Eiffel,O*NET Database,31.0,2.E.7.e|Eiffel,Eiffel,onet_software_skills,exact_title,approved,,canonical_name_exact
canonical:O*NET Database|onet_software_skills|2.E.7.e|Embarcadero Delphi,O*NET Database,31.0,2.E.7.e|Embarcadero Delphi,Embarcadero Delphi,onet_software_skills,exact_title,approved,,canonical_name_exact
canonical:O*NET Database|onet_software_skills|2.E.7.e|G-code,O*NET Database,31.0,2.E.7.e|G-code,G-code,onet_software_skills,exact_title,approved,,canonical_name_exact
canonical:O*NET Database|onet_software_skills|2.E.7.e|Gradle,O*NET Database,31.0,2.E.7.e|Gradle,Gradle,onet_software_skills,exact_title,approved,,canonical_name_exact
canonical:O*NET Database|onet_software_skills|2.E.7.e|IBM ILOG,O*NET Database,31.0,2.E.7.e|IBM ILOG,IBM ILOG,onet_software_skills,exact_title,approved,,canonical_name_exact
canonical:O*NET Database|onet_software_skills|2.E.7.e|JHDL,O*NET Database,31.0,2.E.7.e|JHDL,JHDL,onet_software_skills,exact_title,approved,,canonical_name_exact
canonical:O*NET Database|onet_software_skills|2.E.7.e|Jupyter Notebook,O*NET Database,31.0,2.E.7.e|Jupyter Notebook,Jupyter Notebook,onet_software_skills,exact_title,approved,,canonical_name_exact
canonical:O*NET Database|onet_software_skills|2.E.7.e|Jupyter software,O*NET Database,31.0,2.E.7.e|Jupyter software,Jupyter software,onet_software_skills,exact_title,approved,,canonical_name_exact
canonical:O*NET Database|onet_software_skills|2.E.7.e|Microsoft ActiveX,O*NET Database,31.0,2.E.7.e|Microsoft ActiveX,Microsoft ActiveX,onet_software_skills,exact_title,approved,,canonical_name_exact
canonical:O*NET Database|onet_software_skills|2.E.7.e|Microsoft Visual Basic.NET,O*NET Database,31.0,2.E.7.e|Microsoft Visual Basic.NET,Microsoft Visual Basic.NET,onet_software_skills,exact_title,approved,,canonical_name_exact
canonical:O*NET Database|onet_software_skills|2.E.7.e|Microsoft Visual C# .NET,O*NET Database,31.0,2.E.7.e|Microsoft Visual C# .NET,Microsoft Visual C# .NET,onet_software_skills,exact_title,approved,,canonical_name_exact
canonical:O*NET Database|onet_software_skills|2.E.7.e|Modula,O*NET Database,31.0,2.E.7.e|Modula,Modula,onet_software_skills,exact_title,approved,,canonical_name_exact
canonical:O*NET Database|onet_software_skills|2.E.7.e|Oberon,O*NET Database,31.0,2.E.7.e|Oberon,Oberon,onet_software_skills,exact_title,approved,,canonical_name_exact
canonical:O*NET Database|onet_software_skills|2.E.7.e|Object-oriented programming languages,O*NET Database,31.0,2.E.7.e|Object-oriented programming languages,Object-oriented programming languages,onet_software_skills,exact_title,approved,,canonical_name_exact
canonical:O*NET Database|onet_software_skills|2.E.7.e|Objective C,ESCO,1.2.1,http://data.europa.eu/esco/skill/9973a5a2-7822-4161-99e9-95c781eb63f8,Objective-C,esco_skills,manual,approved,,approved_cross_type_technology_resolution
canonical:O*NET Database|onet_software_skills|2.E.7.e|Objective C,O*NET Database,31.0,2.E.7.e|Objective C,Objective C,onet_software_skills,exact_title,approved,,canonical_name_exact
canonical:O*NET Database|onet_software_skills|2.E.7.e|Objective Caml,O*NET Database,31.0,2.E.7.e|Objective Caml,Objective Caml,onet_software_skills,exact_title,approved,,canonical_name_exact
canonical:O*NET Database|onet_software_skills|2.E.7.e|Oracle Java,O*NET Database,31.0,2.E.7.e|Oracle Java,Oracle Java,onet_software_skills,exact_title,approved,,canonical_name_exact
canonical:O*NET Database|onet_software_skills|2.E.7.e|Oracle Java Message Service JMS,O*NET Database,31.0,2.E.7.e|Oracle Java Message Service JMS,Oracle Java Message Service JMS,onet_software_skills,exact_title,approved,,canonical_name_exact
canonical:O*NET Database|onet_software_skills|2.E.7.e|Perl,ESCO,1.2.1,http://data.europa.eu/esco/skill/401eb8d8-6daa-4f8b-90ad-60afc71eb4f8,Perl,esco_skills,manual,approved,,approved_cross_type_technology_resolution
canonical:O*NET Database|onet_software_skills|2.E.7.e|Perl,O*NET Database,31.0,2.E.7.e|Perl,Perl,onet_software_skills,exact_title,approved,,canonical_name_exact
canonical:O*NET Database|onet_software_skills|2.E.7.e|R,ESCO,1.2.1,http://data.europa.eu/esco/skill/51586df8-1c46-4b47-8583-773cb63bf00b,R,esco_skills,manual,approved,,approved_cross_type_technology_resolution
canonical:O*NET Database|onet_software_skills|2.E.7.e|R,O*NET Database,31.0,2.E.7.e|R,R,onet_software_skills,exact_title,approved,,canonical_name_exact
canonical:O*NET Database|onet_software_skills|2.E.7.e|RabbitMQ,O*NET Database,31.0,2.E.7.e|RabbitMQ,RabbitMQ,onet_software_skills,exact_title,approved,,canonical_name_exact
canonical:O*NET Database|onet_software_skills|2.E.7.e|Rapide,O*NET Database,31.0,2.E.7.e|Rapide,Rapide,onet_software_skills,exact_title,approved,,canonical_name_exact
canonical:O*NET Database|onet_software_skills|2.E.7.e|SAP PowerBuilder,O*NET Database,31.0,2.E.7.e|SAP PowerBuilder,SAP PowerBuilder,onet_software_skills,exact_title,approved,,canonical_name_exact
canonical:O*NET Database|onet_software_skills|2.E.7.e|Scala,ESCO,1.2.1,http://data.europa.eu/esco/skill/ffddfc7c-a9dd-449f-9e96-882dc447c8b6,Scala,esco_skills,manual,approved,,approved_cross_type_technology_resolution
canonical:O*NET Database|onet_software_skills|2.E.7.e|Scala,O*NET Database,31.0,2.E.7.e|Scala,Scala,onet_software_skills,exact_title,approved,,canonical_name_exact
canonical:O*NET Database|onet_software_skills|2.E.7.e|SciPy,O*NET Database,31.0,2.E.7.e|SciPy,SciPy,onet_software_skills,exact_title,approved,,canonical_name_exact
canonical:O*NET Database|onet_software_skills|2.E.7.e|Shiny,O*NET Database,31.0,2.E.7.e|Shiny,Shiny,onet_software_skills,exact_title,approved,,canonical_name_exact
canonical:O*NET Database|onet_software_skills|2.E.7.e|Simple API for XML SAX,O*NET Database,31.0,2.E.7.e|Simple API for XML SAX,Simple API for XML SAX,onet_software_skills,exact_title,approved,,canonical_name_exact
canonical:O*NET Database|onet_software_skills|2.E.7.e|Smalltalk,O*NET Database,31.0,2.E.7.e|Smalltalk,Smalltalk,onet_software_skills,exact_title,approved,,canonical_name_exact
canonical:O*NET Database|onet_software_skills|2.E.7.e|Sun Microsystems Java,O*NET Database,31.0,2.E.7.e|Sun Microsystems Java,Sun Microsystems Java,onet_software_skills,exact_title,approved,,canonical_name_exact
canonical:O*NET Database|onet_software_skills|2.E.7.e|Sun Microsystems Java Persistence API,O*NET Database,31.0,2.E.7.e|Sun Microsystems Java Persistence API,Sun Microsystems Java Persistence API,onet_software_skills,exact_title,approved,,canonical_name_exact
canonical:O*NET Database|onet_software_skills|2.E.7.e|Swift,O*NET Database,31.0,2.E.7.e|Swift,Swift,onet_software_skills,exact_title,approved,,canonical_name_exact
canonical:O*NET Database|onet_software_skills|2.E.7.e|TypeScript,ESCO,1.2.1,http://data.europa.eu/esco/skill/867137fb-ff1b-4ca3-99f3-cb6969aa2c68,TypeScript,esco_skills,manual,approved,,approved_cross_type_technology_resolution
canonical:O*NET Database|onet_software_skills|2.E.7.e|TypeScript,O*NET Database,31.0,2.E.7.e|TypeScript,TypeScript,onet_software_skills,exact_title,approved,,canonical_name_exact
canonical:O*NET Database|onet_software_skills|2.E.7.e|jQuery,O*NET Database,31.0,2.E.7.e|jQuery,jQuery,onet_software_skills,exact_title,approved,,canonical_name_exact
canonical:O*NET Database|onet_software_skills|2.E.7.e|spaCy,O*NET Database,31.0,2.E.7.e|spaCy,spaCy,onet_software_skills,exact_title,approved,,canonical_name_exact
canonical:O*NET Database|onet_software_skills|2.E.7.f|Compatibility testing software,O*NET Database,31.0,2.E.7.f|Compatibility testing software,Compatibility testing software,onet_software_skills,exact_title,approved,,canonical_name_exact
canonical:O*NET Database|onet_software_skills|2.E.7.f|Computer Associates Log Analyzer,O*NET Database,31.0,2.E.7.f|Computer Associates Log Analyzer,Computer Associates Log Analyzer,onet_software_skills,exact_title,approved,,canonical_name_exact
canonical:O*NET Database|onet_software_skills|2.E.7.f|Conformance and validation testing software,O*NET Database,31.0,2.E.7.f|Conformance and validation testing software,Conformance and validation testing software,onet_software_skills,exact_title,approved,,canonical_name_exact
canonical:O*NET Database|onet_software_skills|2.E.7.f|Database testing software,O*NET Database,31.0,2.E.7.f|Database testing software,Database testing software,onet_software_skills,exact_title,approved,,canonical_name_exact
canonical:O*NET Database|onet_software_skills|2.E.7.f|Debugging software,O*NET Database,31.0,2.E.7.f|Debugging software,Debugging software,onet_software_skills,exact_title,approved,,canonical_name_exact
canonical:O*NET Database|onet_software_skills|2.E.7.f|Defect tracking software,O*NET Database,31.0,2.E.7.f|Defect tracking software,Defect tracking software,onet_software_skills,exact_title,approved,,canonical_name_exact
canonical:O*NET Database|onet_software_skills|2.E.7.f|Dynamic analysis software,O*NET Database,31.0,2.E.7.f|Dynamic analysis software,Dynamic analysis software,onet_software_skills,exact_title,approved,,canonical_name_exact
canonical:O*NET Database|onet_software_skills|2.E.7.f|Fault testing software,O*NET Database,31.0,2.E.7.f|Fault testing software,Fault testing software,onet_software_skills,exact_title,approved,,canonical_name_exact
canonical:O*NET Database|onet_software_skills|2.E.7.f|Functional testing software,O*NET Database,31.0,2.E.7.f|Functional testing software,Functional testing software,onet_software_skills,exact_title,approved,,canonical_name_exact
canonical:O*NET Database|onet_software_skills|2.E.7.f|Hewlett Packard LoadRunner,O*NET Database,31.0,2.E.7.f|Hewlett Packard LoadRunner,Hewlett Packard LoadRunner,onet_software_skills,exact_title,approved,,canonical_name_exact
canonical:O*NET Database|onet_software_skills|2.E.7.f|IBM Rational PurifyPlus,O*NET Database,31.0,2.E.7.f|IBM Rational PurifyPlus,IBM Rational PurifyPlus,onet_software_skills,exact_title,approved,,canonical_name_exact
canonical:O*NET Database|onet_software_skills|2.E.7.f|Integration testing software,O*NET Database,31.0,2.E.7.f|Integration testing software,Integration testing software,onet_software_skills,exact_title,approved,,canonical_name_exact
canonical:O*NET Database|onet_software_skills|2.E.7.f|Interoperability testing software,O*NET Database,31.0,2.E.7.f|Interoperability testing software,Interoperability testing software,onet_software_skills,exact_title,approved,,canonical_name_exact
canonical:O*NET Database|onet_software_skills|2.E.7.f|JUnit,O*NET Database,31.0,2.E.7.f|JUnit,JUnit,onet_software_skills,exact_title,approved,,canonical_name_exact
canonical:O*NET Database|onet_software_skills|2.E.7.f|Kali Linux,O*NET Database,31.0,2.E.7.f|Kali Linux,Kali Linux,onet_software_skills,exact_title,approved,,canonical_name_exact
canonical:O*NET Database|onet_software_skills|2.E.7.f|Load testing software,O*NET Database,31.0,2.E.7.f|Load testing software,Load testing software,onet_software_skills,exact_title,approved,,canonical_name_exact
canonical:O*NET Database|onet_software_skills|2.E.7.f|Logic programming software,O*NET Database,31.0,2.E.7.f|Logic programming software,Logic programming software,onet_software_skills,exact_title,approved,,canonical_name_exact
canonical:O*NET Database|onet_software_skills|2.E.7.f|MITRE ATT&CK software,O*NET Database,31.0,2.E.7.f|MITRE ATT&CK software,MITRE ATT&CK software,onet_software_skills,exact_title,approved,,canonical_name_exact
canonical:O*NET Database|onet_software_skills|2.E.7.f|Migration testing software,O*NET Database,31.0,2.E.7.f|Migration testing software,Migration testing software,onet_software_skills,exact_title,approved,,canonical_name_exact
canonical:O*NET Database|onet_software_skills|2.E.7.f|Mutation testing software,O*NET Database,31.0,2.E.7.f|Mutation testing software,Mutation testing software,onet_software_skills,exact_title,approved,,canonical_name_exact
canonical:O*NET Database|onet_software_skills|2.E.7.f|Personal computer diagnostic software,O*NET Database,31.0,2.E.7.f|Personal computer diagnostic software,Personal computer diagnostic software,onet_software_skills,exact_title,approved,,canonical_name_exact
canonical:O*NET Database|onet_software_skills|2.E.7.f|Recovery testing software,O*NET Database,31.0,2.E.7.f|Recovery testing software,Recovery testing software,onet_software_skills,exact_title,approved,,canonical_name_exact
canonical:O*NET Database|onet_software_skills|2.E.7.f|Regression testing software,O*NET Database,31.0,2.E.7.f|Regression testing software,Regression testing software,onet_software_skills,exact_title,approved,,canonical_name_exact
canonical:O*NET Database|onet_software_skills|2.E.7.f|Rockwell RSLogix,O*NET Database,31.0,2.E.7.f|Rockwell RSLogix,Rockwell RSLogix,onet_software_skills,exact_title,approved,,canonical_name_exact
canonical:O*NET Database|onet_software_skills|2.E.7.f|Security testing software,O*NET Database,31.0,2.E.7.f|Security testing software,Security testing software,onet_software_skills,exact_title,approved,,canonical_name_exact
canonical:O*NET Database|onet_software_skills|2.E.7.f|Selenium,O*NET Database,31.0,2.E.7.f|Selenium,Selenium,onet_software_skills,exact_title,approved,,canonical_name_exact
canonical:O*NET Database|onet_software_skills|2.E.7.f|SonarQube,O*NET Database,31.0,2.E.7.f|SonarQube,SonarQube,onet_software_skills,exact_title,approved,,canonical_name_exact
canonical:O*NET Database|onet_software_skills|2.E.7.f|Source code editor software,O*NET Database,31.0,2.E.7.f|Source code editor software,Source code editor software,onet_software_skills,exact_title,approved,,canonical_name_exact
canonical:O*NET Database|onet_software_skills|2.E.7.f|Static analysis software,O*NET Database,31.0,2.E.7.f|Static analysis software,Static analysis software,onet_software_skills,exact_title,approved,,canonical_name_exact
canonical:O*NET Database|onet_software_skills|2.E.7.f|Stress testing software,O*NET Database,31.0,2.E.7.f|Stress testing software,Stress testing software,onet_software_skills,exact_title,approved,,canonical_name_exact
canonical:O*NET Database|onet_software_skills|2.E.7.f|System testing software,O*NET Database,31.0,2.E.7.f|System testing software,System testing software,onet_software_skills,exact_title,approved,,canonical_name_exact
canonical:O*NET Database|onet_software_skills|2.E.7.f|Test design software,O*NET Database,31.0,2.E.7.f|Test design software,Test design software,onet_software_skills,exact_title,approved,,canonical_name_exact
canonical:O*NET Database|onet_software_skills|2.E.7.f|Test implementation software,O*NET Database,31.0,2.E.7.f|Test implementation software,Test implementation software,onet_software_skills,exact_title,approved,,canonical_name_exact
canonical:O*NET Database|onet_software_skills|2.E.7.f|Travis,O*NET Database,31.0,2.E.7.f|Travis,Travis,onet_software_skills,exact_title,approved,,canonical_name_exact
canonical:O*NET Database|onet_software_skills|2.E.7.f|Unit testing software,O*NET Database,31.0,2.E.7.f|Unit testing software,Unit testing software,onet_software_skills,exact_title,approved,,canonical_name_exact
canonical:O*NET Database|onet_software_skills|2.E.7.f|Usability testing software,O*NET Database,31.0,2.E.7.f|Usability testing software,Usability testing software,onet_software_skills,exact_title,approved,,canonical_name_exact
canonical:O*NET Database|onet_software_skills|2.E.7.f|User interface design software,O*NET Database,31.0,2.E.7.f|User interface design software,User interface design software,onet_software_skills,exact_title,approved,,canonical_name_exact
canonical:O*NET Database|onet_software_skills|2.E.7.f|UserZoom,O*NET Database,31.0,2.E.7.f|UserZoom,UserZoom,onet_software_skills,exact_title,approved,,canonical_name_exact
canonical:O*NET Database|onet_software_skills|2.E.7.g|AcmeStudio,O*NET Database,31.0,2.E.7.g|AcmeStudio,AcmeStudio,onet_software_skills,exact_title,approved,,canonical_name_exact
canonical:O*NET Database|onet_software_skills|2.E.7.g|Architecture description language ADL,O*NET Database,31.0,2.E.7.g|Architecture description language ADL,Architecture description language ADL,onet_software_skills,exact_title,approved,,canonical_name_exact
canonical:O*NET Database|onet_software_skills|2.E.7.g|Database capacity planning software,O*NET Database,31.0,2.E.7.g|Database capacity planning software,Database capacity planning software,onet_software_skills,exact_title,approved,,canonical_name_exact
canonical:O*NET Database|onet_software_skills|2.E.7.g|IBM Rational RequisitePro,O*NET Database,31.0,2.E.7.g|IBM Rational RequisitePro,IBM Rational RequisitePro,onet_software_skills,exact_title,approved,,canonical_name_exact
canonical:O*NET Database|onet_software_skills|2.E.7.g|Popkin System Architect,O*NET Database,31.0,2.E.7.g|Popkin System Architect,Popkin System Architect,onet_software_skills,exact_title,approved,,canonical_name_exact
canonical:O*NET Database|onet_software_skills|2.E.7.g|Requirements management software,O*NET Database,31.0,2.E.7.g|Requirements management software,Requirements management software,onet_software_skills,exact_title,approved,,canonical_name_exact
canonical:O*NET Database|onet_software_skills|2.E.7.g|Unified modeling language UML,O*NET Database,31.0,2.E.7.g|Unified modeling language UML,Unified modeling language UML,onet_software_skills,exact_title,approved,,canonical_name_exact
canonical:O*NET Database|onet_software_skills|2.E.7.h|AJAX,ESCO,1.2.1,http://data.europa.eu/esco/skill/b4dc6e4f-dc7d-445f-8ce2-d7b9d225e282,AJAX,esco_skills,manual,approved,,approved_cross_type_technology_resolution
canonical:O*NET Database|onet_software_skills|2.E.7.h|AJAX,O*NET Database,31.0,2.E.7.h|AJAX,AJAX,onet_software_skills,exact_title,approved,,canonical_name_exact
canonical:O*NET Database|onet_software_skills|2.E.7.h|Adobe ColdFusion,O*NET Database,31.0,2.E.7.h|Adobe ColdFusion,Adobe ColdFusion,onet_software_skills,exact_title,approved,,canonical_name_exact
canonical:O*NET Database|onet_software_skills|2.E.7.h|Adobe Flex,O*NET Database,31.0,2.E.7.h|Adobe Flex,Adobe Flex,onet_software_skills,exact_title,approved,,canonical_name_exact
canonical:O*NET Database|onet_software_skills|2.E.7.h|Ahrefs Site Explorer,O*NET Database,31.0,2.E.7.h|Ahrefs Site Explorer,Ahrefs Site Explorer,onet_software_skills,exact_title,approved,,canonical_name_exact
canonical:O*NET Database|onet_software_skills|2.E.7.h|Allaire ColdFusion,O*NET Database,31.0,2.E.7.h|Allaire ColdFusion,Allaire ColdFusion,onet_software_skills,exact_title,approved,,canonical_name_exact
canonical:O*NET Database|onet_software_skills|2.E.7.h|Apache Struts,O*NET Database,31.0,2.E.7.h|Apache Struts,Apache Struts,onet_software_skills,exact_title,approved,,canonical_name_exact
canonical:O*NET Database|onet_software_skills|2.E.7.h|Apache Tomcat,ESCO,1.2.1,http://data.europa.eu/esco/skill/0fb753a1-2ef2-4429-84d2-ecb2b24daf7a,Apache Tomcat,esco_skills,manual,approved,,approved_cross_type_technology_resolution
canonical:O*NET Database|onet_software_skills|2.E.7.h|Apache Tomcat,O*NET Database,31.0,2.E.7.h|Apache Tomcat,Apache Tomcat,onet_software_skills,exact_title,approved,,canonical_name_exact
canonical:O*NET Database|onet_software_skills|2.E.7.h|Backbone.js,O*NET Database,31.0,2.E.7.h|Backbone.js,Backbone.js,onet_software_skills,exact_title,approved,,canonical_name_exact
canonical:O*NET Database|onet_software_skills|2.E.7.h|Bootstrap,O*NET Database,31.0,2.E.7.h|Bootstrap,Bootstrap,onet_software_skills,exact_title,approved,,canonical_name_exact
canonical:O*NET Database|onet_software_skills|2.E.7.h|BroadVision software,O*NET Database,31.0,2.E.7.h|BroadVision software,BroadVision software,onet_software_skills,exact_title,approved,,canonical_name_exact
canonical:O*NET Database|onet_software_skills|2.E.7.h|Cascading style sheets CSS,O*NET Database,31.0,2.E.7.h|Cascading style sheets CSS,Cascading style sheets CSS,onet_software_skills,exact_title,approved,,canonical_name_exact
canonical:O*NET Database|onet_software_skills|2.E.7.h|Drupal,ESCO,1.2.1,http://data.europa.eu/esco/skill/1de3942b-99d8-41e8-9ef0-fbc9e9f6307b,Drupal,esco_skills,manual,approved,,approved_cross_type_technology_resolution
canonical:O*NET Database|onet_software_skills|2.E.7.h|Drupal,O*NET Database,31.0,2.E.7.h|Drupal,Drupal,onet_software_skills,exact_title,approved,,canonical_name_exact
canonical:O*NET Database|onet_software_skills|2.E.7.h|Dynamic hypertext markup language DHTML,O*NET Database,31.0,2.E.7.h|Dynamic hypertext markup language DHTML,Dynamic hypertext markup language DHTML,onet_software_skills,exact_title,approved,,canonical_name_exact
canonical:O*NET Database|onet_software_skills|2.E.7.h|Eclipse Jersey,O*NET Database,31.0,2.E.7.h|Eclipse Jersey,Eclipse Jersey,onet_software_skills,exact_title,approved,,canonical_name_exact
canonical:O*NET Database|onet_software_skills|2.E.7.h|Enterprise JavaBeans,O*NET Database,31.0,2.E.7.h|Enterprise JavaBeans,Enterprise JavaBeans,onet_software_skills,exact_title,approved,,canonical_name_exact
canonical:O*NET Database|onet_software_skills|2.E.7.h|Ext JS,O*NET Database,31.0,2.E.7.h|Ext JS,Ext JS,onet_software_skills,exact_title,approved,,canonical_name_exact
canonical:O*NET Database|onet_software_skills|2.E.7.h|Extensible hypertext markup language XHTML,O*NET Database,31.0,2.E.7.h|Extensible hypertext markup language XHTML,Extensible hypertext markup language XHTML,onet_software_skills,exact_title,approved,,canonical_name_exact
canonical:O*NET Database|onet_software_skills|2.E.7.h|Extensible stylesheet language transformations XSLT,O*NET Database,31.0,2.E.7.h|Extensible stylesheet language transformations XSLT,Extensible stylesheet language transformations XSLT,onet_software_skills,exact_title,approved,,canonical_name_exact
canonical:O*NET Database|onet_software_skills|2.E.7.h|FlexBox,O*NET Database,31.0,2.E.7.h|FlexBox,FlexBox,onet_software_skills,exact_title,approved,,canonical_name_exact
canonical:O*NET Database|onet_software_skills|2.E.7.h|Google Angular,O*NET Database,31.0,2.E.7.h|Google Angular,Google Angular,onet_software_skills,exact_title,approved,,canonical_name_exact
canonical:O*NET Database|onet_software_skills|2.E.7.h|Grails,O*NET Database,31.0,2.E.7.h|Grails,Grails,onet_software_skills,exact_title,approved,,canonical_name_exact
canonical:O*NET Database|onet_software_skills|2.E.7.h|HashiCorp Vagrant,O*NET Database,31.0,2.E.7.h|HashiCorp Vagrant,HashiCorp Vagrant,onet_software_skills,exact_title,approved,,canonical_name_exact
canonical:O*NET Database|onet_software_skills|2.E.7.h|Hypertext markup language HTML,O*NET Database,31.0,2.E.7.h|Hypertext markup language HTML,Hypertext markup language HTML,onet_software_skills,exact_title,approved,,canonical_name_exact
canonical:O*NET Database|onet_software_skills|2.E.7.h|JavaScript,ESCO,1.2.1,http://data.europa.eu/esco/skill/3cd569a2-4f88-4c1e-9995-8dce8c5e51a7,JavaScript,esco_skills,manual,approved,,approved_cross_type_technology_resolution
canonical:O*NET Database|onet_software_skills|2.E.7.h|JavaScript,O*NET Database,31.0,2.E.7.h|JavaScript,JavaScript,onet_software_skills,exact_title,approved,,canonical_name_exact
canonical:O*NET Database|onet_software_skills|2.E.7.h|JavaScript Object Notation JSON,O*NET Database,31.0,2.E.7.h|JavaScript Object Notation JSON,JavaScript Object Notation JSON,onet_software_skills,exact_title,approved,,canonical_name_exact
canonical:O*NET Database|onet_software_skills|2.E.7.h|JavaScript framework software,O*NET Database,31.0,2.E.7.h|JavaScript framework software,JavaScript framework software,onet_software_skills,exact_title,approved,,canonical_name_exact
canonical:O*NET Database|onet_software_skills|2.E.7.h|Jekyll,O*NET Database,31.0,2.E.7.h|Jekyll,Jekyll,onet_software_skills,exact_title,approved,,canonical_name_exact
canonical:O*NET Database|onet_software_skills|2.E.7.h|JetBrains PhpStorm,O*NET Database,31.0,2.E.7.h|JetBrains PhpStorm,JetBrains PhpStorm,onet_software_skills,exact_title,approved,,canonical_name_exact
canonical:O*NET Database|onet_software_skills|2.E.7.h|LAMP Stack,O*NET Database,31.0,2.E.7.h|LAMP Stack,LAMP Stack,onet_software_skills,exact_title,approved,,canonical_name_exact
canonical:O*NET Database|onet_software_skills|2.E.7.h|Majestic SEO,O*NET Database,31.0,2.E.7.h|Majestic SEO,Majestic SEO,onet_software_skills,exact_title,approved,,canonical_name_exact
canonical:O*NET Database|onet_software_skills|2.E.7.h|MeteorJS,O*NET Database,31.0,2.E.7.h|MeteorJS,MeteorJS,onet_software_skills,exact_title,approved,,canonical_name_exact
canonical:O*NET Database|onet_software_skills|2.E.7.h|Microsoft ASP.NET,O*NET Database,31.0,2.E.7.h|Microsoft ASP.NET,Microsoft ASP.NET,onet_software_skills,exact_title,approved,,canonical_name_exact
canonical:O*NET Database|onet_software_skills|2.E.7.h|Microsoft ASP.NET Core MVC,O*NET Database,31.0,2.E.7.h|Microsoft ASP.NET Core MVC,Microsoft ASP.NET Core MVC,onet_software_skills,exact_title,approved,,canonical_name_exact
canonical:O*NET Database|onet_software_skills|2.E.7.h|Microsoft Active Server Pages ASP,O*NET Database,31.0,2.E.7.h|Microsoft Active Server Pages ASP,Microsoft Active Server Pages ASP,onet_software_skills,exact_title,approved,,canonical_name_exact
canonical:O*NET Database|onet_software_skills|2.E.7.h|Microsoft Commerce Server,O*NET Database,31.0,2.E.7.h|Microsoft Commerce Server,Microsoft Commerce Server,onet_software_skills,exact_title,approved,,canonical_name_exact
canonical:O*NET Database|onet_software_skills|2.E.7.h|Microsoft Silverlight,O*NET Database,31.0,2.E.7.h|Microsoft Silverlight,Microsoft Silverlight,onet_software_skills,exact_title,approved,,canonical_name_exact
canonical:O*NET Database|onet_software_skills|2.E.7.h|Microsoft Visual InterDev,O*NET Database,31.0,2.E.7.h|Microsoft Visual InterDev,Microsoft Visual InterDev,onet_software_skills,exact_title,approved,,canonical_name_exact
canonical:O*NET Database|onet_software_skills|2.E.7.h|Moz search engine optimization SEO software,O*NET Database,31.0,2.E.7.h|Moz search engine optimization SEO software,Moz search engine optimization SEO software,onet_software_skills,exact_title,approved,,canonical_name_exact
canonical:O*NET Database|onet_software_skills|2.E.7.h|Node.js,O*NET Database,31.0,2.E.7.h|Node.js,Node.js,onet_software_skills,exact_title,approved,,canonical_name_exact
canonical:O*NET Database|onet_software_skills|2.E.7.h|Nunjucks,O*NET Database,31.0,2.E.7.h|Nunjucks,Nunjucks,onet_software_skills,exact_title,approved,,canonical_name_exact
canonical:O*NET Database|onet_software_skills|2.E.7.h|Oracle Application Express APEX,O*NET Database,31.0,2.E.7.h|Oracle Application Express APEX,Oracle Application Express APEX,onet_software_skills,exact_title,approved,,canonical_name_exact
canonical:O*NET Database|onet_software_skills|2.E.7.h|Oracle Designer,O*NET Database,31.0,2.E.7.h|Oracle Designer,Oracle Designer,onet_software_skills,exact_title,approved,,canonical_name_exact
canonical:O*NET Database|onet_software_skills|2.E.7.h|Oracle JavaServer Pages JSP,O*NET Database,31.0,2.E.7.h|Oracle JavaServer Pages JSP,Oracle JavaServer Pages JSP,onet_software_skills,exact_title,approved,,canonical_name_exact
canonical:O*NET Database|onet_software_skills|2.E.7.h|PHP,ESCO,1.2.1,http://data.europa.eu/esco/skill/4350c38d-0fe9-4ca7-bab9-40ed7f72b04f,PHP,esco_skills,manual,approved,,approved_cross_type_technology_resolution
canonical:O*NET Database|onet_software_skills|2.E.7.h|PHP,O*NET Database,31.0,2.E.7.h|PHP,PHP,onet_software_skills,exact_title,approved,,canonical_name_exact
canonical:O*NET Database|onet_software_skills|2.E.7.h|PhantomJS,O*NET Database,31.0,2.E.7.h|PhantomJS,PhantomJS,onet_software_skills,exact_title,approved,,canonical_name_exact
canonical:O*NET Database|onet_software_skills|2.E.7.h|RESTful API,O*NET Database,31.0,2.E.7.h|RESTful API,RESTful API,onet_software_skills,exact_title,approved,,canonical_name_exact
canonical:O*NET Database|onet_software_skills|2.E.7.h|React Native,O*NET Database,31.0,2.E.7.h|React Native,React Native,onet_software_skills,exact_title,approved,,canonical_name_exact
canonical:O*NET Database|onet_software_skills|2.E.7.h|React Redux,O*NET Database,31.0,2.E.7.h|React Redux,React Redux,onet_software_skills,exact_title,approved,,canonical_name_exact
canonical:O*NET Database|onet_software_skills|2.E.7.h|RequireJS,O*NET Database,31.0,2.E.7.h|RequireJS,RequireJS,onet_software_skills,exact_title,approved,,canonical_name_exact
canonical:O*NET Database|onet_software_skills|2.E.7.h|Ruby on Rails,O*NET Database,31.0,2.E.7.h|Ruby on Rails,Ruby on Rails,onet_software_skills,exact_title,approved,,canonical_name_exact
canonical:O*NET Database|onet_software_skills|2.E.7.h|Screaming Frog SEO Spider,O*NET Database,31.0,2.E.7.h|Screaming Frog SEO Spider,Screaming Frog SEO Spider,onet_software_skills,exact_title,approved,,canonical_name_exact
canonical:O*NET Database|onet_software_skills|2.E.7.h|Security assertion markup language SAML,O*NET Database,31.0,2.E.7.h|Security assertion markup language SAML,Security assertion markup language SAML,onet_software_skills,exact_title,approved,,canonical_name_exact
canonical:O*NET Database|onet_software_skills|2.E.7.h|Semrush,O*NET Database,31.0,2.E.7.h|Semrush,Semrush,onet_software_skills,exact_title,approved,,canonical_name_exact
canonical:O*NET Database|onet_software_skills|2.E.7.h|Spring Framework,O*NET Database,31.0,2.E.7.h|Spring Framework,Spring Framework,onet_software_skills,exact_title,approved,,canonical_name_exact
canonical:O*NET Database|onet_software_skills|2.E.7.h|Vue.js,O*NET Database,31.0,2.E.7.h|Vue.js,Vue.js,onet_software_skills,exact_title,approved,,canonical_name_exact
canonical:O*NET Database|onet_software_skills|2.E.7.h|Zend Framework,O*NET Database,31.0,2.E.7.h|Zend Framework,Zend Framework,onet_software_skills,exact_title,approved,,canonical_name_exact
canonical:O*NET Database|onet_software_skills|2.E.7.h|seoClarity,O*NET Database,31.0,2.E.7.h|seoClarity,seoClarity,onet_software_skills,exact_title,approved,,canonical_name_exact
canonical:O*NET Database|onet_software_skills|2.E.7.i|Time sharing option TSO software,O*NET Database,31.0,2.E.7.i|Time sharing option TSO software,Time sharing option TSO software,onet_software_skills,exact_title,approved,,canonical_name_exact
canonical:O*NET Database|onet_software_skills|2.E.8.b|InScribe,O*NET Database,31.0,2.E.8.b|InScribe,InScribe,onet_software_skills,exact_title,approved,,canonical_name_exact
canonical:O*NET Database|onet_software_skills|2.E.8.b|Language arts educational software,O*NET Database,31.0,2.E.8.b|Language arts educational software,Language arts educational software,onet_software_skills,exact_title,approved,,canonical_name_exact
canonical:O*NET Database|onet_software_skills|2.E.8.b|Math educational software,O*NET Database,31.0,2.E.8.b|Math educational software,Math educational software,onet_software_skills,exact_title,approved,,canonical_name_exact
canonical:O*NET Database|onet_software_skills|2.E.8.b|Moodle,O*NET Database,31.0,2.E.8.b|Moodle,Moodle,onet_software_skills,exact_title,approved,,canonical_name_exact
canonical:O*NET Database|onet_software_skills|2.E.8.b|Physical education educational software,O*NET Database,31.0,2.E.8.b|Physical education educational software,Physical education educational software,onet_software_skills,exact_title,approved,,canonical_name_exact
canonical:O*NET Database|onet_software_skills|2.E.8.b|Science educational software,O*NET Database,31.0,2.E.8.b|Science educational software,Science educational software,onet_software_skills,exact_title,approved,,canonical_name_exact
canonical:O*NET Database|onet_software_skills|2.E.8.b|Social studies educational software,O*NET Database,31.0,2.E.8.b|Social studies educational software,Social studies educational software,onet_software_skills,exact_title,approved,,canonical_name_exact
canonical:O*NET Database|onet_software_skills|2.E.8.b|Special education educational software,O*NET Database,31.0,2.E.8.b|Special education educational software,Special education educational software,onet_software_skills,exact_title,approved,,canonical_name_exact
canonical:O*NET Database|onet_software_skills|2.E.8.b|Text reader software,O*NET Database,31.0,2.E.8.b|Text reader software,Text reader software,onet_software_skills,exact_title,approved,,canonical_name_exact
canonical:O*NET Database|onet_software_skills|2.E.8.b|Text to speech software,O*NET Database,31.0,2.E.8.b|Text to speech software,Text to speech software,onet_software_skills,exact_title,approved,,canonical_name_exact
canonical:O*NET Database|onet_software_skills|2.E.8.e|Nearpod,O*NET Database,31.0,2.E.8.e|Nearpod,Nearpod,onet_software_skills,exact_title,approved,,canonical_name_exact
canonical:O*NET Database|onet_software_skills|2.E.8.h|ESRI ArcInfo,O*NET Database,31.0,2.E.8.h|ESRI ArcInfo,ESRI ArcInfo,onet_software_skills,exact_title,approved,,canonical_name_exact
canonical:O*NET Database|onet_software_skills|2.E.8.h|ESRI ArcLogistics,O*NET Database,31.0,2.E.8.h|ESRI ArcLogistics,ESRI ArcLogistics,onet_software_skills,exact_title,approved,,canonical_name_exact
canonical:O*NET Database|onet_software_skills|2.E.8.h|ESRI ArcView,O*NET Database,31.0,2.E.8.h|ESRI ArcView,ESRI ArcView,onet_software_skills,exact_title,approved,,canonical_name_exact
canonical:O*NET Database|onet_software_skills|2.E.8.h|ETAP,O*NET Database,31.0,2.E.8.h|ETAP,ETAP,onet_software_skills,exact_title,approved,,canonical_name_exact
canonical:O*NET Database|onet_software_skills|2.E.8.h|Geographic information system GIS software,O*NET Database,31.0,2.E.8.h|Geographic information system GIS software,Geographic information system GIS software,onet_software_skills,exact_title,approved,,canonical_name_exact
canonical:O*NET Database|onet_software_skills|2.E.8.h|Geographic information system GIS systems,O*NET Database,31.0,2.E.8.h|Geographic information system GIS systems,Geographic information system GIS systems,onet_software_skills,exact_title,approved,,canonical_name_exact
canonical:O*NET Database|onet_software_skills|2.E.9.c|AutoDesSys form Z,O*NET Database,31.0,2.E.9.c|AutoDesSys form Z,AutoDesSys form Z,onet_software_skills,exact_title,approved,,canonical_name_exact
canonical:O*NET Database|onet_software_skills|2.E.9.c|Autodesk 3ds Max Design,O*NET Database,31.0,2.E.9.c|Autodesk 3ds Max Design,Autodesk 3ds Max Design,onet_software_skills,exact_title,approved,,canonical_name_exact
canonical:O*NET Database|onet_software_skills|2.E.9.c|Autodesk Alias Design,O*NET Database,31.0,2.E.9.c|Autodesk Alias Design,Autodesk Alias Design,onet_software_skills,exact_title,approved,,canonical_name_exact
canonical:O*NET Database|onet_software_skills|2.E.9.c|Autodesk Alias Surface,O*NET Database,31.0,2.E.9.c|Autodesk Alias Surface,Autodesk Alias Surface,onet_software_skills,exact_title,approved,,canonical_name_exact
canonical:O*NET Database|onet_software_skills|2.E.9.c|Autodesk AutoCAD,O*NET Database,31.0,2.E.9.c|Autodesk AutoCAD,Autodesk AutoCAD,onet_software_skills,exact_title,approved,,canonical_name_exact
canonical:O*NET Database|onet_software_skills|2.E.9.c|Autodesk AutoCAD Civil 3D,O*NET Database,31.0,2.E.9.c|Autodesk AutoCAD Civil 3D,Autodesk AutoCAD Civil 3D,onet_software_skills,exact_title,approved,,canonical_name_exact
canonical:O*NET Database|onet_software_skills|2.E.9.c|Autodesk Land Desktop,O*NET Database,31.0,2.E.9.c|Autodesk Land Desktop,Autodesk Land Desktop,onet_software_skills,exact_title,approved,,canonical_name_exact
canonical:O*NET Database|onet_software_skills|2.E.9.c|Autodesk Revit,O*NET Database,31.0,2.E.9.c|Autodesk Revit,Autodesk Revit,onet_software_skills,exact_title,approved,,canonical_name_exact
canonical:O*NET Database|onet_software_skills|2.E.9.c|Bentley Haestad Methods CivilStorm,O*NET Database,31.0,2.E.9.c|Bentley Haestad Methods CivilStorm,Bentley Haestad Methods CivilStorm,onet_software_skills,exact_title,approved,,canonical_name_exact
canonical:O*NET Database|onet_software_skills|2.E.9.c|Bentley InRoads Suite,O*NET Database,31.0,2.E.9.c|Bentley InRoads Suite,Bentley InRoads Suite,onet_software_skills,exact_title,approved,,canonical_name_exact
canonical:O*NET Database|onet_software_skills|2.E.9.c|Bentley MicroStation,O*NET Database,31.0,2.E.9.c|Bentley MicroStation,Bentley MicroStation,onet_software_skills,exact_title,approved,,canonical_name_exact
canonical:O*NET Database|onet_software_skills|2.E.9.c|Bentley STAAD,O*NET Database,31.0,2.E.9.c|Bentley STAAD,Bentley STAAD,onet_software_skills,exact_title,approved,,canonical_name_exact
canonical:O*NET Database|onet_software_skills|2.E.9.c|Bridge design software,O*NET Database,31.0,2.E.9.c|Bridge design software,Bridge design software,onet_software_skills,exact_title,approved,,canonical_name_exact
canonical:O*NET Database|onet_software_skills|2.E.9.c|Cadence Allegro Design Entry Capture and Capture CIS,O*NET Database,31.0,2.E.9.c|Cadence Allegro Design Entry Capture and Capture CIS,Cadence Allegro Design Entry Capture and Capture CIS,onet_software_skills,exact_title,approved,,canonical_name_exact
canonical:O*NET Database|onet_software_skills|2.E.9.c|Cadence Encounter Test,O*NET Database,31.0,2.E.9.c|Cadence Encounter Test,Cadence Encounter Test,onet_software_skills,exact_title,approved,,canonical_name_exact
canonical:O*NET Database|onet_software_skills|2.E.9.c|Chip design software,O*NET Database,31.0,2.E.9.c|Chip design software,Chip design software,onet_software_skills,exact_title,approved,,canonical_name_exact
canonical:O*NET Database|onet_software_skills|2.E.9.c|Computer aided design and drafting CADD software,O*NET Database,31.0,2.E.9.c|Computer aided design and drafting CADD software,Computer aided design and drafting CADD software,onet_software_skills,exact_title,approved,,canonical_name_exact
canonical:O*NET Database|onet_software_skills|2.E.9.c|Computer aided design and drafting software CADD,O*NET Database,31.0,2.E.9.c|Computer aided design and drafting software CADD,Computer aided design and drafting software CADD,onet_software_skills,exact_title,approved,,canonical_name_exact
canonical:O*NET Database|onet_software_skills|2.E.9.c|Dassault Systemes CATIA,O*NET Database,31.0,2.E.9.c|Dassault Systemes CATIA,Dassault Systemes CATIA,onet_software_skills,exact_title,approved,,canonical_name_exact
canonical:O*NET Database|onet_software_skills|2.E.9.c|Dassault Systemes SolidWorks,O*NET Database,31.0,2.E.9.c|Dassault Systemes SolidWorks,Dassault Systemes SolidWorks,onet_software_skills,exact_title,approved,,canonical_name_exact
canonical:O*NET Database|onet_software_skills|2.E.9.c|Eagle Point Site Design,O*NET Database,31.0,2.E.9.c|Eagle Point Site Design,Eagle Point Site Design,onet_software_skills,exact_title,approved,,canonical_name_exact
canonical:O*NET Database|onet_software_skills|2.E.9.c|Electronic breadboard software,O*NET Database,31.0,2.E.9.c|Electronic breadboard software,Electronic breadboard software,onet_software_skills,exact_title,approved,,canonical_name_exact
canonical:O*NET Database|onet_software_skills|2.E.9.c|Electronic design automation EDA software,O*NET Database,31.0,2.E.9.c|Electronic design automation EDA software,Electronic design automation EDA software,onet_software_skills,exact_title,approved,,canonical_name_exact
canonical:O*NET Database|onet_software_skills|2.E.9.c|Facilities design software,O*NET Database,31.0,2.E.9.c|Facilities design software,Facilities design software,onet_software_skills,exact_title,approved,,canonical_name_exact
canonical:O*NET Database|onet_software_skills|2.E.9.c|Facilities planning software,O*NET Database,31.0,2.E.9.c|Facilities planning software,Facilities planning software,onet_software_skills,exact_title,approved,,canonical_name_exact
canonical:O*NET Database|onet_software_skills|2.E.9.c|Failure assessment software,O*NET Database,31.0,2.E.9.c|Failure assessment software,Failure assessment software,onet_software_skills,exact_title,approved,,canonical_name_exact
canonical:O*NET Database|onet_software_skills|2.E.9.c|Field programmable gate array FPGA design software,O*NET Database,31.0,2.E.9.c|Field programmable gate array FPGA design software,Field programmable gate array FPGA design software,onet_software_skills,exact_title,approved,,canonical_name_exact
canonical:O*NET Database|onet_software_skills|2.E.9.c|Floor planning software,O*NET Database,31.0,2.E.9.c|Floor planning software,Floor planning software,onet_software_skills,exact_title,approved,,canonical_name_exact
canonical:O*NET Database|onet_software_skills|2.E.9.c|GT STRUDL,O*NET Database,31.0,2.E.9.c|GT STRUDL,GT STRUDL,onet_software_skills,exact_title,approved,,canonical_name_exact
canonical:O*NET Database|onet_software_skills|2.E.9.c|HydroCAD Software Solutions HydroCAD Stormwater Modeling System,O*NET Database,31.0,2.E.9.c|HydroCAD Software Solutions HydroCAD Stormwater Modeling System,HydroCAD Software Solutions HydroCAD Stormwater Modeling System,onet_software_skills,exact_title,approved,,canonical_name_exact
canonical:O*NET Database|onet_software_skills|2.E.9.c|InnovMetric PolyWorks,O*NET Database,31.0,2.E.9.c|InnovMetric PolyWorks,InnovMetric PolyWorks,onet_software_skills,exact_title,approved,,canonical_name_exact
canonical:O*NET Database|onet_software_skills|2.E.9.c|Intergraph Plant Design System PDS,O*NET Database,31.0,2.E.9.c|Intergraph Plant Design System PDS,Intergraph Plant Design System PDS,onet_software_skills,exact_title,approved,,canonical_name_exact
canonical:O*NET Database|onet_software_skills|2.E.9.c|International TechneGroup IGESworks,O*NET Database,31.0,2.E.9.c|International TechneGroup IGESworks,International TechneGroup IGESworks,onet_software_skills,exact_title,approved,,canonical_name_exact
canonical:O*NET Database|onet_software_skills|2.E.9.c|Keysight Technologies Advanced Design System,O*NET Database,31.0,2.E.9.c|Keysight Technologies Advanced Design System,Keysight Technologies Advanced Design System,onet_software_skills,exact_title,approved,,canonical_name_exact
canonical:O*NET Database|onet_software_skills|2.E.9.c|Lambda Research OSLO,O*NET Database,31.0,2.E.9.c|Lambda Research OSLO,Lambda Research OSLO,onet_software_skills,exact_title,approved,,canonical_name_exact
canonical:O*NET Database|onet_software_skills|2.E.9.c|MAGIC,O*NET Database,31.0,2.E.9.c|MAGIC,MAGIC,onet_software_skills,exact_title,approved,,canonical_name_exact
canonical:O*NET Database|onet_software_skills|2.E.9.c|Main Injector Neutrino Oscillation Search MINOS software,O*NET Database,31.0,2.E.9.c|Main Injector Neutrino Oscillation Search MINOS software,Main Injector Neutrino Oscillation Search MINOS software,onet_software_skills,exact_title,approved,,canonical_name_exact
canonical:O*NET Database|onet_software_skills|2.E.9.c|Mathsoft Mathcad,O*NET Database,31.0,2.E.9.c|Mathsoft Mathcad,Mathsoft Mathcad,onet_software_skills,exact_title,approved,,canonical_name_exact
canonical:O*NET Database|onet_software_skills|2.E.9.c|Mentor Graphics software,O*NET Database,31.0,2.E.9.c|Mentor Graphics software,Mentor Graphics software,onet_software_skills,exact_title,approved,,canonical_name_exact
canonical:O*NET Database|onet_software_skills|2.E.9.c|Metrix Imageware Surfacer,O*NET Database,31.0,2.E.9.c|Metrix Imageware Surfacer,Metrix Imageware Surfacer,onet_software_skills,exact_title,approved,,canonical_name_exact
canonical:O*NET Database|onet_software_skills|2.E.9.c|Optical analysis software,O*NET Database,31.0,2.E.9.c|Optical analysis software,Optical analysis software,onet_software_skills,exact_title,approved,,canonical_name_exact
canonical:O*NET Database|onet_software_skills|2.E.9.c|OrCAD Capture,O*NET Database,31.0,2.E.9.c|OrCAD Capture,OrCAD Capture,onet_software_skills,exact_title,approved,,canonical_name_exact
canonical:O*NET Database|onet_software_skills|2.E.9.c|PTC Creo Parametric,O*NET Database,31.0,2.E.9.c|PTC Creo Parametric,PTC Creo Parametric,onet_software_skills,exact_title,approved,,canonical_name_exact
canonical:O*NET Database|onet_software_skills|2.E.9.c|Physical design software,O*NET Database,31.0,2.E.9.c|Physical design software,Physical design software,onet_software_skills,exact_title,approved,,canonical_name_exact
canonical:O*NET Database|onet_software_skills|2.E.9.c|Printed circuit board design software,O*NET Database,31.0,2.E.9.c|Printed circuit board design software,Printed circuit board design software,onet_software_skills,exact_title,approved,,canonical_name_exact
canonical:O*NET Database|onet_software_skills|2.E.9.c|Reverse engineering software,O*NET Database,31.0,2.E.9.c|Reverse engineering software,Reverse engineering software,onet_software_skills,exact_title,approved,,canonical_name_exact
canonical:O*NET Database|onet_software_skills|2.E.9.c|Road design software,O*NET Database,31.0,2.E.9.c|Road design software,Road design software,onet_software_skills,exact_title,approved,,canonical_name_exact
canonical:O*NET Database|onet_software_skills|2.E.9.c|Schematic design entry software,O*NET Database,31.0,2.E.9.c|Schematic design entry software,Schematic design entry software,onet_software_skills,exact_title,approved,,canonical_name_exact
canonical:O*NET Database|onet_software_skills|2.E.9.c|SignCAD Systems SignCAD,O*NET Database,31.0,2.E.9.c|SignCAD Systems SignCAD,SignCAD Systems SignCAD,onet_software_skills,exact_title,approved,,canonical_name_exact
canonical:O*NET Database|onet_software_skills|2.E.9.c|SolidWorks COSMOSWorks,O*NET Database,31.0,2.E.9.c|SolidWorks COSMOSWorks,SolidWorks COSMOSWorks,onet_software_skills,exact_title,approved,,canonical_name_exact
canonical:O*NET Database|onet_software_skills|2.E.9.c|SpectraQuest,O*NET Database,31.0,2.E.9.c|SpectraQuest,SpectraQuest,onet_software_skills,exact_title,approved,,canonical_name_exact
canonical:O*NET Database|onet_software_skills|2.E.9.c|Stormwater hydrology software,O*NET Database,31.0,2.E.9.c|Stormwater hydrology software,Stormwater hydrology software,onet_software_skills,exact_title,approved,,canonical_name_exact
canonical:O*NET Database|onet_software_skills|2.E.9.c|Trimble Terramodel,O*NET Database,31.0,2.E.9.c|Trimble Terramodel,Trimble Terramodel,onet_software_skills,exact_title,approved,,canonical_name_exact
canonical:O*NET Database|onet_software_skills|2.E.9.c|UGS I-DEAS,O*NET Database,31.0,2.E.9.c|UGS I-DEAS,UGS I-DEAS,onet_software_skills,exact_title,approved,,canonical_name_exact
canonical:O*NET Database|onet_software_skills|2.E.9.c|UGS Solid Edge,O*NET Database,31.0,2.E.9.c|UGS Solid Edge,UGS Solid Edge,onet_software_skills,exact_title,approved,,canonical_name_exact
canonical:O*NET Database|onet_software_skills|2.E.9.c|Zemax,O*NET Database,31.0,2.E.9.c|Zemax,Zemax,onet_software_skills,exact_title,approved,,canonical_name_exact
canonical:O*NET Database|onet_software_skills|2.E.9.c|Zuken E3.schematic,O*NET Database,31.0,2.E.9.c|Zuken E3.schematic,Zuken E3.schematic,onet_software_skills,exact_title,approved,,canonical_name_exact
canonical:O*NET Database|onet_software_skills|2.E.9.c|solidThinking,O*NET Database,31.0,2.E.9.c|solidThinking,solidThinking,onet_software_skills,exact_title,approved,,canonical_name_exact
canonical:O*NET Database|onet_software_skills|2.E.9.d|3D Static Strength Prediction Program 3DSSPP,O*NET Database,31.0,2.E.9.d|3D Static Strength Prediction Program 3DSSPP,3D Static Strength Prediction Program 3DSSPP,onet_software_skills,exact_title,approved,,canonical_name_exact
canonical:O*NET Database|onet_software_skills|2.E.9.d|A mathematical programming language AMPL,O*NET Database,31.0,2.E.9.d|A mathematical programming language AMPL,A mathematical programming language AMPL,onet_software_skills,exact_title,approved,,canonical_name_exact
canonical:O*NET Database|onet_software_skills|2.E.9.d|ACL Audit Exchange,O*NET Database,31.0,2.E.9.d|ACL Audit Exchange,ACL Audit Exchange,onet_software_skills,exact_title,approved,,canonical_name_exact
canonical:O*NET Database|onet_software_skills|2.E.9.d|ANSYS simulation software,O*NET Database,31.0,2.E.9.d|ANSYS simulation software,ANSYS simulation software,onet_software_skills,exact_title,approved,,canonical_name_exact
canonical:O*NET Database|onet_software_skills|2.E.9.d|APLAC,O*NET Database,31.0,2.E.9.d|APLAC,APLAC,onet_software_skills,exact_title,approved,,canonical_name_exact
canonical:O*NET Database|onet_software_skills|2.E.9.d|AcaStat Software,O*NET Database,31.0,2.E.9.d|AcaStat Software,AcaStat Software,onet_software_skills,exact_title,approved,,canonical_name_exact
canonical:O*NET Database|onet_software_skills|2.E.9.d|Accelerated life testing software,O*NET Database,31.0,2.E.9.d|Accelerated life testing software,Accelerated life testing software,onet_software_skills,exact_title,approved,,canonical_name_exact
canonical:O*NET Database|onet_software_skills|2.E.9.d|Adaptive conjoint analysis ACA software,O*NET Database,31.0,2.E.9.d|Adaptive conjoint analysis ACA software,Adaptive conjoint analysis ACA software,onet_software_skills,exact_title,approved,,canonical_name_exact
canonical:O*NET Database|onet_software_skills|2.E.9.d|Adobe Analytics,O*NET Database,31.0,2.E.9.d|Adobe Analytics,Adobe Analytics,onet_software_skills,exact_title,approved,,canonical_name_exact
canonical:O*NET Database|onet_software_skills|2.E.9.d|AndersonBell Abstat,O*NET Database,31.0,2.E.9.d|AndersonBell Abstat,AndersonBell Abstat,onet_software_skills,exact_title,approved,,canonical_name_exact
canonical:O*NET Database|onet_software_skills|2.E.9.d|Arbutus Analyzer,O*NET Database,31.0,2.E.9.d|Arbutus Analyzer,Arbutus Analyzer,onet_software_skills,exact_title,approved,,canonical_name_exact
canonical:O*NET Database|onet_software_skills|2.E.9.d|Assessment software,O*NET Database,31.0,2.E.9.d|Assessment software,Assessment software,onet_software_skills,exact_title,approved,,canonical_name_exact
canonical:O*NET Database|onet_software_skills|2.E.9.d|Automated material handling software,O*NET Database,31.0,2.E.9.d|Automated material handling software,Automated material handling software,onet_software_skills,exact_title,approved,,canonical_name_exact
canonical:O*NET Database|onet_software_skills|2.E.9.d|Automatic dynamic incremental nonlinear analysis ADINA,O*NET Database,31.0,2.E.9.d|Automatic dynamic incremental nonlinear analysis ADINA,Automatic dynamic incremental nonlinear analysis ADINA,onet_software_skills,exact_title,approved,,canonical_name_exact
canonical:O*NET Database|onet_software_skills|2.E.9.d|Availability prediction modeling software,O*NET Database,31.0,2.E.9.d|Availability prediction modeling software,Availability prediction modeling software,onet_software_skills,exact_title,approved,,canonical_name_exact
canonical:O*NET Database|onet_software_skills|2.E.9.d|Blue Ridge Numerics CFDesign,O*NET Database,31.0,2.E.9.d|Blue Ridge Numerics CFDesign,Blue Ridge Numerics CFDesign,onet_software_skills,exact_title,approved,,canonical_name_exact
canonical:O*NET Database|onet_software_skills|2.E.9.d|Cedaron Dexter Evaluation & Impairment Rating,O*NET Database,31.0,2.E.9.d|Cedaron Dexter Evaluation & Impairment Rating,Cedaron Dexter Evaluation & Impairment Rating,onet_software_skills,exact_title,approved,,canonical_name_exact
canonical:O*NET Database|onet_software_skills|2.E.9.d|Circuit simulation software,O*NET Database,31.0,2.E.9.d|Circuit simulation software,Circuit simulation software,onet_software_skills,exact_title,approved,,canonical_name_exact
canonical:O*NET Database|onet_software_skills|2.E.9.d|Computational fluid dynamics CFD software,O*NET Database,31.0,2.E.9.d|Computational fluid dynamics CFD software,Computational fluid dynamics CFD software,onet_software_skills,exact_title,approved,,canonical_name_exact
canonical:O*NET Database|onet_software_skills|2.E.9.d|Cytel LogXact,O*NET Database,31.0,2.E.9.d|Cytel LogXact,Cytel LogXact,onet_software_skills,exact_title,approved,,canonical_name_exact
canonical:O*NET Database|onet_software_skills|2.E.9.d|Dassault Systemes Abaqus,O*NET Database,31.0,2.E.9.d|Dassault Systemes Abaqus,Dassault Systemes Abaqus,onet_software_skills,exact_title,approved,,canonical_name_exact
canonical:O*NET Database|onet_software_skills|2.E.9.d|Data acquisition software,O*NET Database,31.0,2.E.9.d|Data acquisition software,Data acquisition software,onet_software_skills,exact_title,approved,,canonical_name_exact
canonical:O*NET Database|onet_software_skills|2.E.9.d|Data analysis software,O*NET Database,31.0,2.E.9.d|Data analysis software,Data analysis software,onet_software_skills,exact_title,approved,,canonical_name_exact
canonical:O*NET Database|onet_software_skills|2.E.9.d|Dataxiom StatMost,O*NET Database,31.0,2.E.9.d|Dataxiom StatMost,Dataxiom StatMost,onet_software_skills,exact_title,approved,,canonical_name_exact
canonical:O*NET Database|onet_software_skills|2.E.9.d|Design of experiments DOE software,O*NET Database,31.0,2.E.9.d|Design of experiments DOE software,Design of experiments DOE software,onet_software_skills,exact_title,approved,,canonical_name_exact
canonical:O*NET Database|onet_software_skills|2.E.9.d|Digital timing diagram editing software,O*NET Database,31.0,2.E.9.d|Digital timing diagram editing software,Digital timing diagram editing software,onet_software_skills,exact_title,approved,,canonical_name_exact
canonical:O*NET Database|onet_software_skills|2.E.9.d|Discrete event simulation software,O*NET Database,31.0,2.E.9.d|Discrete event simulation software,Discrete event simulation software,onet_software_skills,exact_title,approved,,canonical_name_exact
canonical:O*NET Database|onet_software_skills|2.E.9.d|Dynamic modeling software,O*NET Database,31.0,2.E.9.d|Dynamic modeling software,Dynamic modeling software,onet_software_skills,exact_title,approved,,canonical_name_exact
canonical:O*NET Database|onet_software_skills|2.E.9.d|Dynamic object-oriented requirements system DOORS,O*NET Database,31.0,2.E.9.d|Dynamic object-oriented requirements system DOORS,Dynamic object-oriented requirements system DOORS,onet_software_skills,exact_title,approved,,canonical_name_exact
canonical:O*NET Database|onet_software_skills|2.E.9.d|ECHIP,O*NET Database,31.0,2.E.9.d|ECHIP,ECHIP,onet_software_skills,exact_title,approved,,canonical_name_exact
canonical:O*NET Database|onet_software_skills|2.E.9.d|ETA Dynaform,O*NET Database,31.0,2.E.9.d|ETA Dynaform,ETA Dynaform,onet_software_skills,exact_title,approved,,canonical_name_exact
canonical:O*NET Database|onet_software_skills|2.E.9.d|Electromagnetic analysis software,O*NET Database,31.0,2.E.9.d|Electromagnetic analysis software,Electromagnetic analysis software,onet_software_skills,exact_title,approved,,canonical_name_exact
canonical:O*NET Database|onet_software_skills|2.E.9.d|Electronic engineering calculator,O*NET Database,31.0,2.E.9.d|Electronic engineering calculator,Electronic engineering calculator,onet_software_skills,exact_title,approved,,canonical_name_exact
canonical:O*NET Database|onet_software_skills|2.E.9.d|Embedded systems testing software,O*NET Database,31.0,2.E.9.d|Embedded systems testing software,Embedded systems testing software,onet_software_skills,exact_title,approved,,canonical_name_exact
canonical:O*NET Database|onet_software_skills|2.E.9.d|Failure mode and effects analysis FMEA software,O*NET Database,31.0,2.E.9.d|Failure mode and effects analysis FMEA software,Failure mode and effects analysis FMEA software,onet_software_skills,exact_title,approved,,canonical_name_exact
canonical:O*NET Database|onet_software_skills|2.E.9.d|Failure mode effects and criticality analysis FMECA software,O*NET Database,31.0,2.E.9.d|Failure mode effects and criticality analysis FMECA software,Failure mode effects and criticality analysis FMECA software,onet_software_skills,exact_title,approved,,canonical_name_exact
canonical:O*NET Database|onet_software_skills|2.E.9.d|Failure reporting analysis and corrective action FRACAS software,O*NET Database,31.0,2.E.9.d|Failure reporting analysis and corrective action FRACAS software,Failure reporting analysis and corrective action FRACAS software,onet_software_skills,exact_title,approved,,canonical_name_exact
canonical:O*NET Database|onet_software_skills|2.E.9.d|Fault modeling software,O*NET Database,31.0,2.E.9.d|Fault modeling software,Fault modeling software,onet_software_skills,exact_title,approved,,canonical_name_exact
canonical:O*NET Database|onet_software_skills|2.E.9.d|Fault tree analysis FTA software,O*NET Database,31.0,2.E.9.d|Fault tree analysis FTA software,Fault tree analysis FTA software,onet_software_skills,exact_title,approved,,canonical_name_exact
canonical:O*NET Database|onet_software_skills|2.E.9.d|Finite difference time domain FDTD software,O*NET Database,31.0,2.E.9.d|Finite difference time domain FDTD software,Finite difference time domain FDTD software,onet_software_skills,exact_title,approved,,canonical_name_exact
canonical:O*NET Database|onet_software_skills|2.E.9.d|Finite element analysis FEA software,O*NET Database,31.0,2.E.9.d|Finite element analysis FEA software,Finite element analysis FEA software,onet_software_skills,exact_title,approved,,canonical_name_exact
canonical:O*NET Database|onet_software_skills|2.E.9.d|Finite element method FEM software,O*NET Database,31.0,2.E.9.d|Finite element method FEM software,Finite element method FEM software,onet_software_skills,exact_title,approved,,canonical_name_exact
canonical:O*NET Database|onet_software_skills|2.E.9.d|Functional verification software,O*NET Database,31.0,2.E.9.d|Functional verification software,Functional verification software,onet_software_skills,exact_title,approved,,canonical_name_exact
canonical:O*NET Database|onet_software_skills|2.E.9.d|GLOBE Claritas,O*NET Database,31.0,2.E.9.d|GLOBE Claritas,GLOBE Claritas,onet_software_skills,exact_title,approved,,canonical_name_exact
canonical:O*NET Database|onet_software_skills|2.E.9.d|Grid generation software,O*NET Database,31.0,2.E.9.d|Grid generation software,Grid generation software,onet_software_skills,exact_title,approved,,canonical_name_exact
canonical:O*NET Database|onet_software_skills|2.E.9.d|Guidance Software EnCase Enterprise,O*NET Database,31.0,2.E.9.d|Guidance Software EnCase Enterprise,Guidance Software EnCase Enterprise,onet_software_skills,exact_title,approved,,canonical_name_exact
canonical:O*NET Database|onet_software_skills|2.E.9.d|HEC-1,O*NET Database,31.0,2.E.9.d|HEC-1,HEC-1,onet_software_skills,exact_title,approved,,canonical_name_exact
canonical:O*NET Database|onet_software_skills|2.E.9.d|HEC-HMS,O*NET Database,31.0,2.E.9.d|HEC-HMS,HEC-HMS,onet_software_skills,exact_title,approved,,canonical_name_exact
canonical:O*NET Database|onet_software_skills|2.E.9.d|Hewlett-Packard HP Semiconductor Parameter Analyzer,O*NET Database,31.0,2.E.9.d|Hewlett-Packard HP Semiconductor Parameter Analyzer,Hewlett-Packard HP Semiconductor Parameter Analyzer,onet_software_skills,exact_title,approved,,canonical_name_exact
canonical:O*NET Database|onet_software_skills|2.E.9.d|Hierarchical simulation program with integrated circuit emphasis HSPICE,O*NET Database,31.0,2.E.9.d|Hierarchical simulation program with integrated circuit emphasis HSPICE,Hierarchical simulation program with integrated circuit emphasis HSPICE,onet_software_skills,exact_title,approved,,canonical_name_exact
canonical:O*NET Database|onet_software_skills|2.E.9.d|Human modeling software,O*NET Database,31.0,2.E.9.d|Human modeling software,Human modeling software,onet_software_skills,exact_title,approved,,canonical_name_exact
canonical:O*NET Database|onet_software_skills|2.E.9.d|Hydraulic analysis software,O*NET Database,31.0,2.E.9.d|Hydraulic analysis software,Hydraulic analysis software,onet_software_skills,exact_title,approved,,canonical_name_exact
canonical:O*NET Database|onet_software_skills|2.E.9.d|Hydraulic modeling software,O*NET Database,31.0,2.E.9.d|Hydraulic modeling software,Hydraulic modeling software,onet_software_skills,exact_title,approved,,canonical_name_exact
canonical:O*NET Database|onet_software_skills|2.E.9.d|IBM SPSS Statistics,O*NET Database,31.0,2.E.9.d|IBM SPSS Statistics,IBM SPSS Statistics,onet_software_skills,exact_title,approved,,canonical_name_exact
canonical:O*NET Database|onet_software_skills|2.E.9.d|ILOG CPLEX,O*NET Database,31.0,2.E.9.d|ILOG CPLEX,ILOG CPLEX,onet_software_skills,exact_title,approved,,canonical_name_exact
canonical:O*NET Database|onet_software_skills|2.E.9.d|Infobright Community Edition ICE,O*NET Database,31.0,2.E.9.d|Infobright Community Edition ICE,Infobright Community Edition ICE,onet_software_skills,exact_title,approved,,canonical_name_exact
canonical:O*NET Database|onet_software_skills|2.E.9.d|Insightful S-PLUS,O*NET Database,31.0,2.E.9.d|Insightful S-PLUS,Insightful S-PLUS,onet_software_skills,exact_title,approved,,canonical_name_exact
canonical:O*NET Database|onet_software_skills|2.E.9.d|Isograph Markov,O*NET Database,31.0,2.E.9.d|Isograph Markov,Isograph Markov,onet_software_skills,exact_title,approved,,canonical_name_exact
canonical:O*NET Database|onet_software_skills|2.E.9.d|Kubeflow,O*NET Database,31.0,2.E.9.d|Kubeflow,Kubeflow,onet_software_skills,exact_title,approved,,canonical_name_exact
canonical:O*NET Database|onet_software_skills|2.E.9.d|Life cycle cost software,O*NET Database,31.0,2.E.9.d|Life cycle cost software,Life cycle cost software,onet_software_skills,exact_title,approved,,canonical_name_exact
canonical:O*NET Database|onet_software_skills|2.E.9.d|Logic synthesis software,O*NET Database,31.0,2.E.9.d|Logic synthesis software,Logic synthesis software,onet_software_skills,exact_title,approved,,canonical_name_exact
canonical:O*NET Database|onet_software_skills|2.E.9.d|MAGMA MAGMASOFT,O*NET Database,31.0,2.E.9.d|MAGMA MAGMASOFT,MAGMA MAGMASOFT,onet_software_skills,exact_title,approved,,canonical_name_exact
canonical:O*NET Database|onet_software_skills|2.E.9.d|MAYA Nastran,O*NET Database,31.0,2.E.9.d|MAYA Nastran,MAYA Nastran,onet_software_skills,exact_title,approved,,canonical_name_exact
canonical:O*NET Database|onet_software_skills|2.E.9.d|Maplesoft Maple,O*NET Database,31.0,2.E.9.d|Maplesoft Maple,Maplesoft Maple,onet_software_skills,exact_title,approved,,canonical_name_exact
canonical:O*NET Database|onet_software_skills|2.E.9.d|MathWorks Simulink,O*NET Database,31.0,2.E.9.d|MathWorks Simulink,MathWorks Simulink,onet_software_skills,exact_title,approved,,canonical_name_exact
canonical:O*NET Database|onet_software_skills|2.E.9.d|Mathematical software,O*NET Database,31.0,2.E.9.d|Mathematical software,Mathematical software,onet_software_skills,exact_title,approved,,canonical_name_exact
canonical:O*NET Database|onet_software_skills|2.E.9.d|Matrix calculation software,O*NET Database,31.0,2.E.9.d|Matrix calculation software,Matrix calculation software,onet_software_skills,exact_title,approved,,canonical_name_exact
canonical:O*NET Database|onet_software_skills|2.E.9.d|Maya HTT I-DEAS,O*NET Database,31.0,2.E.9.d|Maya HTT I-DEAS,Maya HTT I-DEAS,onet_software_skills,exact_title,approved,,canonical_name_exact
canonical:O*NET Database|onet_software_skills|2.E.9.d|Mean time between failures MBTF software,O*NET Database,31.0,2.E.9.d|Mean time between failures MBTF software,Mean time between failures MBTF software,onet_software_skills,exact_title,approved,,canonical_name_exact
canonical:O*NET Database|onet_software_skills|2.E.9.d|Mean time to failure MTTF software,O*NET Database,31.0,2.E.9.d|Mean time to failure MTTF software,Mean time to failure MTTF software,onet_software_skills,exact_title,approved,,canonical_name_exact
canonical:O*NET Database|onet_software_skills|2.E.9.d|Mesh generation software,O*NET Database,31.0,2.E.9.d|Mesh generation software,Mesh generation software,onet_software_skills,exact_title,approved,,canonical_name_exact
canonical:O*NET Database|onet_software_skills|2.E.9.d|Microwave circuit simulation software,O*NET Database,31.0,2.E.9.d|Microwave circuit simulation software,Microwave circuit simulation software,onet_software_skills,exact_title,approved,,canonical_name_exact
canonical:O*NET Database|onet_software_skills|2.E.9.d|Minitab,O*NET Database,31.0,2.E.9.d|Minitab,Minitab,onet_software_skills,exact_title,approved,,canonical_name_exact
canonical:O*NET Database|onet_software_skills|2.E.9.d|Mlflow,O*NET Database,31.0,2.E.9.d|Mlflow,Mlflow,onet_software_skills,exact_title,approved,,canonical_name_exact
canonical:O*NET Database|onet_software_skills|2.E.9.d|Modal analysis software,O*NET Database,31.0,2.E.9.d|Modal analysis software,Modal analysis software,onet_software_skills,exact_title,approved,,canonical_name_exact
canonical:O*NET Database|onet_software_skills|2.E.9.d|Modular arrangement of predetermined time standards software MODAPTS,O*NET Database,31.0,2.E.9.d|Modular arrangement of predetermined time standards software MODAPTS,Modular arrangement of predetermined time standards software MODAPTS,onet_software_skills,exact_title,approved,,canonical_name_exact
canonical:O*NET Database|onet_software_skills|2.E.9.d|Motion analysis software,O*NET Database,31.0,2.E.9.d|Motion analysis software,Motion analysis software,onet_software_skills,exact_title,approved,,canonical_name_exact
canonical:O*NET Database|onet_software_skills|2.E.9.d|Neural network modeling software,O*NET Database,31.0,2.E.9.d|Neural network modeling software,Neural network modeling software,onet_software_skills,exact_title,approved,,canonical_name_exact
canonical:O*NET Database|onet_software_skills|2.E.9.d|NeuralWare,O*NET Database,31.0,2.E.9.d|NeuralWare,NeuralWare,onet_software_skills,exact_title,approved,,canonical_name_exact
canonical:O*NET Database|onet_software_skills|2.E.9.d|Optimization software,O*NET Database,31.0,2.E.9.d|Optimization software,Optimization software,onet_software_skills,exact_title,approved,,canonical_name_exact
canonical:O*NET Database|onet_software_skills|2.E.9.d|PMC KanbanSIM,O*NET Database,31.0,2.E.9.d|PMC KanbanSIM,PMC KanbanSIM,onet_software_skills,exact_title,approved,,canonical_name_exact
canonical:O*NET Database|onet_software_skills|2.E.9.d|Palisade StatTools,O*NET Database,31.0,2.E.9.d|Palisade StatTools,Palisade StatTools,onet_software_skills,exact_title,approved,,canonical_name_exact
canonical:O*NET Database|onet_software_skills|2.E.9.d|Power analysis software,O*NET Database,31.0,2.E.9.d|Power analysis software,Power analysis software,onet_software_skills,exact_title,approved,,canonical_name_exact
canonical:O*NET Database|onet_software_skills|2.E.9.d|Powersim PSIM,O*NET Database,31.0,2.E.9.d|Powersim PSIM,Powersim PSIM,onet_software_skills,exact_title,approved,,canonical_name_exact
canonical:O*NET Database|onet_software_skills|2.E.9.d|Procore software,O*NET Database,31.0,2.E.9.d|Procore software,Procore software,onet_software_skills,exact_title,approved,,canonical_name_exact
canonical:O*NET Database|onet_software_skills|2.E.9.d|Production flow analysis software,O*NET Database,31.0,2.E.9.d|Production flow analysis software,Production flow analysis software,onet_software_skills,exact_title,approved,,canonical_name_exact
canonical:O*NET Database|onet_software_skills|2.E.9.d|Provalis Research Simstat,O*NET Database,31.0,2.E.9.d|Provalis Research Simstat,Provalis Research Simstat,onet_software_skills,exact_title,approved,,canonical_name_exact
canonical:O*NET Database|onet_software_skills|2.E.9.d|ReliaSoft Alta 6 Pro,O*NET Database,31.0,2.E.9.d|ReliaSoft Alta 6 Pro,ReliaSoft Alta 6 Pro,onet_software_skills,exact_title,approved,,canonical_name_exact
canonical:O*NET Database|onet_software_skills|2.E.9.d|ReliaSoft BlockSim,O*NET Database,31.0,2.E.9.d|ReliaSoft BlockSim,ReliaSoft BlockSim,onet_software_skills,exact_title,approved,,canonical_name_exact
canonical:O*NET Database|onet_software_skills|2.E.9.d|ReliaSoft Weibull++ 6,O*NET Database,31.0,2.E.9.d|ReliaSoft Weibull++ 6,ReliaSoft Weibull++ 6,onet_software_skills,exact_title,approved,,canonical_name_exact
canonical:O*NET Database|onet_software_skills|2.E.9.d|Reliability analysis software,O*NET Database,31.0,2.E.9.d|Reliability analysis software,Reliability analysis software,onet_software_skills,exact_title,approved,,canonical_name_exact
canonical:O*NET Database|onet_software_skills|2.E.9.d|Robotic simulation software,O*NET Database,31.0,2.E.9.d|Robotic simulation software,Robotic simulation software,onet_software_skills,exact_title,approved,,canonical_name_exact
canonical:O*NET Database|onet_software_skills|2.E.9.d|Rockwell Automation Arena,O*NET Database,31.0,2.E.9.d|Rockwell Automation Arena,Rockwell Automation Arena,onet_software_skills,exact_title,approved,,canonical_name_exact
canonical:O*NET Database|onet_software_skills|2.E.9.d|Rogue Wave Software IMSL Numerical Libraries,O*NET Database,31.0,2.E.9.d|Rogue Wave Software IMSL Numerical Libraries,Rogue Wave Software IMSL Numerical Libraries,onet_software_skills,exact_title,approved,,canonical_name_exact
canonical:O*NET Database|onet_software_skills|2.E.9.d|SAS,O*NET Database,31.0,2.E.9.d|SAS,SAS,onet_software_skills,exact_title,approved,,canonical_name_exact
canonical:O*NET Database|onet_software_skills|2.E.9.d|SKM Systems Analysis Power Tools,O*NET Database,31.0,2.E.9.d|SKM Systems Analysis Power Tools,SKM Systems Analysis Power Tools,onet_software_skills,exact_title,approved,,canonical_name_exact
canonical:O*NET Database|onet_software_skills|2.E.9.d|Safe Software FME,O*NET Database,31.0,2.E.9.d|Safe Software FME,Safe Software FME,onet_software_skills,exact_title,approved,,canonical_name_exact
canonical:O*NET Database|onet_software_skills|2.E.9.d|Sawtooth Choice-Base Conjoint CBS,O*NET Database,31.0,2.E.9.d|Sawtooth Choice-Base Conjoint CBS,Sawtooth Choice-Base Conjoint CBS,onet_software_skills,exact_title,approved,,canonical_name_exact
canonical:O*NET Database|onet_software_skills|2.E.9.d|Sawtooth Composite Product Mapping CPM,O*NET Database,31.0,2.E.9.d|Sawtooth Composite Product Mapping CPM,Sawtooth Composite Product Mapping CPM,onet_software_skills,exact_title,approved,,canonical_name_exact
canonical:O*NET Database|onet_software_skills|2.E.9.d|Siemens ModelSim,O*NET Database,31.0,2.E.9.d|Siemens ModelSim,Siemens ModelSim,onet_software_skills,exact_title,approved,,canonical_name_exact
canonical:O*NET Database|onet_software_skills|2.E.9.d|Siemens UGS Jack,O*NET Database,31.0,2.E.9.d|Siemens UGS Jack,Siemens UGS Jack,onet_software_skills,exact_title,approved,,canonical_name_exact
canonical:O*NET Database|onet_software_skills|2.E.9.d|Sigmetrix CETOL 6 Sigma,O*NET Database,31.0,2.E.9.d|Sigmetrix CETOL 6 Sigma,Sigmetrix CETOL 6 Sigma,onet_software_skills,exact_title,approved,,canonical_name_exact
canonical:O*NET Database|onet_software_skills|2.E.9.d|Signal integrity simulation software,O*NET Database,31.0,2.E.9.d|Signal integrity simulation software,Signal integrity simulation software,onet_software_skills,exact_title,approved,,canonical_name_exact
canonical:O*NET Database|onet_software_skills|2.E.9.d|Simulation program with integrated circuit emphasis SPICE,O*NET Database,31.0,2.E.9.d|Simulation program with integrated circuit emphasis SPICE,Simulation program with integrated circuit emphasis SPICE,onet_software_skills,exact_title,approved,,canonical_name_exact
canonical:O*NET Database|onet_software_skills|2.E.9.d|StatPac,O*NET Database,31.0,2.E.9.d|StatPac,StatPac,onet_software_skills,exact_title,approved,,canonical_name_exact
canonical:O*NET Database|onet_software_skills|2.E.9.d|StataCorp Stata,O*NET Database,31.0,2.E.9.d|StataCorp Stata,StataCorp Stata,onet_software_skills,exact_title,approved,,canonical_name_exact
canonical:O*NET Database|onet_software_skills|2.E.9.d|Statgraphics,O*NET Database,31.0,2.E.9.d|Statgraphics,Statgraphics,onet_software_skills,exact_title,approved,,canonical_name_exact
canonical:O*NET Database|onet_software_skills|2.E.9.d|Statistical energy analysis SEA software,O*NET Database,31.0,2.E.9.d|Statistical energy analysis SEA software,Statistical energy analysis SEA software,onet_software_skills,exact_title,approved,,canonical_name_exact
canonical:O*NET Database|onet_software_skills|2.E.9.d|Statistical software,O*NET Database,31.0,2.E.9.d|Statistical software,Statistical software,onet_software_skills,exact_title,approved,,canonical_name_exact
canonical:O*NET Database|onet_software_skills|2.E.9.d|Stratasys FDM MedModeler,O*NET Database,31.0,2.E.9.d|Stratasys FDM MedModeler,Stratasys FDM MedModeler,onet_software_skills,exact_title,approved,,canonical_name_exact
canonical:O*NET Database|onet_software_skills|2.E.9.d|Structure prediction software,O*NET Database,31.0,2.E.9.d|Structure prediction software,Structure prediction software,onet_software_skills,exact_title,approved,,canonical_name_exact
canonical:O*NET Database|onet_software_skills|2.E.9.d|Survey software,O*NET Database,31.0,2.E.9.d|Survey software,Survey software,onet_software_skills,exact_title,approved,,canonical_name_exact
canonical:O*NET Database|onet_software_skills|2.E.9.d|Synopsys Design Compiler,O*NET Database,31.0,2.E.9.d|Synopsys Design Compiler,Synopsys Design Compiler,onet_software_skills,exact_title,approved,,canonical_name_exact
canonical:O*NET Database|onet_software_skills|2.E.9.d|Synopsys PrimeTime,O*NET Database,31.0,2.E.9.d|Synopsys PrimeTime,Synopsys PrimeTime,onet_software_skills,exact_title,approved,,canonical_name_exact
canonical:O*NET Database|onet_software_skills|2.E.9.d|Systems analysis programs for hands on integrated reliability evaluation software SAPHIRE,O*NET Database,31.0,2.E.9.d|Systems analysis programs for hands on integrated reliability evaluation software SAPHIRE,Systems analysis programs for hands on integrated reliability evaluation software SAPHIRE,onet_software_skills,exact_title,approved,,canonical_name_exact
canonical:O*NET Database|onet_software_skills|2.E.9.d|TNS MarketWhys,O*NET Database,31.0,2.E.9.d|TNS MarketWhys,TNS MarketWhys,onet_software_skills,exact_title,approved,,canonical_name_exact
canonical:O*NET Database|onet_software_skills|2.E.9.d|TNS Miriad,O*NET Database,31.0,2.E.9.d|TNS Miriad,TNS Miriad,onet_software_skills,exact_title,approved,,canonical_name_exact
canonical:O*NET Database|onet_software_skills|2.E.9.d|Task analysis software,O*NET Database,31.0,2.E.9.d|Task analysis software,Task analysis software,onet_software_skills,exact_title,approved,,canonical_name_exact
canonical:O*NET Database|onet_software_skills|2.E.9.d|Tektronix EZ-TEST,O*NET Database,31.0,2.E.9.d|Tektronix EZ-TEST,Tektronix EZ-TEST,onet_software_skills,exact_title,approved,,canonical_name_exact
canonical:O*NET Database|onet_software_skills|2.E.9.d|TensorFlow,O*NET Database,31.0,2.E.9.d|TensorFlow,TensorFlow,onet_software_skills,exact_title,approved,,canonical_name_exact
canonical:O*NET Database|onet_software_skills|2.E.9.d|Test automation software,O*NET Database,31.0,2.E.9.d|Test automation software,Test automation software,onet_software_skills,exact_title,approved,,canonical_name_exact
canonical:O*NET Database|onet_software_skills|2.E.9.d|Test data generator software,O*NET Database,31.0,2.E.9.d|Test data generator software,Test data generator software,onet_software_skills,exact_title,approved,,canonical_name_exact
canonical:O*NET Database|onet_software_skills|2.E.9.d|The MathWorks MATLAB,O*NET Database,31.0,2.E.9.d|The MathWorks MATLAB,The MathWorks MATLAB,onet_software_skills,exact_title,approved,,canonical_name_exact
canonical:O*NET Database|onet_software_skills|2.E.9.d|Three-dimensional simulation translation software,O*NET Database,31.0,2.E.9.d|Three-dimensional simulation translation software,Three-dimensional simulation translation software,onet_software_skills,exact_title,approved,,canonical_name_exact
canonical:O*NET Database|onet_software_skills|2.E.9.d|Time and motion analysis software,O*NET Database,31.0,2.E.9.d|Time and motion analysis software,Time and motion analysis software,onet_software_skills,exact_title,approved,,canonical_name_exact
canonical:O*NET Database|onet_software_skills|2.E.9.d|Trimble Geomatics Office,O*NET Database,31.0,2.E.9.d|Trimble Geomatics Office,Trimble Geomatics Office,onet_software_skills,exact_title,approved,,canonical_name_exact
canonical:O*NET Database|onet_software_skills|2.E.9.d|UNISTAT Statistical Package,O*NET Database,31.0,2.E.9.d|UNISTAT Statistical Package,UNISTAT Statistical Package,onet_software_skills,exact_title,approved,,canonical_name_exact
canonical:O*NET Database|onet_software_skills|2.E.9.d|Video analysis software,O*NET Database,31.0,2.E.9.d|Video analysis software,Video analysis software,onet_software_skills,exact_title,approved,,canonical_name_exact
canonical:O*NET Database|onet_software_skills|2.E.9.d|WinCross,O*NET Database,31.0,2.E.9.d|WinCross,WinCross,onet_software_skills,exact_title,approved,,canonical_name_exact
canonical:O*NET Database|onet_software_skills|2.E.9.d|WinTR-55,O*NET Database,31.0,2.E.9.d|WinTR-55,WinTR-55,onet_software_skills,exact_title,approved,,canonical_name_exact
canonical:O*NET Database|onet_software_skills|2.E.9.d|Windward Technologies GRG2,O*NET Database,31.0,2.E.9.d|Windward Technologies GRG2,Windward Technologies GRG2,onet_software_skills,exact_title,approved,,canonical_name_exact
canonical:O*NET Database|onet_software_skills|2.E.9.d|WizSoft WizRule,O*NET Database,31.0,2.E.9.d|WizSoft WizRule,WizSoft WizRule,onet_software_skills,exact_title,approved,,canonical_name_exact
canonical:O*NET Database|onet_software_skills|2.E.9.d|Wolfram Research Mathematica,O*NET Database,31.0,2.E.9.d|Wolfram Research Mathematica,Wolfram Research Mathematica,onet_software_skills,exact_title,approved,,canonical_name_exact
canonical:O*NET Database|onet_software_skills|2.E.9.d|Workcell simulation software,O*NET Database,31.0,2.E.9.d|Workcell simulation software,Workcell simulation software,onet_software_skills,exact_title,approved,,canonical_name_exact
canonical:O*NET Database|onet_software_skills|2.E.9.e|ACCUCert,O*NET Database,31.0,2.E.9.e|ACCUCert,ACCUCert,onet_software_skills,exact_title,approved,,canonical_name_exact
canonical:O*NET Database|onet_software_skills|2.E.9.e|Accounting compliance software,O*NET Database,31.0,2.E.9.e|Accounting compliance software,Accounting compliance software,onet_software_skills,exact_title,approved,,canonical_name_exact
canonical:O*NET Database|onet_software_skills|2.E.9.e|Bi3 Audit Intelligence,O*NET Database,31.0,2.E.9.e|Bi3 Audit Intelligence,Bi3 Audit Intelligence,onet_software_skills,exact_title,approved,,canonical_name_exact
canonical:O*NET Database|onet_software_skills|2.E.9.e|Corporate Responsibility System Technologies Limited Compliance Positioning System,O*NET Database,31.0,2.E.9.e|Corporate Responsibility System Technologies Limited Compliance Positioning System,Corporate Responsibility System Technologies Limited Compliance Positioning System,onet_software_skills,exact_title,approved,,canonical_name_exact
canonical:O*NET Database|onet_software_skills|2.E.9.e|Intrax ProcedureNet,O*NET Database,31.0,2.E.9.e|Intrax ProcedureNet,Intrax ProcedureNet,onet_software_skills,exact_title,approved,,canonical_name_exact
canonical:O*NET Database|onet_software_skills|2.E.9.e|Lumigent Entegra,O*NET Database,31.0,2.E.9.e|Lumigent Entegra,Lumigent Entegra,onet_software_skills,exact_title,approved,,canonical_name_exact
canonical:O*NET Database|onet_software_skills|2.E.9.e|Paisley Cardmap,O*NET Database,31.0,2.E.9.e|Paisley Cardmap,Paisley Cardmap,onet_software_skills,exact_title,approved,,canonical_name_exact
canonical:O*NET Database|onet_software_skills|2.E.9.e|Paisley Focus Control Assurance,O*NET Database,31.0,2.E.9.e|Paisley Focus Control Assurance,Paisley Focus Control Assurance,onet_software_skills,exact_title,approved,,canonical_name_exact
canonical:O*NET Database|onet_software_skills|2.E.9.e|Paisley RiskNavigator,O*NET Database,31.0,2.E.9.e|Paisley RiskNavigator,Paisley RiskNavigator,onet_software_skills,exact_title,approved,,canonical_name_exact
canonical:O*NET Database|onet_software_skills|2.E.9.e|Sage EDP Payroll Tax,O*NET Database,31.0,2.E.9.e|Sage EDP Payroll Tax,Sage EDP Payroll Tax,onet_software_skills,exact_title,approved,,canonical_name_exact
canonical:O*NET Database|onet_software_skills|2.E.9.e|Sage HandiSoft HandiLedger,O*NET Database,31.0,2.E.9.e|Sage HandiSoft HandiLedger,Sage HandiSoft HandiLedger,onet_software_skills,exact_title,approved,,canonical_name_exact
canonical:O*NET Database|onet_software_skills|2.E.9.e|Tax compliance property tax management software,O*NET Database,31.0,2.E.9.e|Tax compliance property tax management software,Tax compliance property tax management software,onet_software_skills,exact_title,approved,,canonical_name_exact
canonical:O*NET Database|onet_software_skills|2.E.9.e|TrendTracker Compliance Solution,O*NET Database,31.0,2.E.9.e|TrendTracker Compliance Solution,TrendTracker Compliance Solution,onet_software_skills,exact_title,approved,,canonical_name_exact
canonical:O*NET Database|onet_software_skills|2.E.9.g|AVEVA InTouch HMI,O*NET Database,31.0,2.E.9.g|AVEVA InTouch HMI,AVEVA InTouch HMI,onet_software_skills,exact_title,approved,,canonical_name_exact
canonical:O*NET Database|onet_software_skills|2.E.9.g|Allen Bradley PanelView,O*NET Database,31.0,2.E.9.g|Allen Bradley PanelView,Allen Bradley PanelView,onet_software_skills,exact_title,approved,,canonical_name_exact
canonical:O*NET Database|onet_software_skills|2.E.9.g|Apache MXNet,O*NET Database,31.0,2.E.9.g|Apache MXNet,Apache MXNet,onet_software_skills,exact_title,approved,,canonical_name_exact
canonical:O*NET Database|onet_software_skills|2.E.9.g|Assembly line balancing software,O*NET Database,31.0,2.E.9.g|Assembly line balancing software,Assembly line balancing software,onet_software_skills,exact_title,approved,,canonical_name_exact
canonical:O*NET Database|onet_software_skills|2.E.9.g|Chatbot software,O*NET Database,31.0,2.E.9.g|Chatbot software,Chatbot software,onet_software_skills,exact_title,approved,,canonical_name_exact
canonical:O*NET Database|onet_software_skills|2.E.9.g|Computer numerical control CNC software,O*NET Database,31.0,2.E.9.g|Computer numerical control CNC software,Computer numerical control CNC software,onet_software_skills,exact_title,approved,,canonical_name_exact
canonical:O*NET Database|onet_software_skills|2.E.9.g|Human machine interface HMI software,O*NET Database,31.0,2.E.9.g|Human machine interface HMI software,Human machine interface HMI software,onet_software_skills,exact_title,approved,,canonical_name_exact
canonical:O*NET Database|onet_software_skills|2.E.9.g|Numerical control software,O*NET Database,31.0,2.E.9.g|Numerical control software,Numerical control software,onet_software_skills,exact_title,approved,,canonical_name_exact
canonical:O*NET Database|onet_software_skills|2.E.9.g|Nupro CastView,O*NET Database,31.0,2.E.9.g|Nupro CastView,Nupro CastView,onet_software_skills,exact_title,approved,,canonical_name_exact
canonical:O*NET Database|onet_software_skills|2.E.9.g|Programmable logic controller PLC software,O*NET Database,31.0,2.E.9.g|Programmable logic controller PLC software,Programmable logic controller PLC software,onet_software_skills,exact_title,approved,,canonical_name_exact
canonical:O*NET Database|onet_software_skills|2.E.9.g|Quality control software,O*NET Database,31.0,2.E.9.g|Quality control software,Quality control software,onet_software_skills,exact_title,approved,,canonical_name_exact
canonical:O*NET Database|onet_software_skills|2.E.9.g|Robotic control software,O*NET Database,31.0,2.E.9.g|Robotic control software,Robotic control software,onet_software_skills,exact_title,approved,,canonical_name_exact
canonical:O*NET Database|onet_software_skills|2.E.9.g|Supervisory control and data acquisition SCADA software,O*NET Database,31.0,2.E.9.g|Supervisory control and data acquisition SCADA software,Supervisory control and data acquisition SCADA software,onet_software_skills,exact_title,approved,,canonical_name_exact
canonical:O*NET Database|onet_software_skills|2.E.9.i|Advantage Software Physical Therapy Advantage,O*NET Database,31.0,2.E.9.i|Advantage Software Physical Therapy Advantage,Advantage Software Physical Therapy Advantage,onet_software_skills,exact_title,approved,,canonical_name_exact
canonical:O*NET Database|onet_software_skills|2.E.9.i|Allscripts EHR,O*NET Database,31.0,2.E.9.i|Allscripts EHR,Allscripts EHR,onet_software_skills,exact_title,approved,,canonical_name_exact
canonical:O*NET Database|onet_software_skills|2.E.9.i|Allscripts Professional EHR,O*NET Database,31.0,2.E.9.i|Allscripts Professional EHR,Allscripts Professional EHR,onet_software_skills,exact_title,approved,,canonical_name_exact
canonical:O*NET Database|onet_software_skills|2.E.9.i|Amazing Charts,O*NET Database,31.0,2.E.9.i|Amazing Charts,Amazing Charts,onet_software_skills,exact_title,approved,,canonical_name_exact
canonical:O*NET Database|onet_software_skills|2.E.9.i|Amkai AmkaiCharts,O*NET Database,31.0,2.E.9.i|Amkai AmkaiCharts,Amkai AmkaiCharts,onet_software_skills,exact_title,approved,,canonical_name_exact
canonical:O*NET Database|onet_software_skills|2.E.9.i|Azalea Health Azalea EHR,O*NET Database,31.0,2.E.9.i|Azalea Health Azalea EHR,Azalea Health Azalea EHR,onet_software_skills,exact_title,approved,,canonical_name_exact
canonical:O*NET Database|onet_software_skills|2.E.9.i|Bizmatics PrognoCIS EMR,O*NET Database,31.0,2.E.9.i|Bizmatics PrognoCIS EMR,Bizmatics PrognoCIS EMR,onet_software_skills,exact_title,approved,,canonical_name_exact
canonical:O*NET Database|onet_software_skills|2.E.9.i|Casamba Smart,O*NET Database,31.0,2.E.9.i|Casamba Smart,Casamba Smart,onet_software_skills,exact_title,approved,,canonical_name_exact
canonical:O*NET Database|onet_software_skills|2.E.9.i|Cerner Millennium,O*NET Database,31.0,2.E.9.i|Cerner Millennium,Cerner Millennium,onet_software_skills,exact_title,approved,,canonical_name_exact
canonical:O*NET Database|onet_software_skills|2.E.9.i|ChartWare EMR,O*NET Database,31.0,2.E.9.i|ChartWare EMR,ChartWare EMR,onet_software_skills,exact_title,approved,,canonical_name_exact
canonical:O*NET Database|onet_software_skills|2.E.9.i|Clinicient Insight,O*NET Database,31.0,2.E.9.i|Clinicient Insight,Clinicient Insight,onet_software_skills,exact_title,approved,,canonical_name_exact
canonical:O*NET Database|onet_software_skills|2.E.9.i|ComChart EMR,O*NET Database,31.0,2.E.9.i|ComChart EMR,ComChart EMR,onet_software_skills,exact_title,approved,,canonical_name_exact
canonical:O*NET Database|onet_software_skills|2.E.9.i|Digital Imaging Communications in Medicine DICOM medical imaging software,O*NET Database,31.0,2.E.9.i|Digital Imaging Communications in Medicine DICOM medical imaging software,Digital Imaging Communications in Medicine DICOM medical imaging software,onet_software_skills,exact_title,approved,,canonical_name_exact
canonical:O*NET Database|onet_software_skills|2.E.9.i|EHS CareRevolution,O*NET Database,31.0,2.E.9.i|EHS CareRevolution,EHS CareRevolution,onet_software_skills,exact_title,approved,,canonical_name_exact
canonical:O*NET Database|onet_software_skills|2.E.9.i|Electronic medical record EMR software,O*NET Database,31.0,2.E.9.i|Electronic medical record EMR software,Electronic medical record EMR software,onet_software_skills,exact_title,approved,,canonical_name_exact
canonical:O*NET Database|onet_software_skills|2.E.9.i|Electronic medical record EMR systems,O*NET Database,31.0,2.E.9.i|Electronic medical record EMR systems,Electronic medical record EMR systems,onet_software_skills,exact_title,approved,,canonical_name_exact
canonical:O*NET Database|onet_software_skills|2.E.9.i|Epic Systems,O*NET Database,31.0,2.E.9.i|Epic Systems,Epic Systems,onet_software_skills,exact_title,approved,,canonical_name_exact
canonical:O*NET Database|onet_software_skills|2.E.9.i|Fox Meadows EncounterManager,O*NET Database,31.0,2.E.9.i|Fox Meadows EncounterManager,Fox Meadows EncounterManager,onet_software_skills,exact_title,approved,,canonical_name_exact
canonical:O*NET Database|onet_software_skills|2.E.9.i|GE Healthcare Centricity EMR,O*NET Database,31.0,2.E.9.i|GE Healthcare Centricity EMR,GE Healthcare Centricity EMR,onet_software_skills,exact_title,approved,,canonical_name_exact
canonical:O*NET Database|onet_software_skills|2.E.9.i|GE Healthcare Logician,O*NET Database,31.0,2.E.9.i|GE Healthcare Logician,GE Healthcare Logician,onet_software_skills,exact_title,approved,,canonical_name_exact
canonical:O*NET Database|onet_software_skills|2.E.9.i|Greenway Medical Technologies PrimeChart,O*NET Database,31.0,2.E.9.i|Greenway Medical Technologies PrimeChart,Greenway Medical Technologies PrimeChart,onet_software_skills,exact_title,approved,,canonical_name_exact
canonical:O*NET Database|onet_software_skills|2.E.9.i|HMS,O*NET Database,31.0,2.E.9.i|HMS,HMS,onet_software_skills,exact_title,approved,,canonical_name_exact
canonical:O*NET Database|onet_software_skills|2.E.9.i|Hands On Technology TheraWriter.PT,O*NET Database,31.0,2.E.9.i|Hands On Technology TheraWriter.PT,Hands On Technology TheraWriter.PT,onet_software_skills,exact_title,approved,,canonical_name_exact
canonical:O*NET Database|onet_software_skills|2.E.9.i|Health Care Data HealthProbe,O*NET Database,31.0,2.E.9.i|Health Care Data HealthProbe,Health Care Data HealthProbe,onet_software_skills,exact_title,approved,,canonical_name_exact
canonical:O*NET Database|onet_software_skills|2.E.9.i|Healthcare common procedure coding system HCPCS,O*NET Database,31.0,2.E.9.i|Healthcare common procedure coding system HCPCS,Healthcare common procedure coding system HCPCS,onet_software_skills,exact_title,approved,,canonical_name_exact
canonical:O*NET Database|onet_software_skills|2.E.9.i|Henry Schein Dentrix,O*NET Database,31.0,2.E.9.i|Henry Schein Dentrix,Henry Schein Dentrix,onet_software_skills,exact_title,approved,,canonical_name_exact
canonical:O*NET Database|onet_software_skills|2.E.9.i|Holt Systems eMedRec,O*NET Database,31.0,2.E.9.i|Holt Systems eMedRec,Holt Systems eMedRec,onet_software_skills,exact_title,approved,,canonical_name_exact
canonical:O*NET Database|onet_software_skills|2.E.9.i|IDX Systems IDXtend,O*NET Database,31.0,2.E.9.i|IDX Systems IDXtend,IDX Systems IDXtend,onet_software_skills,exact_title,approved,,canonical_name_exact
canonical:O*NET Database|onet_software_skills|2.E.9.i|LeonardoMD Renaissance,O*NET Database,31.0,2.E.9.i|LeonardoMD Renaissance,LeonardoMD Renaissance,onet_software_skills,exact_title,approved,,canonical_name_exact
canonical:O*NET Database|onet_software_skills|2.E.9.i|Lexrotech LxPediatric,O*NET Database,31.0,2.E.9.i|Lexrotech LxPediatric,Lexrotech LxPediatric,onet_software_skills,exact_title,approved,,canonical_name_exact
canonical:O*NET Database|onet_software_skills|2.E.9.i|MEDITECH software,O*NET Database,31.0,2.E.9.i|MEDITECH software,MEDITECH software,onet_software_skills,exact_title,approved,,canonical_name_exact
canonical:O*NET Database|onet_software_skills|2.E.9.i|MedStar Systems DrWorks,O*NET Database,31.0,2.E.9.i|MedStar Systems DrWorks,MedStar Systems DrWorks,onet_software_skills,exact_title,approved,,canonical_name_exact
canonical:O*NET Database|onet_software_skills|2.E.9.i|Mediasoft mediOFFICE,O*NET Database,31.0,2.E.9.i|Mediasoft mediOFFICE,Mediasoft mediOFFICE,onet_software_skills,exact_title,approved,,canonical_name_exact
canonical:O*NET Database|onet_software_skills|2.E.9.i|MedicWare EMR,O*NET Database,31.0,2.E.9.i|MedicWare EMR,MedicWare EMR,onet_software_skills,exact_title,approved,,canonical_name_exact
canonical:O*NET Database|onet_software_skills|2.E.9.i|Medical condition coding software,O*NET Database,31.0,2.E.9.i|Medical condition coding software,Medical condition coding software,onet_software_skills,exact_title,approved,,canonical_name_exact
canonical:O*NET Database|onet_software_skills|2.E.9.i|Medical procedure coding software,O*NET Database,31.0,2.E.9.i|Medical procedure coding software,Medical procedure coding software,onet_software_skills,exact_title,approved,,canonical_name_exact
canonical:O*NET Database|onet_software_skills|2.E.9.i|Medscribbler Enterprise,O*NET Database,31.0,2.E.9.i|Medscribbler Enterprise,Medscribbler Enterprise,onet_software_skills,exact_title,approved,,canonical_name_exact
canonical:O*NET Database|onet_software_skills|2.E.9.i|MicroFour PracticeStudio.NET EMR,O*NET Database,31.0,2.E.9.i|MicroFour PracticeStudio.NET EMR,MicroFour PracticeStudio.NET EMR,onet_software_skills,exact_title,approved,,canonical_name_exact
canonical:O*NET Database|onet_software_skills|2.E.9.i|NCG Medical Systems d-Chart,O*NET Database,31.0,2.E.9.i|NCG Medical Systems d-Chart,NCG Medical Systems d-Chart,onet_software_skills,exact_title,approved,,canonical_name_exact
canonical:O*NET Database|onet_software_skills|2.E.9.i|NextGen Healthcare Information Systems EMR,O*NET Database,31.0,2.E.9.i|NextGen Healthcare Information Systems EMR,NextGen Healthcare Information Systems EMR,onet_software_skills,exact_title,approved,,canonical_name_exact
canonical:O*NET Database|onet_software_skills|2.E.9.i|PCC EHR,O*NET Database,31.0,2.E.9.i|PCC EHR,PCC EHR,onet_software_skills,exact_title,approved,,canonical_name_exact
canonical:O*NET Database|onet_software_skills|2.E.9.i|PCC Pediatric Partner,O*NET Database,31.0,2.E.9.i|PCC Pediatric Partner,PCC Pediatric Partner,onet_software_skills,exact_title,approved,,canonical_name_exact
canonical:O*NET Database|onet_software_skills|2.E.9.i|Patient charting software,O*NET Database,31.0,2.E.9.i|Patient charting software,Patient charting software,onet_software_skills,exact_title,approved,,canonical_name_exact
canonical:O*NET Database|onet_software_skills|2.E.9.i|PowerMed,O*NET Database,31.0,2.E.9.i|PowerMed,PowerMed,onet_software_skills,exact_title,approved,,canonical_name_exact
canonical:O*NET Database|onet_software_skills|2.E.9.i|Practice Partner Patient Records,O*NET Database,31.0,2.E.9.i|Practice Partner Patient Records,Practice Partner Patient Records,onet_software_skills,exact_title,approved,,canonical_name_exact
canonical:O*NET Database|onet_software_skills|2.E.9.i|Prognosis Innovation Healthcare ChartAccess,O*NET Database,31.0,2.E.9.i|Prognosis Innovation Healthcare ChartAccess,Prognosis Innovation Healthcare ChartAccess,onet_software_skills,exact_title,approved,,canonical_name_exact
canonical:O*NET Database|onet_software_skills|2.E.9.i|Recordkeeping software,O*NET Database,31.0,2.E.9.i|Recordkeeping software,Recordkeeping software,onet_software_skills,exact_title,approved,,canonical_name_exact
canonical:O*NET Database|onet_software_skills|2.E.9.i|Rehab Documentation Company ReDoc Suite,O*NET Database,31.0,2.E.9.i|Rehab Documentation Company ReDoc Suite,Rehab Documentation Company ReDoc Suite,onet_software_skills,exact_title,approved,,canonical_name_exact
canonical:O*NET Database|onet_software_skills|2.E.9.i|SOAPware EMR,O*NET Database,31.0,2.E.9.i|SOAPware EMR,SOAPware EMR,onet_software_skills,exact_title,approved,,canonical_name_exact
canonical:O*NET Database|onet_software_skills|2.E.9.i|STAT! Systems QD Clinical,O*NET Database,31.0,2.E.9.i|STAT! Systems QD Clinical,STAT! Systems QD Clinical,onet_software_skills,exact_title,approved,,canonical_name_exact
canonical:O*NET Database|onet_software_skills|2.E.9.i|StatCom Patient Flow Logistics Enterprise Suite,O*NET Database,31.0,2.E.9.i|StatCom Patient Flow Logistics Enterprise Suite,StatCom Patient Flow Logistics Enterprise Suite,onet_software_skills,exact_title,approved,,canonical_name_exact
canonical:O*NET Database|onet_software_skills|2.E.9.i|SynaMed EMR,O*NET Database,31.0,2.E.9.i|SynaMed EMR,SynaMed EMR,onet_software_skills,exact_title,approved,,canonical_name_exact
canonical:O*NET Database|onet_software_skills|2.E.9.i|Texas Medical Software SpringCharts EMR,O*NET Database,31.0,2.E.9.i|Texas Medical Software SpringCharts EMR,Texas Medical Software SpringCharts EMR,onet_software_skills,exact_title,approved,,canonical_name_exact
canonical:O*NET Database|onet_software_skills|2.E.9.i|VantageMed ChartKeeper,O*NET Database,31.0,2.E.9.i|VantageMed ChartKeeper,VantageMed ChartKeeper,onet_software_skills,exact_title,approved,,canonical_name_exact
canonical:O*NET Database|onet_software_skills|2.E.9.i|Visionary Medical Systems Visionary OFFICE PM,O*NET Database,31.0,2.E.9.i|Visionary Medical Systems Visionary OFFICE PM,Visionary Medical Systems Visionary OFFICE PM,onet_software_skills,exact_title,approved,,canonical_name_exact
canonical:O*NET Database|onet_software_skills|2.E.9.i|Welford Chart Notes,O*NET Database,31.0,2.E.9.i|Welford Chart Notes,Welford Chart Notes,onet_software_skills,exact_title,approved,,canonical_name_exact
canonical:O*NET Database|onet_software_skills|2.E.9.i|e-MDs software,O*NET Database,31.0,2.E.9.i|e-MDs software,e-MDs software,onet_software_skills,exact_title,approved,,canonical_name_exact
canonical:O*NET Database|onet_software_skills|2.E.9.i|e-MDs topsChart,O*NET Database,31.0,2.E.9.i|e-MDs topsChart,e-MDs topsChart,onet_software_skills,exact_title,approved,,canonical_name_exact
canonical:O*NET Database|onet_software_skills|2.E.9.i|eClinicalWorks EHR software,O*NET Database,31.0,2.E.9.i|eClinicalWorks EHR software,eClinicalWorks EHR software,onet_software_skills,exact_title,approved,,canonical_name_exact
canonical:O*NET Database|onet_software_skills|2.E.9.i|eMDs Practice Partner,O*NET Database,31.0,2.E.9.i|eMDs Practice Partner,eMDs Practice Partner,onet_software_skills,exact_title,approved,,canonical_name_exact
canonical:O*NET Database|onet_software_skills|2.E.9.j|Digivey software (point of sale feature),O*NET Database,31.0,2.E.9.j|Digivey software (point of sale feature),Digivey software (point of sale feature),onet_software_skills,exact_title,approved,,canonical_name_exact
canonical:O*NET Database|onet_software_skills|2.E.9.j|Smart card management software,O*NET Database,31.0,2.E.9.j|Smart card management software,Smart card management software,onet_software_skills,exact_title,approved,,canonical_name_exact
canonical:O*NET Database|onet_software_skills|2.E.9.k|1CadCam Unigraphics,O*NET Database,31.0,2.E.9.k|1CadCam Unigraphics,1CadCam Unigraphics,onet_software_skills,exact_title,approved,,canonical_name_exact
canonical:O*NET Database|onet_software_skills|2.E.9.k|EGS FeatureCAM,O*NET Database,31.0,2.E.9.k|EGS FeatureCAM,EGS FeatureCAM,onet_software_skills,exact_title,approved,,canonical_name_exact
canonical:O*NET Database|onet_software_skills|2.E.9.k|Rapid prototyping software,O*NET Database,31.0,2.E.9.k|Rapid prototyping software,Rapid prototyping software,onet_software_skills,exact_title,approved,,canonical_name_exact
canonical:O*NET Database|onet_software_skills|2.E.9.l|CA Easytrieve Report Generator,O*NET Database,31.0,2.E.9.l|CA Easytrieve Report Generator,CA Easytrieve Report Generator,onet_software_skills,exact_title,approved,,canonical_name_exact
canonical:O*NET Database|onet_software_skills|2.E.9.o|ArcSight Enterprise Threat and Risk Management,O*NET Database,31.0,2.E.9.o|ArcSight Enterprise Threat and Risk Management,ArcSight Enterprise Threat and Risk Management,onet_software_skills,exact_title,approved,,canonical_name_exact
canonical:O*NET Database|onet_software_skills|2.E.9.o|McAfee Enterprise Security Manager,O*NET Database,31.0,2.E.9.o|McAfee Enterprise Security Manager,McAfee Enterprise Security Manager,onet_software_skills,exact_title,approved,,canonical_name_exact
canonical:O*NET Database|onet_software_skills|2.E.9.o|Thomson Reuters Risk Management,O*NET Database,31.0,2.E.9.o|Thomson Reuters Risk Management,Thomson Reuters Risk Management,onet_software_skills,exact_title,approved,,canonical_name_exact
canonical:O*NET Database|onet_software_skills|2.E.9.o|eMASS,O*NET Database,31.0,2.E.9.o|eMASS,eMASS,onet_software_skills,exact_title,approved,,canonical_name_exact
canonical:O*NET Database|onet_transferable_skills|2.B.1.a,O*NET Database,31.0,2.B.1.a,Social Perceptiveness,onet_transferable_skills,exact_title,approved,,canonical_name_exact
canonical:O*NET Database|onet_transferable_skills|2.B.1.b,O*NET Database,31.0,2.B.1.b,Coordination,onet_transferable_skills,exact_title,approved,,canonical_name_exact
canonical:O*NET Database|onet_transferable_skills|2.B.1.c,O*NET Database,31.0,2.B.1.c,Persuasion,onet_transferable_skills,exact_title,approved,,canonical_name_exact
canonical:O*NET Database|onet_transferable_skills|2.B.1.d,O*NET Database,31.0,2.B.1.d,Negotiation,onet_transferable_skills,exact_title,approved,,canonical_name_exact
canonical:O*NET Database|onet_transferable_skills|2.B.1.e,O*NET Database,31.0,2.B.1.e,Instructing,onet_transferable_skills,exact_title,approved,,canonical_name_exact
canonical:O*NET Database|onet_transferable_skills|2.B.1.f,O*NET Database,31.0,2.B.1.f,Service Orientation,onet_transferable_skills,exact_title,approved,,canonical_name_exact
canonical:O*NET Database|onet_transferable_skills|2.B.2.i,O*NET Database,31.0,2.B.2.i,Complex Problem Solving,onet_transferable_skills,exact_title,approved,,canonical_name_exact
canonical:O*NET Database|onet_transferable_skills|2.B.3.a,O*NET Database,31.0,2.B.3.a,Operations Analysis,onet_transferable_skills,exact_title,approved,,canonical_name_exact
canonical:O*NET Database|onet_transferable_skills|2.B.3.b,O*NET Database,31.0,2.B.3.b,Technology Design,onet_transferable_skills,exact_title,approved,,canonical_name_exact
canonical:O*NET Database|onet_transferable_skills|2.B.3.c,O*NET Database,31.0,2.B.3.c,Equipment Selection,onet_transferable_skills,exact_title,approved,,canonical_name_exact
canonical:O*NET Database|onet_transferable_skills|2.B.3.d,O*NET Database,31.0,2.B.3.d,Installation,onet_transferable_skills,exact_title,approved,,canonical_name_exact
canonical:O*NET Database|onet_transferable_skills|2.B.3.e,O*NET Database,31.0,2.B.3.e,Programming,onet_transferable_skills,exact_title,approved,,canonical_name_exact
canonical:O*NET Database|onet_transferable_skills|2.B.3.g,O*NET Database,31.0,2.B.3.g,Operations Monitoring,onet_transferable_skills,exact_title,approved,,canonical_name_exact
canonical:O*NET Database|onet_transferable_skills|2.B.3.h,O*NET Database,31.0,2.B.3.h,Operation and Control,onet_transferable_skills,exact_title,approved,,canonical_name_exact
canonical:O*NET Database|onet_transferable_skills|2.B.3.j,O*NET Database,31.0,2.B.3.j,Equipment Maintenance,onet_transferable_skills,exact_title,approved,,canonical_name_exact
canonical:O*NET Database|onet_transferable_skills|2.B.3.k,O*NET Database,31.0,2.B.3.k,Troubleshooting,onet_transferable_skills,exact_title,approved,,canonical_name_exact
canonical:O*NET Database|onet_transferable_skills|2.B.3.l,O*NET Database,31.0,2.B.3.l,Repairing,onet_transferable_skills,exact_title,approved,,canonical_name_exact
canonical:O*NET Database|onet_transferable_skills|2.B.3.m,ESCO,1.2.1,http://data.europa.eu/esco/skill/41a3240f-58ba-44e2-a688-edeb21ea5c16,conduct quality control analysis,esco_skills,manual,approved,,approved_manual_normalization
canonical:O*NET Database|onet_transferable_skills|2.B.3.m,O*NET Database,31.0,2.B.3.m,Quality Control Analysis,onet_transferable_skills,exact_title,approved,,canonical_name_exact
canonical:O*NET Database|onet_transferable_skills|2.B.4.e,O*NET Database,31.0,2.B.4.e,Judgment and Decision Making,onet_transferable_skills,exact_title,approved,,canonical_name_exact
canonical:O*NET Database|onet_transferable_skills|2.B.4.g,ESCO,1.2.1,http://data.europa.eu/esco/skill/3f86173d-e101-4fcd-934f-ff9de29c081c,perform system analysis,esco_skills,manual,approved,,approved_manual_normalization
canonical:O*NET Database|onet_transferable_skills|2.B.4.g,O*NET Database,31.0,2.B.4.g,Systems Analysis,onet_transferable_skills,exact_title,approved,,canonical_name_exact
canonical:O*NET Database|onet_transferable_skills|2.B.4.h,O*NET Database,31.0,2.B.4.h,Systems Evaluation,onet_transferable_skills,exact_title,approved,,canonical_name_exact
canonical:O*NET Database|onet_transferable_skills|2.B.5.a,O*NET Database,31.0,2.B.5.a,Time Management,onet_transferable_skills,exact_title,approved,,canonical_name_exact
canonical:O*NET Database|onet_transferable_skills|2.B.5.b,O*NET Database,31.0,2.B.5.b,Management of Financial Resources,onet_transferable_skills,exact_title,approved,,canonical_name_exact
canonical:O*NET Database|onet_transferable_skills|2.B.5.c,O*NET Database,31.0,2.B.5.c,Management of Material Resources,onet_transferable_skills,exact_title,approved,,canonical_name_exact
canonical:O*NET Database|onet_transferable_skills|2.B.5.d,O*NET Database,31.0,2.B.5.d,Management of Personnel Resources,onet_transferable_skills,exact_title,approved,,canonical_name_exact
existing_skill:1,O*NET Database,31.0,2.E.7.e|Python,Python,onet_software_skills,exact_title,approved,,canonical_name_exact
existing_skill:2,O*NET Database,31.0,2.E.7.h|Django,Django,onet_software_skills,exact_title,approved,,canonical_name_exact
existing_skill:3,O*NET Database,31.0,2.E.7.h|React,React,onet_software_skills,exact_title,approved,,canonical_name_exact
existing_skill:4,ESCO,1.2.1,http://data.europa.eu/esco/skill/a8d07b5a-c1a1-42c6-9d53-db9c7a2ca996,PostgreSQL,esco_skills,manual,approved,,approved_cross_type_technology_resolution
existing_skill:4,O*NET Database,31.0,2.E.6.j|PostgreSQL,PostgreSQL,onet_software_skills,exact_title,approved,,canonical_name_exact
