career_name,career_category,interest_name,relevance_weight,review_status,source_type,source_reference
Accountant (General),Business and Finance,Financial Reporting,5,approved,gradnavi_review,GradNavi-reviewed detailed Interest mapping based on the Career description and approved occupation references: ABS OSCA 2024 Version 1.0: 211131 (Accountant (General)); ESCO 1.2.1: http://data.europa.eu/esco/occupation/eda0d957-3c3c-4139-b89a-a18bc9e18897 (accountant); O*NET Database 31.0: 13-2011.00 (Accountants and Auditors)
Accountant (General),Business and Finance,Accounting Systems,5,approved,gradnavi_review,GradNavi-reviewed detailed Interest mapping based on the Career description and approved occupation references: ABS OSCA 2024 Version 1.0: 211131 (Accountant (General)); ESCO 1.2.1: http://data.europa.eu/esco/occupation/eda0d957-3c3c-4139-b89a-a18bc9e18897 (accountant); O*NET Database 31.0: 13-2011.00 (Accountants and Auditors)
Accountant (General),Business and Finance,Financial Analysis,5,approved,gradnavi_review,GradNavi-reviewed detailed Interest mapping based on the Career description and approved occupation references: ABS OSCA 2024 Version 1.0: 211131 (Accountant (General)); ESCO 1.2.1: http://data.europa.eu/esco/occupation/eda0d957-3c3c-4139-b89a-a18bc9e18897 (accountant); O*NET Database 31.0: 13-2011.00 (Accountants and Auditors)
Accountant (General),Business and Finance,Audit and Assurance,4,approved,gradnavi_review,GradNavi-reviewed detailed Interest mapping based on the Career description and approved occupation references: ABS OSCA 2024 Version 1.0: 211131 (Accountant (General)); ESCO 1.2.1: http://data.europa.eu/esco/occupation/eda0d957-3c3c-4139-b89a-a18bc9e18897 (accountant); O*NET Database 31.0: 13-2011.00 (Accountants and Auditors)
Accountant (General),Business and Finance,Regulatory Compliance,4,approved,gradnavi_review,GradNavi-reviewed detailed Interest mapping based on the Career description and approved occupation references: ABS OSCA 2024 Version 1.0: 211131 (Accountant (General)); ESCO 1.2.1: http://data.europa.eu/esco/occupation/eda0d957-3c3c-4139-b89a-a18bc9e18897 (accountant); O*NET Database 31.0: 13-2011.00 (Accountants and Auditors)
Accountant (General),Business and Finance,Budgeting,4,approved,gradnavi_review,GradNavi-reviewed detailed Interest mapping based on the Career description and approved occupation references: ABS OSCA 2024 Version 1.0: 211131 (Accountant (General)); ESCO 1.2.1: http://data.europa.eu/esco/occupation/eda0d957-3c3c-4139-b89a-a18bc9e18897 (accountant); O*NET Database 31.0: 13-2011.00 (Accountants and Auditors)
Accountant (General),Business and Finance,Business Finance,4,approved,gradnavi_review,GradNavi-reviewed detailed Interest mapping based on the Career description and approved occupation references: ABS OSCA 2024 Version 1.0: 211131 (Accountant (General)); ESCO 1.2.1: http://data.europa.eu/esco/occupation/eda0d957-3c3c-4139-b89a-a18bc9e18897 (accountant); O*NET Database 31.0: 13-2011.00 (Accountants and Auditors)
Accountant (General),Business and Finance,Taxation,3,approved,gradnavi_review,GradNavi-reviewed detailed Interest mapping based on the Career description and approved occupation references: ABS OSCA 2024 Version 1.0: 211131 (Accountant (General)); ESCO 1.2.1: http://data.europa.eu/esco/occupation/eda0d957-3c3c-4139-b89a-a18bc9e18897 (accountant); O*NET Database 31.0: 13-2011.00 (Accountants and Auditors)
Accountant (General),Business and Finance,Data Analysis,3,approved,gradnavi_review,GradNavi-reviewed detailed Interest mapping based on the Career description and approved occupation references: ABS OSCA 2024 Version 1.0: 211131 (Accountant (General)); ESCO 1.2.1: http://data.europa.eu/esco/occupation/eda0d957-3c3c-4139-b89a-a18bc9e18897 (accountant); O*NET Database 31.0: 13-2011.00 (Accountants and Auditors)
Accountant (General),Business and Finance,Business Decision Support,3,approved,gradnavi_review,GradNavi-reviewed detailed Interest mapping based on the Career description and approved occupation references: ABS OSCA 2024 Version 1.0: 211131 (Accountant (General)); ESCO 1.2.1: http://data.europa.eu/esco/occupation/eda0d957-3c3c-4139-b89a-a18bc9e18897 (accountant); O*NET Database 31.0: 13-2011.00 (Accountants and Auditors)
Management Accountant,Business and Finance,Management Accounting,5,approved,gradnavi_review,GradNavi-reviewed detailed Interest mapping based on the Career description and approved occupation references: ABS OSCA 2024 Version 1.0: 211134 (Management Accountant); ESCO 1.2.1: http://data.europa.eu/esco/occupation/eda0d957-3c3c-4139-b89a-a18bc9e18897 (accountant); O*NET Database 31.0: 13-2011.00 (Accountants and Auditors)
Management Accountant,Business and Finance,Budgeting,5,approved,gradnavi_review,GradNavi-reviewed detailed Interest mapping based on the Career description and approved occupation references: ABS OSCA 2024 Version 1.0: 211134 (Management Accountant); ESCO 1.2.1: http://data.europa.eu/esco/occupation/eda0d957-3c3c-4139-b89a-a18bc9e18897 (accountant); O*NET Database 31.0: 13-2011.00 (Accountants and Auditors)
Management Accountant,Business and Finance,Cost Analysis,5,approved,gradnavi_review,GradNavi-reviewed detailed Interest mapping based on the Career description and approved occupation references: ABS OSCA 2024 Version 1.0: 211134 (Management Accountant); ESCO 1.2.1: http://data.europa.eu/esco/occupation/eda0d957-3c3c-4139-b89a-a18bc9e18897 (accountant); O*NET Database 31.0: 13-2011.00 (Accountants and Auditors)
Management Accountant,Business and Finance,Performance Analysis,4,approved,gradnavi_review,GradNavi-reviewed detailed Interest mapping based on the Career description and approved occupation references: ABS OSCA 2024 Version 1.0: 211134 (Management Accountant); ESCO 1.2.1: http://data.europa.eu/esco/occupation/eda0d957-3c3c-4139-b89a-a18bc9e18897 (accountant); O*NET Database 31.0: 13-2011.00 (Accountants and Auditors)
Management Accountant,Business and Finance,Financial Planning,4,approved,gradnavi_review,GradNavi-reviewed detailed Interest mapping based on the Career description and approved occupation references: ABS OSCA 2024 Version 1.0: 211134 (Management Accountant); ESCO 1.2.1: http://data.europa.eu/esco/occupation/eda0d957-3c3c-4139-b89a-a18bc9e18897 (accountant); O*NET Database 31.0: 13-2011.00 (Accountants and Auditors)
Management Accountant,Business and Finance,Financial Analysis,4,approved,gradnavi_review,GradNavi-reviewed detailed Interest mapping based on the Career description and approved occupation references: ABS OSCA 2024 Version 1.0: 211134 (Management Accountant); ESCO 1.2.1: http://data.europa.eu/esco/occupation/eda0d957-3c3c-4139-b89a-a18bc9e18897 (accountant); O*NET Database 31.0: 13-2011.00 (Accountants and Auditors)
Management Accountant,Business and Finance,Business Decision Support,4,approved,gradnavi_review,GradNavi-reviewed detailed Interest mapping based on the Career description and approved occupation references: ABS OSCA 2024 Version 1.0: 211134 (Management Accountant); ESCO 1.2.1: http://data.europa.eu/esco/occupation/eda0d957-3c3c-4139-b89a-a18bc9e18897 (accountant); O*NET Database 31.0: 13-2011.00 (Accountants and Auditors)
Management Accountant,Business and Finance,Accounting Systems,3,approved,gradnavi_review,GradNavi-reviewed detailed Interest mapping based on the Career description and approved occupation references: ABS OSCA 2024 Version 1.0: 211134 (Management Accountant); ESCO 1.2.1: http://data.europa.eu/esco/occupation/eda0d957-3c3c-4139-b89a-a18bc9e18897 (accountant); O*NET Database 31.0: 13-2011.00 (Accountants and Auditors)
Management Accountant,Business and Finance,Data Analysis,3,approved,gradnavi_review,GradNavi-reviewed detailed Interest mapping based on the Career description and approved occupation references: ABS OSCA 2024 Version 1.0: 211134 (Management Accountant); ESCO 1.2.1: http://data.europa.eu/esco/occupation/eda0d957-3c3c-4139-b89a-a18bc9e18897 (accountant); O*NET Database 31.0: 13-2011.00 (Accountants and Auditors)
Management Accountant,Business and Finance,Process Improvement,3,approved,gradnavi_review,GradNavi-reviewed detailed Interest mapping based on the Career description and approved occupation references: ABS OSCA 2024 Version 1.0: 211134 (Management Accountant); ESCO 1.2.1: http://data.europa.eu/esco/occupation/eda0d957-3c3c-4139-b89a-a18bc9e18897 (accountant); O*NET Database 31.0: 13-2011.00 (Accountants and Auditors)
Management Consultant,Business and Finance,Business Strategy,5,approved,gradnavi_review,GradNavi-reviewed detailed Interest mapping based on the Career description and approved occupation references: ABS OSCA 2024 Version 1.0: 223432 (Management Consultant); ESCO 1.2.1: http://data.europa.eu/esco/occupation/6a29d804-f775-446c-bec7-35fc4e28ac97 (business consultant); O*NET Database 31.0: 13-1111.00 (Management Analysts)
Management Consultant,Business and Finance,Organisational Improvement,5,approved,gradnavi_review,GradNavi-reviewed detailed Interest mapping based on the Career description and approved occupation references: ABS OSCA 2024 Version 1.0: 223432 (Management Consultant); ESCO 1.2.1: http://data.europa.eu/esco/occupation/6a29d804-f775-446c-bec7-35fc4e28ac97 (business consultant); O*NET Database 31.0: 13-1111.00 (Management Analysts)
Management Consultant,Business and Finance,Process Improvement,5,approved,gradnavi_review,GradNavi-reviewed detailed Interest mapping based on the Career description and approved occupation references: ABS OSCA 2024 Version 1.0: 223432 (Management Consultant); ESCO 1.2.1: http://data.europa.eu/esco/occupation/6a29d804-f775-446c-bec7-35fc4e28ac97 (business consultant); O*NET Database 31.0: 13-1111.00 (Management Analysts)
Management Consultant,Business and Finance,Business Analysis,4,approved,gradnavi_review,GradNavi-reviewed detailed Interest mapping based on the Career description and approved occupation references: ABS OSCA 2024 Version 1.0: 223432 (Management Consultant); ESCO 1.2.1: http://data.europa.eu/esco/occupation/6a29d804-f775-446c-bec7-35fc4e28ac97 (business consultant); O*NET Database 31.0: 13-1111.00 (Management Analysts)
Management Consultant,Business and Finance,Change Management,4,approved,gradnavi_review,GradNavi-reviewed detailed Interest mapping based on the Career description and approved occupation references: ABS OSCA 2024 Version 1.0: 223432 (Management Consultant); ESCO 1.2.1: http://data.europa.eu/esco/occupation/6a29d804-f775-446c-bec7-35fc4e28ac97 (business consultant); O*NET Database 31.0: 13-1111.00 (Management Analysts)
Management Consultant,Business and Finance,Performance Analysis,4,approved,gradnavi_review,GradNavi-reviewed detailed Interest mapping based on the Career description and approved occupation references: ABS OSCA 2024 Version 1.0: 223432 (Management Consultant); ESCO 1.2.1: http://data.europa.eu/esco/occupation/6a29d804-f775-446c-bec7-35fc4e28ac97 (business consultant); O*NET Database 31.0: 13-1111.00 (Management Analysts)
Management Consultant,Business and Finance,Operations Management,4,approved,gradnavi_review,GradNavi-reviewed detailed Interest mapping based on the Career description and approved occupation references: ABS OSCA 2024 Version 1.0: 223432 (Management Consultant); ESCO 1.2.1: http://data.europa.eu/esco/occupation/6a29d804-f775-446c-bec7-35fc4e28ac97 (business consultant); O*NET Database 31.0: 13-1111.00 (Management Analysts)
Management Consultant,Business and Finance,Business Decision Support,3,approved,gradnavi_review,GradNavi-reviewed detailed Interest mapping based on the Career description and approved occupation references: ABS OSCA 2024 Version 1.0: 223432 (Management Consultant); ESCO 1.2.1: http://data.europa.eu/esco/occupation/6a29d804-f775-446c-bec7-35fc4e28ac97 (business consultant); O*NET Database 31.0: 13-1111.00 (Management Analysts)
Management Consultant,Business and Finance,Data Analysis,3,approved,gradnavi_review,GradNavi-reviewed detailed Interest mapping based on the Career description and approved occupation references: ABS OSCA 2024 Version 1.0: 223432 (Management Consultant); ESCO 1.2.1: http://data.europa.eu/esco/occupation/6a29d804-f775-446c-bec7-35fc4e28ac97 (business consultant); O*NET Database 31.0: 13-1111.00 (Management Analysts)
Management Consultant,Business and Finance,Client Advisory,3,approved,gradnavi_review,GradNavi-reviewed detailed Interest mapping based on the Career description and approved occupation references: ABS OSCA 2024 Version 1.0: 223432 (Management Consultant); ESCO 1.2.1: http://data.europa.eu/esco/occupation/6a29d804-f775-446c-bec7-35fc4e28ac97 (business consultant); O*NET Database 31.0: 13-1111.00 (Management Analysts)
Taxation Accountant,Business and Finance,Taxation,5,approved,gradnavi_review,GradNavi-reviewed detailed Interest mapping based on the Career description and approved occupation references: ABS OSCA 2024 Version 1.0: 211135 (Taxation Accountant); ESCO 1.2.1: http://data.europa.eu/esco/occupation/eda0d957-3c3c-4139-b89a-a18bc9e18897 (accountant); O*NET Database 31.0: 13-2011.00 (Accountants and Auditors)
Taxation Accountant,Business and Finance,Tax Compliance,5,approved,gradnavi_review,GradNavi-reviewed detailed Interest mapping based on the Career description and approved occupation references: ABS OSCA 2024 Version 1.0: 211135 (Taxation Accountant); ESCO 1.2.1: http://data.europa.eu/esco/occupation/eda0d957-3c3c-4139-b89a-a18bc9e18897 (accountant); O*NET Database 31.0: 13-2011.00 (Accountants and Auditors)
Taxation Accountant,Business and Finance,Tax Planning,5,approved,gradnavi_review,GradNavi-reviewed detailed Interest mapping based on the Career description and approved occupation references: ABS OSCA 2024 Version 1.0: 211135 (Taxation Accountant); ESCO 1.2.1: http://data.europa.eu/esco/occupation/eda0d957-3c3c-4139-b89a-a18bc9e18897 (accountant); O*NET Database 31.0: 13-2011.00 (Accountants and Auditors)
Taxation Accountant,Business and Finance,Accounting Systems,4,approved,gradnavi_review,GradNavi-reviewed detailed Interest mapping based on the Career description and approved occupation references: ABS OSCA 2024 Version 1.0: 211135 (Taxation Accountant); ESCO 1.2.1: http://data.europa.eu/esco/occupation/eda0d957-3c3c-4139-b89a-a18bc9e18897 (accountant); O*NET Database 31.0: 13-2011.00 (Accountants and Auditors)
Taxation Accountant,Business and Finance,Financial Reporting,4,approved,gradnavi_review,GradNavi-reviewed detailed Interest mapping based on the Career description and approved occupation references: ABS OSCA 2024 Version 1.0: 211135 (Taxation Accountant); ESCO 1.2.1: http://data.europa.eu/esco/occupation/eda0d957-3c3c-4139-b89a-a18bc9e18897 (accountant); O*NET Database 31.0: 13-2011.00 (Accountants and Auditors)
Taxation Accountant,Business and Finance,Regulatory Compliance,4,approved,gradnavi_review,GradNavi-reviewed detailed Interest mapping based on the Career description and approved occupation references: ABS OSCA 2024 Version 1.0: 211135 (Taxation Accountant); ESCO 1.2.1: http://data.europa.eu/esco/occupation/eda0d957-3c3c-4139-b89a-a18bc9e18897 (accountant); O*NET Database 31.0: 13-2011.00 (Accountants and Auditors)
Taxation Accountant,Business and Finance,Financial Analysis,4,approved,gradnavi_review,GradNavi-reviewed detailed Interest mapping based on the Career description and approved occupation references: ABS OSCA 2024 Version 1.0: 211135 (Taxation Accountant); ESCO 1.2.1: http://data.europa.eu/esco/occupation/eda0d957-3c3c-4139-b89a-a18bc9e18897 (accountant); O*NET Database 31.0: 13-2011.00 (Accountants and Auditors)
Taxation Accountant,Business and Finance,Legislation and Policy,3,approved,gradnavi_review,GradNavi-reviewed detailed Interest mapping based on the Career description and approved occupation references: ABS OSCA 2024 Version 1.0: 211135 (Taxation Accountant); ESCO 1.2.1: http://data.europa.eu/esco/occupation/eda0d957-3c3c-4139-b89a-a18bc9e18897 (accountant); O*NET Database 31.0: 13-2011.00 (Accountants and Auditors)
Taxation Accountant,Business and Finance,Business Finance,3,approved,gradnavi_review,GradNavi-reviewed detailed Interest mapping based on the Career description and approved occupation references: ABS OSCA 2024 Version 1.0: 211135 (Taxation Accountant); ESCO 1.2.1: http://data.europa.eu/esco/occupation/eda0d957-3c3c-4139-b89a-a18bc9e18897 (accountant); O*NET Database 31.0: 13-2011.00 (Accountants and Auditors)
Taxation Accountant,Business and Finance,Client Advisory,3,approved,gradnavi_review,GradNavi-reviewed detailed Interest mapping based on the Career description and approved occupation references: ABS OSCA 2024 Version 1.0: 211135 (Taxation Accountant); ESCO 1.2.1: http://data.europa.eu/esco/occupation/eda0d957-3c3c-4139-b89a-a18bc9e18897 (accountant); O*NET Database 31.0: 13-2011.00 (Accountants and Auditors)
Cyber Security Advice and Assessment Specialist,Cyber Security,Cybersecurity,5,approved,gradnavi_review,GradNavi-reviewed detailed Interest mapping based on the Career description and approved occupation references: ABS OSCA 2024 Version 1.0: 271132 (Cyber Security Advice and Assessment Specialist); ESCO 1.2.1: http://data.europa.eu/esco/occupation/7754d570-9519-48c2-b1c9-8e165f8bca0f (cybersecurity risk manager); O*NET Database 31.0: 15-1212.00 (Information Security Analysts)
Cyber Security Advice and Assessment Specialist,Cyber Security,Cyber Risk Management,5,approved,gradnavi_review,GradNavi-reviewed detailed Interest mapping based on the Career description and approved occupation references: ABS OSCA 2024 Version 1.0: 271132 (Cyber Security Advice and Assessment Specialist); ESCO 1.2.1: http://data.europa.eu/esco/occupation/7754d570-9519-48c2-b1c9-8e165f8bca0f (cybersecurity risk manager); O*NET Database 31.0: 15-1212.00 (Information Security Analysts)
Cyber Security Advice and Assessment Specialist,Cyber Security,Security Governance,5,approved,gradnavi_review,GradNavi-reviewed detailed Interest mapping based on the Career description and approved occupation references: ABS OSCA 2024 Version 1.0: 271132 (Cyber Security Advice and Assessment Specialist); ESCO 1.2.1: http://data.europa.eu/esco/occupation/7754d570-9519-48c2-b1c9-8e165f8bca0f (cybersecurity risk manager); O*NET Database 31.0: 15-1212.00 (Information Security Analysts)
Cyber Security Advice and Assessment Specialist,Cyber Security,Security Assessment,4,approved,gradnavi_review,GradNavi-reviewed detailed Interest mapping based on the Career description and approved occupation references: ABS OSCA 2024 Version 1.0: 271132 (Cyber Security Advice and Assessment Specialist); ESCO 1.2.1: http://data.europa.eu/esco/occupation/7754d570-9519-48c2-b1c9-8e165f8bca0f (cybersecurity risk manager); O*NET Database 31.0: 15-1212.00 (Information Security Analysts)
Cyber Security Advice and Assessment Specialist,Cyber Security,Compliance and Assurance,4,approved,gradnavi_review,GradNavi-reviewed detailed Interest mapping based on the Career description and approved occupation references: ABS OSCA 2024 Version 1.0: 271132 (Cyber Security Advice and Assessment Specialist); ESCO 1.2.1: http://data.europa.eu/esco/occupation/7754d570-9519-48c2-b1c9-8e165f8bca0f (cybersecurity risk manager); O*NET Database 31.0: 15-1212.00 (Information Security Analysts)
Cyber Security Advice and Assessment Specialist,Cyber Security,Information Security,4,approved,gradnavi_review,GradNavi-reviewed detailed Interest mapping based on the Career description and approved occupation references: ABS OSCA 2024 Version 1.0: 271132 (Cyber Security Advice and Assessment Specialist); ESCO 1.2.1: http://data.europa.eu/esco/occupation/7754d570-9519-48c2-b1c9-8e165f8bca0f (cybersecurity risk manager); O*NET Database 31.0: 15-1212.00 (Information Security Analysts)
Cyber Security Advice and Assessment Specialist,Cyber Security,Security Controls,4,approved,gradnavi_review,GradNavi-reviewed detailed Interest mapping based on the Career description and approved occupation references: ABS OSCA 2024 Version 1.0: 271132 (Cyber Security Advice and Assessment Specialist); ESCO 1.2.1: http://data.europa.eu/esco/occupation/7754d570-9519-48c2-b1c9-8e165f8bca0f (cybersecurity risk manager); O*NET Database 31.0: 15-1212.00 (Information Security Analysts)
Cyber Security Advice and Assessment Specialist,Cyber Security,Risk Analysis,3,approved,gradnavi_review,GradNavi-reviewed detailed Interest mapping based on the Career description and approved occupation references: ABS OSCA 2024 Version 1.0: 271132 (Cyber Security Advice and Assessment Specialist); ESCO 1.2.1: http://data.europa.eu/esco/occupation/7754d570-9519-48c2-b1c9-8e165f8bca0f (cybersecurity risk manager); O*NET Database 31.0: 15-1212.00 (Information Security Analysts)
Cyber Security Advice and Assessment Specialist,Cyber Security,Privacy and Data Protection,3,approved,gradnavi_review,GradNavi-reviewed detailed Interest mapping based on the Career description and approved occupation references: ABS OSCA 2024 Version 1.0: 271132 (Cyber Security Advice and Assessment Specialist); ESCO 1.2.1: http://data.europa.eu/esco/occupation/7754d570-9519-48c2-b1c9-8e165f8bca0f (cybersecurity risk manager); O*NET Database 31.0: 15-1212.00 (Information Security Analysts)
Cyber Security Advice and Assessment Specialist,Cyber Security,Client Advisory,3,approved,gradnavi_review,GradNavi-reviewed detailed Interest mapping based on the Career description and approved occupation references: ABS OSCA 2024 Version 1.0: 271132 (Cyber Security Advice and Assessment Specialist); ESCO 1.2.1: http://data.europa.eu/esco/occupation/7754d570-9519-48c2-b1c9-8e165f8bca0f (cybersecurity risk manager); O*NET Database 31.0: 15-1212.00 (Information Security Analysts)
Cyber Security Analyst,Cyber Security,Cybersecurity,5,approved,gradnavi_review,GradNavi-reviewed detailed Interest mapping based on the Career description and approved occupation references: ABS OSCA 2024 Version 1.0: 271133 (Cyber Security Analyst); O*NET Database 31.0: 15-1212.00 (Information Security Analysts)
Cyber Security Analyst,Cyber Security,Threat Analysis,5,approved,gradnavi_review,GradNavi-reviewed detailed Interest mapping based on the Career description and approved occupation references: ABS OSCA 2024 Version 1.0: 271133 (Cyber Security Analyst); O*NET Database 31.0: 15-1212.00 (Information Security Analysts)
Cyber Security Analyst,Cyber Security,Security Monitoring,5,approved,gradnavi_review,GradNavi-reviewed detailed Interest mapping based on the Career description and approved occupation references: ABS OSCA 2024 Version 1.0: 271133 (Cyber Security Analyst); O*NET Database 31.0: 15-1212.00 (Information Security Analysts)
Cyber Security Analyst,Cyber Security,Vulnerability Management,4,approved,gradnavi_review,GradNavi-reviewed detailed Interest mapping based on the Career description and approved occupation references: ABS OSCA 2024 Version 1.0: 271133 (Cyber Security Analyst); O*NET Database 31.0: 15-1212.00 (Information Security Analysts)
Cyber Security Analyst,Cyber Security,Incident Response,4,approved,gradnavi_review,GradNavi-reviewed detailed Interest mapping based on the Career description and approved occupation references: ABS OSCA 2024 Version 1.0: 271133 (Cyber Security Analyst); O*NET Database 31.0: 15-1212.00 (Information Security Analysts)
Cyber Security Analyst,Cyber Security,Security Operations,4,approved,gradnavi_review,GradNavi-reviewed detailed Interest mapping based on the Career description and approved occupation references: ABS OSCA 2024 Version 1.0: 271133 (Cyber Security Analyst); O*NET Database 31.0: 15-1212.00 (Information Security Analysts)
Cyber Security Analyst,Cyber Security,Information Security,4,approved,gradnavi_review,GradNavi-reviewed detailed Interest mapping based on the Career description and approved occupation references: ABS OSCA 2024 Version 1.0: 271133 (Cyber Security Analyst); O*NET Database 31.0: 15-1212.00 (Information Security Analysts)
Cyber Security Analyst,Cyber Security,Risk Analysis,3,approved,gradnavi_review,GradNavi-reviewed detailed Interest mapping based on the Career description and approved occupation references: ABS OSCA 2024 Version 1.0: 271133 (Cyber Security Analyst); O*NET Database 31.0: 15-1212.00 (Information Security Analysts)
Cyber Security Analyst,Cyber Security,Digital Forensics,3,approved,gradnavi_review,GradNavi-reviewed detailed Interest mapping based on the Career description and approved occupation references: ABS OSCA 2024 Version 1.0: 271133 (Cyber Security Analyst); O*NET Database 31.0: 15-1212.00 (Information Security Analysts)
Cyber Security Analyst,Cyber Security,Network Security,3,approved,gradnavi_review,GradNavi-reviewed detailed Interest mapping based on the Career description and approved occupation references: ABS OSCA 2024 Version 1.0: 271133 (Cyber Security Analyst); O*NET Database 31.0: 15-1212.00 (Information Security Analysts)
Cyber Security Architect,Cyber Security,Security Architecture,5,approved,gradnavi_review,GradNavi-reviewed detailed Interest mapping based on the Career description and approved occupation references: ABS OSCA 2024 Version 1.0: 271134 (Cyber Security Architect); O*NET Database 31.0: 15-1299.05 (Information Security Engineers)
Cyber Security Architect,Cyber Security,Cybersecurity,5,approved,gradnavi_review,GradNavi-reviewed detailed Interest mapping based on the Career description and approved occupation references: ABS OSCA 2024 Version 1.0: 271134 (Cyber Security Architect); O*NET Database 31.0: 15-1299.05 (Information Security Engineers)
Cyber Security Architect,Cyber Security,Secure Systems Design,5,approved,gradnavi_review,GradNavi-reviewed detailed Interest mapping based on the Career description and approved occupation references: ABS OSCA 2024 Version 1.0: 271134 (Cyber Security Architect); O*NET Database 31.0: 15-1299.05 (Information Security Engineers)
Cyber Security Architect,Cyber Security,Cloud Security,4,approved,gradnavi_review,GradNavi-reviewed detailed Interest mapping based on the Career description and approved occupation references: ABS OSCA 2024 Version 1.0: 271134 (Cyber Security Architect); O*NET Database 31.0: 15-1299.05 (Information Security Engineers)
Cyber Security Architect,Cyber Security,Network Security,4,approved,gradnavi_review,GradNavi-reviewed detailed Interest mapping based on the Career description and approved occupation references: ABS OSCA 2024 Version 1.0: 271134 (Cyber Security Architect); O*NET Database 31.0: 15-1299.05 (Information Security Engineers)
Cyber Security Architect,Cyber Security,Identity and Access Management,4,approved,gradnavi_review,GradNavi-reviewed detailed Interest mapping based on the Career description and approved occupation references: ABS OSCA 2024 Version 1.0: 271134 (Cyber Security Architect); O*NET Database 31.0: 15-1299.05 (Information Security Engineers)
Cyber Security Architect,Cyber Security,Security Controls,4,approved,gradnavi_review,GradNavi-reviewed detailed Interest mapping based on the Career description and approved occupation references: ABS OSCA 2024 Version 1.0: 271134 (Cyber Security Architect); O*NET Database 31.0: 15-1299.05 (Information Security Engineers)
Cyber Security Architect,Cyber Security,Information Security,3,approved,gradnavi_review,GradNavi-reviewed detailed Interest mapping based on the Career description and approved occupation references: ABS OSCA 2024 Version 1.0: 271134 (Cyber Security Architect); O*NET Database 31.0: 15-1299.05 (Information Security Engineers)
Cyber Security Architect,Cyber Security,Threat Modelling,3,approved,gradnavi_review,GradNavi-reviewed detailed Interest mapping based on the Career description and approved occupation references: ABS OSCA 2024 Version 1.0: 271134 (Cyber Security Architect); O*NET Database 31.0: 15-1299.05 (Information Security Engineers)
Cyber Security Architect,Cyber Security,Risk Analysis,3,approved,gradnavi_review,GradNavi-reviewed detailed Interest mapping based on the Career description and approved occupation references: ABS OSCA 2024 Version 1.0: 271134 (Cyber Security Architect); O*NET Database 31.0: 15-1299.05 (Information Security Engineers)
Cyber Security Engineer,Cyber Security,Security Engineering,5,approved,gradnavi_review,GradNavi-reviewed detailed Interest mapping based on the Career description and approved occupation references: ABS OSCA 2024 Version 1.0: 271135 (Cyber Security Engineer); O*NET Database 31.0: 15-1299.05 (Information Security Engineers)
Cyber Security Engineer,Cyber Security,Cybersecurity,5,approved,gradnavi_review,GradNavi-reviewed detailed Interest mapping based on the Career description and approved occupation references: ABS OSCA 2024 Version 1.0: 271135 (Cyber Security Engineer); O*NET Database 31.0: 15-1299.05 (Information Security Engineers)
Cyber Security Engineer,Cyber Security,Security Automation,5,approved,gradnavi_review,GradNavi-reviewed detailed Interest mapping based on the Career description and approved occupation references: ABS OSCA 2024 Version 1.0: 271135 (Cyber Security Engineer); O*NET Database 31.0: 15-1299.05 (Information Security Engineers)
Cyber Security Engineer,Cyber Security,Network Security,4,approved,gradnavi_review,GradNavi-reviewed detailed Interest mapping based on the Career description and approved occupation references: ABS OSCA 2024 Version 1.0: 271135 (Cyber Security Engineer); O*NET Database 31.0: 15-1299.05 (Information Security Engineers)
Cyber Security Engineer,Cyber Security,Cloud Security,4,approved,gradnavi_review,GradNavi-reviewed detailed Interest mapping based on the Career description and approved occupation references: ABS OSCA 2024 Version 1.0: 271135 (Cyber Security Engineer); O*NET Database 31.0: 15-1299.05 (Information Security Engineers)
Cyber Security Engineer,Cyber Security,Identity and Access Management,4,approved,gradnavi_review,GradNavi-reviewed detailed Interest mapping based on the Career description and approved occupation references: ABS OSCA 2024 Version 1.0: 271135 (Cyber Security Engineer); O*NET Database 31.0: 15-1299.05 (Information Security Engineers)
Cyber Security Engineer,Cyber Security,Security Controls,4,approved,gradnavi_review,GradNavi-reviewed detailed Interest mapping based on the Career description and approved occupation references: ABS OSCA 2024 Version 1.0: 271135 (Cyber Security Engineer); O*NET Database 31.0: 15-1299.05 (Information Security Engineers)
Cyber Security Engineer,Cyber Security,Vulnerability Management,3,approved,gradnavi_review,GradNavi-reviewed detailed Interest mapping based on the Career description and approved occupation references: ABS OSCA 2024 Version 1.0: 271135 (Cyber Security Engineer); O*NET Database 31.0: 15-1299.05 (Information Security Engineers)
Cyber Security Engineer,Cyber Security,Secure Systems Design,3,approved,gradnavi_review,GradNavi-reviewed detailed Interest mapping based on the Career description and approved occupation references: ABS OSCA 2024 Version 1.0: 271135 (Cyber Security Engineer); O*NET Database 31.0: 15-1299.05 (Information Security Engineers)
Cyber Security Engineer,Cyber Security,Incident Response,3,approved,gradnavi_review,GradNavi-reviewed detailed Interest mapping based on the Career description and approved occupation references: ABS OSCA 2024 Version 1.0: 271135 (Cyber Security Engineer); O*NET Database 31.0: 15-1299.05 (Information Security Engineers)
Data Analyst,Data and Artificial Intelligence,Data Analysis,5,approved,gradnavi_review,GradNavi-reviewed detailed Interest mapping based on the Career description and approved occupation references: ABS OSCA 2024 Version 1.0: 223231 (Data Analyst); ESCO 1.2.1: http://data.europa.eu/esco/occupation/d3edb8f8-3a06-47a0-8fb9-9b212c006aa2 (data analyst); O*NET Database 31.0: 15-2051.01 (Business Intelligence Analysts)
Data Analyst,Data and Artificial Intelligence,Data Visualisation,5,approved,gradnavi_review,GradNavi-reviewed detailed Interest mapping based on the Career description and approved occupation references: ABS OSCA 2024 Version 1.0: 223231 (Data Analyst); ESCO 1.2.1: http://data.europa.eu/esco/occupation/d3edb8f8-3a06-47a0-8fb9-9b212c006aa2 (data analyst); O*NET Database 31.0: 15-2051.01 (Business Intelligence Analysts)
Data Analyst,Data and Artificial Intelligence,Business Intelligence,5,approved,gradnavi_review,GradNavi-reviewed detailed Interest mapping based on the Career description and approved occupation references: ABS OSCA 2024 Version 1.0: 223231 (Data Analyst); ESCO 1.2.1: http://data.europa.eu/esco/occupation/d3edb8f8-3a06-47a0-8fb9-9b212c006aa2 (data analyst); O*NET Database 31.0: 15-2051.01 (Business Intelligence Analysts)
Data Analyst,Data and Artificial Intelligence,Statistical Analysis,4,approved,gradnavi_review,GradNavi-reviewed detailed Interest mapping based on the Career description and approved occupation references: ABS OSCA 2024 Version 1.0: 223231 (Data Analyst); ESCO 1.2.1: http://data.europa.eu/esco/occupation/d3edb8f8-3a06-47a0-8fb9-9b212c006aa2 (data analyst); O*NET Database 31.0: 15-2051.01 (Business Intelligence Analysts)
Data Analyst,Data and Artificial Intelligence,Reporting and Dashboards,4,approved,gradnavi_review,GradNavi-reviewed detailed Interest mapping based on the Career description and approved occupation references: ABS OSCA 2024 Version 1.0: 223231 (Data Analyst); ESCO 1.2.1: http://data.europa.eu/esco/occupation/d3edb8f8-3a06-47a0-8fb9-9b212c006aa2 (data analyst); O*NET Database 31.0: 15-2051.01 (Business Intelligence Analysts)
Data Analyst,Data and Artificial Intelligence,Data Quality,4,approved,gradnavi_review,GradNavi-reviewed detailed Interest mapping based on the Career description and approved occupation references: ABS OSCA 2024 Version 1.0: 223231 (Data Analyst); ESCO 1.2.1: http://data.europa.eu/esco/occupation/d3edb8f8-3a06-47a0-8fb9-9b212c006aa2 (data analyst); O*NET Database 31.0: 15-2051.01 (Business Intelligence Analysts)
Data Analyst,Data and Artificial Intelligence,Database Systems,4,approved,gradnavi_review,GradNavi-reviewed detailed Interest mapping based on the Career description and approved occupation references: ABS OSCA 2024 Version 1.0: 223231 (Data Analyst); ESCO 1.2.1: http://data.europa.eu/esco/occupation/d3edb8f8-3a06-47a0-8fb9-9b212c006aa2 (data analyst); O*NET Database 31.0: 15-2051.01 (Business Intelligence Analysts)
Data Analyst,Data and Artificial Intelligence,Business Decision Support,3,approved,gradnavi_review,GradNavi-reviewed detailed Interest mapping based on the Career description and approved occupation references: ABS OSCA 2024 Version 1.0: 223231 (Data Analyst); ESCO 1.2.1: http://data.europa.eu/esco/occupation/d3edb8f8-3a06-47a0-8fb9-9b212c006aa2 (data analyst); O*NET Database 31.0: 15-2051.01 (Business Intelligence Analysts)
Data Analyst,Data and Artificial Intelligence,Market and Operational Insights,3,approved,gradnavi_review,GradNavi-reviewed detailed Interest mapping based on the Career description and approved occupation references: ABS OSCA 2024 Version 1.0: 223231 (Data Analyst); ESCO 1.2.1: http://data.europa.eu/esco/occupation/d3edb8f8-3a06-47a0-8fb9-9b212c006aa2 (data analyst); O*NET Database 31.0: 15-2051.01 (Business Intelligence Analysts)
Data Analyst,Data and Artificial Intelligence,Data Governance,3,approved,gradnavi_review,GradNavi-reviewed detailed Interest mapping based on the Career description and approved occupation references: ABS OSCA 2024 Version 1.0: 223231 (Data Analyst); ESCO 1.2.1: http://data.europa.eu/esco/occupation/d3edb8f8-3a06-47a0-8fb9-9b212c006aa2 (data analyst); O*NET Database 31.0: 15-2051.01 (Business Intelligence Analysts)
Data Architect,Data and Artificial Intelligence,Data Architecture,5,approved,gradnavi_review,GradNavi-reviewed detailed Interest mapping based on the Career description and approved occupation references: ABS OSCA 2024 Version 1.0: 223232 (Data Architect); ESCO 1.2.1: http://data.europa.eu/esco/occupation/8d9ec84d-cf2d-4179-87bc-335cda54a427 (database designer); O*NET Database 31.0: 15-1243.00 (Database Architects)
Data Architect,Data and Artificial Intelligence,Data Modelling,5,approved,gradnavi_review,GradNavi-reviewed detailed Interest mapping based on the Career description and approved occupation references: ABS OSCA 2024 Version 1.0: 223232 (Data Architect); ESCO 1.2.1: http://data.europa.eu/esco/occupation/8d9ec84d-cf2d-4179-87bc-335cda54a427 (database designer); O*NET Database 31.0: 15-1243.00 (Database Architects)
Data Architect,Data and Artificial Intelligence,Database Systems,5,approved,gradnavi_review,GradNavi-reviewed detailed Interest mapping based on the Career description and approved occupation references: ABS OSCA 2024 Version 1.0: 223232 (Data Architect); ESCO 1.2.1: http://data.europa.eu/esco/occupation/8d9ec84d-cf2d-4179-87bc-335cda54a427 (database designer); O*NET Database 31.0: 15-1243.00 (Database Architects)
Data Architect,Data and Artificial Intelligence,Data Governance,4,approved,gradnavi_review,GradNavi-reviewed detailed Interest mapping based on the Career description and approved occupation references: ABS OSCA 2024 Version 1.0: 223232 (Data Architect); ESCO 1.2.1: http://data.europa.eu/esco/occupation/8d9ec84d-cf2d-4179-87bc-335cda54a427 (database designer); O*NET Database 31.0: 15-1243.00 (Database Architects)
Data Architect,Data and Artificial Intelligence,Data Integration,4,approved,gradnavi_review,GradNavi-reviewed detailed Interest mapping based on the Career description and approved occupation references: ABS OSCA 2024 Version 1.0: 223232 (Data Architect); ESCO 1.2.1: http://data.europa.eu/esco/occupation/8d9ec84d-cf2d-4179-87bc-335cda54a427 (database designer); O*NET Database 31.0: 15-1243.00 (Database Architects)
Data Architect,Data and Artificial Intelligence,Data Quality,4,approved,gradnavi_review,GradNavi-reviewed detailed Interest mapping based on the Career description and approved occupation references: ABS OSCA 2024 Version 1.0: 223232 (Data Architect); ESCO 1.2.1: http://data.europa.eu/esco/occupation/8d9ec84d-cf2d-4179-87bc-335cda54a427 (database designer); O*NET Database 31.0: 15-1243.00 (Database Architects)
Data Architect,Data and Artificial Intelligence,Cloud Data Platforms,4,approved,gradnavi_review,GradNavi-reviewed detailed Interest mapping based on the Career description and approved occupation references: ABS OSCA 2024 Version 1.0: 223232 (Data Architect); ESCO 1.2.1: http://data.europa.eu/esco/occupation/8d9ec84d-cf2d-4179-87bc-335cda54a427 (database designer); O*NET Database 31.0: 15-1243.00 (Database Architects)
Data Architect,Data and Artificial Intelligence,Data Security,3,approved,gradnavi_review,GradNavi-reviewed detailed Interest mapping based on the Career description and approved occupation references: ABS OSCA 2024 Version 1.0: 223232 (Data Architect); ESCO 1.2.1: http://data.europa.eu/esco/occupation/8d9ec84d-cf2d-4179-87bc-335cda54a427 (database designer); O*NET Database 31.0: 15-1243.00 (Database Architects)
Data Architect,Data and Artificial Intelligence,Enterprise Architecture,3,approved,gradnavi_review,GradNavi-reviewed detailed Interest mapping based on the Career description and approved occupation references: ABS OSCA 2024 Version 1.0: 223232 (Data Architect); ESCO 1.2.1: http://data.europa.eu/esco/occupation/8d9ec84d-cf2d-4179-87bc-335cda54a427 (database designer); O*NET Database 31.0: 15-1243.00 (Database Architects)
Data Architect,Data and Artificial Intelligence,Data Engineering,3,approved,gradnavi_review,GradNavi-reviewed detailed Interest mapping based on the Career description and approved occupation references: ABS OSCA 2024 Version 1.0: 223232 (Data Architect); ESCO 1.2.1: http://data.europa.eu/esco/occupation/8d9ec84d-cf2d-4179-87bc-335cda54a427 (database designer); O*NET Database 31.0: 15-1243.00 (Database Architects)
Data Engineer,Data and Artificial Intelligence,Data Engineering,5,approved,gradnavi_review,GradNavi-reviewed detailed Interest mapping based on the Career description and approved occupation references: ABS OSCA 2024 Version 1.0: 223233 (Data Engineer); ESCO 1.2.1: http://data.europa.eu/esco/occupation/2079755f-d809-49e6-8037-4de6180e54c0 (data engineer); O*NET Database 31.0: 15-1243.01 (Data Warehousing Specialists)
Data Engineer,Data and Artificial Intelligence,Data Pipelines,5,approved,gradnavi_review,GradNavi-reviewed detailed Interest mapping based on the Career description and approved occupation references: ABS OSCA 2024 Version 1.0: 223233 (Data Engineer); ESCO 1.2.1: http://data.europa.eu/esco/occupation/2079755f-d809-49e6-8037-4de6180e54c0 (data engineer); O*NET Database 31.0: 15-1243.01 (Data Warehousing Specialists)
Data Engineer,Data and Artificial Intelligence,Data Integration,5,approved,gradnavi_review,GradNavi-reviewed detailed Interest mapping based on the Career description and approved occupation references: ABS OSCA 2024 Version 1.0: 223233 (Data Engineer); ESCO 1.2.1: http://data.europa.eu/esco/occupation/2079755f-d809-49e6-8037-4de6180e54c0 (data engineer); O*NET Database 31.0: 15-1243.01 (Data Warehousing Specialists)
Data Engineer,Data and Artificial Intelligence,Database Systems,4,approved,gradnavi_review,GradNavi-reviewed detailed Interest mapping based on the Career description and approved occupation references: ABS OSCA 2024 Version 1.0: 223233 (Data Engineer); ESCO 1.2.1: http://data.europa.eu/esco/occupation/2079755f-d809-49e6-8037-4de6180e54c0 (data engineer); O*NET Database 31.0: 15-1243.01 (Data Warehousing Specialists)
Data Engineer,Data and Artificial Intelligence,Cloud Data Platforms,4,approved,gradnavi_review,GradNavi-reviewed detailed Interest mapping based on the Career description and approved occupation references: ABS OSCA 2024 Version 1.0: 223233 (Data Engineer); ESCO 1.2.1: http://data.europa.eu/esco/occupation/2079755f-d809-49e6-8037-4de6180e54c0 (data engineer); O*NET Database 31.0: 15-1243.01 (Data Warehousing Specialists)
Data Engineer,Data and Artificial Intelligence,Data Warehousing,4,approved,gradnavi_review,GradNavi-reviewed detailed Interest mapping based on the Career description and approved occupation references: ABS OSCA 2024 Version 1.0: 223233 (Data Engineer); ESCO 1.2.1: http://data.europa.eu/esco/occupation/2079755f-d809-49e6-8037-4de6180e54c0 (data engineer); O*NET Database 31.0: 15-1243.01 (Data Warehousing Specialists)
Data Engineer,Data and Artificial Intelligence,Automation,4,approved,gradnavi_review,GradNavi-reviewed detailed Interest mapping based on the Career description and approved occupation references: ABS OSCA 2024 Version 1.0: 223233 (Data Engineer); ESCO 1.2.1: http://data.europa.eu/esco/occupation/2079755f-d809-49e6-8037-4de6180e54c0 (data engineer); O*NET Database 31.0: 15-1243.01 (Data Warehousing Specialists)
Data Engineer,Data and Artificial Intelligence,Data Quality,3,approved,gradnavi_review,GradNavi-reviewed detailed Interest mapping based on the Career description and approved occupation references: ABS OSCA 2024 Version 1.0: 223233 (Data Engineer); ESCO 1.2.1: http://data.europa.eu/esco/occupation/2079755f-d809-49e6-8037-4de6180e54c0 (data engineer); O*NET Database 31.0: 15-1243.01 (Data Warehousing Specialists)
Data Engineer,Data and Artificial Intelligence,Distributed Systems,3,approved,gradnavi_review,GradNavi-reviewed detailed Interest mapping based on the Career description and approved occupation references: ABS OSCA 2024 Version 1.0: 223233 (Data Engineer); ESCO 1.2.1: http://data.europa.eu/esco/occupation/2079755f-d809-49e6-8037-4de6180e54c0 (data engineer); O*NET Database 31.0: 15-1243.01 (Data Warehousing Specialists)
Data Engineer,Data and Artificial Intelligence,Data Governance,3,approved,gradnavi_review,GradNavi-reviewed detailed Interest mapping based on the Career description and approved occupation references: ABS OSCA 2024 Version 1.0: 223233 (Data Engineer); ESCO 1.2.1: http://data.europa.eu/esco/occupation/2079755f-d809-49e6-8037-4de6180e54c0 (data engineer); O*NET Database 31.0: 15-1243.01 (Data Warehousing Specialists)
Data Scientist,Data and Artificial Intelligence,Data Science,5,approved,gradnavi_review,GradNavi-reviewed detailed Interest mapping based on the Career description and approved occupation references: ABS OSCA 2024 Version 1.0: 223234 (Data Scientist); ESCO 1.2.1: http://data.europa.eu/esco/occupation/258e46f9-0075-4a2e-adae-1ff0477e0f30 (data scientist); O*NET Database 31.0: 15-2051.00 (Data Scientists)
Data Scientist,Data and Artificial Intelligence,Machine Learning,5,approved,gradnavi_review,GradNavi-reviewed detailed Interest mapping based on the Career description and approved occupation references: ABS OSCA 2024 Version 1.0: 223234 (Data Scientist); ESCO 1.2.1: http://data.europa.eu/esco/occupation/258e46f9-0075-4a2e-adae-1ff0477e0f30 (data scientist); O*NET Database 31.0: 15-2051.00 (Data Scientists)
Data Scientist,Data and Artificial Intelligence,Artificial Intelligence,5,approved,gradnavi_review,GradNavi-reviewed detailed Interest mapping based on the Career description and approved occupation references: ABS OSCA 2024 Version 1.0: 223234 (Data Scientist); ESCO 1.2.1: http://data.europa.eu/esco/occupation/258e46f9-0075-4a2e-adae-1ff0477e0f30 (data scientist); O*NET Database 31.0: 15-2051.00 (Data Scientists)
Data Scientist,Data and Artificial Intelligence,Statistical Analysis,4,approved,gradnavi_review,GradNavi-reviewed detailed Interest mapping based on the Career description and approved occupation references: ABS OSCA 2024 Version 1.0: 223234 (Data Scientist); ESCO 1.2.1: http://data.europa.eu/esco/occupation/258e46f9-0075-4a2e-adae-1ff0477e0f30 (data scientist); O*NET Database 31.0: 15-2051.00 (Data Scientists)
Data Scientist,Data and Artificial Intelligence,Predictive Modelling,4,approved,gradnavi_review,GradNavi-reviewed detailed Interest mapping based on the Career description and approved occupation references: ABS OSCA 2024 Version 1.0: 223234 (Data Scientist); ESCO 1.2.1: http://data.europa.eu/esco/occupation/258e46f9-0075-4a2e-adae-1ff0477e0f30 (data scientist); O*NET Database 31.0: 15-2051.00 (Data Scientists)
Data Scientist,Data and Artificial Intelligence,Data Analysis,4,approved,gradnavi_review,GradNavi-reviewed detailed Interest mapping based on the Career description and approved occupation references: ABS OSCA 2024 Version 1.0: 223234 (Data Scientist); ESCO 1.2.1: http://data.europa.eu/esco/occupation/258e46f9-0075-4a2e-adae-1ff0477e0f30 (data scientist); O*NET Database 31.0: 15-2051.00 (Data Scientists)
Data Scientist,Data and Artificial Intelligence,Experimentation,4,approved,gradnavi_review,GradNavi-reviewed detailed Interest mapping based on the Career description and approved occupation references: ABS OSCA 2024 Version 1.0: 223234 (Data Scientist); ESCO 1.2.1: http://data.europa.eu/esco/occupation/258e46f9-0075-4a2e-adae-1ff0477e0f30 (data scientist); O*NET Database 31.0: 15-2051.00 (Data Scientists)
Data Scientist,Data and Artificial Intelligence,Data Visualisation,3,approved,gradnavi_review,GradNavi-reviewed detailed Interest mapping based on the Career description and approved occupation references: ABS OSCA 2024 Version 1.0: 223234 (Data Scientist); ESCO 1.2.1: http://data.europa.eu/esco/occupation/258e46f9-0075-4a2e-adae-1ff0477e0f30 (data scientist); O*NET Database 31.0: 15-2051.00 (Data Scientists)
Data Scientist,Data and Artificial Intelligence,Programming and Automation,3,approved,gradnavi_review,GradNavi-reviewed detailed Interest mapping based on the Career description and approved occupation references: ABS OSCA 2024 Version 1.0: 223234 (Data Scientist); ESCO 1.2.1: http://data.europa.eu/esco/occupation/258e46f9-0075-4a2e-adae-1ff0477e0f30 (data scientist); O*NET Database 31.0: 15-2051.00 (Data Scientists)
Data Scientist,Data and Artificial Intelligence,Research and Discovery,3,approved,gradnavi_review,GradNavi-reviewed detailed Interest mapping based on the Career description and approved occupation references: ABS OSCA 2024 Version 1.0: 223234 (Data Scientist); ESCO 1.2.1: http://data.europa.eu/esco/occupation/258e46f9-0075-4a2e-adae-1ff0477e0f30 (data scientist); O*NET Database 31.0: 15-2051.00 (Data Scientists)
Graphic Designer,Design and Creative Technology,Graphic Design,5,approved,gradnavi_review,GradNavi-reviewed detailed Interest mapping based on the Career description and approved occupation references: ABS OSCA 2024 Version 1.0: 242332 (Graphic Designer); ESCO 1.2.1: http://data.europa.eu/esco/occupation/69bcbb0a-8d80-4ecd-b0a4-9adea2a40de2 (graphic designer); O*NET Database 31.0: 27-1024.00 (Graphic Designers)
Graphic Designer,Design and Creative Technology,Visual Communication,5,approved,gradnavi_review,GradNavi-reviewed detailed Interest mapping based on the Career description and approved occupation references: ABS OSCA 2024 Version 1.0: 242332 (Graphic Designer); ESCO 1.2.1: http://data.europa.eu/esco/occupation/69bcbb0a-8d80-4ecd-b0a4-9adea2a40de2 (graphic designer); O*NET Database 31.0: 27-1024.00 (Graphic Designers)
Graphic Designer,Design and Creative Technology,Typography,5,approved,gradnavi_review,GradNavi-reviewed detailed Interest mapping based on the Career description and approved occupation references: ABS OSCA 2024 Version 1.0: 242332 (Graphic Designer); ESCO 1.2.1: http://data.europa.eu/esco/occupation/69bcbb0a-8d80-4ecd-b0a4-9adea2a40de2 (graphic designer); O*NET Database 31.0: 27-1024.00 (Graphic Designers)
Graphic Designer,Design and Creative Technology,Branding,4,approved,gradnavi_review,GradNavi-reviewed detailed Interest mapping based on the Career description and approved occupation references: ABS OSCA 2024 Version 1.0: 242332 (Graphic Designer); ESCO 1.2.1: http://data.europa.eu/esco/occupation/69bcbb0a-8d80-4ecd-b0a4-9adea2a40de2 (graphic designer); O*NET Database 31.0: 27-1024.00 (Graphic Designers)
Graphic Designer,Design and Creative Technology,Illustration,4,approved,gradnavi_review,GradNavi-reviewed detailed Interest mapping based on the Career description and approved occupation references: ABS OSCA 2024 Version 1.0: 242332 (Graphic Designer); ESCO 1.2.1: http://data.europa.eu/esco/occupation/69bcbb0a-8d80-4ecd-b0a4-9adea2a40de2 (graphic designer); O*NET Database 31.0: 27-1024.00 (Graphic Designers)
Graphic Designer,Design and Creative Technology,Layout Design,4,approved,gradnavi_review,GradNavi-reviewed detailed Interest mapping based on the Career description and approved occupation references: ABS OSCA 2024 Version 1.0: 242332 (Graphic Designer); ESCO 1.2.1: http://data.europa.eu/esco/occupation/69bcbb0a-8d80-4ecd-b0a4-9adea2a40de2 (graphic designer); O*NET Database 31.0: 27-1024.00 (Graphic Designers)
Graphic Designer,Design and Creative Technology,Digital Content Design,4,approved,gradnavi_review,GradNavi-reviewed detailed Interest mapping based on the Career description and approved occupation references: ABS OSCA 2024 Version 1.0: 242332 (Graphic Designer); ESCO 1.2.1: http://data.europa.eu/esco/occupation/69bcbb0a-8d80-4ecd-b0a4-9adea2a40de2 (graphic designer); O*NET Database 31.0: 27-1024.00 (Graphic Designers)
Graphic Designer,Design and Creative Technology,Creative Direction,3,approved,gradnavi_review,GradNavi-reviewed detailed Interest mapping based on the Career description and approved occupation references: ABS OSCA 2024 Version 1.0: 242332 (Graphic Designer); ESCO 1.2.1: http://data.europa.eu/esco/occupation/69bcbb0a-8d80-4ecd-b0a4-9adea2a40de2 (graphic designer); O*NET Database 31.0: 27-1024.00 (Graphic Designers)
Graphic Designer,Design and Creative Technology,Advertising Design,3,approved,gradnavi_review,GradNavi-reviewed detailed Interest mapping based on the Career description and approved occupation references: ABS OSCA 2024 Version 1.0: 242332 (Graphic Designer); ESCO 1.2.1: http://data.europa.eu/esco/occupation/69bcbb0a-8d80-4ecd-b0a4-9adea2a40de2 (graphic designer); O*NET Database 31.0: 27-1024.00 (Graphic Designers)
Graphic Designer,Design and Creative Technology,User-Centred Design,3,approved,gradnavi_review,GradNavi-reviewed detailed Interest mapping based on the Career description and approved occupation references: ABS OSCA 2024 Version 1.0: 242332 (Graphic Designer); ESCO 1.2.1: http://data.europa.eu/esco/occupation/69bcbb0a-8d80-4ecd-b0a4-9adea2a40de2 (graphic designer); O*NET Database 31.0: 27-1024.00 (Graphic Designers)
Multimedia Designer,Design and Creative Technology,Multimedia Design,5,approved,gradnavi_review,GradNavi-reviewed detailed Interest mapping based on the Career description and approved occupation references: ABS OSCA 2024 Version 1.0: 242131 (Multimedia Designer); ESCO 1.2.1: http://data.europa.eu/esco/occupation/d5a43cd3-230e-46d0-ba05-d67d61e5cfbb (digital media designer); O*NET Database 31.0: 27-1014.00 (Special Effects Artists and Animators)
Multimedia Designer,Design and Creative Technology,Animation,5,approved,gradnavi_review,GradNavi-reviewed detailed Interest mapping based on the Career description and approved occupation references: ABS OSCA 2024 Version 1.0: 242131 (Multimedia Designer); ESCO 1.2.1: http://data.europa.eu/esco/occupation/d5a43cd3-230e-46d0-ba05-d67d61e5cfbb (digital media designer); O*NET Database 31.0: 27-1014.00 (Special Effects Artists and Animators)
Multimedia Designer,Design and Creative Technology,Video Production,5,approved,gradnavi_review,GradNavi-reviewed detailed Interest mapping based on the Career description and approved occupation references: ABS OSCA 2024 Version 1.0: 242131 (Multimedia Designer); ESCO 1.2.1: http://data.europa.eu/esco/occupation/d5a43cd3-230e-46d0-ba05-d67d61e5cfbb (digital media designer); O*NET Database 31.0: 27-1014.00 (Special Effects Artists and Animators)
Multimedia Designer,Design and Creative Technology,Digital Content Design,4,approved,gradnavi_review,GradNavi-reviewed detailed Interest mapping based on the Career description and approved occupation references: ABS OSCA 2024 Version 1.0: 242131 (Multimedia Designer); ESCO 1.2.1: http://data.europa.eu/esco/occupation/d5a43cd3-230e-46d0-ba05-d67d61e5cfbb (digital media designer); O*NET Database 31.0: 27-1014.00 (Special Effects Artists and Animators)
Multimedia Designer,Design and Creative Technology,Motion Graphics,4,approved,gradnavi_review,GradNavi-reviewed detailed Interest mapping based on the Career description and approved occupation references: ABS OSCA 2024 Version 1.0: 242131 (Multimedia Designer); ESCO 1.2.1: http://data.europa.eu/esco/occupation/d5a43cd3-230e-46d0-ba05-d67d61e5cfbb (digital media designer); O*NET Database 31.0: 27-1014.00 (Special Effects Artists and Animators)
Multimedia Designer,Design and Creative Technology,Audio Production,4,approved,gradnavi_review,GradNavi-reviewed detailed Interest mapping based on the Career description and approved occupation references: ABS OSCA 2024 Version 1.0: 242131 (Multimedia Designer); ESCO 1.2.1: http://data.europa.eu/esco/occupation/d5a43cd3-230e-46d0-ba05-d67d61e5cfbb (digital media designer); O*NET Database 31.0: 27-1014.00 (Special Effects Artists and Animators)
Multimedia Designer,Design and Creative Technology,Interactive Media,4,approved,gradnavi_review,GradNavi-reviewed detailed Interest mapping based on the Career description and approved occupation references: ABS OSCA 2024 Version 1.0: 242131 (Multimedia Designer); ESCO 1.2.1: http://data.europa.eu/esco/occupation/d5a43cd3-230e-46d0-ba05-d67d61e5cfbb (digital media designer); O*NET Database 31.0: 27-1014.00 (Special Effects Artists and Animators)
Multimedia Designer,Design and Creative Technology,Visual Communication,3,approved,gradnavi_review,GradNavi-reviewed detailed Interest mapping based on the Career description and approved occupation references: ABS OSCA 2024 Version 1.0: 242131 (Multimedia Designer); ESCO 1.2.1: http://data.europa.eu/esco/occupation/d5a43cd3-230e-46d0-ba05-d67d61e5cfbb (digital media designer); O*NET Database 31.0: 27-1014.00 (Special Effects Artists and Animators)
Multimedia Designer,Design and Creative Technology,Storytelling,3,approved,gradnavi_review,GradNavi-reviewed detailed Interest mapping based on the Career description and approved occupation references: ABS OSCA 2024 Version 1.0: 242131 (Multimedia Designer); ESCO 1.2.1: http://data.europa.eu/esco/occupation/d5a43cd3-230e-46d0-ba05-d67d61e5cfbb (digital media designer); O*NET Database 31.0: 27-1014.00 (Special Effects Artists and Animators)
Multimedia Designer,Design and Creative Technology,Creative Technology,3,approved,gradnavi_review,GradNavi-reviewed detailed Interest mapping based on the Career description and approved occupation references: ABS OSCA 2024 Version 1.0: 242131 (Multimedia Designer); ESCO 1.2.1: http://data.europa.eu/esco/occupation/d5a43cd3-230e-46d0-ba05-d67d61e5cfbb (digital media designer); O*NET Database 31.0: 27-1014.00 (Special Effects Artists and Animators)
UI / UX Designer,Design and Creative Technology,User Experience Design,5,approved,gradnavi_review,GradNavi-reviewed detailed Interest mapping based on the Career description and approved occupation references: ABS OSCA 2024 Version 1.0: 242132 (UI / UX Designer); ESCO 1.2.1: http://data.europa.eu/esco/occupation/96e20037-0a25-4bf6-a25e-808d1605d890 (user interface designer); O*NET Database 31.0: 15-1255.00 (Web and Digital Interface Designers)
UI / UX Designer,Design and Creative Technology,User Interface Design,5,approved,gradnavi_review,GradNavi-reviewed detailed Interest mapping based on the Career description and approved occupation references: ABS OSCA 2024 Version 1.0: 242132 (UI / UX Designer); ESCO 1.2.1: http://data.europa.eu/esco/occupation/96e20037-0a25-4bf6-a25e-808d1605d890 (user interface designer); O*NET Database 31.0: 15-1255.00 (Web and Digital Interface Designers)
UI / UX Designer,Design and Creative Technology,User Research,5,approved,gradnavi_review,GradNavi-reviewed detailed Interest mapping based on the Career description and approved occupation references: ABS OSCA 2024 Version 1.0: 242132 (UI / UX Designer); ESCO 1.2.1: http://data.europa.eu/esco/occupation/96e20037-0a25-4bf6-a25e-808d1605d890 (user interface designer); O*NET Database 31.0: 15-1255.00 (Web and Digital Interface Designers)
UI / UX Designer,Design and Creative Technology,Prototyping,4,approved,gradnavi_review,GradNavi-reviewed detailed Interest mapping based on the Career description and approved occupation references: ABS OSCA 2024 Version 1.0: 242132 (UI / UX Designer); ESCO 1.2.1: http://data.europa.eu/esco/occupation/96e20037-0a25-4bf6-a25e-808d1605d890 (user interface designer); O*NET Database 31.0: 15-1255.00 (Web and Digital Interface Designers)
UI / UX Designer,Design and Creative Technology,Interaction Design,4,approved,gradnavi_review,GradNavi-reviewed detailed Interest mapping based on the Career description and approved occupation references: ABS OSCA 2024 Version 1.0: 242132 (UI / UX Designer); ESCO 1.2.1: http://data.europa.eu/esco/occupation/96e20037-0a25-4bf6-a25e-808d1605d890 (user interface designer); O*NET Database 31.0: 15-1255.00 (Web and Digital Interface Designers)
UI / UX Designer,Design and Creative Technology,Information Architecture,4,approved,gradnavi_review,GradNavi-reviewed detailed Interest mapping based on the Career description and approved occupation references: ABS OSCA 2024 Version 1.0: 242132 (UI / UX Designer); ESCO 1.2.1: http://data.europa.eu/esco/occupation/96e20037-0a25-4bf6-a25e-808d1605d890 (user interface designer); O*NET Database 31.0: 15-1255.00 (Web and Digital Interface Designers)
UI / UX Designer,Design and Creative Technology,Accessibility Design,4,approved,gradnavi_review,GradNavi-reviewed detailed Interest mapping based on the Career description and approved occupation references: ABS OSCA 2024 Version 1.0: 242132 (UI / UX Designer); ESCO 1.2.1: http://data.europa.eu/esco/occupation/96e20037-0a25-4bf6-a25e-808d1605d890 (user interface designer); O*NET Database 31.0: 15-1255.00 (Web and Digital Interface Designers)
UI / UX Designer,Design and Creative Technology,Usability Testing,3,approved,gradnavi_review,GradNavi-reviewed detailed Interest mapping based on the Career description and approved occupation references: ABS OSCA 2024 Version 1.0: 242132 (UI / UX Designer); ESCO 1.2.1: http://data.europa.eu/esco/occupation/96e20037-0a25-4bf6-a25e-808d1605d890 (user interface designer); O*NET Database 31.0: 15-1255.00 (Web and Digital Interface Designers)
UI / UX Designer,Design and Creative Technology,Design Systems,3,approved,gradnavi_review,GradNavi-reviewed detailed Interest mapping based on the Career description and approved occupation references: ABS OSCA 2024 Version 1.0: 242132 (UI / UX Designer); ESCO 1.2.1: http://data.europa.eu/esco/occupation/96e20037-0a25-4bf6-a25e-808d1605d890 (user interface designer); O*NET Database 31.0: 15-1255.00 (Web and Digital Interface Designers)
UI / UX Designer,Design and Creative Technology,User-Centred Design,3,approved,gradnavi_review,GradNavi-reviewed detailed Interest mapping based on the Career description and approved occupation references: ABS OSCA 2024 Version 1.0: 242132 (UI / UX Designer); ESCO 1.2.1: http://data.europa.eu/esco/occupation/96e20037-0a25-4bf6-a25e-808d1605d890 (user interface designer); O*NET Database 31.0: 15-1255.00 (Web and Digital Interface Designers)
Web Designer,Design and Creative Technology,Web Design,5,approved,gradnavi_review,GradNavi-reviewed detailed Interest mapping based on the Career description and approved occupation references: ABS OSCA 2024 Version 1.0: 242133 (Web Designer); ESCO 1.2.1: http://data.europa.eu/esco/occupation/30ed83ba-cc89-4d9f-a59d-5c783c1da56e (web designer); O*NET Database 31.0: 15-1255.00 (Web and Digital Interface Designers)
Web Designer,Design and Creative Technology,User Interface Design,5,approved,gradnavi_review,GradNavi-reviewed detailed Interest mapping based on the Career description and approved occupation references: ABS OSCA 2024 Version 1.0: 242133 (Web Designer); ESCO 1.2.1: http://data.europa.eu/esco/occupation/30ed83ba-cc89-4d9f-a59d-5c783c1da56e (web designer); O*NET Database 31.0: 15-1255.00 (Web and Digital Interface Designers)
Web Designer,Design and Creative Technology,Responsive Design,5,approved,gradnavi_review,GradNavi-reviewed detailed Interest mapping based on the Career description and approved occupation references: ABS OSCA 2024 Version 1.0: 242133 (Web Designer); ESCO 1.2.1: http://data.europa.eu/esco/occupation/30ed83ba-cc89-4d9f-a59d-5c783c1da56e (web designer); O*NET Database 31.0: 15-1255.00 (Web and Digital Interface Designers)
Web Designer,Design and Creative Technology,Visual Communication,4,approved,gradnavi_review,GradNavi-reviewed detailed Interest mapping based on the Career description and approved occupation references: ABS OSCA 2024 Version 1.0: 242133 (Web Designer); ESCO 1.2.1: http://data.europa.eu/esco/occupation/30ed83ba-cc89-4d9f-a59d-5c783c1da56e (web designer); O*NET Database 31.0: 15-1255.00 (Web and Digital Interface Designers)
Web Designer,Design and Creative Technology,Information Architecture,4,approved,gradnavi_review,GradNavi-reviewed detailed Interest mapping based on the Career description and approved occupation references: ABS OSCA 2024 Version 1.0: 242133 (Web Designer); ESCO 1.2.1: http://data.europa.eu/esco/occupation/30ed83ba-cc89-4d9f-a59d-5c783c1da56e (web designer); O*NET Database 31.0: 15-1255.00 (Web and Digital Interface Designers)
Web Designer,Design and Creative Technology,Accessibility Design,4,approved,gradnavi_review,GradNavi-reviewed detailed Interest mapping based on the Career description and approved occupation references: ABS OSCA 2024 Version 1.0: 242133 (Web Designer); ESCO 1.2.1: http://data.europa.eu/esco/occupation/30ed83ba-cc89-4d9f-a59d-5c783c1da56e (web designer); O*NET Database 31.0: 15-1255.00 (Web and Digital Interface Designers)
Web Designer,Design and Creative Technology,User Experience Design,4,approved,gradnavi_review,GradNavi-reviewed detailed Interest mapping based on the Career description and approved occupation references: ABS OSCA 2024 Version 1.0: 242133 (Web Designer); ESCO 1.2.1: http://data.europa.eu/esco/occupation/30ed83ba-cc89-4d9f-a59d-5c783c1da56e (web designer); O*NET Database 31.0: 15-1255.00 (Web and Digital Interface Designers)
Web Designer,Design and Creative Technology,Digital Content Design,3,approved,gradnavi_review,GradNavi-reviewed detailed Interest mapping based on the Career description and approved occupation references: ABS OSCA 2024 Version 1.0: 242133 (Web Designer); ESCO 1.2.1: http://data.europa.eu/esco/occupation/30ed83ba-cc89-4d9f-a59d-5c783c1da56e (web designer); O*NET Database 31.0: 15-1255.00 (Web and Digital Interface Designers)
Web Designer,Design and Creative Technology,Front-End Design,3,approved,gradnavi_review,GradNavi-reviewed detailed Interest mapping based on the Career description and approved occupation references: ABS OSCA 2024 Version 1.0: 242133 (Web Designer); ESCO 1.2.1: http://data.europa.eu/esco/occupation/30ed83ba-cc89-4d9f-a59d-5c783c1da56e (web designer); O*NET Database 31.0: 15-1255.00 (Web and Digital Interface Designers)
Web Designer,Design and Creative Technology,Usability Testing,3,approved,gradnavi_review,GradNavi-reviewed detailed Interest mapping based on the Career description and approved occupation references: ABS OSCA 2024 Version 1.0: 242133 (Web Designer); ESCO 1.2.1: http://data.europa.eu/esco/occupation/30ed83ba-cc89-4d9f-a59d-5c783c1da56e (web designer); O*NET Database 31.0: 15-1255.00 (Web and Digital Interface Designers)
Civil Engineer,Engineering,Civil Infrastructure,5,approved,gradnavi_review,GradNavi-reviewed detailed Interest mapping based on the Career description and approved occupation references: ABS OSCA 2024 Version 1.0: 243231 (Civil Engineer); ESCO 1.2.1: http://data.europa.eu/esco/occupation/d7d986e1-7333-431b-9719-0c5c6939e360 (civil engineer); O*NET Database 31.0: 17-2051.00 (Civil Engineers)
Civil Engineer,Engineering,Structural Design,5,approved,gradnavi_review,GradNavi-reviewed detailed Interest mapping based on the Career description and approved occupation references: ABS OSCA 2024 Version 1.0: 243231 (Civil Engineer); ESCO 1.2.1: http://data.europa.eu/esco/occupation/d7d986e1-7333-431b-9719-0c5c6939e360 (civil engineer); O*NET Database 31.0: 17-2051.00 (Civil Engineers)
Civil Engineer,Engineering,Construction Engineering,5,approved,gradnavi_review,GradNavi-reviewed detailed Interest mapping based on the Career description and approved occupation references: ABS OSCA 2024 Version 1.0: 243231 (Civil Engineer); ESCO 1.2.1: http://data.europa.eu/esco/occupation/d7d986e1-7333-431b-9719-0c5c6939e360 (civil engineer); O*NET Database 31.0: 17-2051.00 (Civil Engineers)
Civil Engineer,Engineering,Engineering Design,4,approved,gradnavi_review,GradNavi-reviewed detailed Interest mapping based on the Career description and approved occupation references: ABS OSCA 2024 Version 1.0: 243231 (Civil Engineer); ESCO 1.2.1: http://data.europa.eu/esco/occupation/d7d986e1-7333-431b-9719-0c5c6939e360 (civil engineer); O*NET Database 31.0: 17-2051.00 (Civil Engineers)
Civil Engineer,Engineering,Project Planning,4,approved,gradnavi_review,GradNavi-reviewed detailed Interest mapping based on the Career description and approved occupation references: ABS OSCA 2024 Version 1.0: 243231 (Civil Engineer); ESCO 1.2.1: http://data.europa.eu/esco/occupation/d7d986e1-7333-431b-9719-0c5c6939e360 (civil engineer); O*NET Database 31.0: 17-2051.00 (Civil Engineers)
Civil Engineer,Engineering,Transport Infrastructure,4,approved,gradnavi_review,GradNavi-reviewed detailed Interest mapping based on the Career description and approved occupation references: ABS OSCA 2024 Version 1.0: 243231 (Civil Engineer); ESCO 1.2.1: http://data.europa.eu/esco/occupation/d7d986e1-7333-431b-9719-0c5c6939e360 (civil engineer); O*NET Database 31.0: 17-2051.00 (Civil Engineers)
Civil Engineer,Engineering,Water Infrastructure,4,approved,gradnavi_review,GradNavi-reviewed detailed Interest mapping based on the Career description and approved occupation references: ABS OSCA 2024 Version 1.0: 243231 (Civil Engineer); ESCO 1.2.1: http://data.europa.eu/esco/occupation/d7d986e1-7333-431b-9719-0c5c6939e360 (civil engineer); O*NET Database 31.0: 17-2051.00 (Civil Engineers)
Civil Engineer,Engineering,Sustainability,3,approved,gradnavi_review,GradNavi-reviewed detailed Interest mapping based on the Career description and approved occupation references: ABS OSCA 2024 Version 1.0: 243231 (Civil Engineer); ESCO 1.2.1: http://data.europa.eu/esco/occupation/d7d986e1-7333-431b-9719-0c5c6939e360 (civil engineer); O*NET Database 31.0: 17-2051.00 (Civil Engineers)
Civil Engineer,Engineering,Safety and Risk,3,approved,gradnavi_review,GradNavi-reviewed detailed Interest mapping based on the Career description and approved occupation references: ABS OSCA 2024 Version 1.0: 243231 (Civil Engineer); ESCO 1.2.1: http://data.europa.eu/esco/occupation/d7d986e1-7333-431b-9719-0c5c6939e360 (civil engineer); O*NET Database 31.0: 17-2051.00 (Civil Engineers)
Civil Engineer,Engineering,Technical Analysis,3,approved,gradnavi_review,GradNavi-reviewed detailed Interest mapping based on the Career description and approved occupation references: ABS OSCA 2024 Version 1.0: 243231 (Civil Engineer); ESCO 1.2.1: http://data.europa.eu/esco/occupation/d7d986e1-7333-431b-9719-0c5c6939e360 (civil engineer); O*NET Database 31.0: 17-2051.00 (Civil Engineers)
Electrical Engineer,Engineering,Electrical Systems,5,approved,gradnavi_review,GradNavi-reviewed detailed Interest mapping based on the Career description and approved occupation references: ABS OSCA 2024 Version 1.0: 243331 (Electrical Engineer); ESCO 1.2.1: http://data.europa.eu/esco/occupation/86ca306c-ab99-420a-9e2a-aa73c5c4de22 (electrical engineer); O*NET Database 31.0: 17-2071.00 (Electrical Engineers)
Electrical Engineer,Engineering,Power Systems,5,approved,gradnavi_review,GradNavi-reviewed detailed Interest mapping based on the Career description and approved occupation references: ABS OSCA 2024 Version 1.0: 243331 (Electrical Engineer); ESCO 1.2.1: http://data.europa.eu/esco/occupation/86ca306c-ab99-420a-9e2a-aa73c5c4de22 (electrical engineer); O*NET Database 31.0: 17-2071.00 (Electrical Engineers)
Electrical Engineer,Engineering,Electronics,5,approved,gradnavi_review,GradNavi-reviewed detailed Interest mapping based on the Career description and approved occupation references: ABS OSCA 2024 Version 1.0: 243331 (Electrical Engineer); ESCO 1.2.1: http://data.europa.eu/esco/occupation/86ca306c-ab99-420a-9e2a-aa73c5c4de22 (electrical engineer); O*NET Database 31.0: 17-2071.00 (Electrical Engineers)
Electrical Engineer,Engineering,Engineering Design,4,approved,gradnavi_review,GradNavi-reviewed detailed Interest mapping based on the Career description and approved occupation references: ABS OSCA 2024 Version 1.0: 243331 (Electrical Engineer); ESCO 1.2.1: http://data.europa.eu/esco/occupation/86ca306c-ab99-420a-9e2a-aa73c5c4de22 (electrical engineer); O*NET Database 31.0: 17-2071.00 (Electrical Engineers)
Electrical Engineer,Engineering,Control Systems,4,approved,gradnavi_review,GradNavi-reviewed detailed Interest mapping based on the Career description and approved occupation references: ABS OSCA 2024 Version 1.0: 243331 (Electrical Engineer); ESCO 1.2.1: http://data.europa.eu/esco/occupation/86ca306c-ab99-420a-9e2a-aa73c5c4de22 (electrical engineer); O*NET Database 31.0: 17-2071.00 (Electrical Engineers)
Electrical Engineer,Engineering,Renewable Energy,4,approved,gradnavi_review,GradNavi-reviewed detailed Interest mapping based on the Career description and approved occupation references: ABS OSCA 2024 Version 1.0: 243331 (Electrical Engineer); ESCO 1.2.1: http://data.europa.eu/esco/occupation/86ca306c-ab99-420a-9e2a-aa73c5c4de22 (electrical engineer); O*NET Database 31.0: 17-2071.00 (Electrical Engineers)
Electrical Engineer,Engineering,Testing and Validation,4,approved,gradnavi_review,GradNavi-reviewed detailed Interest mapping based on the Career description and approved occupation references: ABS OSCA 2024 Version 1.0: 243331 (Electrical Engineer); ESCO 1.2.1: http://data.europa.eu/esco/occupation/86ca306c-ab99-420a-9e2a-aa73c5c4de22 (electrical engineer); O*NET Database 31.0: 17-2071.00 (Electrical Engineers)
Electrical Engineer,Engineering,Safety and Risk,3,approved,gradnavi_review,GradNavi-reviewed detailed Interest mapping based on the Career description and approved occupation references: ABS OSCA 2024 Version 1.0: 243331 (Electrical Engineer); ESCO 1.2.1: http://data.europa.eu/esco/occupation/86ca306c-ab99-420a-9e2a-aa73c5c4de22 (electrical engineer); O*NET Database 31.0: 17-2071.00 (Electrical Engineers)
Electrical Engineer,Engineering,Automation,3,approved,gradnavi_review,GradNavi-reviewed detailed Interest mapping based on the Career description and approved occupation references: ABS OSCA 2024 Version 1.0: 243331 (Electrical Engineer); ESCO 1.2.1: http://data.europa.eu/esco/occupation/86ca306c-ab99-420a-9e2a-aa73c5c4de22 (electrical engineer); O*NET Database 31.0: 17-2071.00 (Electrical Engineers)
Electrical Engineer,Engineering,Technical Analysis,3,approved,gradnavi_review,GradNavi-reviewed detailed Interest mapping based on the Career description and approved occupation references: ABS OSCA 2024 Version 1.0: 243331 (Electrical Engineer); ESCO 1.2.1: http://data.europa.eu/esco/occupation/86ca306c-ab99-420a-9e2a-aa73c5c4de22 (electrical engineer); O*NET Database 31.0: 17-2071.00 (Electrical Engineers)
Industrial Engineer,Engineering,Process Improvement,5,approved,gradnavi_review,GradNavi-reviewed detailed Interest mapping based on the Career description and approved occupation references: ABS OSCA 2024 Version 1.0: 243531 (Industrial Engineer); ESCO 1.2.1: http://data.europa.eu/esco/occupation/53d2052f-edc0-4f44-8be1-164526412bfe (industrial engineer); O*NET Database 31.0: 17-2112.00 (Industrial Engineers)
Industrial Engineer,Engineering,Operations Research,5,approved,gradnavi_review,GradNavi-reviewed detailed Interest mapping based on the Career description and approved occupation references: ABS OSCA 2024 Version 1.0: 243531 (Industrial Engineer); ESCO 1.2.1: http://data.europa.eu/esco/occupation/53d2052f-edc0-4f44-8be1-164526412bfe (industrial engineer); O*NET Database 31.0: 17-2112.00 (Industrial Engineers)
Industrial Engineer,Engineering,Production Systems,5,approved,gradnavi_review,GradNavi-reviewed detailed Interest mapping based on the Career description and approved occupation references: ABS OSCA 2024 Version 1.0: 243531 (Industrial Engineer); ESCO 1.2.1: http://data.europa.eu/esco/occupation/53d2052f-edc0-4f44-8be1-164526412bfe (industrial engineer); O*NET Database 31.0: 17-2112.00 (Industrial Engineers)
Industrial Engineer,Engineering,Quality Management,4,approved,gradnavi_review,GradNavi-reviewed detailed Interest mapping based on the Career description and approved occupation references: ABS OSCA 2024 Version 1.0: 243531 (Industrial Engineer); ESCO 1.2.1: http://data.europa.eu/esco/occupation/53d2052f-edc0-4f44-8be1-164526412bfe (industrial engineer); O*NET Database 31.0: 17-2112.00 (Industrial Engineers)
Industrial Engineer,Engineering,Supply Chain,4,approved,gradnavi_review,GradNavi-reviewed detailed Interest mapping based on the Career description and approved occupation references: ABS OSCA 2024 Version 1.0: 243531 (Industrial Engineer); ESCO 1.2.1: http://data.europa.eu/esco/occupation/53d2052f-edc0-4f44-8be1-164526412bfe (industrial engineer); O*NET Database 31.0: 17-2112.00 (Industrial Engineers)
Industrial Engineer,Engineering,Logistics,4,approved,gradnavi_review,GradNavi-reviewed detailed Interest mapping based on the Career description and approved occupation references: ABS OSCA 2024 Version 1.0: 243531 (Industrial Engineer); ESCO 1.2.1: http://data.europa.eu/esco/occupation/53d2052f-edc0-4f44-8be1-164526412bfe (industrial engineer); O*NET Database 31.0: 17-2112.00 (Industrial Engineers)
Industrial Engineer,Engineering,Automation,4,approved,gradnavi_review,GradNavi-reviewed detailed Interest mapping based on the Career description and approved occupation references: ABS OSCA 2024 Version 1.0: 243531 (Industrial Engineer); ESCO 1.2.1: http://data.europa.eu/esco/occupation/53d2052f-edc0-4f44-8be1-164526412bfe (industrial engineer); O*NET Database 31.0: 17-2112.00 (Industrial Engineers)
Industrial Engineer,Engineering,Safety and Risk,3,approved,gradnavi_review,GradNavi-reviewed detailed Interest mapping based on the Career description and approved occupation references: ABS OSCA 2024 Version 1.0: 243531 (Industrial Engineer); ESCO 1.2.1: http://data.europa.eu/esco/occupation/53d2052f-edc0-4f44-8be1-164526412bfe (industrial engineer); O*NET Database 31.0: 17-2112.00 (Industrial Engineers)
Industrial Engineer,Engineering,Data Analysis,3,approved,gradnavi_review,GradNavi-reviewed detailed Interest mapping based on the Career description and approved occupation references: ABS OSCA 2024 Version 1.0: 243531 (Industrial Engineer); ESCO 1.2.1: http://data.europa.eu/esco/occupation/53d2052f-edc0-4f44-8be1-164526412bfe (industrial engineer); O*NET Database 31.0: 17-2112.00 (Industrial Engineers)
Industrial Engineer,Engineering,Resource Optimisation,3,approved,gradnavi_review,GradNavi-reviewed detailed Interest mapping based on the Career description and approved occupation references: ABS OSCA 2024 Version 1.0: 243531 (Industrial Engineer); ESCO 1.2.1: http://data.europa.eu/esco/occupation/53d2052f-edc0-4f44-8be1-164526412bfe (industrial engineer); O*NET Database 31.0: 17-2112.00 (Industrial Engineers)
Mechanical Engineer,Engineering,Mechanical Design,5,approved,gradnavi_review,GradNavi-reviewed detailed Interest mapping based on the Career description and approved occupation references: ABS OSCA 2024 Version 1.0: 243532 (Mechanical Engineer); ESCO 1.2.1: http://data.europa.eu/esco/occupation/579254cf-6d69-4889-9000-9c79dc568644 (mechanical engineer); O*NET Database 31.0: 17-2141.00 (Mechanical Engineers)
Mechanical Engineer,Engineering,Mechanical Systems,5,approved,gradnavi_review,GradNavi-reviewed detailed Interest mapping based on the Career description and approved occupation references: ABS OSCA 2024 Version 1.0: 243532 (Mechanical Engineer); ESCO 1.2.1: http://data.europa.eu/esco/occupation/579254cf-6d69-4889-9000-9c79dc568644 (mechanical engineer); O*NET Database 31.0: 17-2141.00 (Mechanical Engineers)
Mechanical Engineer,Engineering,Product Development,5,approved,gradnavi_review,GradNavi-reviewed detailed Interest mapping based on the Career description and approved occupation references: ABS OSCA 2024 Version 1.0: 243532 (Mechanical Engineer); ESCO 1.2.1: http://data.europa.eu/esco/occupation/579254cf-6d69-4889-9000-9c79dc568644 (mechanical engineer); O*NET Database 31.0: 17-2141.00 (Mechanical Engineers)
Mechanical Engineer,Engineering,Engineering Design,4,approved,gradnavi_review,GradNavi-reviewed detailed Interest mapping based on the Career description and approved occupation references: ABS OSCA 2024 Version 1.0: 243532 (Mechanical Engineer); ESCO 1.2.1: http://data.europa.eu/esco/occupation/579254cf-6d69-4889-9000-9c79dc568644 (mechanical engineer); O*NET Database 31.0: 17-2141.00 (Mechanical Engineers)
Mechanical Engineer,Engineering,Manufacturing,4,approved,gradnavi_review,GradNavi-reviewed detailed Interest mapping based on the Career description and approved occupation references: ABS OSCA 2024 Version 1.0: 243532 (Mechanical Engineer); ESCO 1.2.1: http://data.europa.eu/esco/occupation/579254cf-6d69-4889-9000-9c79dc568644 (mechanical engineer); O*NET Database 31.0: 17-2141.00 (Mechanical Engineers)
Mechanical Engineer,Engineering,Thermodynamics,4,approved,gradnavi_review,GradNavi-reviewed detailed Interest mapping based on the Career description and approved occupation references: ABS OSCA 2024 Version 1.0: 243532 (Mechanical Engineer); ESCO 1.2.1: http://data.europa.eu/esco/occupation/579254cf-6d69-4889-9000-9c79dc568644 (mechanical engineer); O*NET Database 31.0: 17-2141.00 (Mechanical Engineers)
Mechanical Engineer,Engineering,Testing and Validation,4,approved,gradnavi_review,GradNavi-reviewed detailed Interest mapping based on the Career description and approved occupation references: ABS OSCA 2024 Version 1.0: 243532 (Mechanical Engineer); ESCO 1.2.1: http://data.europa.eu/esco/occupation/579254cf-6d69-4889-9000-9c79dc568644 (mechanical engineer); O*NET Database 31.0: 17-2141.00 (Mechanical Engineers)
Mechanical Engineer,Engineering,Automation,3,approved,gradnavi_review,GradNavi-reviewed detailed Interest mapping based on the Career description and approved occupation references: ABS OSCA 2024 Version 1.0: 243532 (Mechanical Engineer); ESCO 1.2.1: http://data.europa.eu/esco/occupation/579254cf-6d69-4889-9000-9c79dc568644 (mechanical engineer); O*NET Database 31.0: 17-2141.00 (Mechanical Engineers)
Mechanical Engineer,Engineering,Maintenance Engineering,3,approved,gradnavi_review,GradNavi-reviewed detailed Interest mapping based on the Career description and approved occupation references: ABS OSCA 2024 Version 1.0: 243532 (Mechanical Engineer); ESCO 1.2.1: http://data.europa.eu/esco/occupation/579254cf-6d69-4889-9000-9c79dc568644 (mechanical engineer); O*NET Database 31.0: 17-2141.00 (Mechanical Engineers)
Mechanical Engineer,Engineering,Technical Analysis,3,approved,gradnavi_review,GradNavi-reviewed detailed Interest mapping based on the Career description and approved occupation references: ABS OSCA 2024 Version 1.0: 243532 (Mechanical Engineer); ESCO 1.2.1: http://data.europa.eu/esco/occupation/579254cf-6d69-4889-9000-9c79dc568644 (mechanical engineer); O*NET Database 31.0: 17-2141.00 (Mechanical Engineers)
Health Information Manager,Healthcare,Health Information Management,5,approved,gradnavi_review,GradNavi-reviewed detailed Interest mapping based on the Career description and approved occupation references: ABS OSCA 2024 Version 1.0: 223933 (Health Information Manager); ESCO 1.2.1: http://data.europa.eu/esco/occupation/983c2816-a339-4817-97f4-151a9ff3e64d (medical records manager); O*NET Database 31.0: 29-9021.00 (Health Information Technologists and Medical Registrars)
Health Information Manager,Healthcare,Clinical Data,5,approved,gradnavi_review,GradNavi-reviewed detailed Interest mapping based on the Career description and approved occupation references: ABS OSCA 2024 Version 1.0: 223933 (Health Information Manager); ESCO 1.2.1: http://data.europa.eu/esco/occupation/983c2816-a339-4817-97f4-151a9ff3e64d (medical records manager); O*NET Database 31.0: 29-9021.00 (Health Information Technologists and Medical Registrars)
Health Information Manager,Healthcare,Health Data Governance,5,approved,gradnavi_review,GradNavi-reviewed detailed Interest mapping based on the Career description and approved occupation references: ABS OSCA 2024 Version 1.0: 223933 (Health Information Manager); ESCO 1.2.1: http://data.europa.eu/esco/occupation/983c2816-a339-4817-97f4-151a9ff3e64d (medical records manager); O*NET Database 31.0: 29-9021.00 (Health Information Technologists and Medical Registrars)
Health Information Manager,Healthcare,Medical Records,4,approved,gradnavi_review,GradNavi-reviewed detailed Interest mapping based on the Career description and approved occupation references: ABS OSCA 2024 Version 1.0: 223933 (Health Information Manager); ESCO 1.2.1: http://data.europa.eu/esco/occupation/983c2816-a339-4817-97f4-151a9ff3e64d (medical records manager); O*NET Database 31.0: 29-9021.00 (Health Information Technologists and Medical Registrars)
Health Information Manager,Healthcare,Data Quality,4,approved,gradnavi_review,GradNavi-reviewed detailed Interest mapping based on the Career description and approved occupation references: ABS OSCA 2024 Version 1.0: 223933 (Health Information Manager); ESCO 1.2.1: http://data.europa.eu/esco/occupation/983c2816-a339-4817-97f4-151a9ff3e64d (medical records manager); O*NET Database 31.0: 29-9021.00 (Health Information Technologists and Medical Registrars)
Health Information Manager,Healthcare,Privacy and Data Protection,4,approved,gradnavi_review,GradNavi-reviewed detailed Interest mapping based on the Career description and approved occupation references: ABS OSCA 2024 Version 1.0: 223933 (Health Information Manager); ESCO 1.2.1: http://data.europa.eu/esco/occupation/983c2816-a339-4817-97f4-151a9ff3e64d (medical records manager); O*NET Database 31.0: 29-9021.00 (Health Information Technologists and Medical Registrars)
Health Information Manager,Healthcare,Health Technology,4,approved,gradnavi_review,GradNavi-reviewed detailed Interest mapping based on the Career description and approved occupation references: ABS OSCA 2024 Version 1.0: 223933 (Health Information Manager); ESCO 1.2.1: http://data.europa.eu/esco/occupation/983c2816-a339-4817-97f4-151a9ff3e64d (medical records manager); O*NET Database 31.0: 29-9021.00 (Health Information Technologists and Medical Registrars)
Health Information Manager,Healthcare,Healthcare Analytics,3,approved,gradnavi_review,GradNavi-reviewed detailed Interest mapping based on the Career description and approved occupation references: ABS OSCA 2024 Version 1.0: 223933 (Health Information Manager); ESCO 1.2.1: http://data.europa.eu/esco/occupation/983c2816-a339-4817-97f4-151a9ff3e64d (medical records manager); O*NET Database 31.0: 29-9021.00 (Health Information Technologists and Medical Registrars)
Health Information Manager,Healthcare,Regulatory Compliance,3,approved,gradnavi_review,GradNavi-reviewed detailed Interest mapping based on the Career description and approved occupation references: ABS OSCA 2024 Version 1.0: 223933 (Health Information Manager); ESCO 1.2.1: http://data.europa.eu/esco/occupation/983c2816-a339-4817-97f4-151a9ff3e64d (medical records manager); O*NET Database 31.0: 29-9021.00 (Health Information Technologists and Medical Registrars)
Health Information Manager,Healthcare,Information Security,3,approved,gradnavi_review,GradNavi-reviewed detailed Interest mapping based on the Career description and approved occupation references: ABS OSCA 2024 Version 1.0: 223933 (Health Information Manager); ESCO 1.2.1: http://data.europa.eu/esco/occupation/983c2816-a339-4817-97f4-151a9ff3e64d (medical records manager); O*NET Database 31.0: 29-9021.00 (Health Information Technologists and Medical Registrars)
Occupational Therapist,Healthcare,Occupational Therapy,5,approved,gradnavi_review,GradNavi-reviewed detailed Interest mapping based on the Career description and approved occupation references: ABS OSCA 2024 Version 1.0: 262331 (Occupational Therapist); ESCO 1.2.1: http://data.europa.eu/esco/occupation/33da5532-8c4e-4d1b-b52e-c201ee1bc7ab (occupational therapist); O*NET Database 31.0: 29-1122.00 (Occupational Therapists)
Occupational Therapist,Healthcare,Rehabilitation,5,approved,gradnavi_review,GradNavi-reviewed detailed Interest mapping based on the Career description and approved occupation references: ABS OSCA 2024 Version 1.0: 262331 (Occupational Therapist); ESCO 1.2.1: http://data.europa.eu/esco/occupation/33da5532-8c4e-4d1b-b52e-c201ee1bc7ab (occupational therapist); O*NET Database 31.0: 29-1122.00 (Occupational Therapists)
Occupational Therapist,Healthcare,Functional Assessment,5,approved,gradnavi_review,GradNavi-reviewed detailed Interest mapping based on the Career description and approved occupation references: ABS OSCA 2024 Version 1.0: 262331 (Occupational Therapist); ESCO 1.2.1: http://data.europa.eu/esco/occupation/33da5532-8c4e-4d1b-b52e-c201ee1bc7ab (occupational therapist); O*NET Database 31.0: 29-1122.00 (Occupational Therapists)
Occupational Therapist,Healthcare,Patient Care,4,approved,gradnavi_review,GradNavi-reviewed detailed Interest mapping based on the Career description and approved occupation references: ABS OSCA 2024 Version 1.0: 262331 (Occupational Therapist); ESCO 1.2.1: http://data.europa.eu/esco/occupation/33da5532-8c4e-4d1b-b52e-c201ee1bc7ab (occupational therapist); O*NET Database 31.0: 29-1122.00 (Occupational Therapists)
Occupational Therapist,Healthcare,Assistive Technology,4,approved,gradnavi_review,GradNavi-reviewed detailed Interest mapping based on the Career description and approved occupation references: ABS OSCA 2024 Version 1.0: 262331 (Occupational Therapist); ESCO 1.2.1: http://data.europa.eu/esco/occupation/33da5532-8c4e-4d1b-b52e-c201ee1bc7ab (occupational therapist); O*NET Database 31.0: 29-1122.00 (Occupational Therapists)
Occupational Therapist,Healthcare,Disability Support,4,approved,gradnavi_review,GradNavi-reviewed detailed Interest mapping based on the Career description and approved occupation references: ABS OSCA 2024 Version 1.0: 262331 (Occupational Therapist); ESCO 1.2.1: http://data.europa.eu/esco/occupation/33da5532-8c4e-4d1b-b52e-c201ee1bc7ab (occupational therapist); O*NET Database 31.0: 29-1122.00 (Occupational Therapists)
Occupational Therapist,Healthcare,Mental Health,4,approved,gradnavi_review,GradNavi-reviewed detailed Interest mapping based on the Career description and approved occupation references: ABS OSCA 2024 Version 1.0: 262331 (Occupational Therapist); ESCO 1.2.1: http://data.europa.eu/esco/occupation/33da5532-8c4e-4d1b-b52e-c201ee1bc7ab (occupational therapist); O*NET Database 31.0: 29-1122.00 (Occupational Therapists)
Occupational Therapist,Healthcare,Community Health,3,approved,gradnavi_review,GradNavi-reviewed detailed Interest mapping based on the Career description and approved occupation references: ABS OSCA 2024 Version 1.0: 262331 (Occupational Therapist); ESCO 1.2.1: http://data.europa.eu/esco/occupation/33da5532-8c4e-4d1b-b52e-c201ee1bc7ab (occupational therapist); O*NET Database 31.0: 29-1122.00 (Occupational Therapists)
Occupational Therapist,Healthcare,Health Education,3,approved,gradnavi_review,GradNavi-reviewed detailed Interest mapping based on the Career description and approved occupation references: ABS OSCA 2024 Version 1.0: 262331 (Occupational Therapist); ESCO 1.2.1: http://data.europa.eu/esco/occupation/33da5532-8c4e-4d1b-b52e-c201ee1bc7ab (occupational therapist); O*NET Database 31.0: 29-1122.00 (Occupational Therapists)
Occupational Therapist,Healthcare,Evidence-Based Practice,3,approved,gradnavi_review,GradNavi-reviewed detailed Interest mapping based on the Career description and approved occupation references: ABS OSCA 2024 Version 1.0: 262331 (Occupational Therapist); ESCO 1.2.1: http://data.europa.eu/esco/occupation/33da5532-8c4e-4d1b-b52e-c201ee1bc7ab (occupational therapist); O*NET Database 31.0: 29-1122.00 (Occupational Therapists)
Physiotherapist,Healthcare,Physiotherapy,5,approved,gradnavi_review,GradNavi-reviewed detailed Interest mapping based on the Career description and approved occupation references: ABS OSCA 2024 Version 1.0: 262431 (Physiotherapist); ESCO 1.2.1: http://data.europa.eu/esco/occupation/006cc1f9-2841-41c3-991a-dc3f2f3bd533 (physiotherapist); O*NET Database 31.0: 29-1123.00 (Physical Therapists)
Physiotherapist,Healthcare,Rehabilitation,5,approved,gradnavi_review,GradNavi-reviewed detailed Interest mapping based on the Career description and approved occupation references: ABS OSCA 2024 Version 1.0: 262431 (Physiotherapist); ESCO 1.2.1: http://data.europa.eu/esco/occupation/006cc1f9-2841-41c3-991a-dc3f2f3bd533 (physiotherapist); O*NET Database 31.0: 29-1123.00 (Physical Therapists)
Physiotherapist,Healthcare,Movement and Mobility,5,approved,gradnavi_review,GradNavi-reviewed detailed Interest mapping based on the Career description and approved occupation references: ABS OSCA 2024 Version 1.0: 262431 (Physiotherapist); ESCO 1.2.1: http://data.europa.eu/esco/occupation/006cc1f9-2841-41c3-991a-dc3f2f3bd533 (physiotherapist); O*NET Database 31.0: 29-1123.00 (Physical Therapists)
Physiotherapist,Healthcare,Musculoskeletal Health,4,approved,gradnavi_review,GradNavi-reviewed detailed Interest mapping based on the Career description and approved occupation references: ABS OSCA 2024 Version 1.0: 262431 (Physiotherapist); ESCO 1.2.1: http://data.europa.eu/esco/occupation/006cc1f9-2841-41c3-991a-dc3f2f3bd533 (physiotherapist); O*NET Database 31.0: 29-1123.00 (Physical Therapists)
Physiotherapist,Healthcare,Exercise Therapy,4,approved,gradnavi_review,GradNavi-reviewed detailed Interest mapping based on the Career description and approved occupation references: ABS OSCA 2024 Version 1.0: 262431 (Physiotherapist); ESCO 1.2.1: http://data.europa.eu/esco/occupation/006cc1f9-2841-41c3-991a-dc3f2f3bd533 (physiotherapist); O*NET Database 31.0: 29-1123.00 (Physical Therapists)
Physiotherapist,Healthcare,Patient Care,4,approved,gradnavi_review,GradNavi-reviewed detailed Interest mapping based on the Career description and approved occupation references: ABS OSCA 2024 Version 1.0: 262431 (Physiotherapist); ESCO 1.2.1: http://data.europa.eu/esco/occupation/006cc1f9-2841-41c3-991a-dc3f2f3bd533 (physiotherapist); O*NET Database 31.0: 29-1123.00 (Physical Therapists)
Physiotherapist,Healthcare,Injury Recovery,4,approved,gradnavi_review,GradNavi-reviewed detailed Interest mapping based on the Career description and approved occupation references: ABS OSCA 2024 Version 1.0: 262431 (Physiotherapist); ESCO 1.2.1: http://data.europa.eu/esco/occupation/006cc1f9-2841-41c3-991a-dc3f2f3bd533 (physiotherapist); O*NET Database 31.0: 29-1123.00 (Physical Therapists)
Physiotherapist,Healthcare,Sports Health,3,approved,gradnavi_review,GradNavi-reviewed detailed Interest mapping based on the Career description and approved occupation references: ABS OSCA 2024 Version 1.0: 262431 (Physiotherapist); ESCO 1.2.1: http://data.europa.eu/esco/occupation/006cc1f9-2841-41c3-991a-dc3f2f3bd533 (physiotherapist); O*NET Database 31.0: 29-1123.00 (Physical Therapists)
Physiotherapist,Healthcare,Health Education,3,approved,gradnavi_review,GradNavi-reviewed detailed Interest mapping based on the Career description and approved occupation references: ABS OSCA 2024 Version 1.0: 262431 (Physiotherapist); ESCO 1.2.1: http://data.europa.eu/esco/occupation/006cc1f9-2841-41c3-991a-dc3f2f3bd533 (physiotherapist); O*NET Database 31.0: 29-1123.00 (Physical Therapists)
Physiotherapist,Healthcare,Evidence-Based Practice,3,approved,gradnavi_review,GradNavi-reviewed detailed Interest mapping based on the Career description and approved occupation references: ABS OSCA 2024 Version 1.0: 262431 (Physiotherapist); ESCO 1.2.1: http://data.europa.eu/esco/occupation/006cc1f9-2841-41c3-991a-dc3f2f3bd533 (physiotherapist); O*NET Database 31.0: 29-1123.00 (Physical Therapists)
Registered Nurse (Acute Care),Healthcare,Acute Care,5,approved,gradnavi_review,GradNavi-reviewed detailed Interest mapping based on the Career description and approved occupation references: ABS OSCA 2024 Version 1.0: 265432 (Registered Nurse (Acute Care)); ESCO 1.2.1: http://data.europa.eu/esco/occupation/8d3e8aaa-791b-4c75-a465-f3f827028f50 (nurse responsible for general care); O*NET Database 31.0: 29-1141.01 (Acute Care Nurses)
Registered Nurse (Acute Care),Healthcare,Nursing,5,approved,gradnavi_review,GradNavi-reviewed detailed Interest mapping based on the Career description and approved occupation references: ABS OSCA 2024 Version 1.0: 265432 (Registered Nurse (Acute Care)); ESCO 1.2.1: http://data.europa.eu/esco/occupation/8d3e8aaa-791b-4c75-a465-f3f827028f50 (nurse responsible for general care); O*NET Database 31.0: 29-1141.01 (Acute Care Nurses)
Registered Nurse (Acute Care),Healthcare,Patient Care,5,approved,gradnavi_review,GradNavi-reviewed detailed Interest mapping based on the Career description and approved occupation references: ABS OSCA 2024 Version 1.0: 265432 (Registered Nurse (Acute Care)); ESCO 1.2.1: http://data.europa.eu/esco/occupation/8d3e8aaa-791b-4c75-a465-f3f827028f50 (nurse responsible for general care); O*NET Database 31.0: 29-1141.01 (Acute Care Nurses)
Registered Nurse (Acute Care),Healthcare,Clinical Assessment,4,approved,gradnavi_review,GradNavi-reviewed detailed Interest mapping based on the Career description and approved occupation references: ABS OSCA 2024 Version 1.0: 265432 (Registered Nurse (Acute Care)); ESCO 1.2.1: http://data.europa.eu/esco/occupation/8d3e8aaa-791b-4c75-a465-f3f827028f50 (nurse responsible for general care); O*NET Database 31.0: 29-1141.01 (Acute Care Nurses)
Registered Nurse (Acute Care),Healthcare,Emergency Care,4,approved,gradnavi_review,GradNavi-reviewed detailed Interest mapping based on the Career description and approved occupation references: ABS OSCA 2024 Version 1.0: 265432 (Registered Nurse (Acute Care)); ESCO 1.2.1: http://data.europa.eu/esco/occupation/8d3e8aaa-791b-4c75-a465-f3f827028f50 (nurse responsible for general care); O*NET Database 31.0: 29-1141.01 (Acute Care Nurses)
Registered Nurse (Acute Care),Healthcare,Medication Management,4,approved,gradnavi_review,GradNavi-reviewed detailed Interest mapping based on the Career description and approved occupation references: ABS OSCA 2024 Version 1.0: 265432 (Registered Nurse (Acute Care)); ESCO 1.2.1: http://data.europa.eu/esco/occupation/8d3e8aaa-791b-4c75-a465-f3f827028f50 (nurse responsible for general care); O*NET Database 31.0: 29-1141.01 (Acute Care Nurses)
Registered Nurse (Acute Care),Healthcare,Care Coordination,4,approved,gradnavi_review,GradNavi-reviewed detailed Interest mapping based on the Career description and approved occupation references: ABS OSCA 2024 Version 1.0: 265432 (Registered Nurse (Acute Care)); ESCO 1.2.1: http://data.europa.eu/esco/occupation/8d3e8aaa-791b-4c75-a465-f3f827028f50 (nurse responsible for general care); O*NET Database 31.0: 29-1141.01 (Acute Care Nurses)
Registered Nurse (Acute Care),Healthcare,Health Education,3,approved,gradnavi_review,GradNavi-reviewed detailed Interest mapping based on the Career description and approved occupation references: ABS OSCA 2024 Version 1.0: 265432 (Registered Nurse (Acute Care)); ESCO 1.2.1: http://data.europa.eu/esco/occupation/8d3e8aaa-791b-4c75-a465-f3f827028f50 (nurse responsible for general care); O*NET Database 31.0: 29-1141.01 (Acute Care Nurses)
Registered Nurse (Acute Care),Healthcare,Patient Safety,3,approved,gradnavi_review,GradNavi-reviewed detailed Interest mapping based on the Career description and approved occupation references: ABS OSCA 2024 Version 1.0: 265432 (Registered Nurse (Acute Care)); ESCO 1.2.1: http://data.europa.eu/esco/occupation/8d3e8aaa-791b-4c75-a465-f3f827028f50 (nurse responsible for general care); O*NET Database 31.0: 29-1141.01 (Acute Care Nurses)
Registered Nurse (Acute Care),Healthcare,Evidence-Based Practice,3,approved,gradnavi_review,GradNavi-reviewed detailed Interest mapping based on the Career description and approved occupation references: ABS OSCA 2024 Version 1.0: 265432 (Registered Nurse (Acute Care)); ESCO 1.2.1: http://data.europa.eu/esco/occupation/8d3e8aaa-791b-4c75-a465-f3f827028f50 (nurse responsible for general care); O*NET Database 31.0: 29-1141.01 (Acute Care Nurses)
Content Creator (Marketing),Marketing and Communications,Content Creation,5,approved,gradnavi_review,GradNavi-reviewed detailed Interest mapping based on the Career description and approved occupation references: ABS OSCA 2024 Version 1.0: 221531 (Content Creator (Marketing)); ESCO 1.2.1: http://data.europa.eu/esco/occupation/356227b9-2263-4dbd-81e9-7dfc6d3f3af7 (online marketer); O*NET Database 31.0: 13-1161.00 (Market Research Analysts and Marketing Specialists)
Content Creator (Marketing),Marketing and Communications,Digital Content,5,approved,gradnavi_review,GradNavi-reviewed detailed Interest mapping based on the Career description and approved occupation references: ABS OSCA 2024 Version 1.0: 221531 (Content Creator (Marketing)); ESCO 1.2.1: http://data.europa.eu/esco/occupation/356227b9-2263-4dbd-81e9-7dfc6d3f3af7 (online marketer); O*NET Database 31.0: 13-1161.00 (Market Research Analysts and Marketing Specialists)
Content Creator (Marketing),Marketing and Communications,Social Media Marketing,5,approved,gradnavi_review,GradNavi-reviewed detailed Interest mapping based on the Career description and approved occupation references: ABS OSCA 2024 Version 1.0: 221531 (Content Creator (Marketing)); ESCO 1.2.1: http://data.europa.eu/esco/occupation/356227b9-2263-4dbd-81e9-7dfc6d3f3af7 (online marketer); O*NET Database 31.0: 13-1161.00 (Market Research Analysts and Marketing Specialists)
Content Creator (Marketing),Marketing and Communications,Copywriting,4,approved,gradnavi_review,GradNavi-reviewed detailed Interest mapping based on the Career description and approved occupation references: ABS OSCA 2024 Version 1.0: 221531 (Content Creator (Marketing)); ESCO 1.2.1: http://data.europa.eu/esco/occupation/356227b9-2263-4dbd-81e9-7dfc6d3f3af7 (online marketer); O*NET Database 31.0: 13-1161.00 (Market Research Analysts and Marketing Specialists)
Content Creator (Marketing),Marketing and Communications,Video Content,4,approved,gradnavi_review,GradNavi-reviewed detailed Interest mapping based on the Career description and approved occupation references: ABS OSCA 2024 Version 1.0: 221531 (Content Creator (Marketing)); ESCO 1.2.1: http://data.europa.eu/esco/occupation/356227b9-2263-4dbd-81e9-7dfc6d3f3af7 (online marketer); O*NET Database 31.0: 13-1161.00 (Market Research Analysts and Marketing Specialists)
Content Creator (Marketing),Marketing and Communications,Brand Communication,4,approved,gradnavi_review,GradNavi-reviewed detailed Interest mapping based on the Career description and approved occupation references: ABS OSCA 2024 Version 1.0: 221531 (Content Creator (Marketing)); ESCO 1.2.1: http://data.europa.eu/esco/occupation/356227b9-2263-4dbd-81e9-7dfc6d3f3af7 (online marketer); O*NET Database 31.0: 13-1161.00 (Market Research Analysts and Marketing Specialists)
Content Creator (Marketing),Marketing and Communications,Audience Engagement,4,approved,gradnavi_review,GradNavi-reviewed detailed Interest mapping based on the Career description and approved occupation references: ABS OSCA 2024 Version 1.0: 221531 (Content Creator (Marketing)); ESCO 1.2.1: http://data.europa.eu/esco/occupation/356227b9-2263-4dbd-81e9-7dfc6d3f3af7 (online marketer); O*NET Database 31.0: 13-1161.00 (Market Research Analysts and Marketing Specialists)
Content Creator (Marketing),Marketing and Communications,Campaign Development,3,approved,gradnavi_review,GradNavi-reviewed detailed Interest mapping based on the Career description and approved occupation references: ABS OSCA 2024 Version 1.0: 221531 (Content Creator (Marketing)); ESCO 1.2.1: http://data.europa.eu/esco/occupation/356227b9-2263-4dbd-81e9-7dfc6d3f3af7 (online marketer); O*NET Database 31.0: 13-1161.00 (Market Research Analysts and Marketing Specialists)
Content Creator (Marketing),Marketing and Communications,Graphic Content,3,approved,gradnavi_review,GradNavi-reviewed detailed Interest mapping based on the Career description and approved occupation references: ABS OSCA 2024 Version 1.0: 221531 (Content Creator (Marketing)); ESCO 1.2.1: http://data.europa.eu/esco/occupation/356227b9-2263-4dbd-81e9-7dfc6d3f3af7 (online marketer); O*NET Database 31.0: 13-1161.00 (Market Research Analysts and Marketing Specialists)
Content Creator (Marketing),Marketing and Communications,Storytelling,3,approved,gradnavi_review,GradNavi-reviewed detailed Interest mapping based on the Career description and approved occupation references: ABS OSCA 2024 Version 1.0: 221531 (Content Creator (Marketing)); ESCO 1.2.1: http://data.europa.eu/esco/occupation/356227b9-2263-4dbd-81e9-7dfc6d3f3af7 (online marketer); O*NET Database 31.0: 13-1161.00 (Market Research Analysts and Marketing Specialists)
Digital Marketing Analyst,Marketing and Communications,Digital Marketing,5,approved,gradnavi_review,GradNavi-reviewed detailed Interest mapping based on the Career description and approved occupation references: ABS OSCA 2024 Version 1.0: 221532 (Digital Marketing Analyst); ESCO 1.2.1: http://data.europa.eu/esco/occupation/092fdeeb-a76f-4ed2-b248-90fd6eaaffef (search engine optimisation expert); O*NET Database 31.0: 13-1161.01 (Search Marketing Strategists)
Digital Marketing Analyst,Marketing and Communications,Marketing Analytics,5,approved,gradnavi_review,GradNavi-reviewed detailed Interest mapping based on the Career description and approved occupation references: ABS OSCA 2024 Version 1.0: 221532 (Digital Marketing Analyst); ESCO 1.2.1: http://data.europa.eu/esco/occupation/092fdeeb-a76f-4ed2-b248-90fd6eaaffef (search engine optimisation expert); O*NET Database 31.0: 13-1161.01 (Search Marketing Strategists)
Digital Marketing Analyst,Marketing and Communications,Search Marketing,5,approved,gradnavi_review,GradNavi-reviewed detailed Interest mapping based on the Career description and approved occupation references: ABS OSCA 2024 Version 1.0: 221532 (Digital Marketing Analyst); ESCO 1.2.1: http://data.europa.eu/esco/occupation/092fdeeb-a76f-4ed2-b248-90fd6eaaffef (search engine optimisation expert); O*NET Database 31.0: 13-1161.01 (Search Marketing Strategists)
Digital Marketing Analyst,Marketing and Communications,Web Analytics,4,approved,gradnavi_review,GradNavi-reviewed detailed Interest mapping based on the Career description and approved occupation references: ABS OSCA 2024 Version 1.0: 221532 (Digital Marketing Analyst); ESCO 1.2.1: http://data.europa.eu/esco/occupation/092fdeeb-a76f-4ed2-b248-90fd6eaaffef (search engine optimisation expert); O*NET Database 31.0: 13-1161.01 (Search Marketing Strategists)
Digital Marketing Analyst,Marketing and Communications,Campaign Performance,4,approved,gradnavi_review,GradNavi-reviewed detailed Interest mapping based on the Career description and approved occupation references: ABS OSCA 2024 Version 1.0: 221532 (Digital Marketing Analyst); ESCO 1.2.1: http://data.europa.eu/esco/occupation/092fdeeb-a76f-4ed2-b248-90fd6eaaffef (search engine optimisation expert); O*NET Database 31.0: 13-1161.01 (Search Marketing Strategists)
Digital Marketing Analyst,Marketing and Communications,Consumer Behaviour,4,approved,gradnavi_review,GradNavi-reviewed detailed Interest mapping based on the Career description and approved occupation references: ABS OSCA 2024 Version 1.0: 221532 (Digital Marketing Analyst); ESCO 1.2.1: http://data.europa.eu/esco/occupation/092fdeeb-a76f-4ed2-b248-90fd6eaaffef (search engine optimisation expert); O*NET Database 31.0: 13-1161.01 (Search Marketing Strategists)
Digital Marketing Analyst,Marketing and Communications,Data Analysis,4,approved,gradnavi_review,GradNavi-reviewed detailed Interest mapping based on the Career description and approved occupation references: ABS OSCA 2024 Version 1.0: 221532 (Digital Marketing Analyst); ESCO 1.2.1: http://data.europa.eu/esco/occupation/092fdeeb-a76f-4ed2-b248-90fd6eaaffef (search engine optimisation expert); O*NET Database 31.0: 13-1161.01 (Search Marketing Strategists)
Digital Marketing Analyst,Marketing and Communications,Conversion Optimisation,3,approved,gradnavi_review,GradNavi-reviewed detailed Interest mapping based on the Career description and approved occupation references: ABS OSCA 2024 Version 1.0: 221532 (Digital Marketing Analyst); ESCO 1.2.1: http://data.europa.eu/esco/occupation/092fdeeb-a76f-4ed2-b248-90fd6eaaffef (search engine optimisation expert); O*NET Database 31.0: 13-1161.01 (Search Marketing Strategists)
Digital Marketing Analyst,Marketing and Communications,Social Media Analytics,3,approved,gradnavi_review,GradNavi-reviewed detailed Interest mapping based on the Career description and approved occupation references: ABS OSCA 2024 Version 1.0: 221532 (Digital Marketing Analyst); ESCO 1.2.1: http://data.europa.eu/esco/occupation/092fdeeb-a76f-4ed2-b248-90fd6eaaffef (search engine optimisation expert); O*NET Database 31.0: 13-1161.01 (Search Marketing Strategists)
Digital Marketing Analyst,Marketing and Communications,Market Research,3,approved,gradnavi_review,GradNavi-reviewed detailed Interest mapping based on the Career description and approved occupation references: ABS OSCA 2024 Version 1.0: 221532 (Digital Marketing Analyst); ESCO 1.2.1: http://data.europa.eu/esco/occupation/092fdeeb-a76f-4ed2-b248-90fd6eaaffef (search engine optimisation expert); O*NET Database 31.0: 13-1161.01 (Search Marketing Strategists)
Market Research Analyst,Marketing and Communications,Market Research,5,approved,gradnavi_review,GradNavi-reviewed detailed Interest mapping based on the Career description and approved occupation references: ABS OSCA 2024 Version 1.0: 221533 (Market Research Analyst); ESCO 1.2.1: http://data.europa.eu/esco/occupation/66fb9704-0d56-4673-8e69-7823816b73e1 (market research analyst); O*NET Database 31.0: 13-1161.00 (Market Research Analysts and Marketing Specialists)
Market Research Analyst,Marketing and Communications,Consumer Behaviour,5,approved,gradnavi_review,GradNavi-reviewed detailed Interest mapping based on the Career description and approved occupation references: ABS OSCA 2024 Version 1.0: 221533 (Market Research Analyst); ESCO 1.2.1: http://data.europa.eu/esco/occupation/66fb9704-0d56-4673-8e69-7823816b73e1 (market research analyst); O*NET Database 31.0: 13-1161.00 (Market Research Analysts and Marketing Specialists)
Market Research Analyst,Marketing and Communications,Survey Research,5,approved,gradnavi_review,GradNavi-reviewed detailed Interest mapping based on the Career description and approved occupation references: ABS OSCA 2024 Version 1.0: 221533 (Market Research Analyst); ESCO 1.2.1: http://data.europa.eu/esco/occupation/66fb9704-0d56-4673-8e69-7823816b73e1 (market research analyst); O*NET Database 31.0: 13-1161.00 (Market Research Analysts and Marketing Specialists)
Market Research Analyst,Marketing and Communications,Data Analysis,4,approved,gradnavi_review,GradNavi-reviewed detailed Interest mapping based on the Career description and approved occupation references: ABS OSCA 2024 Version 1.0: 221533 (Market Research Analyst); ESCO 1.2.1: http://data.europa.eu/esco/occupation/66fb9704-0d56-4673-8e69-7823816b73e1 (market research analyst); O*NET Database 31.0: 13-1161.00 (Market Research Analysts and Marketing Specialists)
Market Research Analyst,Marketing and Communications,Statistical Analysis,4,approved,gradnavi_review,GradNavi-reviewed detailed Interest mapping based on the Career description and approved occupation references: ABS OSCA 2024 Version 1.0: 221533 (Market Research Analyst); ESCO 1.2.1: http://data.europa.eu/esco/occupation/66fb9704-0d56-4673-8e69-7823816b73e1 (market research analyst); O*NET Database 31.0: 13-1161.00 (Market Research Analysts and Marketing Specialists)
Market Research Analyst,Marketing and Communications,Competitive Analysis,4,approved,gradnavi_review,GradNavi-reviewed detailed Interest mapping based on the Career description and approved occupation references: ABS OSCA 2024 Version 1.0: 221533 (Market Research Analyst); ESCO 1.2.1: http://data.europa.eu/esco/occupation/66fb9704-0d56-4673-8e69-7823816b73e1 (market research analyst); O*NET Database 31.0: 13-1161.00 (Market Research Analysts and Marketing Specialists)
Market Research Analyst,Marketing and Communications,Market Trends,4,approved,gradnavi_review,GradNavi-reviewed detailed Interest mapping based on the Career description and approved occupation references: ABS OSCA 2024 Version 1.0: 221533 (Market Research Analyst); ESCO 1.2.1: http://data.europa.eu/esco/occupation/66fb9704-0d56-4673-8e69-7823816b73e1 (market research analyst); O*NET Database 31.0: 13-1161.00 (Market Research Analysts and Marketing Specialists)
Market Research Analyst,Marketing and Communications,Research Design,3,approved,gradnavi_review,GradNavi-reviewed detailed Interest mapping based on the Career description and approved occupation references: ABS OSCA 2024 Version 1.0: 221533 (Market Research Analyst); ESCO 1.2.1: http://data.europa.eu/esco/occupation/66fb9704-0d56-4673-8e69-7823816b73e1 (market research analyst); O*NET Database 31.0: 13-1161.00 (Market Research Analysts and Marketing Specialists)
Market Research Analyst,Marketing and Communications,Data Visualisation,3,approved,gradnavi_review,GradNavi-reviewed detailed Interest mapping based on the Career description and approved occupation references: ABS OSCA 2024 Version 1.0: 221533 (Market Research Analyst); ESCO 1.2.1: http://data.europa.eu/esco/occupation/66fb9704-0d56-4673-8e69-7823816b73e1 (market research analyst); O*NET Database 31.0: 13-1161.00 (Market Research Analysts and Marketing Specialists)
Market Research Analyst,Marketing and Communications,Business Decision Support,3,approved,gradnavi_review,GradNavi-reviewed detailed Interest mapping based on the Career description and approved occupation references: ABS OSCA 2024 Version 1.0: 221533 (Market Research Analyst); ESCO 1.2.1: http://data.europa.eu/esco/occupation/66fb9704-0d56-4673-8e69-7823816b73e1 (market research analyst); O*NET Database 31.0: 13-1161.00 (Market Research Analysts and Marketing Specialists)
Marketing Specialist,Marketing and Communications,Marketing Strategy,5,approved,gradnavi_review,GradNavi-reviewed detailed Interest mapping based on the Career description and approved occupation references: ABS OSCA 2024 Version 1.0: 221534 (Marketing Specialist); ESCO 1.2.1: http://data.europa.eu/esco/occupation/4791e217-d607-40d5-9f84-df1d0a071cbc (marketing consultant); O*NET Database 31.0: 13-1161.00 (Market Research Analysts and Marketing Specialists)
Marketing Specialist,Marketing and Communications,Brand Management,5,approved,gradnavi_review,GradNavi-reviewed detailed Interest mapping based on the Career description and approved occupation references: ABS OSCA 2024 Version 1.0: 221534 (Marketing Specialist); ESCO 1.2.1: http://data.europa.eu/esco/occupation/4791e217-d607-40d5-9f84-df1d0a071cbc (marketing consultant); O*NET Database 31.0: 13-1161.00 (Market Research Analysts and Marketing Specialists)
Marketing Specialist,Marketing and Communications,Campaign Development,5,approved,gradnavi_review,GradNavi-reviewed detailed Interest mapping based on the Career description and approved occupation references: ABS OSCA 2024 Version 1.0: 221534 (Marketing Specialist); ESCO 1.2.1: http://data.europa.eu/esco/occupation/4791e217-d607-40d5-9f84-df1d0a071cbc (marketing consultant); O*NET Database 31.0: 13-1161.00 (Market Research Analysts and Marketing Specialists)
Marketing Specialist,Marketing and Communications,Market Research,4,approved,gradnavi_review,GradNavi-reviewed detailed Interest mapping based on the Career description and approved occupation references: ABS OSCA 2024 Version 1.0: 221534 (Marketing Specialist); ESCO 1.2.1: http://data.europa.eu/esco/occupation/4791e217-d607-40d5-9f84-df1d0a071cbc (marketing consultant); O*NET Database 31.0: 13-1161.00 (Market Research Analysts and Marketing Specialists)
Marketing Specialist,Marketing and Communications,Consumer Behaviour,4,approved,gradnavi_review,GradNavi-reviewed detailed Interest mapping based on the Career description and approved occupation references: ABS OSCA 2024 Version 1.0: 221534 (Marketing Specialist); ESCO 1.2.1: http://data.europa.eu/esco/occupation/4791e217-d607-40d5-9f84-df1d0a071cbc (marketing consultant); O*NET Database 31.0: 13-1161.00 (Market Research Analysts and Marketing Specialists)
Marketing Specialist,Marketing and Communications,Digital Marketing,4,approved,gradnavi_review,GradNavi-reviewed detailed Interest mapping based on the Career description and approved occupation references: ABS OSCA 2024 Version 1.0: 221534 (Marketing Specialist); ESCO 1.2.1: http://data.europa.eu/esco/occupation/4791e217-d607-40d5-9f84-df1d0a071cbc (marketing consultant); O*NET Database 31.0: 13-1161.00 (Market Research Analysts and Marketing Specialists)
Marketing Specialist,Marketing and Communications,Product Positioning,4,approved,gradnavi_review,GradNavi-reviewed detailed Interest mapping based on the Career description and approved occupation references: ABS OSCA 2024 Version 1.0: 221534 (Marketing Specialist); ESCO 1.2.1: http://data.europa.eu/esco/occupation/4791e217-d607-40d5-9f84-df1d0a071cbc (marketing consultant); O*NET Database 31.0: 13-1161.00 (Market Research Analysts and Marketing Specialists)
Marketing Specialist,Marketing and Communications,Promotion Strategy,3,approved,gradnavi_review,GradNavi-reviewed detailed Interest mapping based on the Career description and approved occupation references: ABS OSCA 2024 Version 1.0: 221534 (Marketing Specialist); ESCO 1.2.1: http://data.europa.eu/esco/occupation/4791e217-d607-40d5-9f84-df1d0a071cbc (marketing consultant); O*NET Database 31.0: 13-1161.00 (Market Research Analysts and Marketing Specialists)
Marketing Specialist,Marketing and Communications,Pricing Strategy,3,approved,gradnavi_review,GradNavi-reviewed detailed Interest mapping based on the Career description and approved occupation references: ABS OSCA 2024 Version 1.0: 221534 (Marketing Specialist); ESCO 1.2.1: http://data.europa.eu/esco/occupation/4791e217-d607-40d5-9f84-df1d0a071cbc (marketing consultant); O*NET Database 31.0: 13-1161.00 (Market Research Analysts and Marketing Specialists)
Marketing Specialist,Marketing and Communications,Audience Engagement,3,approved,gradnavi_review,GradNavi-reviewed detailed Interest mapping based on the Career description and approved occupation references: ABS OSCA 2024 Version 1.0: 221534 (Marketing Specialist); ESCO 1.2.1: http://data.europa.eu/esco/occupation/4791e217-d607-40d5-9f84-df1d0a071cbc (marketing consultant); O*NET Database 31.0: 13-1161.00 (Market Research Analysts and Marketing Specialists)
Human Resources Adviser,"People, Organisation, Operations and Supply Chain",Human Resources,5,approved,gradnavi_review,GradNavi-reviewed detailed Interest mapping based on the Career description and approved occupation references: ABS OSCA 2024 Version 1.0: 222131 (Human Resources Adviser); ESCO 1.2.1: http://data.europa.eu/esco/occupation/d3e32e5e-7f24-48e3-b939-e4f800eb62fb (human resources officer); O*NET Database 31.0: 13-1071.00 (Human Resources Specialists)
Human Resources Adviser,"People, Organisation, Operations and Supply Chain",Employee Relations,5,approved,gradnavi_review,GradNavi-reviewed detailed Interest mapping based on the Career description and approved occupation references: ABS OSCA 2024 Version 1.0: 222131 (Human Resources Adviser); ESCO 1.2.1: http://data.europa.eu/esco/occupation/d3e32e5e-7f24-48e3-b939-e4f800eb62fb (human resources officer); O*NET Database 31.0: 13-1071.00 (Human Resources Specialists)
Human Resources Adviser,"People, Organisation, Operations and Supply Chain",HR Policy,5,approved,gradnavi_review,GradNavi-reviewed detailed Interest mapping based on the Career description and approved occupation references: ABS OSCA 2024 Version 1.0: 222131 (Human Resources Adviser); ESCO 1.2.1: http://data.europa.eu/esco/occupation/d3e32e5e-7f24-48e3-b939-e4f800eb62fb (human resources officer); O*NET Database 31.0: 13-1071.00 (Human Resources Specialists)
Human Resources Adviser,"People, Organisation, Operations and Supply Chain",Workforce Planning,4,approved,gradnavi_review,GradNavi-reviewed detailed Interest mapping based on the Career description and approved occupation references: ABS OSCA 2024 Version 1.0: 222131 (Human Resources Adviser); ESCO 1.2.1: http://data.europa.eu/esco/occupation/d3e32e5e-7f24-48e3-b939-e4f800eb62fb (human resources officer); O*NET Database 31.0: 13-1071.00 (Human Resources Specialists)
Human Resources Adviser,"People, Organisation, Operations and Supply Chain",Performance Management,4,approved,gradnavi_review,GradNavi-reviewed detailed Interest mapping based on the Career description and approved occupation references: ABS OSCA 2024 Version 1.0: 222131 (Human Resources Adviser); ESCO 1.2.1: http://data.europa.eu/esco/occupation/d3e32e5e-7f24-48e3-b939-e4f800eb62fb (human resources officer); O*NET Database 31.0: 13-1071.00 (Human Resources Specialists)
Human Resources Adviser,"People, Organisation, Operations and Supply Chain",Learning and Development,4,approved,gradnavi_review,GradNavi-reviewed detailed Interest mapping based on the Career description and approved occupation references: ABS OSCA 2024 Version 1.0: 222131 (Human Resources Adviser); ESCO 1.2.1: http://data.europa.eu/esco/occupation/d3e32e5e-7f24-48e3-b939-e4f800eb62fb (human resources officer); O*NET Database 31.0: 13-1071.00 (Human Resources Specialists)
Human Resources Adviser,"People, Organisation, Operations and Supply Chain",Recruitment,4,approved,gradnavi_review,GradNavi-reviewed detailed Interest mapping based on the Career description and approved occupation references: ABS OSCA 2024 Version 1.0: 222131 (Human Resources Adviser); ESCO 1.2.1: http://data.europa.eu/esco/occupation/d3e32e5e-7f24-48e3-b939-e4f800eb62fb (human resources officer); O*NET Database 31.0: 13-1071.00 (Human Resources Specialists)
Human Resources Adviser,"People, Organisation, Operations and Supply Chain",Workplace Compliance,3,approved,gradnavi_review,GradNavi-reviewed detailed Interest mapping based on the Career description and approved occupation references: ABS OSCA 2024 Version 1.0: 222131 (Human Resources Adviser); ESCO 1.2.1: http://data.europa.eu/esco/occupation/d3e32e5e-7f24-48e3-b939-e4f800eb62fb (human resources officer); O*NET Database 31.0: 13-1071.00 (Human Resources Specialists)
Human Resources Adviser,"People, Organisation, Operations and Supply Chain",Organisational Development,3,approved,gradnavi_review,GradNavi-reviewed detailed Interest mapping based on the Career description and approved occupation references: ABS OSCA 2024 Version 1.0: 222131 (Human Resources Adviser); ESCO 1.2.1: http://data.europa.eu/esco/occupation/d3e32e5e-7f24-48e3-b939-e4f800eb62fb (human resources officer); O*NET Database 31.0: 13-1071.00 (Human Resources Specialists)
Human Resources Adviser,"People, Organisation, Operations and Supply Chain",People Analytics,3,approved,gradnavi_review,GradNavi-reviewed detailed Interest mapping based on the Career description and approved occupation references: ABS OSCA 2024 Version 1.0: 222131 (Human Resources Adviser); ESCO 1.2.1: http://data.europa.eu/esco/occupation/d3e32e5e-7f24-48e3-b939-e4f800eb62fb (human resources officer); O*NET Database 31.0: 13-1071.00 (Human Resources Specialists)
Recruitment Consultant,"People, Organisation, Operations and Supply Chain",Recruitment,5,approved,gradnavi_review,GradNavi-reviewed detailed Interest mapping based on the Career description and approved occupation references: ABS OSCA 2024 Version 1.0: 222231 (Recruitment Consultant); ESCO 1.2.1: http://data.europa.eu/esco/occupation/068370e0-9c27-4814-87d0-44fbb3140815 (recruitment consultant); O*NET Database 31.0: 13-1071.00 (Human Resources Specialists)
Recruitment Consultant,"People, Organisation, Operations and Supply Chain",Talent Acquisition,5,approved,gradnavi_review,GradNavi-reviewed detailed Interest mapping based on the Career description and approved occupation references: ABS OSCA 2024 Version 1.0: 222231 (Recruitment Consultant); ESCO 1.2.1: http://data.europa.eu/esco/occupation/068370e0-9c27-4814-87d0-44fbb3140815 (recruitment consultant); O*NET Database 31.0: 13-1071.00 (Human Resources Specialists)
Recruitment Consultant,"People, Organisation, Operations and Supply Chain",Candidate Sourcing,5,approved,gradnavi_review,GradNavi-reviewed detailed Interest mapping based on the Career description and approved occupation references: ABS OSCA 2024 Version 1.0: 222231 (Recruitment Consultant); ESCO 1.2.1: http://data.europa.eu/esco/occupation/068370e0-9c27-4814-87d0-44fbb3140815 (recruitment consultant); O*NET Database 31.0: 13-1071.00 (Human Resources Specialists)
Recruitment Consultant,"People, Organisation, Operations and Supply Chain",Interviewing,4,approved,gradnavi_review,GradNavi-reviewed detailed Interest mapping based on the Career description and approved occupation references: ABS OSCA 2024 Version 1.0: 222231 (Recruitment Consultant); ESCO 1.2.1: http://data.europa.eu/esco/occupation/068370e0-9c27-4814-87d0-44fbb3140815 (recruitment consultant); O*NET Database 31.0: 13-1071.00 (Human Resources Specialists)
Recruitment Consultant,"People, Organisation, Operations and Supply Chain",Employer Relations,4,approved,gradnavi_review,GradNavi-reviewed detailed Interest mapping based on the Career description and approved occupation references: ABS OSCA 2024 Version 1.0: 222231 (Recruitment Consultant); ESCO 1.2.1: http://data.europa.eu/esco/occupation/068370e0-9c27-4814-87d0-44fbb3140815 (recruitment consultant); O*NET Database 31.0: 13-1071.00 (Human Resources Specialists)
Recruitment Consultant,"People, Organisation, Operations and Supply Chain",Candidate Assessment,4,approved,gradnavi_review,GradNavi-reviewed detailed Interest mapping based on the Career description and approved occupation references: ABS OSCA 2024 Version 1.0: 222231 (Recruitment Consultant); ESCO 1.2.1: http://data.europa.eu/esco/occupation/068370e0-9c27-4814-87d0-44fbb3140815 (recruitment consultant); O*NET Database 31.0: 13-1071.00 (Human Resources Specialists)
Recruitment Consultant,"People, Organisation, Operations and Supply Chain",Human Resources,4,approved,gradnavi_review,GradNavi-reviewed detailed Interest mapping based on the Career description and approved occupation references: ABS OSCA 2024 Version 1.0: 222231 (Recruitment Consultant); ESCO 1.2.1: http://data.europa.eu/esco/occupation/068370e0-9c27-4814-87d0-44fbb3140815 (recruitment consultant); O*NET Database 31.0: 13-1071.00 (Human Resources Specialists)
Recruitment Consultant,"People, Organisation, Operations and Supply Chain",Workforce Planning,3,approved,gradnavi_review,GradNavi-reviewed detailed Interest mapping based on the Career description and approved occupation references: ABS OSCA 2024 Version 1.0: 222231 (Recruitment Consultant); ESCO 1.2.1: http://data.europa.eu/esco/occupation/068370e0-9c27-4814-87d0-44fbb3140815 (recruitment consultant); O*NET Database 31.0: 13-1071.00 (Human Resources Specialists)
Recruitment Consultant,"People, Organisation, Operations and Supply Chain",Career Guidance,3,approved,gradnavi_review,GradNavi-reviewed detailed Interest mapping based on the Career description and approved occupation references: ABS OSCA 2024 Version 1.0: 222231 (Recruitment Consultant); ESCO 1.2.1: http://data.europa.eu/esco/occupation/068370e0-9c27-4814-87d0-44fbb3140815 (recruitment consultant); O*NET Database 31.0: 13-1071.00 (Human Resources Specialists)
Recruitment Consultant,"People, Organisation, Operations and Supply Chain",People Communication,3,approved,gradnavi_review,GradNavi-reviewed detailed Interest mapping based on the Career description and approved occupation references: ABS OSCA 2024 Version 1.0: 222231 (Recruitment Consultant); ESCO 1.2.1: http://data.europa.eu/esco/occupation/068370e0-9c27-4814-87d0-44fbb3140815 (recruitment consultant); O*NET Database 31.0: 13-1071.00 (Human Resources Specialists)
Supply Chain Analyst,"People, Organisation, Operations and Supply Chain",Supply Chain,5,approved,gradnavi_review,GradNavi-reviewed detailed Interest mapping based on the Career description and approved occupation references: ABS OSCA 2024 Version 1.0: 223434 (Supply Chain Analyst); ESCO 1.2.1: http://data.europa.eu/esco/occupation/51cd3a7a-eae6-4dc6-9f24-179d7ec6d230 (logistics analyst); O*NET Database 31.0: 13-1081.02 (Logistics Analysts)
Supply Chain Analyst,"People, Organisation, Operations and Supply Chain",Logistics,5,approved,gradnavi_review,GradNavi-reviewed detailed Interest mapping based on the Career description and approved occupation references: ABS OSCA 2024 Version 1.0: 223434 (Supply Chain Analyst); ESCO 1.2.1: http://data.europa.eu/esco/occupation/51cd3a7a-eae6-4dc6-9f24-179d7ec6d230 (logistics analyst); O*NET Database 31.0: 13-1081.02 (Logistics Analysts)
Supply Chain Analyst,"People, Organisation, Operations and Supply Chain",Inventory Management,5,approved,gradnavi_review,GradNavi-reviewed detailed Interest mapping based on the Career description and approved occupation references: ABS OSCA 2024 Version 1.0: 223434 (Supply Chain Analyst); ESCO 1.2.1: http://data.europa.eu/esco/occupation/51cd3a7a-eae6-4dc6-9f24-179d7ec6d230 (logistics analyst); O*NET Database 31.0: 13-1081.02 (Logistics Analysts)
Supply Chain Analyst,"People, Organisation, Operations and Supply Chain",Supply Chain Analytics,4,approved,gradnavi_review,GradNavi-reviewed detailed Interest mapping based on the Career description and approved occupation references: ABS OSCA 2024 Version 1.0: 223434 (Supply Chain Analyst); ESCO 1.2.1: http://data.europa.eu/esco/occupation/51cd3a7a-eae6-4dc6-9f24-179d7ec6d230 (logistics analyst); O*NET Database 31.0: 13-1081.02 (Logistics Analysts)
Supply Chain Analyst,"People, Organisation, Operations and Supply Chain",Procurement,4,approved,gradnavi_review,GradNavi-reviewed detailed Interest mapping based on the Career description and approved occupation references: ABS OSCA 2024 Version 1.0: 223434 (Supply Chain Analyst); ESCO 1.2.1: http://data.europa.eu/esco/occupation/51cd3a7a-eae6-4dc6-9f24-179d7ec6d230 (logistics analyst); O*NET Database 31.0: 13-1081.02 (Logistics Analysts)
Supply Chain Analyst,"People, Organisation, Operations and Supply Chain",Demand Planning,4,approved,gradnavi_review,GradNavi-reviewed detailed Interest mapping based on the Career description and approved occupation references: ABS OSCA 2024 Version 1.0: 223434 (Supply Chain Analyst); ESCO 1.2.1: http://data.europa.eu/esco/occupation/51cd3a7a-eae6-4dc6-9f24-179d7ec6d230 (logistics analyst); O*NET Database 31.0: 13-1081.02 (Logistics Analysts)
Supply Chain Analyst,"People, Organisation, Operations and Supply Chain",Process Improvement,4,approved,gradnavi_review,GradNavi-reviewed detailed Interest mapping based on the Career description and approved occupation references: ABS OSCA 2024 Version 1.0: 223434 (Supply Chain Analyst); ESCO 1.2.1: http://data.europa.eu/esco/occupation/51cd3a7a-eae6-4dc6-9f24-179d7ec6d230 (logistics analyst); O*NET Database 31.0: 13-1081.02 (Logistics Analysts)
Supply Chain Analyst,"People, Organisation, Operations and Supply Chain",Risk Analysis,3,approved,gradnavi_review,GradNavi-reviewed detailed Interest mapping based on the Career description and approved occupation references: ABS OSCA 2024 Version 1.0: 223434 (Supply Chain Analyst); ESCO 1.2.1: http://data.europa.eu/esco/occupation/51cd3a7a-eae6-4dc6-9f24-179d7ec6d230 (logistics analyst); O*NET Database 31.0: 13-1081.02 (Logistics Analysts)
Supply Chain Analyst,"People, Organisation, Operations and Supply Chain",Data Analysis,3,approved,gradnavi_review,GradNavi-reviewed detailed Interest mapping based on the Career description and approved occupation references: ABS OSCA 2024 Version 1.0: 223434 (Supply Chain Analyst); ESCO 1.2.1: http://data.europa.eu/esco/occupation/51cd3a7a-eae6-4dc6-9f24-179d7ec6d230 (logistics analyst); O*NET Database 31.0: 13-1081.02 (Logistics Analysts)
Supply Chain Analyst,"People, Organisation, Operations and Supply Chain",Operations Management,3,approved,gradnavi_review,GradNavi-reviewed detailed Interest mapping based on the Career description and approved occupation references: ABS OSCA 2024 Version 1.0: 223434 (Supply Chain Analyst); ESCO 1.2.1: http://data.europa.eu/esco/occupation/51cd3a7a-eae6-4dc6-9f24-179d7ec6d230 (logistics analyst); O*NET Database 31.0: 13-1081.02 (Logistics Analysts)
Workplace Relations Adviser,"People, Organisation, Operations and Supply Chain",Employee Relations,5,approved,gradnavi_review,GradNavi-reviewed detailed Interest mapping based on the Career description and approved occupation references: ABS OSCA 2024 Version 1.0: 222132 (Workplace Relations Adviser); ESCO 1.2.1: http://data.europa.eu/esco/occupation/20b9f370-6b56-4679-8c06-c23b866a5bd0 (labour relations officer); O*NET Database 31.0: 13-1075.00 (Labor Relations Specialists)
Workplace Relations Adviser,"People, Organisation, Operations and Supply Chain",Workplace Relations,5,approved,gradnavi_review,GradNavi-reviewed detailed Interest mapping based on the Career description and approved occupation references: ABS OSCA 2024 Version 1.0: 222132 (Workplace Relations Adviser); ESCO 1.2.1: http://data.europa.eu/esco/occupation/20b9f370-6b56-4679-8c06-c23b866a5bd0 (labour relations officer); O*NET Database 31.0: 13-1075.00 (Labor Relations Specialists)
Workplace Relations Adviser,"People, Organisation, Operations and Supply Chain",Employment Law,5,approved,gradnavi_review,GradNavi-reviewed detailed Interest mapping based on the Career description and approved occupation references: ABS OSCA 2024 Version 1.0: 222132 (Workplace Relations Adviser); ESCO 1.2.1: http://data.europa.eu/esco/occupation/20b9f370-6b56-4679-8c06-c23b866a5bd0 (labour relations officer); O*NET Database 31.0: 13-1075.00 (Labor Relations Specialists)
Workplace Relations Adviser,"People, Organisation, Operations and Supply Chain",Dispute Resolution,4,approved,gradnavi_review,GradNavi-reviewed detailed Interest mapping based on the Career description and approved occupation references: ABS OSCA 2024 Version 1.0: 222132 (Workplace Relations Adviser); ESCO 1.2.1: http://data.europa.eu/esco/occupation/20b9f370-6b56-4679-8c06-c23b866a5bd0 (labour relations officer); O*NET Database 31.0: 13-1075.00 (Labor Relations Specialists)
Workplace Relations Adviser,"People, Organisation, Operations and Supply Chain",HR Policy,4,approved,gradnavi_review,GradNavi-reviewed detailed Interest mapping based on the Career description and approved occupation references: ABS OSCA 2024 Version 1.0: 222132 (Workplace Relations Adviser); ESCO 1.2.1: http://data.europa.eu/esco/occupation/20b9f370-6b56-4679-8c06-c23b866a5bd0 (labour relations officer); O*NET Database 31.0: 13-1075.00 (Labor Relations Specialists)
Workplace Relations Adviser,"People, Organisation, Operations and Supply Chain",Workplace Compliance,4,approved,gradnavi_review,GradNavi-reviewed detailed Interest mapping based on the Career description and approved occupation references: ABS OSCA 2024 Version 1.0: 222132 (Workplace Relations Adviser); ESCO 1.2.1: http://data.europa.eu/esco/occupation/20b9f370-6b56-4679-8c06-c23b866a5bd0 (labour relations officer); O*NET Database 31.0: 13-1075.00 (Labor Relations Specialists)
Workplace Relations Adviser,"People, Organisation, Operations and Supply Chain",Negotiation,4,approved,gradnavi_review,GradNavi-reviewed detailed Interest mapping based on the Career description and approved occupation references: ABS OSCA 2024 Version 1.0: 222132 (Workplace Relations Adviser); ESCO 1.2.1: http://data.europa.eu/esco/occupation/20b9f370-6b56-4679-8c06-c23b866a5bd0 (labour relations officer); O*NET Database 31.0: 13-1075.00 (Labor Relations Specialists)
Workplace Relations Adviser,"People, Organisation, Operations and Supply Chain",Human Resources,3,approved,gradnavi_review,GradNavi-reviewed detailed Interest mapping based on the Career description and approved occupation references: ABS OSCA 2024 Version 1.0: 222132 (Workplace Relations Adviser); ESCO 1.2.1: http://data.europa.eu/esco/occupation/20b9f370-6b56-4679-8c06-c23b866a5bd0 (labour relations officer); O*NET Database 31.0: 13-1075.00 (Labor Relations Specialists)
Workplace Relations Adviser,"People, Organisation, Operations and Supply Chain",Organisational Policy,3,approved,gradnavi_review,GradNavi-reviewed detailed Interest mapping based on the Career description and approved occupation references: ABS OSCA 2024 Version 1.0: 222132 (Workplace Relations Adviser); ESCO 1.2.1: http://data.europa.eu/esco/occupation/20b9f370-6b56-4679-8c06-c23b866a5bd0 (labour relations officer); O*NET Database 31.0: 13-1075.00 (Labor Relations Specialists)
Workplace Relations Adviser,"People, Organisation, Operations and Supply Chain",Client Advisory,3,approved,gradnavi_review,GradNavi-reviewed detailed Interest mapping based on the Career description and approved occupation references: ABS OSCA 2024 Version 1.0: 222132 (Workplace Relations Adviser); ESCO 1.2.1: http://data.europa.eu/esco/occupation/20b9f370-6b56-4679-8c06-c23b866a5bd0 (labour relations officer); O*NET Database 31.0: 13-1075.00 (Labor Relations Specialists)
Cloud Engineer,Software and Information Technology,Cloud Computing,5,approved,gradnavi_review,GradNavi-reviewed detailed Interest mapping based on the Career description and approved occupation references: ABS OSCA 2024 Version 1.0: 273331 (Cloud Engineer); ESCO 1.2.1: http://data.europa.eu/esco/occupation/349ee6f6-c295-4c38-9b98-48765b55280e (cloud engineer); O*NET Database 31.0: 15-1299.08 (Computer Systems Engineers/Architects)
Cloud Engineer,Software and Information Technology,Cloud Infrastructure,5,approved,gradnavi_review,GradNavi-reviewed detailed Interest mapping based on the Career description and approved occupation references: ABS OSCA 2024 Version 1.0: 273331 (Cloud Engineer); ESCO 1.2.1: http://data.europa.eu/esco/occupation/349ee6f6-c295-4c38-9b98-48765b55280e (cloud engineer); O*NET Database 31.0: 15-1299.08 (Computer Systems Engineers/Architects)
Cloud Engineer,Software and Information Technology,Infrastructure Automation,5,approved,gradnavi_review,GradNavi-reviewed detailed Interest mapping based on the Career description and approved occupation references: ABS OSCA 2024 Version 1.0: 273331 (Cloud Engineer); ESCO 1.2.1: http://data.europa.eu/esco/occupation/349ee6f6-c295-4c38-9b98-48765b55280e (cloud engineer); O*NET Database 31.0: 15-1299.08 (Computer Systems Engineers/Architects)
Cloud Engineer,Software and Information Technology,Distributed Systems,4,approved,gradnavi_review,GradNavi-reviewed detailed Interest mapping based on the Career description and approved occupation references: ABS OSCA 2024 Version 1.0: 273331 (Cloud Engineer); ESCO 1.2.1: http://data.europa.eu/esco/occupation/349ee6f6-c295-4c38-9b98-48765b55280e (cloud engineer); O*NET Database 31.0: 15-1299.08 (Computer Systems Engineers/Architects)
Cloud Engineer,Software and Information Technology,Platform Engineering,4,approved,gradnavi_review,GradNavi-reviewed detailed Interest mapping based on the Career description and approved occupation references: ABS OSCA 2024 Version 1.0: 273331 (Cloud Engineer); ESCO 1.2.1: http://data.europa.eu/esco/occupation/349ee6f6-c295-4c38-9b98-48765b55280e (cloud engineer); O*NET Database 31.0: 15-1299.08 (Computer Systems Engineers/Architects)
Cloud Engineer,Software and Information Technology,Cloud Security,4,approved,gradnavi_review,GradNavi-reviewed detailed Interest mapping based on the Career description and approved occupation references: ABS OSCA 2024 Version 1.0: 273331 (Cloud Engineer); ESCO 1.2.1: http://data.europa.eu/esco/occupation/349ee6f6-c295-4c38-9b98-48765b55280e (cloud engineer); O*NET Database 31.0: 15-1299.08 (Computer Systems Engineers/Architects)
Cloud Engineer,Software and Information Technology,DevOps,4,approved,gradnavi_review,GradNavi-reviewed detailed Interest mapping based on the Career description and approved occupation references: ABS OSCA 2024 Version 1.0: 273331 (Cloud Engineer); ESCO 1.2.1: http://data.europa.eu/esco/occupation/349ee6f6-c295-4c38-9b98-48765b55280e (cloud engineer); O*NET Database 31.0: 15-1299.08 (Computer Systems Engineers/Architects)
Cloud Engineer,Software and Information Technology,Networking,3,approved,gradnavi_review,GradNavi-reviewed detailed Interest mapping based on the Career description and approved occupation references: ABS OSCA 2024 Version 1.0: 273331 (Cloud Engineer); ESCO 1.2.1: http://data.europa.eu/esco/occupation/349ee6f6-c295-4c38-9b98-48765b55280e (cloud engineer); O*NET Database 31.0: 15-1299.08 (Computer Systems Engineers/Architects)
Cloud Engineer,Software and Information Technology,Systems Administration,3,approved,gradnavi_review,GradNavi-reviewed detailed Interest mapping based on the Career description and approved occupation references: ABS OSCA 2024 Version 1.0: 273331 (Cloud Engineer); ESCO 1.2.1: http://data.europa.eu/esco/occupation/349ee6f6-c295-4c38-9b98-48765b55280e (cloud engineer); O*NET Database 31.0: 15-1299.08 (Computer Systems Engineers/Architects)
Cloud Engineer,Software and Information Technology,Reliability Engineering,3,approved,gradnavi_review,GradNavi-reviewed detailed Interest mapping based on the Career description and approved occupation references: ABS OSCA 2024 Version 1.0: 273331 (Cloud Engineer); ESCO 1.2.1: http://data.europa.eu/esco/occupation/349ee6f6-c295-4c38-9b98-48765b55280e (cloud engineer); O*NET Database 31.0: 15-1299.08 (Computer Systems Engineers/Architects)
DevOps Engineer,Software and Information Technology,DevOps,5,approved,gradnavi_review,GradNavi-reviewed detailed Interest mapping based on the Career description and approved occupation references: ABS OSCA 2024 Version 1.0: 273332 (DevOps Engineer); ESCO 1.2.1: http://data.europa.eu/esco/occupation/cc867bee-ab5c-427f-9244-f7a204d9574b (cloud DevOps engineer); O*NET Database 31.0: 15-1252.00 (Software Developers)
DevOps Engineer,Software and Information Technology,Continuous Integration and Delivery,5,approved,gradnavi_review,GradNavi-reviewed detailed Interest mapping based on the Career description and approved occupation references: ABS OSCA 2024 Version 1.0: 273332 (DevOps Engineer); ESCO 1.2.1: http://data.europa.eu/esco/occupation/cc867bee-ab5c-427f-9244-f7a204d9574b (cloud DevOps engineer); O*NET Database 31.0: 15-1252.00 (Software Developers)
DevOps Engineer,Software and Information Technology,Infrastructure Automation,5,approved,gradnavi_review,GradNavi-reviewed detailed Interest mapping based on the Career description and approved occupation references: ABS OSCA 2024 Version 1.0: 273332 (DevOps Engineer); ESCO 1.2.1: http://data.europa.eu/esco/occupation/cc867bee-ab5c-427f-9244-f7a204d9574b (cloud DevOps engineer); O*NET Database 31.0: 15-1252.00 (Software Developers)
DevOps Engineer,Software and Information Technology,Platform Engineering,4,approved,gradnavi_review,GradNavi-reviewed detailed Interest mapping based on the Career description and approved occupation references: ABS OSCA 2024 Version 1.0: 273332 (DevOps Engineer); ESCO 1.2.1: http://data.europa.eu/esco/occupation/cc867bee-ab5c-427f-9244-f7a204d9574b (cloud DevOps engineer); O*NET Database 31.0: 15-1252.00 (Software Developers)
DevOps Engineer,Software and Information Technology,Cloud Computing,4,approved,gradnavi_review,GradNavi-reviewed detailed Interest mapping based on the Career description and approved occupation references: ABS OSCA 2024 Version 1.0: 273332 (DevOps Engineer); ESCO 1.2.1: http://data.europa.eu/esco/occupation/cc867bee-ab5c-427f-9244-f7a204d9574b (cloud DevOps engineer); O*NET Database 31.0: 15-1252.00 (Software Developers)
DevOps Engineer,Software and Information Technology,Monitoring and Observability,4,approved,gradnavi_review,GradNavi-reviewed detailed Interest mapping based on the Career description and approved occupation references: ABS OSCA 2024 Version 1.0: 273332 (DevOps Engineer); ESCO 1.2.1: http://data.europa.eu/esco/occupation/cc867bee-ab5c-427f-9244-f7a204d9574b (cloud DevOps engineer); O*NET Database 31.0: 15-1252.00 (Software Developers)
DevOps Engineer,Software and Information Technology,Reliability Engineering,4,approved,gradnavi_review,GradNavi-reviewed detailed Interest mapping based on the Career description and approved occupation references: ABS OSCA 2024 Version 1.0: 273332 (DevOps Engineer); ESCO 1.2.1: http://data.europa.eu/esco/occupation/cc867bee-ab5c-427f-9244-f7a204d9574b (cloud DevOps engineer); O*NET Database 31.0: 15-1252.00 (Software Developers)
DevOps Engineer,Software and Information Technology,Software Delivery,3,approved,gradnavi_review,GradNavi-reviewed detailed Interest mapping based on the Career description and approved occupation references: ABS OSCA 2024 Version 1.0: 273332 (DevOps Engineer); ESCO 1.2.1: http://data.europa.eu/esco/occupation/cc867bee-ab5c-427f-9244-f7a204d9574b (cloud DevOps engineer); O*NET Database 31.0: 15-1252.00 (Software Developers)
DevOps Engineer,Software and Information Technology,Systems Administration,3,approved,gradnavi_review,GradNavi-reviewed detailed Interest mapping based on the Career description and approved occupation references: ABS OSCA 2024 Version 1.0: 273332 (DevOps Engineer); ESCO 1.2.1: http://data.europa.eu/esco/occupation/cc867bee-ab5c-427f-9244-f7a204d9574b (cloud DevOps engineer); O*NET Database 31.0: 15-1252.00 (Software Developers)
DevOps Engineer,Software and Information Technology,Collaboration and Operations,3,approved,gradnavi_review,GradNavi-reviewed detailed Interest mapping based on the Career description and approved occupation references: ABS OSCA 2024 Version 1.0: 273332 (DevOps Engineer); ESCO 1.2.1: http://data.europa.eu/esco/occupation/cc867bee-ab5c-427f-9244-f7a204d9574b (cloud DevOps engineer); O*NET Database 31.0: 15-1252.00 (Software Developers)
ICT Business Analyst,Software and Information Technology,Business Analysis,5,approved,gradnavi_review,GradNavi-reviewed detailed Interest mapping based on the Career description and approved occupation references: ABS OSCA 2024 Version 1.0: 273232 (ICT Business Analyst); ESCO 1.2.1: http://data.europa.eu/esco/occupation/fe0fa514-b48d-4a53-9757-a283c0baacf0 (ICT business analyst); O*NET Database 31.0: 15-1211.00 (Computer Systems Analysts)
ICT Business Analyst,Software and Information Technology,Requirements Analysis,5,approved,gradnavi_review,GradNavi-reviewed detailed Interest mapping based on the Career description and approved occupation references: ABS OSCA 2024 Version 1.0: 273232 (ICT Business Analyst); ESCO 1.2.1: http://data.europa.eu/esco/occupation/fe0fa514-b48d-4a53-9757-a283c0baacf0 (ICT business analyst); O*NET Database 31.0: 15-1211.00 (Computer Systems Analysts)
ICT Business Analyst,Software and Information Technology,Systems Analysis,5,approved,gradnavi_review,GradNavi-reviewed detailed Interest mapping based on the Career description and approved occupation references: ABS OSCA 2024 Version 1.0: 273232 (ICT Business Analyst); ESCO 1.2.1: http://data.europa.eu/esco/occupation/fe0fa514-b48d-4a53-9757-a283c0baacf0 (ICT business analyst); O*NET Database 31.0: 15-1211.00 (Computer Systems Analysts)
ICT Business Analyst,Software and Information Technology,Process Improvement,4,approved,gradnavi_review,GradNavi-reviewed detailed Interest mapping based on the Career description and approved occupation references: ABS OSCA 2024 Version 1.0: 273232 (ICT Business Analyst); ESCO 1.2.1: http://data.europa.eu/esco/occupation/fe0fa514-b48d-4a53-9757-a283c0baacf0 (ICT business analyst); O*NET Database 31.0: 15-1211.00 (Computer Systems Analysts)
ICT Business Analyst,Software and Information Technology,Stakeholder Engagement,4,approved,gradnavi_review,GradNavi-reviewed detailed Interest mapping based on the Career description and approved occupation references: ABS OSCA 2024 Version 1.0: 273232 (ICT Business Analyst); ESCO 1.2.1: http://data.europa.eu/esco/occupation/fe0fa514-b48d-4a53-9757-a283c0baacf0 (ICT business analyst); O*NET Database 31.0: 15-1211.00 (Computer Systems Analysts)
ICT Business Analyst,Software and Information Technology,Solution Design,4,approved,gradnavi_review,GradNavi-reviewed detailed Interest mapping based on the Career description and approved occupation references: ABS OSCA 2024 Version 1.0: 273232 (ICT Business Analyst); ESCO 1.2.1: http://data.europa.eu/esco/occupation/fe0fa514-b48d-4a53-9757-a283c0baacf0 (ICT business analyst); O*NET Database 31.0: 15-1211.00 (Computer Systems Analysts)
ICT Business Analyst,Software and Information Technology,Digital Transformation,4,approved,gradnavi_review,GradNavi-reviewed detailed Interest mapping based on the Career description and approved occupation references: ABS OSCA 2024 Version 1.0: 273232 (ICT Business Analyst); ESCO 1.2.1: http://data.europa.eu/esco/occupation/fe0fa514-b48d-4a53-9757-a283c0baacf0 (ICT business analyst); O*NET Database 31.0: 15-1211.00 (Computer Systems Analysts)
ICT Business Analyst,Software and Information Technology,Data Analysis,3,approved,gradnavi_review,GradNavi-reviewed detailed Interest mapping based on the Career description and approved occupation references: ABS OSCA 2024 Version 1.0: 273232 (ICT Business Analyst); ESCO 1.2.1: http://data.europa.eu/esco/occupation/fe0fa514-b48d-4a53-9757-a283c0baacf0 (ICT business analyst); O*NET Database 31.0: 15-1211.00 (Computer Systems Analysts)
ICT Business Analyst,Software and Information Technology,Project Planning,3,approved,gradnavi_review,GradNavi-reviewed detailed Interest mapping based on the Career description and approved occupation references: ABS OSCA 2024 Version 1.0: 273232 (ICT Business Analyst); ESCO 1.2.1: http://data.europa.eu/esco/occupation/fe0fa514-b48d-4a53-9757-a283c0baacf0 (ICT business analyst); O*NET Database 31.0: 15-1211.00 (Computer Systems Analysts)
ICT Business Analyst,Software and Information Technology,Business Decision Support,3,approved,gradnavi_review,GradNavi-reviewed detailed Interest mapping based on the Career description and approved occupation references: ABS OSCA 2024 Version 1.0: 273232 (ICT Business Analyst); ESCO 1.2.1: http://data.europa.eu/esco/occupation/fe0fa514-b48d-4a53-9757-a283c0baacf0 (ICT business analyst); O*NET Database 31.0: 15-1211.00 (Computer Systems Analysts)
Software Engineer,Software and Information Technology,Software Development,5,approved,gradnavi_review,GradNavi-reviewed detailed Interest mapping based on the Career description and approved occupation references: ABS OSCA 2024 Version 1.0: 273333 (Software Engineer); ESCO 1.2.1: http://data.europa.eu/esco/occupation/f2b15a0e-e65a-438a-affb-29b9d50b77d1 (software developer); O*NET Database 31.0: 15-1252.00 (Software Developers)
Software Engineer,Software and Information Technology,Software Architecture,5,approved,gradnavi_review,GradNavi-reviewed detailed Interest mapping based on the Career description and approved occupation references: ABS OSCA 2024 Version 1.0: 273333 (Software Engineer); ESCO 1.2.1: http://data.europa.eu/esco/occupation/f2b15a0e-e65a-438a-affb-29b9d50b77d1 (software developer); O*NET Database 31.0: 15-1252.00 (Software Developers)
Software Engineer,Software and Information Technology,Application Development,5,approved,gradnavi_review,GradNavi-reviewed detailed Interest mapping based on the Career description and approved occupation references: ABS OSCA 2024 Version 1.0: 273333 (Software Engineer); ESCO 1.2.1: http://data.europa.eu/esco/occupation/f2b15a0e-e65a-438a-affb-29b9d50b77d1 (software developer); O*NET Database 31.0: 15-1252.00 (Software Developers)
Software Engineer,Software and Information Technology,Systems Design,4,approved,gradnavi_review,GradNavi-reviewed detailed Interest mapping based on the Career description and approved occupation references: ABS OSCA 2024 Version 1.0: 273333 (Software Engineer); ESCO 1.2.1: http://data.europa.eu/esco/occupation/f2b15a0e-e65a-438a-affb-29b9d50b77d1 (software developer); O*NET Database 31.0: 15-1252.00 (Software Developers)
Software Engineer,Software and Information Technology,Testing and Quality Assurance,4,approved,gradnavi_review,GradNavi-reviewed detailed Interest mapping based on the Career description and approved occupation references: ABS OSCA 2024 Version 1.0: 273333 (Software Engineer); ESCO 1.2.1: http://data.europa.eu/esco/occupation/f2b15a0e-e65a-438a-affb-29b9d50b77d1 (software developer); O*NET Database 31.0: 15-1252.00 (Software Developers)
Software Engineer,Software and Information Technology,Programming and Automation,4,approved,gradnavi_review,GradNavi-reviewed detailed Interest mapping based on the Career description and approved occupation references: ABS OSCA 2024 Version 1.0: 273333 (Software Engineer); ESCO 1.2.1: http://data.europa.eu/esco/occupation/f2b15a0e-e65a-438a-affb-29b9d50b77d1 (software developer); O*NET Database 31.0: 15-1252.00 (Software Developers)
Software Engineer,Software and Information Technology,Database Systems,4,approved,gradnavi_review,GradNavi-reviewed detailed Interest mapping based on the Career description and approved occupation references: ABS OSCA 2024 Version 1.0: 273333 (Software Engineer); ESCO 1.2.1: http://data.europa.eu/esco/occupation/f2b15a0e-e65a-438a-affb-29b9d50b77d1 (software developer); O*NET Database 31.0: 15-1252.00 (Software Developers)
Software Engineer,Software and Information Technology,Cloud Computing,3,approved,gradnavi_review,GradNavi-reviewed detailed Interest mapping based on the Career description and approved occupation references: ABS OSCA 2024 Version 1.0: 273333 (Software Engineer); ESCO 1.2.1: http://data.europa.eu/esco/occupation/f2b15a0e-e65a-438a-affb-29b9d50b77d1 (software developer); O*NET Database 31.0: 15-1252.00 (Software Developers)
Software Engineer,Software and Information Technology,DevOps,3,approved,gradnavi_review,GradNavi-reviewed detailed Interest mapping based on the Career description and approved occupation references: ABS OSCA 2024 Version 1.0: 273333 (Software Engineer); ESCO 1.2.1: http://data.europa.eu/esco/occupation/f2b15a0e-e65a-438a-affb-29b9d50b77d1 (software developer); O*NET Database 31.0: 15-1252.00 (Software Developers)
Software Engineer,Software and Information Technology,Artificial Intelligence,3,approved,gradnavi_review,GradNavi-reviewed detailed Interest mapping based on the Career description and approved occupation references: ABS OSCA 2024 Version 1.0: 273333 (Software Engineer); ESCO 1.2.1: http://data.europa.eu/esco/occupation/f2b15a0e-e65a-438a-affb-29b9d50b77d1 (software developer); O*NET Database 31.0: 15-1252.00 (Software Developers)
